slot,training_profile,inference_profile,objective,solver,status,training_allowed,rho,recovery_state,fusion_completed_slot,gamma,uncertainty,coverage,evaluated_pairs,trajectory,coordinate_converged,marginal_coefficient,deployment_delay,retained_training_profiles,retained_inference_profiles,pruned_training_profiles,pruned_inference_profiles,score_workload,weight_workload,score_operating,weight_operating,score_performance,weight_performance,logged_training,logged_inference,matches_logged_pair,recovery_after_feedback,deployed_gain_used,gain_kind
301,tr0,inf5,0.6080999775930724,exact,feasible,False,0.98,1.0,300,0.0,1.0,0.0,6,[0.6080999775930724],False,5.902104188984727,1,1,6,0,0,,0.0,,0.0,,0.0,tr0,inf3,False,0.98,0.0,observed
302,tr0,inf5,0.6009507229049535,exact,feasible,False,0.98,0.98,300,0.0,1.0,0.0,6,[0.6009507229049535],False,6.002944358786837,1,1,6,0,0,,0.0,,0.0,,0.0,tr0,inf4,False,0.9603999999999999,0.0,observed
303,tr0,inf5,0.5938043514109576,exact,feasible,False,0.98,0.9603999999999999,300,0.0,1.0,0.0,6,[0.5938043514109576],False,6.103453739878543,1,1,6,0,0,,0.0,,0.0,,0.0,tr0,inf2,False,0.9411919999999999,0.0,observed
304,tr0,inf5,0.5866636900235008,exact,feasible,False,0.98,0.9411919999999999,300,0.0,1.0,0.0,6,[0.5866636900235008],False,6.2035997647358565,1,1,6,0,0,,0.0,,0.0,,0.0,tr0,inf3,False,0.9223681599999999,0.0,observed
305,tr0,inf5,0.5795315023975106,exact,feasible,False,0.98,0.9223681599999999,300,0.0,1.0,0.0,6,[0.5795315023975106],False,6.303350888200415,1,1,6,0,0,,0.0,,0.0,,0.0,tr0,inf4,False,0.9039207967999998,0.0,observed
306,tr0,inf5,0.5724104870737359,exact,feasible,False,0.98,0.9039207967999998,300,0.0,1.0,0.0,6,[0.5724104870737359],False,6.402676594410523,1,1,6,0,0,,0.0,,0.0,,0.0,tr0,inf2,False,0.8858423808639998,0.0,observed
307,tr0,inf5,0.5653032758234344,exact,feasible,False,0.98,0.8858423808639998,300,0.0,1.0,0.0,6,[0.5653032758234344],False,6.501547401601214,1,1,6,0,0,,0.0,,0.0,,0.0,tr0,inf3,False,0.8681255332467198,0.0,observed
308,tr0,inf5,0.5582124321886622,exact,feasible,False,0.98,0.8681255332467198,300,0.0,1.0,0.0,6,[0.5582124321886622],False,6.599934864869827,1,1,6,0,0,,0.0,,0.0,,0.0,tr0,inf4,False,0.8507630225817854,0.0,observed
309,tr0,inf5,0.5511404502121066,exact,feasible,False,0.98,0.8507630225817854,300,0.0,1.0,0.0,6,[0.5511404502121066],False,6.6978115770039715,1,1,6,0,0,,0.0,,0.0,,0.0,tr0,inf2,False,0.8337477621301497,0.0,observed
310,tr0,inf5,0.5440897533501442,exact,feasible,False,0.98,0.8337477621301497,300,0.0,1.0,0.0,6,[0.5440897533501442],False,6.795151167468718,1,1,6,0,0,,0.0,,0.0,,0.0,tr1,inf3,False,0.9070728068875467,0.09,observed
311,tr0,inf5,0.5736365438617104,exact,feasible,False,0.98,0.9070728068875467,300,0.0,1.0,0.0,6,[0.5736365438617104],False,6.385594157531877,1,1,6,0,0,,0.0,,0.0,,0.0,tr0,inf4,False,0.8889313507497957,0.0,observed
312,tr0,inf5,0.566526769417921,exact,feasible,False,0.98,0.8889313507497957,300,0.0,1.0,0.0,6,[0.566526769417921],False,6.484545402192825,1,1,6,0,0,,0.0,,0.0,,0.0,tr0,inf2,False,0.8711527237347998,0.0,observed
313,tr0,inf5,0.5594329258077703,exact,feasible,False,0.98,0.8711527237347998,300,0.0,1.0,0.0,6,[0.5594329258077703],False,6.583018130063489,1,1,6,0,0,,0.0,,0.0,,0.0,tr0,inf3,False,0.8537296692601037,0.0,observed
314,tr0,inf5,0.5523575191313891,exact,feasible,False,0.98,0.8537296692601037,300,0.0,1.0,0.0,6,[0.5523575191313891],False,6.680984755157026,1,1,6,0,0,,0.0,,0.0,,0.0,tr0,inf4,False,0.8366550758749016,0.0,observed
315,tr0,inf5,0.5453029850770972,exact,feasible,False,0.98,0.8366550758749016,300,0.0,1.0,0.0,6,[0.5453029850770972],False,6.778418728465624,1,1,6,0,0,,0.0,,0.0,,0.0,tr0,inf2,False,0.8199219743574035,0.0,observed
316,tr0,inf5,0.5382716879811927,exact,feasible,False,0.98,0.8199219743574035,300,0.0,1.0,0.0,6,[0.5382716879811927],False,6.875294535497082,1,1,6,0,0,,0.0,,0.0,,0.0,tr0,inf3,False,0.8035235348702555,0.0,observed
317,tr0,inf5,0.5312659200589208,exact,feasible,False,0.98,0.8035235348702555,300,0.0,1.0,0.0,6,[0.5312659200589208],False,6.9715876921464295,1,1,6,0,0,,0.0,,0.0,,0.0,tr0,inf4,False,0.7874530641728504,0.0,observed
318,tr0,inf5,0.5242879007998139,exact,feasible,False,0.98,0.7874530641728504,300,0.0,1.0,0.0,6,[0.5242879007998139],False,7.067274738997576,1,1,6,0,0,,0.0,,0.0,,0.0,tr0,inf2,False,0.7717040028893934,0.0,observed
319,tr0,inf5,0.5173397765205019,exact,feasible,False,0.98,0.7717040028893934,300,0.0,1.0,0.0,6,[0.5173397765205019],False,7.162333234148745,1,1,6,0,0,,0.0,,0.0,,0.0,tr0,inf3,False,0.7562699228316055,0.0,observed
320,tr0,inf5,0.5104236200680163,exact,feasible,False,0.98,0.7562699228316055,300,0.0,1.0,0.0,6,[0.5104236200680163],False,7.25674174465403,1,1,6,0,0,,0.0,,0.0,,0.0,tr1,inf4,False,0.8311445243749734,0.09,observed
321,tr0,inf5,0.5430004163313517,exact,feasible,False,0.98,0.8311445243749734,300,0.0,1.0,0.0,6,[0.5430004163313517],False,6.810168909503904,1,1,6,0,0,,0.0,,0.0,,0.0,tr0,inf2,False,0.814521633887474,0.0,observed
322,tr0,inf5,0.5359772209542265,exact,feasible,False,0.98,0.814521633887474,300,0.0,1.0,0.0,6,[0.5359772209542265],False,6.906856779321834,1,1,6,0,0,,0.0,,0.0,,0.0,tr0,inf3,False,0.7982312012097245,0.0,observed
323,tr0,inf5,0.5289802887619992,exact,feasible,False,0.98,0.7982312012097245,300,0.0,1.0,0.0,6,[0.5289802887619992],False,7.002954212863552,1,1,6,0,0,,0.0,,0.0,,0.0,tr0,inf4,False,0.7822665771855299,0.0,observed
324,tr0,inf5,0.5220118153514952,exact,feasible,False,0.98,0.7822665771855299,300,0.0,1.0,0.0,6,[0.5220118153514952],False,7.098438084395081,1,1,6,0,0,,0.0,,0.0,,0.0,tr0,inf2,False,0.7666212456418193,0.0,observed
325,tr0,inf5,0.5150739230333691,exact,feasible,False,0.98,0.7666212456418193,300,0.0,1.0,0.0,6,[0.5150739230333691],False,7.193286283045195,1,1,6,0,0,,0.0,,0.0,,0.0,tr0,inf3,False,0.751288820728983,0.0,observed
326,tr0,inf5,0.5081686605831124,exact,feasible,False,0.98,0.751288820728983,300,0.0,1.0,0.0,6,[0.5081686605831124],False,7.28747770381406,1,1,6,0,0,,0.0,,0.0,,0.0,tr0,inf4,False,0.7362630443144033,0.0,observed
327,tr0,inf5,0.5012980031332471,exact,feasible,False,0.98,0.7362630443144033,300,0.0,1.0,0.0,6,[0.5012980031332471],False,7.380992237317876,1,1,6,0,0,,0.0,,0.0,,0.0,tr0,inf2,False,0.7215377834281151,0.0,observed
328,tr0,inf5,0.49446385219968375,exact,feasible,False,0.98,0.7215377834281151,300,0.0,1.0,0.0,6,[0.49446385219968375],False,7.473810758357612,1,1,6,0,0,,0.0,,0.0,,0.0,tr0,inf3,False,0.7071070277595528,0.0,observed
329,tr0,inf5,0.4876680358352516,exact,feasible,False,0.98,0.7071070277595528,300,0.0,1.0,0.0,6,[0.4876680358352516],False,7.565915113397838,1,1,6,0,0,,0.0,,0.0,,0.0,tr0,inf4,False,0.6929648872043618,0.0,observed
330,tr0,inf5,0.48091230890345504,exact,feasible,False,0.98,0.6929648872043618,300,0.0,1.0,0.0,6,[0.48091230890345504],False,7.657288107039399,1,1,6,0,0,,0.0,,0.0,,0.0,tr1,inf2,False,0.7691055894602745,0.09,observed
331,tr0,inf5,0.5161828630055436,exact,feasible,False,0.98,0.7691055894602745,300,0.0,1.0,0.0,6,[0.5161828630055436],False,7.178140269694695,1,1,6,0,0,,0.0,,0.0,,0.0,tr0,inf3,False,0.7537234776710691,0.0,observed
332,tr0,inf5,0.5092722402400961,exact,feasible,False,0.98,0.7537234776710691,300,0.0,1.0,0.0,6,[0.5092722402400961],False,7.272438249519822,1,1,6,0,0,,0.0,,0.0,,0.0,tr0,inf4,False,0.7386490081176477,0.0,observed
333,tr0,inf5,0.5023959111166502,exact,feasible,False,0.98,0.7386490081176477,300,0.0,1.0,0.0,6,[0.5023959111166502],False,7.366062496038194,1,1,6,0,0,,0.0,,0.0,,0.0,tr0,inf2,False,0.7238760279552947,0.0,observed
334,tr0,inf5,0.49555578893348723,exact,feasible,False,0.98,0.7238760279552947,300,0.0,1.0,0.0,6,[0.49555578893348723],False,7.45899372725136,1,1,6,0,0,,0.0,,0.0,,0.0,tr0,inf3,False,0.7093985073961888,0.0,observed
335,tr0,inf5,0.488753713492955,exact,feasible,False,0.98,0.7093985073961888,300,0.0,1.0,0.0,6,[0.488753713492955],False,7.55121363489951,1,1,6,0,0,,0.0,,0.0,,0.0,tr0,inf4,False,0.695210537248265,0.0,observed
336,tr0,inf5,0.4819914513564343,exact,feasible,False,0.98,0.695210537248265,300,0.0,1.0,0.0,6,[0.4819914513564343],False,7.642704871089746,1,1,6,0,0,,0.0,,0.0,,0.0,tr0,inf2,False,0.6813063265032997,0.0,observed
337,tr0,inf5,0.47527069621375434,exact,feasible,False,0.98,0.6813063265032997,300,0.0,1.0,0.0,6,[0.47527069621375434],False,7.733451033986708,1,1,6,0,0,,0.0,,0.0,,0.0,tr0,inf3,False,0.6676801999732337,0.0,observed
338,tr0,inf5,0.4685930693602575,exact,feasible,False,0.98,0.6676801999732337,300,0.0,1.0,0.0,6,[0.4685930693602575],False,7.8234366526448476,1,1,6,0,0,,0.0,,0.0,,0.0,tr0,inf4,False,0.654326595973769,0.0,observed
339,tr0,inf5,0.46196012027481914,exact,feasible,False,0.98,0.654326595973769,300,0.0,1.0,0.0,6,[0.46196012027481914],False,7.912647171059093,1,1,6,0,0,,0.0,,0.0,,0.0,tr0,inf2,False,0.6412400640542936,0.0,observed
340,tr0,inf5,0.4553733272922515,exact,feasible,False,0.98,0.6412400640542936,300,0.0,1.0,0.0,6,[0.4553733272922515],False,8.001068931508026,1,1,6,0,0,,0.0,,0.0,,0.0,tr1,inf3,False,0.7184152627732077,0.09,observed
341,tr0,inf5,0.4930016792767167,exact,feasible,False,0.98,0.7184152627732077,300,0.0,1.0,0.0,6,[0.4930016792767167],False,7.493643908502063,1,1,6,0,0,,0.0,,0.0,,0.0,tr0,inf4,False,0.7040469575177435,0.0,observed
342,tr0,inf5,0.4862143236105963,exact,feasible,False,0.98,0.7040469575177435,300,0.0,1.0,0.0,6,[0.4862143236105963],False,7.5855926767962165,1,1,6,0,0,,0.0,,0.0,,0.0,tr0,inf2,False,0.6899660183673886,0.0,observed
343,tr0,inf5,0.4794674245923534,exact,feasible,False,0.98,0.6899660183673886,300,0.0,1.0,0.0,6,[0.4794674245923534],False,7.676806515844447,1,1,6,0,0,,0.0,,0.0,,0.0,tr0,inf3,False,0.6761666980000408,0.0,observed
344,tr0,inf5,0.4727626487154387,exact,feasible,False,0.98,0.6761666980000408,300,0.0,1.0,0.0,6,[0.4727626487154387],False,7.7672693745484676,1,1,6,0,0,,0.0,,0.0,,0.0,tr0,inf4,False,0.66264336404004,0.0,observed
345,tr0,inf5,0.4661015902839963,exact,feasible,False,0.98,0.66264336404004,300,0.0,1.0,0.0,6,[0.4661015902839963],False,7.856966126809208,1,1,6,0,0,,0.0,,0.0,,0.0,tr0,inf2,False,0.6493904967592392,0.0,observed
346,tr0,inf5,0.4594857720270244,exact,feasible,False,0.98,0.6493904967592392,300,0.0,1.0,0.0,6,[0.4594857720270244],False,7.945882555303762,1,1,6,0,0,,0.0,,0.0,,0.0,tr0,inf3,False,0.6364026868240544,0.0,observed
347,tr0,inf5,0.4529166458044896,exact,feasible,False,0.98,0.6364026868240544,300,0.0,1.0,0.0,6,[0.4529166458044896],False,8.03400533458192,1,1,6,0,0,,0.0,,0.0,,0.0,tr0,inf4,False,0.6236746330875733,0.0,observed
348,tr0,inf5,0.4463955933990147,exact,feasible,False,0.98,0.6236746330875733,300,0.0,1.0,0.0,6,[0.4463955933990147],False,8.121322013552719,1,1,6,0,0,,0.0,,0.0,,0.0,tr0,inf2,False,0.6112011404258219,0.0,observed
349,tr0,inf5,0.439923927386912,exact,feasible,False,0.98,0.6112011404258219,300,0.0,1.0,0.0,6,[0.439923927386912],False,8.207820997428643,1,1,6,0,0,,0.0,,0.0,,0.0,tr0,inf3,False,0.5989771176173054,0.0,observed
350,tr0,inf5,0.43350289208249637,exact,feasible,False,0.98,0.5989771176173054,300,0.0,1.0,0.0,6,[0.43350289208249637],False,8.293491529192409,1,1,6,0,0,,0.0,,0.0,,0.0,tr1,inf4,False,0.6769975752649593,0.09,observed
351,tr0,inf5,0.4731689760803093,exact,feasible,False,0.98,0.6769975752649593,350,0.0,1.0,0.0,6,[0.4731689760803093],False,7.761792178749144,1,1,6,0,0,,0.0,,0.0,,0.0,tr0,inf2,False,0.6634576237596601,0.0,observed
352,tr0,inf5,0.46650521603365586,exact,feasible,False,0.98,0.6634576237596601,350,0.0,1.0,0.0,6,[0.46650521603365586],False,7.851535914841596,1,1,6,0,0,,0.0,,0.0,,0.0,tr0,inf3,False,0.6501884712844669,0.0,observed
353,tr0,inf5,0.4598866056307393,exact,feasible,False,0.98,0.6501884712844669,350,0.0,1.0,0.0,6,[0.4598866056307393],False,7.940500165755649,1,1,6,0,0,,0.0,,0.0,,0.0,tr0,inf4,False,0.6371847018587775,0.0,observed
354,tr0,inf5,0.4533146010176371,exact,feasible,False,0.98,0.6371847018587775,350,0.0,1.0,0.0,6,[0.4533146010176371],False,8.028671552321427,1,1,6,0,0,,0.0,,0.0,,0.0,tr0,inf2,False,0.624441007821602,0.0,observed
355,tr0,inf5,0.4467905882126322,exact,feasible,False,0.98,0.624441007821602,350,0.0,1.0,0.0,6,[0.4467905882126322],False,8.116037570809027,1,1,6,0,0,,0.0,,0.0,,0.0,tr0,inf3,False,0.6119521876651699,0.0,observed
356,tr0,inf5,0.44031588397259763,exact,feasible,False,0.98,0.6119521876651699,350,0.0,1.0,0.0,6,[0.44031588397259763],False,8.202586574903819,1,1,6,0,0,,0.0,,0.0,,0.0,tr0,inf4,False,0.5997131439118665,0.0,observed
357,tr0,inf5,0.4338917367330253,exact,feasible,False,0.98,0.5997131439118665,350,0.0,1.0,0.0,6,[0.4338917367330253],False,8.288307757200437,1,1,6,0,0,,0.0,,0.0,,0.0,tr0,inf2,False,0.5877188810336291,0.0,observed
358,tr0,inf5,0.4275193276157971,exact,feasible,False,0.98,0.5877188810336291,350,0.0,1.0,0.0,6,[0.4275193276157971],False,8.373191130277782,1,1,6,0,0,,0.0,,0.0,,0.0,tr0,inf3,False,0.5759645034129566,0.0,observed
359,tr0,inf5,0.4211997714989749,exact,feasible,False,0.98,0.5759645034129566,350,0.0,1.0,0.0,6,[0.4211997714989749],False,8.457227507414519,1,1,6,0,0,,0.0,,0.0,,0.0,tr0,inf4,False,0.5644452133446974,0.0,observed
360,tr0,inf5,0.414934118143074,exact,feasible,False,0.98,0.5644452133446974,350,0.0,1.0,0.0,6,[0.414934118143074],False,8.54040848300185,1,1,6,0,0,,0.0,,0.0,,0.0,tr1,inf2,False,0.6431563090778034,0.09,observed
361,tr0,inf5,0.4563432185611601,exact,feasible,False,0.98,0.6431563090778034,350,0.0,1.0,0.0,6,[0.4563432185611601],False,7.988059423238111,1,1,6,0,0,,0.0,,0.0,,0.0,tr0,inf3,False,0.6302931828962474,0.0,observed
362,tr0,inf5,0.4497968786416229,exact,feasible,False,0.98,0.6302931828962474,350,0.0,1.0,0.0,6,[0.4497968786416229],False,8.075798803984847,1,1,6,0,0,,0.0,,0.0,,0.0,tr0,inf4,False,0.6176873192383224,0.0,observed
363,tr0,inf5,0.4432992478481303,exact,feasible,False,0.98,0.6176873192383224,350,0.0,1.0,0.0,6,[0.4432992478481303],False,8.16272644242439,1,1,6,0,0,,0.0,,0.0,,0.0,tr0,inf2,False,0.6053335728535559,0.0,observed
364,tr0,inf5,0.4368516060410154,exact,feasible,False,0.98,0.6053335728535559,350,0.0,1.0,0.0,6,[0.4368516060410154],False,8.24883114612867,1,1,6,0,0,,0.0,,0.0,,0.0,tr0,inf3,False,0.5932269013964848,0.0,observed
365,tr0,inf5,0.4304551652936326,exact,feasible,False,0.98,0.5932269013964848,350,0.0,1.0,0.0,6,[0.4304551652936326],False,8.334102551440354,1,1,6,0,0,,0.0,,0.0,,0.0,tr0,inf4,False,0.5813623633685551,0.0,observed
366,tr0,inf5,0.42411107093421097,exact,feasible,False,0.98,0.5813623633685551,350,0.0,1.0,0.0,6,[0.42411107093421097],False,8.418531104347128,1,1,6,0,0,,0.0,,0.0,,0.0,tr0,inf2,False,0.569735116101184,0.0,observed
367,tr0,inf5,0.4178204026467238,exact,feasible,False,0.98,0.569735116101184,350,0.0,1.0,0.0,6,[0.4178204026467238],False,8.502108041027359,1,1,6,0,0,,0.0,,0.0,,0.0,tr0,inf3,False,0.5583404137791603,0.0,observed
368,tr0,inf5,0.4115841756253399,exact,feasible,False,0.98,0.5583404137791603,350,0.0,1.0,0.0,6,[0.4115841756253399],False,8.584825368122441,1,1,6,0,0,,0.0,,0.0,,0.0,tr0,inf4,False,0.5471736055035771,0.0,observed
369,tr0,inf5,0.4054033417772174,exact,feasible,False,0.98,0.5471736055035771,350,0.0,1.0,0.0,6,[0.4054033417772174],False,8.666675842788328,1,1,6,0,0,,0.0,,0.0,,0.0,tr0,inf2,False,0.5362301333935056,0.0,observed
370,tr0,inf5,0.3992787909685986,exact,feasible,False,0.98,0.5362301333935056,350,0.0,1.0,0.0,6,[0.3992787909685986],False,8.747652952576086,1,1,6,0,0,,0.0,,0.0,,0.0,tr1,inf3,False,0.6155055307256354,0.09,observed
371,tr0,inf5,0.4421663170472746,exact,feasible,False,0.98,0.6155055307256354,350,0.0,1.0,0.0,6,[0.4421663170472746],False,8.177867165668772,1,1,6,0,0,,0.0,,0.0,,0.0,tr0,inf4,False,0.6031954201111227,0.0,observed
372,tr0,inf5,0.4357275572965689,exact,feasible,False,0.98,0.6031954201111227,350,0.0,1.0,0.0,6,[0.4357275572965689],False,8.263826645180727,1,1,6,0,0,,0.0,,0.0,,0.0,tr0,inf2,False,0.5911315117089002,0.0,observed
373,tr0,inf5,0.42934020399724987,exact,feasible,False,0.98,0.5911315117089002,350,0.0,1.0,0.0,6,[0.42934020399724987],False,8.348951095005807,1,1,6,0,0,,0.0,,0.0,,0.0,tr0,inf3,False,0.5793088814747221,0.0,observed
374,tr0,inf5,0.42300539089904976,exact,feasible,False,0.98,0.5793088814747221,350,0.0,1.0,0.0,6,[0.42300539089904976],False,8.433231100944887,1,1,6,0,0,,0.0,,0.0,,0.0,tr0,inf4,False,0.5677227038452277,0.0,observed
375,tr0,inf5,0.41672418630592406,exact,feasible,False,0.98,0.5677227038452277,350,0.0,1.0,0.0,6,[0.41672418630592406],False,8.516658035552515,1,1,6,0,0,,0.0,,0.0,,0.0,tr0,inf2,False,0.5563682497683231,0.0,observed
376,tr0,inf5,0.4104975942393426,exact,feasible,False,0.98,0.5563682497683231,350,0.0,1.0,0.0,6,[0.4104975942393426],False,8.59922403836685,1,1,6,0,0,,0.0,,0.0,,0.0,tr0,inf3,False,0.5452408847729566,0.0,observed
377,tr0,inf5,0.4043265556490263,exact,feasible,False,0.98,0.5452408847729566,350,0.0,1.0,0.0,6,[0.4043265556490263],False,8.680921995927742,1,1,6,0,0,,0.0,,0.0,,0.0,tr0,inf4,False,0.5343360670774975,0.0,observed
378,tr0,inf5,0.39821194966612106,exact,feasible,False,0.98,0.5343360670774975,350,0.0,1.0,0.0,6,[0.39821194966612106],False,8.761745521632253,1,1,6,0,0,,0.0,,0.0,,0.0,tr0,inf2,False,0.5236493457359476,0.0,observed
379,tr0,inf5,0.3921545948940007,exact,feasible,False,0.98,0.5236493457359476,350,0.0,1.0,0.0,6,[0.3921545948940007],False,8.841688935474384,1,1,6,0,0,,0.0,,0.0,,0.0,tr0,inf3,False,0.5131763588212286,0.0,observed
380,tr0,inf5,0.38615525073209317,exact,feasible,False,0.98,0.5131763588212286,350,0.0,1.0,0.0,6,[0.38615525073209317],False,8.920747243713063,1,1,6,0,0,,0.0,,0.0,,0.0,tr1,inf4,False,0.592912831644804,0.09,observed
381,tr0,inf5,0.4302881969209039,exact,feasible,False,0.98,0.592912831644804,350,0.0,1.0,0.0,6,[0.4302881969209039],False,8.336326443409916,1,1,6,0,0,,0.0,,0.0,,0.0,tr0,inf2,False,0.5810545750119079,0.0,observed
382,tr0,inf5,0.4239454895039641,exact,feasible,False,0.98,0.5810545750119079,350,0.0,1.0,0.0,6,[0.4239454895039641],False,8.42073278165507,1,1,6,0,0,,0.0,,0.0,,0.0,tr0,inf3,False,0.5694334835116698,0.0,observed
383,tr0,inf5,0.41765623558779047,exact,feasible,False,0.98,0.5694334835116698,350,0.0,1.0,0.0,6,[0.41765623558779047],False,8.504287284400105,1,1,6,0,0,,0.0,,0.0,,0.0,tr0,inf4,False,0.5580448138414363,0.0,observed
384,tr0,inf5,0.4114214486920817,exact,feasible,False,0.98,0.5580448138414363,350,0.0,1.0,0.0,6,[0.4114214486920817],False,8.586981978214828,1,1,6,0,0,,0.0,,0.0,,0.0,tr0,inf2,False,0.5468839175646076,0.0,observed
385,tr0,inf5,0.4052420790816583,exact,feasible,False,0.98,0.5468839175646076,350,0.0,1.0,0.0,6,[0.4052420790816583],False,8.668809639658193,1,1,6,0,0,,0.0,,0.0,,0.0,tr0,inf3,False,0.5359462392133155,0.0,observed
386,tr0,inf5,0.3991190150136263,exact,feasible,False,0.98,0.5359462392133155,350,0.0,1.0,0.0,6,[0.3991190150136263],False,8.749763775155017,1,1,6,0,0,,0.0,,0.0,,0.0,tr0,inf4,False,0.5252273144290492,0.0,observed
387,tr0,inf5,0.39305308402287215,exact,feasible,False,0.98,0.5252273144290492,350,0.0,1.0,0.0,6,[0.39305308402287215],False,8.829838600750096,1,1,6,0,0,,0.0,,0.0,,0.0,tr0,inf2,False,0.5147227681404682,0.0,observed
388,tr0,inf5,0.3870450542412552,exact,feasible,False,0.98,0.5147227681404682,350,0.0,1.0,0.0,6,[0.3870450542412552],False,8.909029021784175,1,1,6,0,0,,0.0,,0.0,,0.0,tr0,inf3,False,0.5044283127776589,0.0,observed
389,tr0,inf5,0.38109563574606004,exact,feasible,False,0.98,0.5044283127776589,350,0.0,1.0,0.0,6,[0.38109563574606004],False,8.987330612533713,1,1,6,0,0,,0.0,,0.0,,0.0,tr0,inf4,False,0.49433974652210566,0.0,observed
390,tr0,inf5,0.37520548193347597,exact,feasible,False,0.98,0.49433974652210566,350,0.0,1.0,0.0,6,[0.37520548193347597],False,9.064739595853835,1,1,6,0,0,,0.0,,0.0,,0.0,tr1,inf2,False,0.5744529515916635,0.09,observed
391,tr0,inf5,0.4203817058100464,exact,feasible,False,0.98,0.5744529515916635,350,0.0,1.0,0.0,6,[0.4203817058100464],False,8.468095700309785,1,1,6,0,0,,0.0,,0.0,,0.0,tr0,inf3,False,0.5629638925598303,0.0,observed
392,tr0,inf5,0.4141231375686925,exact,feasible,False,0.98,0.5629638925598303,350,0.0,1.0,0.0,6,[0.4141231375686925],False,8.551164833143734,1,1,6,0,0,,0.0,,0.0,,0.0,tr0,inf4,False,0.5517046147086336,0.0,observed
393,tr0,inf5,0.4079195815015773,exact,feasible,False,0.98,0.5517046147086336,350,0.0,1.0,0.0,6,[0.4079195815015773],False,8.633369980679694,1,1,6,0,0,,0.0,,0.0,,0.0,tr0,inf2,False,0.5406705224144609,0.0,observed
394,tr0,inf5,0.40177195264668647,exact,feasible,False,0.98,0.5406705224144609,350,0.0,1.0,0.0,6,[0.40177195264668647],False,8.714704334763818,1,1,6,0,0,,0.0,,0.0,,0.0,tr0,inf3,False,0.5298571119661717,0.0,observed
395,tr0,inf5,0.3956811047569495,exact,feasible,False,0.98,0.5298571119661717,350,0.0,1.0,0.0,6,[0.3956811047569495],False,8.795161805669357,1,1,6,0,0,,0.0,,0.0,,0.0,tr0,inf4,False,0.5192599697268483,0.0,observed
396,tr0,inf5,0.3896478316053501,exact,feasible,False,0.98,0.5192599697268483,350,0.0,1.0,0.0,6,[0.3896478316053501],False,8.874737001801295,1,1,6,0,0,,0.0,,0.0,,0.0,tr0,inf2,False,0.5088747703323113,0.0,observed
397,tr0,inf5,0.3836728683211999,exact,feasible,False,0.98,0.5088747703323113,350,0.0,1.0,0.0,6,[0.3836728683211999],False,8.953425209346848,1,1,6,0,0,,0.0,,0.0,,0.0,tr0,inf3,False,0.49869727492566507,0.0,observed
398,tr0,inf5,0.37775689275325314,exact,feasible,False,0.98,0.49869727492566507,350,0.0,1.0,0.0,6,[0.37775689275325314],False,9.031222371912348,1,1,6,0,0,,0.0,,0.0,,0.0,tr0,inf4,False,0.48872332942715174,0.0,observed
399,tr0,inf5,0.37190052685554253,exact,feasible,False,0.98,0.48872332942715174,350,0.0,1.0,0.0,6,[0.37190052685554253],False,9.108125070184519,1,1,6,0,0,,0.0,,0.0,,0.0,tr0,inf2,False,0.4789488628386087,0.0,observed
400,tr0,inf5,0.3661043380920148,exact,feasible,False,0.98,0.4789488628386087,350,0.0,1.0,0.0,6,[0.3661043380920148],False,9.184130501651751,1,1,6,0,0,,0.0,,0.0,,0.0,tr1,inf3,False,0.5593698855818365,0.09,observed
401,tr0,inf5,0.4064233944287074,exact,feasible,False,0.9965115866908052,0.5593698855818365,400,0.03998047641549105,0.014498759797779105,1.0,6,[0.4064233944287074],False,8.929356126288065,1,1,6,0,0,0.017981199980839777,0.34100421447501233,0.15886622175807588,0.2023301663433261,0.0037344225061555344,0.4566656191816616,tr0,inf4,False,0.5574185722282101,0.0,observed
402,tr0,inf5,0.4053643419766089,exact,feasible,False,0.9965115866908052,0.5574185722282101,400,0.03998047641549105,0.014498759797779105,1.0,6,[0.4053643419766089],False,8.946290400542331,1,1,6,0,0,0.017981199980839777,0.34100421447501233,0.15886622175807588,0.2023301663433261,0.0037344225061555344,0.4566656191816616,tr0,inf2,False,0.5554740658620568,0.0,observed
403,tr0,inf5,0.40430692619251607,exact,feasible,False,0.9965115866908052,0.5554740658620568,400,0.03998047641549105,0.014498759797779105,1.0,6,[0.40430692619251607],False,8.963197556807595,1,1,6,0,0,0.017981199980839777,0.34100421447501233,0.15886622175807588,0.2023301663433261,0.0037344225061555344,0.4566656191816616,tr0,inf3,False,0.5535363427377911,0.0,observed
404,tr0,inf5,0.40325115172123405,exact,feasible,False,0.9965115866908052,0.5535363427377911,400,0.03998047641549105,0.014498759797779105,1.0,6,[0.40325115172123405],False,8.980077527124026,1,1,6,0,0,0.017981199980839777,0.34100421447501233,0.15886622175807588,0.2023301663433261,0.0037344225061555344,0.4566656191816616,tr0,inf4,False,0.5516053791926615,0.0,observed
405,tr0,inf5,0.4021970231530829,exact,feasible,False,0.9965115866908052,0.5516053791926615,400,0.03998047641549105,0.014498759797779105,1.0,6,[0.4021970231530829],False,8.996930244387388,1,1,6,0,0,0.017981199980839777,0.34100421447501233,0.15886622175807588,0.2023301663433261,0.0037344225061555344,0.4566656191816616,tr0,inf2,False,0.5496811516464624,0.0,observed
406,tr0,inf5,0.40114454502409297,exact,feasible,False,0.9965115866908052,0.5496811516464624,400,0.03998047641549105,0.014498759797779105,1.0,6,[0.40114454502409297],False,9.013755642345751,1,1,6,0,0,0.017981199980839777,0.34100421447501233,0.15886622175807588,0.2023301663433261,0.0037344225061555344,0.4566656191816616,tr0,inf3,False,0.5477636366012453,0.0,observed
407,tr0,inf5,0.4000937218162007,exact,feasible,False,0.9965115866908052,0.5477636366012453,400,0.03998047641549105,0.014498759797779105,1.0,6,[0.4000937218162007],False,9.030553655596192,1,1,6,0,0,0.017981199980839777,0.34100421447501233,0.15886622175807588,0.2023301663433261,0.0037344225061555344,0.4566656191816616,tr0,inf4,False,0.5458528106410325,0.0,observed
408,tr0,inf5,0.3990445579574468,exact,feasible,False,0.9965115866908052,0.5458528106410325,400,0.03998047641549105,0.014498759797779105,1.0,6,[0.3990445579574468],False,9.047324219581498,1,1,6,0,0,0.017981199980839777,0.34100421447501233,0.15886622175807588,0.2023301663433261,0.0037344225061555344,0.4566656191816616,tr0,inf2,False,0.543948650431531,0.0,observed
409,tr0,inf5,0.39799705782217387,exact,feasible,False,0.9965115866908052,0.543948650431531,400,0.03998047641549105,0.014498759797779105,1.0,6,[0.39799705782217387],False,9.064067270586829,1,1,6,0,0,0.017981199980839777,0.34100421447501233,0.15886622175807588,0.2023301663433261,0.0037344225061555344,0.4566656191816616,tr0,inf3,False,0.5420511327198471,0.0,observed
410,tr0,inf5,0.39695122573122554,exact,feasible,False,0.9965115866908052,0.5420511327198471,400,0.03998047641549105,0.014498759797779105,1.0,6,[0.39695122573122554],False,9.080782745736402,1,1,6,0,0,0.017981199980839777,0.34100421447501233,0.15886622175807588,0.2023301663433261,0.0037344225061555344,0.4566656191816616,tr1,inf4,False,0.630160234334203,0.09,observed
411,tr0,inf5,0.4434794734219101,exact,feasible,False,0.9965115866908052,0.630160234334203,400,0.03998047641549105,0.014498759797779105,1.0,6,[0.4434794734219101],False,8.33621501301488,1,1,6,0,0,0.017981199980839777,0.34100421447501233,0.15886622175807588,0.2023301663433261,0.0037344225061555344,0.4566656191816616,tr0,inf2,False,0.6279619749858263,0.0,observed
412,tr0,inf5,0.44236779502394197,exact,feasible,False,0.9965115866908052,0.6279619749858263,400,0.03998047641549105,0.014498759797779105,1.0,6,[0.44236779502394197],False,8.354026968883343,1,1,6,0,0,0.017981199980839777,0.34100421447501233,0.15886622175807588,0.2023301663433261,0.0037344225061555344,0.4566656191816616,tr0,inf3,False,0.6257713840746175,0.0,observed
413,tr0,inf5,0.44125756096694435,exact,feasible,False,0.9965115866908052,0.6257713840746175,400,0.03998047641549105,0.014498759797779105,1.0,6,[0.44125756096694435],False,8.371814658853259,1,1,6,0,0,0.017981199980839777,0.34100421447501233,0.15886622175807588,0.2023301663433261,0.0037344225061555344,0.4566656191816616,tr0,inf4,False,0.6235884348498983,0.0,observed
414,tr0,inf5,0.44014877786219153,exact,feasible,False,0.9965115866908052,0.6235884348498983,400,0.03998047641549105,0.014498759797779105,1.0,6,[0.44014877786219153],False,8.389577983939002,1,1,6,0,0,0.017981199980839777,0.34100421447501233,0.15886622175807588,0.2023301663433261,0.0037344225061555344,0.4566656191816616,tr0,inf2,False,0.621413100654308,0.0,observed
415,tr0,inf5,0.4390414522605479,exact,feasible,False,0.9965115866908052,0.621413100654308,400,0.03998047641549105,0.014498759797779105,1.0,6,[0.4390414522605479],False,8.40731684611236,1,1,6,0,0,0.017981199980839777,0.34100421447501233,0.15886622175807588,0.2023301663433261,0.0037344225061555344,0.4566656191816616,tr0,inf3,False,0.6192453549234775,0.0,observed
416,tr0,inf5,0.43793559065261695,exact,feasible,False,0.9965115866908052,0.6192453549234775,400,0.03998047641549105,0.014498759797779105,1.0,6,[0.43793559065261695],False,8.425031148299896,1,1,6,0,0,0.017981199980839777,0.34100421447501233,0.15886622175807588,0.2023301663433261,0.0037344225061555344,0.4566656191816616,tr0,inf4,False,0.6170851711857054,0.0,observed
417,tr0,inf5,0.43683119946889154,exact,feasible,False,0.9965115866908052,0.6170851711857054,400,0.03998047641549105,0.014498759797779105,1.0,6,[0.43683119946889154],False,8.442720794380282,1,1,6,0,0,0.017981199980839777,0.34100421447501233,0.15886622175807588,0.2023301663433261,0.0037344225061555344,0.4566656191816616,tr0,inf2,False,0.6149325230616344,0.0,observed
418,tr0,inf5,0.43572828507990663,exact,feasible,False,0.9965115866908052,0.6149325230616344,400,0.03998047641549105,0.014498759797779105,1.0,6,[0.43572828507990663],False,8.460385689181624,1,1,6,0,0,0.017981199980839777,0.34100421447501233,0.15886622175807588,0.2023301663433261,0.0037344225061555344,0.4566656191816616,tr0,inf3,False,0.6127873842639294,0.0,observed
419,tr0,inf5,0.4346268537963931,exact,feasible,False,0.9965115866908052,0.6127873842639294,400,0.03998047641549105,0.014498759797779105,1.0,6,[0.4346268537963931],False,8.478025738478744,1,1,6,0,0,0.017981199980839777,0.34100421447501233,0.15886622175807588,0.2023301663433261,0.0037344225061555344,0.4566656191816616,tr0,inf4,False,0.6106497285969564,0.0,observed
420,tr0,inf5,0.4335269118694335,exact,feasible,False,0.9965115866908052,0.6106497285969564,400,0.03998047641549105,0.014498759797779105,1.0,6,[0.4335269118694335],False,8.495640848990446,1,1,6,0,0,0.017981199980839777,0.34100421447501233,0.15886622175807588,0.2023301663433261,0.0037344225061555344,0.4566656191816616,tr1,inf2,False,0.6985195299564626,0.09,observed
421,tr0,inf5,0.4768575193898706,exact,feasible,False,0.9965115866908052,0.6985195299564626,400,0.03998047641549105,0.014498759797779105,1.0,6,[0.4768575193898706],False,7.800874937177771,1,1,6,0,0,0.017981199980839777,0.34100421447501233,0.15886622175807588,0.2023301663433261,0.0037344225061555344,0.4566656191816616,tr0,inf3,False,0.69608280513143,0.0,observed
422,tr0,inf5,0.4757065322719437,exact,feasible,False,0.9965115866908052,0.69608280513143,400,0.03998047641549105,0.014498759797779105,1.0,6,[0.4757065322719437],False,7.819352998339954,1,1,6,0,0,0.017981199980839777,0.34100421447501233,0.15886622175807588,0.2023301663433261,0.0037344225061555344,0.4566656191816616,tr0,inf4,False,0.6936545806097079,0.0,observed
423,tr0,inf5,0.4745567668984087,exact,feasible,False,0.9965115866908052,0.6936545806097079,400,0.03998047641549105,0.014498759797779105,1.0,6,[0.4745567668984087],False,7.837810152116956,1,1,6,0,0,0.017981199980839777,0.34100421447501233,0.15886622175807588,0.2023301663433261,0.0037344225061555344,0.4566656191816616,tr0,inf2,False,0.691234826738725,0.0,observed
424,tr0,inf5,0.4734082317183104,exact,feasible,False,0.9965115866908052,0.691234826738725,400,0.03998047641549105,0.014498759797779105,1.0,6,[0.4734082317183104],False,7.856246270258284,1,1,6,0,0,0.017981199980839777,0.34100421447501233,0.15886622175807588,0.2023301663433261,0.0037344225061555344,0.4566656191816616,tr0,inf3,False,0.6888235139693507,0.0,observed
425,tr0,inf5,0.4722609351168265,exact,feasible,False,0.9965115866908052,0.6888235139693507,400,0.03998047641549105,0.014498759797779105,1.0,6,[0.4722609351168265],False,7.87466122553518,1,1,6,0,0,0.017981199980839777,0.34100421447501233,0.15886622175807588,0.2023301663433261,0.0037344225061555344,0.4566656191816616,tr0,inf4,False,0.6864206128555337,0.0,observed
426,tr0,inf5,0.4711148854153515,exact,feasible,False,0.9965115866908052,0.6864206128555337,400,0.03998047641549105,0.014498759797779105,1.0,6,[0.4711148854153515],False,7.893054891738929,1,1,6,0,0,0.017981199980839777,0.34100421447501233,0.15886622175807588,0.2023301663433261,0.0037344225061555344,0.4566656191816616,tr0,inf2,False,0.6840260940539428,0.0,observed
427,tr0,inf5,0.4699700908715831,exact,feasible,False,0.9965115866908052,0.6840260940539428,400,0.03998047641549105,0.014498759797779105,1.0,6,[0.4699700908715831],False,7.911427143679117,1,1,6,0,0,0.017981199980839777,0.34100421447501233,0.15886622175807588,0.2023301663433261,0.0037344225061555344,0.4566656191816616,tr0,inf3,False,0.6816399283236084,0.0,observed
428,tr0,inf5,0.4688265596796113,exact,feasible,False,0.9965115866908052,0.6816399283236084,400,0.03998047641549105,0.014498759797779105,1.0,6,[0.4688265596796113],False,7.929777857181858,1,1,6,0,0,0.017981199980839777,0.34100421447501233,0.15886622175807588,0.2023301663433261,0.0037344225061555344,0.4566656191816616,tr0,inf4,False,0.6792620865255657,0.0,observed
429,tr0,inf5,0.4676842999700101,exact,feasible,False,0.9965115866908052,0.6792620865255657,400,0.03998047641549105,0.014498759797779105,1.0,6,[0.4676842999700101],False,7.948106909087992,1,1,6,0,0,0.017981199980839777,0.34100421447501233,0.15886622175807588,0.2023301663433261,0.0037344225061555344,0.4566656191816616,tr0,inf2,False,0.6768925396224985,0.0,observed
430,tr0,inf5,0.4665433198099318,exact,feasible,False,0.9965115866908052,0.6768925396224985,400,0.03998047641549105,0.014498759797779105,1.0,6,[0.4665433198099318],False,7.966414177251228,1,1,6,0,0,0.017981199980839777,0.34100421447501233,0.15886622175807588,0.2023301663433261,0.0037344225061555344,0.4566656191816616,tr1,inf3,False,0.7645312586783847,0.09,observed
431,tr0,inf5,0.5069945480183626,exact,feasible,False,0.9965115866908052,0.7645312586783847,400,0.03998047641549105,0.014498759797779105,1.0,6,[0.5069945480183626],False,7.316579751823438,1,1,6,0,0,0.017981199980839777,0.34100421447501233,0.15886622175807588,0.2023301663433261,0.0037344225061555344,0.4566656191816616,tr0,inf4,False,0.7618642576603155,0.0,observed
432,tr0,inf5,0.5058151275727165,exact,feasible,False,0.9965115866908052,0.7618642576603155,400,0.03998047641549105,0.014498759797779105,1.0,6,[0.5058151275727165],False,7.33555027210555,1,1,6,0,0,0.017981199980839777,0.34100421447501233,0.15886622175807588,0.2023301663433261,0.0037344225061555344,0.4566656191816616,tr0,inf2,False,0.7592065602440935,0.0,observed
433,tr0,inf5,0.5046366881910572,exact,feasible,False,0.9965115866908052,0.7592065602440935,400,0.03998047641549105,0.014498759797779105,1.0,6,[0.5046366881910572],False,7.354503557878639,1,1,6,0,0,0.017981199980839777,0.34100421447501233,0.15886622175807588,0.2023301663433261,0.0037344225061555344,0.4566656191816616,tr0,inf3,False,0.75655813397491,0.0,observed
434,tr0,inf5,0.5034592399927533,exact,feasible,False,0.9965115866908052,0.75655813397491,400,0.03998047641549105,0.014498759797779105,1.0,6,[0.5034592399927533],False,7.373439454036415,1,1,6,0,0,0.017981199980839777,0.34100421447501233,0.15886622175807588,0.2023301663433261,0.0037344225061555344,0.4566656191816616,tr0,inf4,False,0.7539189465111723,0.0,observed
435,tr0,inf5,0.5022827930321443,exact,feasible,False,0.9965115866908052,0.7539189465111723,400,0.03998047641549105,0.014498759797779105,1.0,6,[0.5022827930321443],False,7.392357806523308,1,1,6,0,0,0.017981199980839777,0.34100421447501233,0.15886622175807588,0.2023301663433261,0.0037344225061555344,0.4566656191816616,tr0,inf2,False,0.7512889656241086,0.0,observed
436,tr0,inf5,0.5011073572985465,exact,feasible,False,0.9965115866908052,0.7512889656241086,400,0.03998047641549105,0.014498759797779105,1.0,6,[0.5011073572985465],False,7.4112584623339215,1,1,6,0,0,0.017981199980839777,0.34100421447501233,0.15886622175807588,0.2023301663433261,0.0037344225061555344,0.4566656191816616,tr0,inf3,False,0.7486681591973743,0.0,observed
437,tr0,inf5,0.49993294271626126,exact,feasible,False,0.9965115866908052,0.7486681591973743,400,0.03998047641549105,0.014498759797779105,1.0,6,[0.49993294271626126],False,7.430141269512449,1,1,6,0,0,0.017981199980839777,0.34100421447501233,0.15886622175807588,0.2023301663433261,0.0037344225061555344,0.4566656191816616,tr0,inf4,False,0.7460564952266598,0.0,observed
438,tr0,inf5,0.49875955914458797,exact,feasible,False,0.9965115866908052,0.7460564952266598,400,0.03998047641549105,0.014498759797779105,1.0,6,[0.49875955914458797],False,7.449006077152034,1,1,6,0,0,0.017981199980839777,0.34100421447501233,0.15886622175807588,0.2023301663433261,0.0037344225061555344,0.4566656191816616,tr0,inf2,False,0.7434539418192999,0.0,observed
439,tr0,inf5,0.49758721637783954,exact,feasible,False,0.9965115866908052,0.7434539418192999,400,0.03998047641549105,0.014498759797779105,1.0,6,[0.49758721637783954],False,7.4678527353940884,1,1,6,0,0,0.017981199980839777,0.34100421447501233,0.15886622175807588,0.2023301663433261,0.0037344225061555344,0.4566656191816616,tr0,inf3,False,0.7408604671938841,0.0,observed
440,tr0,inf5,0.4964159241453615,exact,feasible,False,0.9965115866908052,0.7408604671938841,400,0.03998047641549105,0.014498759797779105,1.0,6,[0.4964159241453615],False,7.486681095427548,1,1,6,0,0,0.017981199980839777,0.34100421447501233,0.15886622175807588,0.2023301663433261,0.0037344225061555344,0.4566656191816616,tr1,inf4,False,0.8282760396798686,0.09,observed
441,tr0,inf5,0.5342681417709931,exact,feasible,False,0.9965115866908052,0.8282760396798686,400,0.03998047641549105,0.014498759797779105,1.0,6,[0.5342681417709931],False,6.877478647821515,1,1,6,0,0,0.017981199980839777,0.34100421447501233,0.15886622175807588,0.2023301663433261,0.0037344225061555344,0.4566656191816616,tr0,inf2,False,0.8253866705193622,0.0,observed
442,tr0,inf5,0.5330691593765235,exact,feasible,False,0.9965115866908052,0.8253866705193622,400,0.03998047641549105,0.014498759797779105,1.0,6,[0.5330691593765235],False,6.896799228104516,1,1,6,0,0,0.017981199980839777,0.34100421447501233,0.15886622175807588,0.2023301663433261,0.0037344225061555344,0.4566656191816616,tr0,inf3,False,0.8225073806726905,0.0,observed
443,tr0,inf5,0.531870908359881,exact,feasible,False,0.9965115866908052,0.8225073806726905,400,0.03998047641549105,0.014498759797779105,1.0,6,[0.531870908359881],False,6.916106416817479,1,1,6,0,0,0.017981199980839777,0.34100421447501233,0.15886622175807588,0.2023301663433261,0.0037344225061555344,0.4566656191816616,tr0,inf4,False,0.8196381349790409,0.0,observed
444,tr0,inf5,0.5306734003239729,exact,feasible,False,0.9965115866908052,0.8196381349790409,400,0.03998047641549105,0.014498759797779105,1.0,6,[0.5306734003239729],False,6.935400034751993,1,1,6,0,0,0.017981199980839777,0.34100421447501233,0.15886622175807588,0.2023301663433261,0.0037344225061555344,0.4566656191816616,tr0,inf2,False,0.8167788984002564,0.0,observed
445,tr0,inf5,0.5294766468075605,exact,feasible,False,0.9965115866908052,0.8167788984002564,400,0.03998047641549105,0.014498759797779105,1.0,6,[0.5294766468075605],False,6.954679903747465,1,1,6,0,0,0.017981199980839777,0.34100421447501233,0.15886622175807588,0.2023301663433261,0.0037344225061555344,0.4566656191816616,tr0,inf3,False,0.8139296360204075,0.0,observed
446,tr0,inf5,0.5282806592851769,exact,feasible,False,0.9965115866908052,0.8139296360204075,400,0.03998047641549105,0.014498759797779105,1.0,6,[0.5282806592851769],False,6.973945846691895,1,1,6,0,0,0.017981199980839777,0.34100421447501233,0.15886622175807588,0.2023301663433261,0.0037344225061555344,0.4566656191816616,tr0,inf4,False,0.8110903130453658,0.0,observed
447,tr0,inf5,0.5270854491670497,exact,feasible,False,0.9965115866908052,0.8110903130453658,400,0.03998047641549105,0.014498759797779105,1.0,6,[0.5270854491670497],False,6.99319768752259,1,1,6,0,0,0.017981199980839777,0.34100421447501233,0.15886622175807588,0.2023301663433261,0.0037344225061555344,0.4566656191816616,tr0,inf2,False,0.8082608948023794,0.0,observed
448,tr0,inf5,0.5258910277990279,exact,feasible,False,0.9965115866908052,0.8082608948023794,400,0.03998047641549105,0.014498759797779105,1.0,6,[0.5258910277990279],False,7.01243525122682,1,1,6,0,0,0.017981199980839777,0.34100421447501233,0.15886622175807588,0.2023301663433261,0.0037344225061555344,0.4566656191816616,tr0,inf3,False,0.8054413467396491,0.0,observed
449,tr0,inf5,0.5246974064625124,exact,feasible,False,0.9965115866908052,0.8054413467396491,400,0.03998047641549105,0.014498759797779105,1.0,6,[0.5246974064625124],False,7.031658363842399,1,1,6,0,0,0.017981199980839777,0.34100421447501233,0.15886622175807588,0.2023301663433261,0.0037344225061555344,0.4566656191816616,tr0,inf4,False,0.8026316344259067,0.0,observed
450,tr0,inf5,0.523504596374391,exact,feasible,False,0.9965115866908052,0.8026316344259067,400,0.03998047641549105,0.014498759797779105,1.0,6,[0.523504596374391],False,7.05086685245822,1,1,6,0,0,0.017981199980839777,0.34100421447501233,0.15886622175807588,0.2023301663433261,0.0037344225061555344,0.4566656191816616,tr1,inf2,False,0.8898317235499945,0.09,observed
451,tr0,inf5,0.5599020155952993,exact,feasible,False,0.9968454721289058,0.8898317235499945,450,0.03540164826071942,0.016119800511832844,1.0,6,[0.5599020155952993],False,6.489329754861659,1,1,6,0,0,0.008757286614490201,0.38626006319519246,0.16407742186630758,0.1951460342037649,0.0,0.41859390260104257,tr0,inf3,False,0.8870247245774723,0.0,observed
452,tr0,inf5,0.5588050403333843,exact,feasible,False,0.9968454721289058,0.8870247245774723,450,0.03540164826071942,0.016119800511832844,1.0,6,[0.5588050403333843],False,6.5070892590545935,1,1,6,0,0,0.008757286614490201,0.38626006319519246,0.16407742186630758,0.1951460342037649,0.0,0.41859390260104257,tr0,inf4,False,0.884226580361443,0.0,observed
453,tr0,inf5,0.5577084565607239,exact,feasible,False,0.9968454721289058,0.884226580361443,450,0.03540164826071942,0.016119800511832844,1.0,6,[0.5577084565607239],False,6.524841123668976,1,1,6,0,0,0.008757286614490201,0.38626006319519246,0.16407742186630758,0.1951460342037649,0.0,0.41859390260104257,tr0,inf2,False,0.8814372629693306,0.0,observed
454,tr0,inf5,0.5566122738287534,exact,feasible,False,0.9968454721289058,0.8814372629693306,450,0.03540164826071942,0.016119800511832844,1.0,6,[0.5566122738287534],False,6.542585199250756,1,1,6,0,0,0.008757286614490201,0.38626006319519246,0.16407742186630758,0.1951460342037649,0.0,0.41859390260104257,tr0,inf3,False,0.8786567445566729,0.0,observed
455,tr0,inf5,0.5555165016477657,exact,feasible,False,0.9968454721289058,0.8786567445566729,450,0.03540164826071942,0.016119800511832844,1.0,6,[0.5555165016477657],False,6.56032133702696,1,1,6,0,0,0.008757286614490201,0.38626006319519246,0.16407742186630758,0.1951460342037649,0.0,0.41859390260104257,tr0,inf4,False,0.875884997366844,0.0,observed
456,tr0,inf5,0.5544211494868058,exact,feasible,False,0.9968454721289058,0.875884997366844,450,0.03540164826071942,0.016119800511832844,1.0,6,[0.5544211494868058],False,6.5780493889070515,1,1,6,0,0,0.008757286614490201,0.38626006319519246,0.16407742186630758,0.1951460342037649,0.0,0.41859390260104257,tr0,inf2,False,0.873121993730777,0.0,observed
457,tr0,inf5,0.5533262267735671,exact,feasible,False,0.9968454721289058,0.873121993730777,450,0.03540164826071942,0.016119800511832844,1.0,6,[0.5533262267735671],False,6.595769207484264,1,1,6,0,0,0.008757286614490201,0.38626006319519246,0.16407742186630758,0.1951460342037649,0.0,0.41859390260104257,tr0,inf3,False,0.870367706066688,0.0,observed
458,tr0,inf5,0.5522317428942914,exact,feasible,False,0.9968454721289058,0.870367706066688,450,0.03540164826071942,0.016119800511832844,1.0,6,[0.5522317428942914],False,6.613480646036895,1,1,6,0,0,0.008757286614490201,0.38626006319519246,0.16407742186630758,0.1951460342037649,0.0,0.41859390260104257,tr0,inf4,False,0.8676221068798003,0.0,observed
459,tr0,inf5,0.5511377071936707,exact,feasible,False,0.9968454721289058,0.8676221068798003,450,0.03540164826071942,0.016119800511832844,1.0,6,[0.5511377071936707],False,6.631183558529546,1,1,6,0,0,0.008757286614490201,0.38626006319519246,0.16407742186630758,0.1951460342037649,0.0,0.41859390260104257,tr0,inf2,False,0.8648851687620706,0.0,observed
460,tr0,inf5,0.5500441289747512,exact,feasible,False,0.9968454721289058,0.8648851687620706,450,0.03540164826071942,0.016119800511832844,1.0,6,[0.5500441289747512],False,6.648877799614341,1,1,6,0,0,0.008757286614490201,0.38626006319519246,0.16407742186630758,0.1951460342037649,0.0,0.41859390260104257,tr1,inf3,False,0.9521568643919146,0.09,observed
461,tr0,inf5,0.5834820660717485,exact,feasible,False,0.9968454721289058,0.9521568643919146,450,0.03540164826071942,0.016119800511832844,1.0,6,[0.5834820660717485],False,6.107257791244013,1,1,6,0,0,0.008757286614490201,0.38626006319519246,0.16407742186630758,0.1951460342037649,0.0,0.41859390260104257,tr0,inf4,False,0.9491532590255367,0.0,observed
462,tr0,inf5,0.5823790732140864,exact,feasible,False,0.9968454721289058,0.9491532590255367,450,0.03540164826071942,0.016119800511832844,1.0,6,[0.5823790732140864],False,6.125143817395091,1,1,6,0,0,0.008757286614490201,0.38626006319519246,0.16407742186630758,0.1951460342037649,0.0,0.41859390260104257,tr0,inf2,False,0.9461591286160008,0.0,observed
463,tr0,inf5,0.5812762575361885,exact,feasible,False,0.9968454721289058,0.9461591286160008,450,0.03540164826071942,0.016119800511832844,1.0,6,[0.5812762575361885],False,6.143025566834852,1,1,6,0,0,0.008757286614490201,0.38626006319519246,0.16407742186630758,0.1951460342037649,0.0,0.41859390260104257,tr0,inf3,False,0.9431744432742915,0.0,observed
464,tr0,inf5,0.5801736294405015,exact,feasible,False,0.9968454721289058,0.9431744432742915,450,0.03540164826071942,0.016119800511832844,1.0,6,[0.5801736294405015],False,6.160902875924369,1,1,6,0,0,0.008757286614490201,0.38626006319519246,0.16407742186630758,0.1951460342037649,0.0,0.41859390260104257,tr0,inf4,False,0.940199173205679,0.0,observed
465,tr0,inf5,0.5790711992912563,exact,feasible,False,0.9968454721289058,0.940199173205679,450,0.03540164826071942,0.016119800511832844,1.0,6,[0.5790711992912563],False,6.178775581666224,1,1,6,0,0,0.008757286614490201,0.38626006319519246,0.16407742186630758,0.1951460342037649,0.0,0.41859390260104257,tr0,inf2,False,0.937233288709422,0.0,observed
466,tr0,inf5,0.5779689774143004,exact,feasible,False,0.9968454721289058,0.937233288709422,450,0.03540164826071942,0.016119800511832844,1.0,6,[0.5779689774143004],False,6.196643521706811,1,1,6,0,0,0.008757286614490201,0.38626006319519246,0.16407742186630758,0.1951460342037649,0.0,0.41859390260104257,tr0,inf3,False,0.9342767601784709,0.0,observed
467,tr0,inf5,0.576866974096938,exact,feasible,False,0.9968454721289058,0.9342767601784709,450,0.03540164826071942,0.016119800511832844,1.0,6,[0.576866974096938],False,6.214506534338577,1,1,6,0,0,0.008757286614490201,0.38626006319519246,0.16407742186630758,0.1951460342037649,0.0,0.41859390260104257,tr0,inf4,False,0.9313295580991724,0.0,observed
468,tr0,inf5,0.5757651995877678,exact,feasible,False,0.9968454721289058,0.9313295580991724,450,0.03540164826071942,0.016119800511832844,1.0,6,[0.5757651995877678],False,6.232364458502238,1,1,6,0,0,0.008757286614490201,0.38626006319519246,0.16407742186630758,0.1951460342037649,0.0,0.41859390260104257,tr0,inf2,False,0.9283916530509747,0.0,observed
469,tr0,inf5,0.5746636640965285,exact,feasible,False,0.9968454721289058,0.9283916530509747,450,0.03540164826071942,0.016119800511832844,1.0,6,[0.5746636640965285],False,6.250217133788936,1,1,6,0,0,0.008757286614490201,0.38626006319519246,0.16407742186630758,0.1951460342037649,0.0,0.41859390260104257,tr0,inf3,False,0.9254630157061342,0.0,observed
470,tr0,inf5,0.5735623777939429,exact,feasible,False,0.9968454721289058,0.9254630157061342,450,0.03540164826071942,0.016119800511832844,1.0,6,[0.5735623777939429],False,6.268064400442353,1,1,6,0,0,0.008757286614490201,0.38626006319519246,0.16407742186630758,0.1951460342037649,0.0,0.41859390260104257,tr1,inf4,False,1.0125436168294224,0.09,observed
471,tr0,inf5,0.6049688928623712,exact,feasible,False,0.9968454721289058,1.0125436168294224,450,0.03540164826071942,0.016119800511832844,1.0,6,[0.6049688928623712],False,5.75854299364858,1,1,6,0,0,0.008757286614490201,0.38626006319519246,0.16407742186630758,0.1951460342037649,0.0,0.41859390260104257,tr0,inf2,False,1.0093495197694355,0.0,observed
472,tr0,inf5,0.603864576033737,exact,feasible,False,0.9968454721289058,1.0093495197694355,450,0.03540164826071942,0.016119800511832844,1.0,6,[0.603864576033737],False,5.776478776551381,1,1,6,0,0,0.008757286614490201,0.38626006319519246,0.16407742186630758,0.1951460342037649,0.0,0.41859390260104257,tr0,inf3,False,1.0061654985776474,0.0,observed
473,tr0,inf5,0.6027602265802686,exact,feasible,False,0.9968454721289058,1.0061654985776474,450,0.03540164826071942,0.016119800511832844,1.0,6,[0.6027602265802686],False,5.794413591607928,1,1,6,0,0,0.008757286614490201,0.38626006319519246,0.16407742186630758,0.1951460342037649,0.0,0.41859390260104257,tr0,inf4,False,1.002991521469451,0.0,observed
474,tr0,inf5,0.6016558556109847,exact,feasible,False,0.9968454721289058,1.002991521469451,450,0.03540164826071942,0.016119800511832844,1.0,6,[0.6016558556109847],False,5.812347263218184,1,1,6,0,0,0.008757286614490201,0.38626006319519246,0.16407742186630758,0.1951460342037649,0.0,0.41859390260104257,tr0,inf2,False,0.9998275567605044,0.0,observed
475,tr0,inf5,0.6005514742005066,exact,feasible,False,0.9968454721289058,0.9998275567605044,450,0.03540164826071942,0.016119800511832844,1.0,6,[0.6005514742005066],False,5.830279616369535,1,1,6,0,0,0.008757286614490201,0.38626006319519246,0.16407742186630758,0.1951460342037649,0.0,0.41859390260104257,tr0,inf3,False,0.9966735728664154,0.0,observed
476,tr0,inf5,0.5994470933888332,exact,feasible,False,0.9968454721289058,0.9966735728664154,450,0.03540164826071942,0.016119800511832844,1.0,6,[0.5994470933888332],False,5.848210476640013,1,1,6,0,0,0.008757286614490201,0.38626006319519246,0.16407742186630758,0.1951460342037649,0.0,0.41859390260104257,tr0,inf4,False,0.9935295383024253,0.0,observed
477,tr0,inf5,0.59834272418112,exact,feasible,False,0.9968454721289058,0.9935295383024253,450,0.03540164826071942,0.016119800511832844,1.0,6,[0.59834272418112],False,5.866139670201466,1,1,6,0,0,0.008757286614490201,0.38626006319519246,0.16407742186630758,0.1951460342037649,0.0,0.41859390260104257,tr0,inf2,False,0.990395421683095,0.0,observed
478,tr0,inf5,0.5972383775474605,exact,feasible,False,0.9968454721289058,0.990395421683095,450,0.03540164826071942,0.016119800511832844,1.0,6,[0.5972383775474605],False,5.884067023822702,1,1,6,0,0,0.008757286614490201,0.38626006319519246,0.16407742186630758,0.1951460342037649,0.0,0.41859390260104257,tr0,inf3,False,0.9872711917219916,0.0,observed
479,tr0,inf5,0.5961340644226707,exact,feasible,False,0.9968454721289058,0.9872711917219916,450,0.03540164826071942,0.016119800511832844,1.0,6,[0.5961340644226707],False,5.901992364872546,1,1,6,0,0,0.008757286614490201,0.38626006319519246,0.16407742186630758,0.1951460342037649,0.0,0.41859390260104257,tr0,inf4,False,0.9841568172313763,0.0,observed
480,tr0,inf5,0.5950297957060774,exact,feasible,False,0.9968454721289058,0.9841568172313763,450,0.03540164826071942,0.016119800511832844,1.0,6,[0.5950297957060774],False,5.919915521322889,1,1,6,0,0,0.008757286614490201,0.38626006319519246,0.16407742186630758,0.1951460342037649,0.0,0.41859390260104257,tr1,inf2,False,1.0710522671218925,0.09,observed
481,tr0,inf5,0.6245857233521683,exact,feasible,False,0.9968454721289058,1.0710522671218925,450,0.03540164826071942,0.016119800511832844,1.0,6,[0.6245857233521683],False,5.439680677409091,1,1,6,0,0,0.008757286614490201,0.38626006319519246,0.16407742186630758,0.1951460342037649,0.0,0.41859390260104257,tr0,inf3,False,1.0676736028938578,0.0,observed
482,tr0,inf5,0.6234838777786343,exact,feasible,False,0.9968454721289058,1.0676736028938578,450,0.03540164826071942,0.016119800511832844,1.0,6,[0.6234838777786343],False,5.457603724652379,1,1,6,0,0,0.008757286614490201,0.38626006319519246,0.16407742186630758,0.1951460342037649,0.0,0.41859390260104257,tr0,inf4,False,1.0643055967562975,0.0,observed
483,tr0,inf5,0.6223817965851594,exact,feasible,False,0.9968454721289058,1.0643055967562975,450,0.03540164826071942,0.016119800511832844,1.0,6,[0.6223817965851594],False,5.475529020441723,1,1,6,0,0,0.008757286614490201,0.38626006319519246,0.16407742186630758,0.1951460342037649,0.0,0.41859390260104257,tr0,inf2,False,1.0609482150879683,0.0,observed
484,tr0,inf5,0.6212794914513373,exact,feasible,False,0.9968454721289058,1.0609482150879683,450,0.03540164826071942,0.016119800511832844,1.0,6,[0.6212794914513373],False,5.49345637932693,1,1,6,0,0,0.008757286614490201,0.38626006319519246,0.16407742186630758,0.1951460342037649,0.0,0.41859390260104257,tr0,inf3,False,1.0576014243736858,0.0,observed
485,tr0,inf5,0.6201769740268922,exact,feasible,False,0.9968454721289058,1.0576014243736858,450,0.03540164826071942,0.016119800511832844,1.0,6,[0.6201769740268922],False,5.511385616379408,1,1,6,0,0,0.008757286614490201,0.38626006319519246,0.16407742186630758,0.1951460342037649,0.0,0.41859390260104257,tr0,inf4,False,1.05426519120399,0.0,observed
486,tr0,inf5,0.6190742559313965,exact,feasible,False,0.9968454721289058,1.05426519120399,450,0.03540164826071942,0.016119800511832844,1.0,6,[0.6190742559313965],False,5.529316547196301,1,1,6,0,0,0.008757286614490201,0.38626006319519246,0.16407742186630758,0.1951460342037649,0.0,0.41859390260104257,tr0,inf2,False,1.0509394822748126,0.0,observed
487,tr0,inf5,0.6179713487539928,exact,feasible,False,0.9968454721289058,1.0509394822748126,450,0.03540164826071942,0.016119800511832844,1.0,6,[0.6179713487539928],False,5.547248987904579,1,1,6,0,0,0.008757286614490201,0.38626006319519246,0.16407742186630758,0.1951460342037649,0.0,0.41859390260104257,tr0,inf3,False,1.0476242643871434,0.0,observed
488,tr0,inf5,0.6168682640531179,exact,feasible,False,0.9968454721289058,1.0476242643871434,450,0.03540164826071942,0.016119800511832844,1.0,6,[0.6168682640531179],False,5.565182755165053,1,1,6,0,0,0.008757286614490201,0.38626006319519246,0.16407742186630758,0.1951460342037649,0.0,0.41859390260104257,tr0,inf4,False,1.0443195044466997,0.0,observed
489,tr0,inf5,0.6157650133562315,exact,feasible,False,0.9968454721289058,1.0443195044466997,450,0.03540164826071942,0.016119800511832844,1.0,6,[0.6157650133562315],False,5.583117666176366,1,1,6,0,0,0.008757286614490201,0.38626006319519246,0.16407742186630758,0.1951460342037649,0.0,0.41859390260104257,tr0,inf2,False,1.0410251694635955,0.0,observed
490,tr0,inf5,0.6146616081595465,exact,feasible,False,0.9968454721289058,1.0410251694635955,450,0.03540164826071942,0.016119800511832844,1.0,6,[0.6146616081595465],False,5.60105353867891,1,1,6,0,0,0.008757286614490201,0.38626006319519246,0.16407742186630758,0.1951460342037649,0.0,0.41859390260104257,tr1,inf3,False,1.1277412265520121,0.09,observed
491,tr0,inf5,0.6425284569356831,exact,feasible,False,0.9968454721289058,1.1277412265520121,450,0.03540164826071942,0.016119800511832844,1.0,6,[0.6425284569356831],False,5.147589469478199,1,1,6,0,0,0.008757286614490201,0.38626006319519246,0.16407742186630758,0.1951460342037649,0.0,0.41859390260104257,tr0,inf4,False,1.1241837354214719,0.0,observed
492,tr0,inf5,0.641432133556577,exact,feasible,False,0.9968454721289058,1.1241837354214719,450,0.03540164826071942,0.016119800511832844,1.0,6,[0.641432133556577],False,5.165449158075816,1,1,6,0,0,0.008757286614490201,0.38626006319519246,0.16407742186630758,0.1951460342037649,0.0,0.41859390260104257,tr0,inf2,False,1.120637466495854,0.0,observed
493,tr0,inf5,0.6403353799365342,exact,feasible,False,0.9968454721289058,1.120637466495854,450,0.03540164826071942,0.016119800511832844,1.0,6,[0.6403353799365342],False,5.183314192423865,1,1,6,0,0,0.008757286614490201,0.38626006319519246,0.16407742186630758,0.1951460342037649,0.0,0.41859390260104257,tr0,inf3,False,1.1171023843744006,0.0,observed
494,tr0,inf5,0.6392382082000231,exact,feasible,False,0.9968454721289058,1.1171023843744006,450,0.03540164826071942,0.016119800511832844,1.0,6,[0.6392382082000231],False,5.201184379187831,1,1,6,0,0,0.008757286614490201,0.38626006319519246,0.16407742186630758,0.1951460342037649,0.0,0.41859390260104257,tr0,inf4,False,1.1135784537680258,0.0,observed
495,tr0,inf5,0.6381406304467108,exact,feasible,False,0.9968454721289058,1.1135784537680258,450,0.03540164826071942,0.016119800511832844,1.0,6,[0.6381406304467108],False,5.219059525479823,1,1,6,0,0,0.008757286614490201,0.38626006319519246,0.16407742186630758,0.1951460342037649,0.0,0.41859390260104257,tr0,inf2,False,1.1100656394989645,0.0,observed
496,tr0,inf5,0.6370426587511293,exact,feasible,False,0.9968454721289058,1.1100656394989645,450,0.03540164826071942,0.016119800511832844,1.0,6,[0.6370426587511293],False,5.236939438863582,1,1,6,0,0,0.008757286614490201,0.38626006319519246,0.16407742186630758,0.1951460342037649,0.0,0.41859390260104257,tr0,inf3,False,1.1065639065004211,0.0,observed
497,tr0,inf5,0.6359443051623411,exact,feasible,False,0.9968454721289058,1.1065639065004211,450,0.03540164826071942,0.016119800511832844,1.0,6,[0.6359443051623411],False,5.254823927359424,1,1,6,0,0,0.008757286614490201,0.38626006319519246,0.16407742186630758,0.1951460342037649,0.0,0.41859390260104257,tr0,inf4,False,1.1030732198162188,0.0,observed
498,tr0,inf5,0.6348455817036104,exact,feasible,False,0.9968454721289058,1.1030732198162188,450,0.03540164826071942,0.016119800511832844,1.0,6,[0.6348455817036104],False,5.2727127994491365,1,1,6,0,0,0.008757286614490201,0.38626006319519246,0.16407742186630758,0.1951460342037649,0.0,0.41859390260104257,tr0,inf2,False,1.099593544600451,0.0,observed
499,tr0,inf5,0.6337465003720768,exact,feasible,False,0.9968454721289058,1.099593544600451,450,0.03540164826071942,0.016119800511832844,1.0,6,[0.6337465003720768],False,5.290605864080828,1,1,6,0,0,0.008757286614490201,0.38626006319519246,0.16407742186630758,0.1951460342037649,0.0,0.41859390260104257,tr0,inf3,False,1.0961248461171336,0.0,observed
500,tr0,inf5,0.6326470731384328,exact,feasible,False,0.9968454721289058,1.0961248461171336,450,0.03540164826071942,0.016119800511832844,1.0,6,[0.6326470731384328],False,5.308502930673704,1,1,6,0,0,0.008757286614490201,0.38626006319519246,0.16407742186630758,0.1951460342037649,0.0,0.41859390260104257,tr1,inf4,False,1.1826670897398583,0.09,observed
501,tr0,inf5,0.6556317714301051,exact,feasible,False,0.9954430421001561,1.1826670897398583,500,0.04990960563772474,0.028209472441300988,1.0,6,[0.6556317714301051],False,4.8694670414973675,1,1,6,0,0,0.018256572625947837,0.33762172642541244,0.21558204078042795,0.2029194542865319,0.0,0.45945881928805565,tr0,inf2,False,1.177277725602383,0.0,observed
502,tr0,inf5,0.6540662060571373,exact,feasible,False,0.9954430421001561,1.177277725602383,500,0.04990960563772474,0.028209472441300988,1.0,6,[0.6540662060571373],False,4.894780710495824,1,1,6,0,0,0.018256572625947837,0.33762172642541244,0.21558204078042795,0.2029194542865319,0.0,0.45945881928805565,tr0,inf3,False,1.1719129205703889,0.0,observed
503,tr0,inf5,0.6524993725308272,exact,feasible,False,0.9954430421001561,1.1719129205703889,500,0.04990960563772474,0.028209472441300988,1.0,6,[0.6524993725308272],False,4.920109777021741,1,1,6,0,0,0.018256572625947837,0.33762172642541244,0.21558204078042795,0.2029194542865319,0.0,0.45945881928805565,tr0,inf4,False,1.1665725627290664,0.0,observed
504,tr0,inf5,0.6509313082467594,exact,feasible,False,0.9954430421001561,1.1665725627290664,500,0.04990960563772474,0.028209472441300988,1.0,6,[0.6509313082467594],False,4.945453653015117,1,1,6,0,0,0.018256572625947837,0.33762172642541244,0.21558204078042795,0.2029194542865319,0.0,0.45945881928805565,tr0,inf2,False,1.161256540673597,0.0,observed
505,tr0,inf5,0.6493620505150082,exact,feasible,False,0.9954430421001561,1.161256540673597,500,0.04990960563772474,0.028209472441300988,1.0,6,[0.6493620505150082],False,4.9708117520949475,1,1,6,0,0,0.018256572625947837,0.33762172642541244,0.21558204078042795,0.2029194542865319,0.0,0.45945881928805565,tr0,inf3,False,1.1559647435068292,0.0,observed
506,tr0,inf5,0.6477916365577345,exact,feasible,False,0.9954430421001561,1.1559647435068292,500,0.04990960563772474,0.028209472441300988,1.0,6,[0.6477916365577345],False,4.996183489593765,1,1,6,0,0,0.018256572625947837,0.33762172642541244,0.21558204078042795,0.2029194542865319,0.0,0.45945881928805565,tr0,inf4,False,1.1506970608369647,0.0,observed
507,tr0,inf5,0.6462201035068111,exact,feasible,False,0.9954430421001561,1.1506970608369647,500,0.04990960563772474,0.028209472441300988,1.0,6,[0.6462201035068111],False,5.021568282591701,1,1,6,0,0,0.018256572625947837,0.33762172642541244,0.21558204078042795,0.2029194542865319,0.0,0.45945881928805565,tr0,inf2,False,1.1454533827752564,0.0,observed
508,tr0,inf5,0.6446474884014791,exact,feasible,False,0.9954430421001561,1.1454533827752564,500,0.04990960563772474,0.028209472441300988,1.0,6,[0.6446474884014791],False,5.046965549950053,1,1,6,0,0,0.018256572625947837,0.33762172642541244,0.21558204078042795,0.2029194542865319,0.0,0.45945881928805565,tr0,inf3,False,1.1402335999337159,0.0,observed
509,tr0,inf5,0.6430738281860349,exact,feasible,False,0.9954430421001561,1.1402335999337159,500,0.04990960563772474,0.028209472441300988,1.0,6,[0.6430738281860349],False,5.072374712344359,1,1,6,0,0,0.018256572625947837,0.33762172642541244,0.21558204078042795,0.2029194542865319,0.0,0.45945881928805565,tr0,inf4,False,1.1350376034228304,0.0,observed
510,tr0,inf5,0.6414991597075473,exact,feasible,False,0.9954430421001561,1.1350376034228304,500,0.04990960563772474,0.028209472441300988,1.0,6,[0.6414991597075473],False,5.097795192297006,1,1,6,0,0,0.018256572625947837,0.33762172642541244,0.21558204078042795,0.2029194542865319,0.0,0.45945881928805565,tr1,inf2,False,1.219865284849293,0.09,observed
511,tr0,inf5,0.6662104711355916,exact,feasible,False,0.9954430421001561,1.219865284849293,500,0.04990960563772474,0.028209472441300988,1.0,6,[0.6662104711355916],False,4.698283823183917,1,1,6,0,0,0.018256572625947837,0.33762172642541244,0.21558204078042795,0.2029194542865319,0.0,0.45945881928805565,tr0,inf3,False,1.2143064101027536,0.0,observed
512,tr0,inf5,0.6646544967656766,exact,feasible,False,0.9954430421001561,1.2143064101027536,500,0.04990960563772474,0.028209472441300988,1.0,6,[0.6646544967656766],False,4.723477457925342,1,1,6,0,0,0.018256572625947837,0.33762172642541244,0.21558204078042795,0.2029194542865319,0.0,0.45945881928805565,tr0,inf4,False,1.2087728669144049,0.0,observed
513,tr0,inf5,0.6630969986238665,exact,feasible,False,0.9954430421001561,1.2087728669144049,500,0.04990960563772474,0.028209472441300988,1.0,6,[0.6630969986238665],False,4.748690518962894,1,1,6,0,0,0.018256572625947837,0.33762172642541244,0.21558204078042795,0.2029194542865319,0.0,0.45945881928805565,tr0,inf2,False,1.2032645398494024,0.0,observed
514,tr0,inf5,0.6615380146197709,exact,feasible,False,0.9954430421001561,1.2032645398494024,500,0.04990960563772474,0.028209472441300988,1.0,6,[0.6615380146197709],False,4.773922407801295,1,1,6,0,0,0.018256572625947837,0.33762172642541244,0.21558204078042795,0.2029194542865319,0.0,0.45945881928805565,tr0,inf3,False,1.1977813139989337,0.0,observed
515,tr0,inf5,0.6599775825945905,exact,feasible,False,0.9954430421001561,1.1977813139989337,500,0.04990960563772474,0.028209472441300988,1.0,6,[0.6599775825945905],False,4.79917252737715,1,1,6,0,0,0.018256572625947837,0.33762172642541244,0.21558204078042795,0.2029194542865319,0.0,0.45945881928805565,tr0,inf4,False,1.1923230749778209,0.0,observed
516,tr0,inf5,0.658415740318508,exact,feasible,False,0.9954430421001561,1.1923230749778209,500,0.04990960563772474,0.028209472441300988,1.0,6,[0.658415740318508],False,4.8244402820968215,1,1,6,0,0,0.018256572625947837,0.33762172642541244,0.21558204078042795,0.2029194542865319,0.0,0.45945881928805565,tr0,inf2,False,1.1868897089221344,0.0,observed
517,tr0,inf5,0.6568525254881088,exact,feasible,False,0.9954430421001561,1.1868897089221344,500,0.04990960563772474,0.028209472441300988,1.0,6,[0.6568525254881088],False,4.849725077873774,1,1,6,0,0,0.018256572625947837,0.33762172642541244,0.21558204078042795,0.2029194542865319,0.0,0.45945881928805565,tr0,inf3,False,1.1814811024868184,0.0,observed
518,tr0,inf5,0.655287975723832,exact,feasible,False,0.9954430421001561,1.1814811024868184,500,0.04990960563772474,0.028209472441300988,1.0,6,[0.655287975723832],False,4.875026322165477,1,1,6,0,0,0.018256572625947837,0.33762172642541244,0.21558204078042795,0.2029194542865319,0.0,0.45945881928805565,tr0,inf4,False,1.176097142843325,0.0,observed
519,tr0,inf5,0.6537221285674519,exact,feasible,False,0.9954430421001561,1.176097142843325,500,0.04990960563772474,0.028209472441300988,1.0,6,[0.6537221285674519],False,4.900343424009778,1,1,6,0,0,0.018256572625947837,0.33762172642541244,0.21558204078042795,0.2029194542865319,0.0,0.45945881928805565,tr0,inf2,False,1.170737717677261,0.0,observed
520,tr0,inf5,0.6521550214795886,exact,feasible,False,0.9954430421001561,1.170737717677261,500,0.04990960563772474,0.028209472441300988,1.0,6,[0.6521550214795886],False,4.925675794060813,1,1,6,0,0,0.018256572625947837,0.33762172642541244,0.21558204078042795,0.2029194542865319,0.0,0.45945881928805565,tr1,inf3,False,1.2554027151860465,0.09,observed
521,tr0,inf5,0.6759558766733053,exact,feasible,False,0.9954430421001561,1.2554027151860465,500,0.04990960563772474,0.028209472441300988,1.0,6,[0.6759558766733053],False,4.540369520637963,1,1,6,0,0,0.018256572625947837,0.33762172642541244,0.21558204078042795,0.2029194542865319,0.0,0.45945881928805565,tr0,inf4,False,1.249681897865594,0.0,observed
522,tr0,inf5,0.674410354931637,exact,feasible,False,0.9954430421001561,1.249681897865594,500,0.04990960563772474,0.028209472441300988,1.0,6,[0.674410354931637],False,4.565427223138374,1,1,6,0,0,0.018256572625947837,0.33762172642541244,0.21558204078042795,0.2029194542865319,0.0,0.45945881928805565,tr0,inf2,False,1.2439871500688233,0.0,observed
523,tr0,inf5,0.6728630696752049,exact,feasible,False,0.9954430421001561,1.2439871500688233,500,0.04990960563772474,0.028209472441300988,1.0,6,[0.6728630696752049],False,4.590508145128533,1,1,6,0,0,0.018256572625947837,0.33762172642541244,0.21558204078042795,0.2029194542865319,0.0,0.45945881928805565,tr0,inf3,False,1.2383183529980129,0.0,observed
524,tr0,inf5,0.6713140591820594,exact,feasible,False,0.9954430421001561,1.2383183529980129,500,0.04990960563772474,0.028209472441300988,1.0,6,[0.6713140591820594],False,4.61561168000857,1,1,6,0,0,0.018256572625947837,0.33762172642541244,0.21558204078042795,0.2029194542865319,0.0,0.45945881928805565,tr0,inf4,False,1.232675388396797,0.0,observed
525,tr0,inf5,0.6697633616789291,exact,feasible,False,0.9954430421001561,1.232675388396797,500,0.04990960563772474,0.028209472441300988,1.0,6,[0.6697633616789291],False,4.64073722236136,1,1,6,0,0,0.018256572625947837,0.33762172642541244,0.21558204078042795,0.2029194542865319,0.0,0.45945881928805565,tr0,inf2,False,1.227058138547699,0.0,observed
526,tr0,inf5,0.6682110153384242,exact,feasible,False,0.9954430421001561,1.227058138547699,500,0.04990960563772474,0.028209472441300988,1.0,6,[0.6682110153384242],False,4.665884167993427,1,1,6,0,0,0.018256572625947837,0.33762172642541244,0.21558204078042795,0.2029194542865319,0.0,0.45945881928805565,tr0,inf3,False,1.2214664862696765,0.0,observed
527,tr0,inf5,0.666657058276271,exact,feasible,False,0.9954430421001561,1.2214664862696765,500,0.04990960563772474,0.028209472441300988,1.0,6,[0.666657058276271],False,4.691051913975375,1,1,6,0,0,0.018256572625947837,0.33762172642541244,0.21558204078042795,0.2029194542865319,0.0,0.45945881928805565,tr0,inf4,False,1.2159003149156753,0.0,observed
528,tr0,inf5,0.6651015285485742,exact,feasible,False,0.9954430421001561,1.2159003149156753,500,0.04990960563772474,0.028209472441300988,1.0,6,[0.6651015285485742],False,4.716239858681827,1,1,6,0,0,0.018256572625947837,0.33762172642541244,0.21558204078042795,0.2029194542865319,0.0,0.45945881928805565,tr0,inf2,False,1.2103595083701977,0.0,observed
529,tr0,inf5,0.6635444641491103,exact,feasible,False,0.9954430421001561,1.2103595083701977,500,0.04990960563772474,0.028209472441300988,1.0,6,[0.6635444641491103],False,4.741447401830883,1,1,6,0,0,0.018256572625947837,0.33762172642541244,0.21558204078042795,0.2029194542865319,0.0,0.45945881928805565,tr0,inf3,False,1.204843951046879,0.0,observed
530,tr0,inf5,0.6619859030066491,exact,feasible,False,0.9954430421001561,1.204843951046879,500,0.04990960563772474,0.028209472441300988,1.0,6,[0.6619859030066491],False,4.766673944523089,1,1,6,0,0,0.018256572625947837,0.33762172642541244,0.21558204078042795,0.2029194542865319,0.0,0.45945881928805565,tr1,inf4,False,1.2893535278860768,0.09,observed
531,tr0,inf5,0.6849482202986169,exact,feasible,False,0.9954430421001561,1.2893535278860768,500,0.04990960563772474,0.028209472441300988,1.0,6,[0.6849482202986169],False,4.394467653198126,1,1,6,0,0,0.018256572625947837,0.33762172642541244,0.21558204078042795,0.2029194542865319,0.0,0.45945881928805565,tr0,inf2,False,1.2834779981414848,0.0,observed
532,tr0,inf5,0.6834137692249298,exact,feasible,False,0.9954430421001561,1.2834779981414848,500,0.04990960563772474,0.028209472441300988,1.0,6,[0.6834137692249298],False,4.419377515716473,1,1,6,0,0,0.018256572625947837,0.33762172642541244,0.21558204078042795,0.2029194542865319,0.0,0.45945881928805565,tr0,inf3,False,1.277629242938578,0.0,observed
533,tr0,inf5,0.6818773301233829,exact,feasible,False,0.9954430421001561,1.277629242938578,500,0.04990960563772474,0.028209472441300988,1.0,6,[0.6818773301233829],False,4.444314163187783,1,1,6,0,0,0.018256572625947837,0.33762172642541244,0.21558204078042795,0.2029194542865319,0.0,0.45945881928805565,tr0,inf4,False,1.2718071402668976,0.0,observed
534,tr0,inf5,0.6803389415144625,exact,feasible,False,0.9954430421001561,1.2718071402668976,500,0.04990960563772474,0.028209472441300988,1.0,6,[0.6803389415144625],False,4.469276982944988,1,1,6,0,0,0.018256572625947837,0.33762172642541244,0.21558204078042795,0.2029194542865319,0.0,0.45945881928805565,tr0,inf2,False,1.2660115686719804,0.0,observed
535,tr0,inf5,0.6787986418842491,exact,feasible,False,0.9954430421001561,1.2660115686719804,500,0.04990960563772474,0.028209472441300988,1.0,6,[0.6787986418842491],False,4.4942653632551375,1,1,6,0,0,0.018256572625947837,0.33762172642541244,0.21558204078042795,0.2029194542865319,0.0,0.45945881928805565,tr0,inf3,False,1.2602424072528269,0.0,observed
536,tr0,inf5,0.6772564696814529,exact,feasible,False,0.9954430421001561,1.2602424072528269,500,0.04990960563772474,0.028209472441300988,1.0,6,[0.6772564696814529],False,4.519278693363103,1,1,6,0,0,0.018256572625947837,0.33762172642541244,0.21558204078042795,0.2029194542865319,0.0,0.45945881928805565,tr0,inf4,False,1.2544995356593778,0.0,observed
537,tr0,inf5,0.6757124633144769,exact,feasible,False,0.9954430421001561,1.2544995356593778,500,0.04990960563772474,0.028209472441300988,1.0,6,[0.6757124633144769],False,4.544316363534822,1,1,6,0,0,0.018256572625947837,0.33762172642541244,0.21558204078042795,0.2029194542865319,0.0,0.45945881928805565,tr0,inf2,False,1.2487828340900042,0.0,observed
538,tr0,inf5,0.6741666611485089,exact,feasible,False,0.9954430421001561,1.2487828340900042,500,0.04990960563772474,0.028209472441300988,1.0,6,[0.6741666611485089],False,4.569377765100053,1,1,6,0,0,0.018256572625947837,0.33762172642541244,0.21558204078042795,0.2029194542865319,0.0,0.45945881928805565,tr0,inf3,False,1.2430921832890083,0.0,observed
539,tr0,inf5,0.6726191015026428,exact,feasible,False,0.9954430421001561,1.2430921832890083,500,0.04990960563772474,0.028209472441300988,1.0,6,[0.6726191015026428],False,4.5944622904946595,1,1,6,0,0,0.018256572625947837,0.33762172642541244,0.21558204078042795,0.2029194542865319,0.0,0.45945881928805565,tr0,inf4,False,1.2374274645441352,0.0,observed
540,tr0,inf5,0.6710698226470289,exact,feasible,False,0.9954430421001561,1.2374274645441352,500,0.04990960563772474,0.028209472441300988,1.0,6,[0.6710698226470289],False,4.619569333302405,1,1,6,0,0,0.018256572625947837,0.33762172642541244,0.21558204078042795,0.2029194542865319,0.0,0.45945881928805565,tr1,inf2,False,1.321788559684097,0.09,observed
541,tr0,inf5,0.6932585781210968,exact,feasible,False,0.9954430421001561,1.321788559684097,500,0.04990960563772474,0.028209472441300988,1.0,6,[0.6932585781210968],False,4.259462920626972,1,1,6,0,0,0.018256572625947837,0.33762172642541244,0.21558204078042795,0.2029194542865319,0.0,0.45945881928805565,tr0,inf3,False,1.3157652248651213,0.0,observed
542,tr0,inf5,0.6917356170822947,exact,feasible,False,0.9954430421001561,1.3157652248651213,500,0.04990960563772474,0.028209472441300988,1.0,6,[0.6917356170822947],False,4.284216315667636,1,1,6,0,0,0.018256572625947837,0.33762172642541244,0.21558204078042795,0.2029194542865319,0.0,0.45945881928805565,tr0,inf4,False,1.3097693381293323,0.0,observed
543,tr0,inf5,0.6902104580070474,exact,feasible,False,0.9954430421001561,1.3097693381293323,500,0.04990960563772474,0.028209472441300988,1.0,6,[0.6902104580070474],False,4.308999842764857,1,1,6,0,0,0.018256572625947837,0.33762172642541244,0.21558204078042795,0.2029194542865319,0.0,0.45945881928805565,tr0,inf2,False,1.3038007743969704,0.0,observed
544,tr0,inf5,0.6886831395498331,exact,feasible,False,0.9954430421001561,1.3038007743969704,500,0.04990960563772474,0.028209472441300988,1.0,6,[0.6886831395498331],False,4.3338128849564885,1,1,6,0,0,0.018256572625947837,0.33762172642541244,0.21558204078042795,0.2029194542865319,0.0,0.45945881928805565,tr0,inf3,False,1.2978594091582596,0.0,observed
545,tr0,inf5,0.6871537003473479,exact,feasible,False,0.9954430421001561,1.2978594091582596,500,0.04990960563772474,0.028209472441300988,1.0,6,[0.6871537003473479],False,4.358654825968449,1,1,6,0,0,0.018256572625947837,0.33762172642541244,0.21558204078042795,0.2029194542865319,0.0,0.45945881928805565,tr0,inf4,False,1.291945118470809,0.0,observed
546,tr0,inf5,0.6856221790153877,exact,feasible,False,0.9954430421001561,1.291945118470809,500,0.04990960563772474,0.028209472441300988,1.0,6,[0.6856221790153877],False,4.383525050260988,1,1,6,0,0,0.018256572625947837,0.33762172642541244,0.21558204078042795,0.2029194542865319,0.0,0.45945881928805565,tr0,inf2,False,1.2860577789570287,0.0,observed
547,tr0,inf5,0.684088614145758,exact,feasible,False,0.9954430421001561,1.2860577789570287,500,0.04990960563772474,0.028209472441300988,1.0,6,[0.684088614145758],False,4.408422943074502,1,1,6,0,0,0.018256572625947837,0.33762172642541244,0.21558204078042795,0.2029194542865319,0.0,0.45945881928805565,tr0,inf3,False,1.2801972678015547,0.0,observed
548,tr0,inf5,0.6825530443032118,exact,feasible,False,0.9954430421001561,1.2801972678015547,500,0.04990960563772474,0.028209472441300988,1.0,6,[0.6825530443032118],False,4.433347890474861,1,1,6,0,0,0.018256572625947837,0.33762172642541244,0.21558204078042795,0.2029194542865319,0.0,0.45945881928805565,tr0,inf4,False,1.274363462748688,0.0,observed
549,tr0,inf5,0.6810155080224157,exact,feasible,False,0.9954430421001561,1.274363462748688,500,0.04990960563772474,0.028209472441300988,1.0,6,[0.6810155080224157],False,4.458299279398287,1,1,6,0,0,0.018256572625947837,0.33762172642541244,0.21558204078042795,0.2029194542865319,0.0,0.45945881928805565,tr0,inf2,False,1.2685562420998429,0.0,observed
550,tr0,inf5,0.6794760438049432,exact,feasible,False,0.9954430421001561,1.2685562420998429,500,0.04990960563772474,0.028209472441300988,1.0,6,[0.6794760438049432],False,4.483276497695746,1,1,6,0,0,0.018256572625947837,0.33762172642541244,0.21558204078042795,0.2029194542865319,0.0,0.45945881928805565,tr1,inf3,False,1.3527754847110098,0.09,observed
551,tr0,inf5,0.7037020082312089,exact,feasible,False,0.9965223065701514,1.3527754847110098,550,0.03871437129959001,0.019027186294069312,1.0,6,[0.7037020082312089],False,4.134842950687651,1,1,6,0,0,0.0019762715800738084,0.38964892171589266,0.1804547507789974,0.19118656875569115,0.008215854429496074,0.4191645095284162,tr0,inf4,False,1.34807094629577,0.0,observed
552,tr0,inf5,0.7025450266698503,exact,feasible,False,0.9965223065701514,1.34807094629577,550,0.03871437129959001,0.019027186294069312,1.0,6,[0.7025450266698503],False,4.153772012747312,1,1,6,0,0,0.0019762715800738084,0.38964892171589266,0.1804547507789974,0.19118656875569115,0.008215854429496074,0.4191645095284162,tr0,inf2,False,1.3433827688228674,0.0,observed
553,tr0,inf5,0.7013866413053103,exact,feasible,False,0.9965223065701514,1.3433827688228674,550,0.03871437129959001,0.019027186294069312,1.0,6,[0.7013866413053103],False,4.1727214717919425,1,1,6,0,0,0.0019762715800738084,0.38964892171589266,0.1804547507789974,0.19118656875569115,0.008215854429496074,0.4191645095284162,tr0,inf3,False,1.3387108953939604,0.0,observed
554,tr0,inf5,0.700226869376379,exact,feasible,False,0.9965223065701514,1.3387108953939604,550,0.03871437129959001,0.019027186294069312,1.0,6,[0.700226869376379],False,4.1916910490268675,1,1,6,0,0,0.0019762715800738084,0.38964892171589266,0.1804547507789974,0.19118656875569115,0.008215854429496074,0.4191645095284162,tr0,inf4,False,1.334055269308582,0.0,observed
555,tr0,inf5,0.6990657281218485,exact,feasible,False,0.9965223065701514,1.334055269308582,550,0.03871437129959001,0.019027186294069312,1.0,6,[0.6990657281218485],False,4.210680465769499,1,1,6,0,0,0.0019762715800738084,0.38964892171589266,0.1804547507789974,0.19118656875569115,0.008215854429496074,0.4191645095284162,tr0,inf2,False,1.3294158340634528,0.0,observed
556,tr0,inf5,0.6979032347796645,exact,feasible,False,0.9965223065701514,1.3294158340634528,550,0.03871437129959001,0.019027186294069312,1.0,6,[0.6979032347796645],False,4.229689443462343,1,1,6,0,0,0.0019762715800738084,0.38964892171589266,0.1804547507789974,0.19118656875569115,0.008215854429496074,0.4191645095284162,tr0,inf3,False,1.3247925333517936,0.0,observed
557,tr0,inf5,0.6967394065860844,exact,feasible,False,0.9965223065701514,1.3247925333517936,550,0.03871437129959001,0.019027186294069312,1.0,6,[0.6967394065860844],False,4.248717703685902,1,1,6,0,0,0.0019762715800738084,0.38964892171589266,0.1804547507789974,0.19118656875569115,0.008215854429496074,0.4191645095284162,tr0,inf4,False,1.3201853110626436,0.0,observed
558,tr0,inf5,0.6955742607748397,exact,feasible,False,0.9965223065701514,1.3201853110626436,550,0.03871437129959001,0.019027186294069312,1.0,6,[0.6955742607748397],False,4.26776496817151,1,1,6,0,0,0.0019762715800738084,0.38964892171589266,0.1804547507789974,0.19118656875569115,0.008215854429496074,0.4191645095284162,tr0,inf2,False,1.3155941112801783,0.0,observed
559,tr0,inf5,0.6944078145763055,exact,feasible,False,0.9965223065701514,1.3155941112801783,550,0.03871437129959001,0.019027186294069312,1.0,6,[0.6944078145763055],False,4.286830958814057,1,1,6,0,0,0.0019762715800738084,0.38964892171589266,0.1804547507789974,0.19118656875569115,0.008215854429496074,0.4191645095284162,tr0,inf3,False,1.3110188782830317,0.0,observed
560,tr0,inf5,0.693240085216672,exact,feasible,False,0.9965223065701514,1.3110188782830317,550,0.03871437129959001,0.019027186294069312,1.0,6,[0.693240085216672],False,4.3059153976846405,1,1,6,0,0,0.0019762715800738084,0.38964892171589266,0.1804547507789974,0.19118656875569115,0.008215854429496074,0.4191645095284162,tr1,inf4,False,1.3964595565436193,0.09,observed
561,tr0,inf5,0.714189199978422,exact,feasible,False,0.9965223065701514,1.3964595565436193,550,0.03871437129959001,0.019027186294069312,1.0,6,[0.714189199978422],False,3.963145669352115,1,1,6,0,0,0.0019762715800738084,0.38964892171589266,0.1804547507789974,0.19118656875569115,0.008215854429496074,0.4191645095284162,tr0,inf2,False,1.3916030983187784,0.0,observed
562,tr0,inf5,0.7130458206405226,exact,feasible,False,0.9965223065701514,1.3916030983187784,550,0.03871437129959001,0.019027186294069312,1.0,6,[0.7130458206405226],False,3.9818757673628324,1,1,6,0,0,0.0019762715800738084,0.38964892171589266,0.1804547507789974,0.19118656875569115,0.008215854429496074,0.4191645095284162,tr0,inf3,False,1.3867635293667981,0.0,observed
563,tr0,inf5,0.7119008803804535,exact,feasible,False,0.9965223065701514,1.3867635293667981,550,0.03871437129959001,0.019027186294069312,1.0,6,[0.7119008803804535],False,4.000628808663249,1,1,6,0,0,0.0019762715800738084,0.38964892171589266,0.1804547507789974,0.19118656875569115,0.008215854429496074,0.4191645095284162,tr0,inf4,False,1.3819407909519656,0.0,observed
564,tr0,inf5,0.7107543963969902,exact,feasible,False,0.9965223065701514,1.3819407909519656,550,0.03871437129959001,0.019027186294069312,1.0,6,[0.7107543963969902],False,4.019404514051369,1,1,6,0,0,0.0019762715800738084,0.38964892171589266,0.1804547507789974,0.19118656875569115,0.008215854429496074,0.4191645095284162,tr0,inf2,False,1.3771348245428323,0.0,observed
565,tr0,inf5,0.7096063858968737,exact,feasible,False,0.9965223065701514,1.3771348245428323,550,0.03871437129959001,0.019027186294069312,1.0,6,[0.7096063858968737],False,4.038202604314674,1,1,6,0,0,0.0019762715800738084,0.38964892171589266,0.1804547507789974,0.19118656875569115,0.008215854429496074,0.4191645095284162,tr0,inf3,False,1.372345571811504,0.0,observed
566,tr0,inf5,0.7084568660939182,exact,feasible,False,0.9965223065701514,1.372345571811504,550,0.03871437129959001,0.019027186294069312,1.0,6,[0.7084568660939182],False,4.057022800243902,1,1,6,0,0,0.0019762715800738084,0.38964892171589266,0.1804547507789974,0.19118656875569115,0.008215854429496074,0.4191645095284162,tr0,inf4,False,1.3675729746329335,0.0,observed
567,tr0,inf5,0.7073058542081231,exact,feasible,False,0.9965223065701514,1.3675729746329335,550,0.03871437129959001,0.019027186294069312,1.0,6,[0.7073058542081231],False,4.075864822646756,1,1,6,0,0,0.0019762715800738084,0.38964892171589266,0.1804547507789974,0.19118656875569115,0.008215854429496074,0.4191645095284162,tr0,inf2,False,1.362816975084214,0.0,observed
568,tr0,inf5,0.7061533674647891,exact,feasible,False,0.9965223065701514,1.362816975084214,550,0.03871437129959001,0.019027186294069312,1.0,6,[0.7061533674647891],False,4.094728392361515,1,1,6,0,0,0.0019762715800738084,0.38964892171589266,0.1804547507789974,0.19118656875569115,0.008215854429496074,0.4191645095284162,tr0,inf3,False,1.3580775154438776,0.0,observed
569,tr0,inf5,0.70499942309364,exact,feasible,False,0.9965223065701514,1.3580775154438776,550,0.03871437129959001,0.019027186294069312,1.0,6,[0.70499942309364],False,4.113613230270572,1,1,6,0,0,0.0019762715800738084,0.38964892171589266,0.1804547507789974,0.19118656875569115,0.008215854429496074,0.4191645095284162,tr0,inf4,False,1.3533545381911933,0.0,observed
570,tr0,inf5,0.7038440383279495,exact,feasible,False,0.9965223065701514,1.3533545381911933,550,0.03871437129959001,0.019027186294069312,1.0,6,[0.7038440383279495],False,4.13251905731388,1,1,6,0,0,0.0019762715800738084,0.38964892171589266,0.1804547507789974,0.19118656875569115,0.008215854429496074,0.4191645095284162,tr1,inf2,False,1.4386479860054702,0.09,observed
571,tr0,inf5,0.7238916218362978,exact,feasible,False,0.9965223065701514,1.4386479860054702,550,0.03871437129959001,0.019027186294069312,1.0,6,[0.7238916218362978],False,3.804099494420551,1,1,6,0,0,0.0019762715800738084,0.38964892171589266,0.1804547507789974,0.19118656875569115,0.008215854429496074,0.4191645095284162,tr0,inf3,False,1.433644809356674,0.0,observed
572,tr0,inf5,0.7227622779556497,exact,feasible,False,0.9965223065701514,1.433644809356674,550,0.03871437129959001,0.019027186294069312,1.0,6,[0.7227622779556497],False,3.822622200130024,1,1,6,0,0,0.0019762715800738084,0.38964892171589266,0.1804547507789974,0.19118656875569115,0.008215854429496074,0.4191645095284162,tr0,inf4,False,1.4286590322224377,0.0,observed
573,tr0,inf5,0.7216312266688981,exact,feasible,False,0.9965223065701514,1.4286590322224377,550,0.03871437129959001,0.019027186294069312,1.0,6,[0.7216312266688981],False,3.8411702320668897,1,1,6,0,0,0.0019762715800738084,0.38964892171589266,0.1804547507789974,0.19118656875569115,0.008215854429496074,0.4191645095284162,tr0,inf2,False,1.423690594092584,0.0,observed
574,tr0,inf5,0.7204984850696863,exact,feasible,False,0.9965223065701514,1.423690594092584,550,0.03871437129959001,0.019027186294069312,1.0,6,[0.7204984850696863],False,3.8597433116927977,1,1,6,0,0,0.0019762715800738084,0.38964892171589266,0.1804547507789974,0.19118656875569115,0.008215854429496074,0.4191645095284162,tr0,inf3,False,1.418739434667371,0.0,observed
575,tr0,inf5,0.7193640702674415,exact,feasible,False,0.9965223065701514,1.418739434667371,550,0.03871437129959001,0.019027186294069312,1.0,6,[0.7193640702674415],False,3.8783411603377838,1,1,6,0,0,0.0019762715800738084,0.38964892171589266,0.1804547507789974,0.19118656875569115,0.008215854429496074,0.4191645095284162,tr0,inf4,False,1.413805493856761,0.0,observed
576,tr0,inf5,0.7182279993864435,exact,feasible,False,0.9965223065701514,1.413805493856761,550,0.03871437129959001,0.019027186294069312,1.0,6,[0.7182279993864435],False,3.8969634992147366,1,1,6,0,0,0.0019762715800738084,0.38964892171589266,0.1804547507789974,0.19118656875569115,0.008215854429496074,0.4191645095284162,tr0,inf2,False,1.4088887117796915,0.0,observed
577,tr0,inf5,0.717090289564896,exact,feasible,False,0.9965223065701514,1.4088887117796915,550,0.03871437129959001,0.019027186294069312,1.0,6,[0.717090289564896],False,3.9156100494337993,1,1,6,0,0,0.0019762715800738084,0.38964892171589266,0.1804547507789974,0.19118656875569115,0.008215854429496074,0.4191645095284162,tr0,inf3,False,1.4039890287633474,0.0,observed
578,tr0,inf5,0.7159509579540043,exact,feasible,False,0.9965223065701514,1.4039890287633474,550,0.03871437129959001,0.019027186294069312,1.0,6,[0.7159509579540043],False,3.934280532016678,1,1,6,0,0,0.0019762715800738084,0.38964892171589266,0.1804547507789974,0.19118656875569115,0.008215854429496074,0.4191645095284162,tr0,inf4,False,1.3991063853424377,0.0,observed
579,tr0,inf5,0.7148100217170565,exact,feasible,False,0.9965223065701514,1.3991063853424377,550,0.03871437129959001,0.019027186294069312,1.0,6,[0.7148100217170565],False,3.952974667910884,1,1,6,0,0,0.0019762715800738084,0.38964892171589266,0.1804547507789974,0.19118656875569115,0.008215854429496074,0.4191645095284162,tr0,inf2,False,1.3942407222584732,0.0,observed
580,tr0,inf5,0.7136674980285087,exact,feasible,False,0.9965223065701514,1.3942407222584732,550,0.03871437129959001,0.019027186294069312,1.0,6,[0.7136674980285087],False,3.9716921780038903,1,1,6,0,0,0.0019762715800738084,0.38964892171589266,0.1804547507789974,0.19118656875569115,0.008215854429496074,0.4191645095284162,tr1,inf3,False,1.4793919804590476,0.09,observed
581,tr0,inf5,0.7328812076965094,exact,feasible,False,0.9965223065701514,1.4793919804590476,550,0.03871437129959001,0.019027186294069312,1.0,6,[0.7328812076965094],False,3.656561676477381,1,1,6,0,0,0.0019762715800738084,0.38964892171589266,0.1804547507789974,0.19118656875569115,0.008215854429496074,0.4191645095284162,tr0,inf4,False,1.4742471086884346,0.0,observed
582,tr0,inf5,0.731766166729525,exact,feasible,False,0.9965223065701514,1.4742471086884346,550,0.03871437129959001,0.019027186294069312,1.0,6,[0.731766166729525],False,3.6748713096579975,1,1,6,0,0,0.0019762715800738084,0.38964892171589266,0.1804547507789974,0.19118656875569115,0.008215854429496074,0.4191645095284162,tr0,inf2,False,1.4691201292045755,0.0,observed
583,tr0,inf5,0.7306492820100983,exact,feasible,False,0.9965223065701514,1.4691201292045755,550,0.03871437129959001,0.019027186294069312,1.0,6,[0.7306492820100983],False,3.693208495431583,1,1,6,0,0,0.0019762715800738084,0.38964892171589266,0.1804547507789974,0.19118656875569115,0.008215854429496074,0.4191645095284162,tr0,inf3,False,1.4640109797835823,0.0,observed
584,tr0,inf5,0.7295305704711529,exact,feasible,False,0.9965223065701514,1.4640109797835823,550,0.03871437129959001,0.019027186294069312,1.0,6,[0.7295305704711529],False,3.71157295684699,1,1,6,0,0,0.0019762715800738084,0.38964892171589266,0.1804547507789974,0.19118656875569115,0.008215854429496074,0.4191645095284162,tr0,inf4,False,1.4589195984179628,0.0,observed
585,tr0,inf5,0.7284100490690179,exact,feasible,False,0.9965223065701514,1.4589195984179628,550,0.03871437129959001,0.019027186294069312,1.0,6,[0.7284100490690179],False,3.7299644167027344,1,1,6,0,0,0.0019762715800738084,0.38964892171589266,0.1804547507789974,0.19118656875569115,0.008215854429496074,0.4191645095284162,tr0,inf2,False,1.4538459233158674,0.0,observed
586,tr0,inf5,0.7272877347824626,exact,feasible,False,0.9965223065701514,1.4538459233158674,550,0.03871437129959001,0.019027186294069312,1.0,6,[0.7272877347824626],False,3.7483825975620633,1,1,6,0,0,0.0019762715800738084,0.38964892171589266,0.1804547507789974,0.19118656875569115,0.008215854429496074,0.4191645095284162,tr0,inf3,False,1.4487898929003395,0.0,observed
587,tr0,inf5,0.7261636446117363,exact,feasible,False,0.9965223065701514,1.4487898929003395,550,0.03871437129959001,0.019027186294069312,1.0,6,[0.7261636446117363],False,3.766827221767944,1,1,6,0,0,0.0019762715800738084,0.38964892171589266,0.1804547507789974,0.19118656875569115,0.008215854429496074,0.4191645095284162,tr0,inf4,False,1.443751445808569,0.0,observed
588,tr0,inf5,0.7250377955776119,exact,feasible,False,0.9965223065701514,1.443751445808569,550,0.03871437129959001,0.019027186294069312,1.0,6,[0.7250377955776119],False,3.7852980114579906,1,1,6,0,0,0.0019762715800738084,0.38964892171589266,0.1804547507789974,0.19118656875569115,0.008215854429496074,0.4191645095284162,tr0,inf2,False,1.438730520891146,0.0,observed
589,tr0,inf5,0.7239102047204315,exact,feasible,False,0.9965223065701514,1.438730520891146,550,0.03871437129959001,0.019027186294069312,1.0,6,[0.7239102047204315],False,3.803794688579309,1,1,6,0,0,0.0019762715800738084,0.38964892171589266,0.1804547507789974,0.19118656875569115,0.008215854429496074,0.4191645095284162,tr0,inf3,False,1.4337270572113203,0.0,observed
590,tr0,inf5,0.7227808890991586,exact,feasible,False,0.9965223065701514,1.4337270572113203,550,0.03871437129959001,0.019027186294069312,1.0,6,[0.7227808890991586],False,3.822316974903273,1,1,6,0,0,0.0019762715800738084,0.38964892171589266,0.1804547507789974,0.19118656875569115,0.008215854429496074,0.4191645095284162,tr1,inf4,False,1.5187409940442604,0.09,observed
591,tr0,inf5,0.7412221656711864,exact,feasible,False,0.9965223065701514,1.5187409940442604,550,0.03871437129959001,0.019027186294069312,1.0,6,[0.7412221656711864],False,3.5195105704180505,1,1,6,0,0,0.0019762715800738084,0.38964892171589266,0.1804547507789974,0.19118656875569115,0.008215854429496074,0.4191645095284162,tr0,inf2,False,1.513459278467631,0.0,observed
592,tr0,inf5,0.740121559456143,exact,feasible,False,0.9965223065701514,1.513459278467631,550,0.03871437129959001,0.019027186294069312,1.0,6,[0.740121559456143],False,3.537603715306024,1,1,6,0,0,0.0019762715800738084,0.38964892171589266,0.1804547507789974,0.19118656875569115,0.008215854429496074,0.4191645095284162,tr0,inf3,False,1.5081959310785609,0.0,observed
593,tr0,inf5,0.7390189827492446,exact,feasible,False,0.9965223065701514,1.5081959310785609,550,0.03871437129959001,0.019027186294069312,1.0,6,[0.7390189827492446],False,3.5557264900398478,1,1,6,0,0,0.0019762715800738084,0.38964892171589266,0.1804547507789974,0.19118656875569115,0.008215854429496074,0.4191645095284162,tr0,inf4,False,1.5029508879981246,0.0,observed
594,tr0,inf5,0.7379144522756512,exact,feasible,False,0.9965223065701514,1.5029508879981246,550,0.03871437129959001,0.019027186294069312,1.0,6,[0.7379144522756512],False,3.573878620046066,1,1,6,0,0,0.0019762715800738084,0.38964892171589266,0.1804547507789974,0.19118656875569115,0.008215854429496074,0.4191645095284162,tr0,inf2,False,1.4977240855695484,0.0,observed
595,tr0,inf5,0.7368079847913152,exact,feasible,False,0.9965223065701514,1.4977240855695484,550,0.03871437129959001,0.019027186294069312,1.0,6,[0.7368079847913152],False,3.592059830385199,1,1,6,0,0,0.0019762715800738084,0.38964892171589266,0.1804547507789974,0.19118656875569115,0.008215854429496074,0.4191645095284162,tr0,inf3,False,1.492515460357437,0.0,observed
596,tr0,inf5,0.7356995970819896,exact,feasible,False,0.9965223065701514,1.492515460357437,550,0.03871437129959001,0.019027186294069312,1.0,6,[0.7356995970819896],False,3.6102698457673084,1,1,6,0,0,0.0019762715800738084,0.38964892171589266,0.1804547507789974,0.19118656875569115,0.008215854429496074,0.4191645095284162,tr0,inf4,False,1.4873249491470046,0.0,observed
597,tr0,inf5,0.7345893059622404,exact,feasible,False,0.9965223065701514,1.4873249491470046,550,0.03871437129959001,0.019027186294069312,1.0,6,[0.7345893059622404],False,3.6285083905675024,1,1,6,0,0,0.0019762715800738084,0.38964892171589266,0.1804547507789974,0.19118656875569115,0.008215854429496074,0.4191645095284162,tr0,inf2,False,1.4821524889433062,0.0,observed
598,tr0,inf5,0.7334771282744603,exact,feasible,False,0.9965223065701514,1.4821524889433062,550,0.03871437129959001,0.019027186294069312,1.0,6,[0.7334771282744603],False,3.6467751888413753,1,1,6,0,0,0.0019762715800738084,0.38964892171589266,0.1804547507789974,0.19118656875569115,0.008215854429496074,0.4191645095284162,tr0,inf3,False,1.4769980169704744,0.0,observed
599,tr0,inf5,0.7323630808878886,exact,feasible,False,0.9965223065701514,1.4769980169704744,550,0.03871437129959001,0.019027186294069312,1.0,6,[0.7323630808878886],False,3.6650699643403786,1,1,6,0,0,0.0019762715800738084,0.38964892171589266,0.1804547507789974,0.19118656875569115,0.008215854429496074,0.4191645095284162,tr0,inf4,False,1.4718614706709567,0.0,observed
600,tr0,inf5,0.7312471806976325,exact,feasible,False,0.9965223065701514,1.4718614706709567,550,0.03871437129959001,0.019027186294069312,1.0,6,[0.7312471806976325],False,3.683392440527131,1,1,6,0,0,0.0019762715800738084,0.38964892171589266,0.1804547507789974,0.19118656875569115,0.008215854429496074,0.4191645095284162,tr1,inf2,False,1.556742787704757,0.09,observed
601,tr0,inf5,0.7479565375117844,exact,feasible,False,0.9961260728432003,1.556742787704757,600,0.04259042198614631,0.023334669895397436,1.0,6,[0.7479565375117844],False,3.3944811046131855,1,1,6,0,0,0.021201818006328584,0.40035223007190485,0.21897826145088772,0.15573338942314333,0.0,0.4439143805049518,tr0,inf3,False,1.5507120795433156,0.0,observed
602,tr0,inf5,0.7467479032059553,exact,feasible,False,0.9961260728432003,1.5507120795433156,600,0.04259042198614631,0.023334669895397436,1.0,6,[0.7467479032059553],False,3.414345735951551,1,1,6,0,0,0.021201818006328584,0.40035223007190485,0.21897826145088772,0.15573338942314333,0.0,0.4439143805049518,tr0,inf4,False,1.5447047339059954,0.0,observed
603,tr0,inf5,0.7455366826026125,exact,feasible,False,0.9961260728432003,1.5447047339059954,600,0.04259042198614631,0.023334669895397436,1.0,6,[0.7455366826026125],False,3.4342490234307035,1,1,6,0,0,0.021201818006328584,0.40035223007190485,0.21897826145088772,0.15573338942314333,0.0,0.4439143805049518,tr0,inf2,False,1.5387206602880799,0.0,observed
604,tr0,inf5,0.7443228984698191,exact,feasible,False,0.9961260728432003,1.5387206602880799,600,0.04259042198614631,0.023334669895397436,1.0,6,[0.7443228984698191],False,3.4541905924502108,1,1,6,0,0,0.021201818006328584,0.40035223007190485,0.21897826145088772,0.15573338942314333,0.0,0.4439143805049518,tr0,inf3,False,1.532759768535461,0.0,observed
605,tr0,inf5,0.7431065736336304,exact,feasible,False,0.9961260728432003,1.532759768535461,600,0.04259042198614631,0.023334669895397436,1.0,6,[0.7431065736336304],False,3.474170067704682,1,1,6,0,0,0.021201818006328584,0.40035223007190485,0.21897826145088772,0.15573338942314333,0.0,0.4439143805049518,tr0,inf4,False,1.5268219688432816,0.0,observed
606,tr0,inf5,0.7418877309763594,exact,feasible,False,0.9961260728432003,1.5268219688432816,600,0.04259042198614631,0.023334669895397436,1.0,6,[0.7418877309763594],False,3.494187073210974,1,1,6,0,0,0.021201818006328584,0.40035223007190485,0.21897826145088772,0.15573338942314333,0.0,0.4439143805049518,tr0,inf2,False,1.5209071717545812,0.0,observed
607,tr0,inf5,0.7406663934348446,exact,feasible,False,0.9961260728432003,1.5209071717545812,600,0.04259042198614631,0.023334669895397436,1.0,6,[0.7406663934348446],False,3.514241232335285,1,1,6,0,0,0.021201818006328584,0.40035223007190485,0.21897826145088772,0.15573338942314333,0.0,0.4439143805049518,tr0,inf3,False,1.5150152881589498,0.0,observed
608,tr0,inf5,0.7394425839987268,exact,feasible,False,0.9961260728432003,1.5150152881589498,600,0.04259042198614631,0.023334669895397436,1.0,6,[0.7394425839987268],False,3.5343321678201414,1,1,6,0,0,0.021201818006328584,0.40035223007190485,0.21897826145088772,0.15573338942314333,0.0,0.4439143805049518,tr0,inf4,False,1.5091462292911841,0.0,observed
609,tr0,inf5,0.7382163257087286,exact,feasible,False,0.9961260728432003,1.5091462292911841,600,0.04259042198614631,0.023334669895397436,1.0,6,[0.7382163257087286],False,3.554459501811265,1,1,6,0,0,0.021201818006328584,0.40035223007190485,0.21897826145088772,0.15573338942314333,0.0,0.4439143805049518,tr0,inf2,False,1.5032999067299513,0.0,observed
610,tr0,inf5,0.736987641654942,exact,feasible,False,0.9961260728432003,1.5032999067299513,600,0.04259042198614631,0.023334669895397436,1.0,6,[0.736987641654942],False,3.574622855884333,1,1,6,0,0,0.021201818006328584,0.40035223007190485,0.21897826145088772,0.15573338942314333,0.0,0.4439143805049518,tr1,inf3,False,1.5874762323964557,0.09,observed
611,tr0,inf5,0.7540039702120348,exact,feasible,False,0.9961260728432003,1.5874762323964557,600,0.04259042198614631,0.023334669895397436,1.0,6,[0.7540039702120348],False,3.295029396298563,1,1,6,0,0,0.021201818006328584,0.40035223007190485,0.21897826145088772,0.15573338942314333,0.0,0.4439143805049518,tr0,inf4,False,1.581326465109001,0.0,observed
612,tr0,inf5,0.7528087063181366,exact,feasible,False,0.9961260728432003,1.581326465109001,600,0.04259042198614631,0.023334669895397436,1.0,6,[0.7528087063181366],False,3.314693659456763,1,1,6,0,0,0.021201818006328584,0.40035223007190485,0.21897826145088772,0.15573338942314333,0.0,0.4439143805049518,tr0,inf2,False,1.5752005215720493,0.0,observed
613,tr0,inf5,0.7516107423941618,exact,feasible,False,0.9961260728432003,1.5752005215720493,600,0.04259042198614631,0.023334669895397436,1.0,6,[0.7516107423941618],False,3.3343984538204006,1,1,6,0,0,0.021201818006328584,0.40035223007190485,0.21897826145088772,0.15573338942314333,0.0,0.4439143805049518,tr0,inf3,False,1.5690983094941262,0.0,observed
614,tr0,inf5,0.7504101008895088,exact,feasible,False,0.9961260728432003,1.5690983094941262,600,0.04259042198614631,0.023334669895397436,1.0,6,[0.7504101008895088],False,3.3541434087569946,1,1,6,0,0,0.021201818006328584,0.40035223007190485,0.21897826145088772,0.15573338942314333,0.0,0.4439143805049518,tr0,inf4,False,1.5630197369412884,0.0,observed
615,tr0,inf5,0.749206804320387,exact,feasible,False,0.9961260728432003,1.5630197369412884,600,0.04259042198614631,0.023334669895397436,1.0,6,[0.749206804320387],False,3.373928152790523,1,1,6,0,0,0.021201818006328584,0.40035223007190485,0.21897826145088772,0.15573338942314333,0.0,0.4439143805049518,tr0,inf2,False,1.5569647123357375,0.0,observed
616,tr0,inf5,0.7480008752680586,exact,feasible,False,0.9961260728432003,1.5569647123357375,600,0.04259042198614631,0.023334669895397436,1.0,6,[0.7480008752680586],False,3.3937523136291374,1,1,6,0,0,0.021201818006328584,0.40035223007190485,0.21897826145088772,0.15573338942314333,0.0,0.4439143805049518,tr0,inf3,False,1.5509331444544412,0.0,observed
617,tr0,inf5,0.7467923363770806,exact,feasible,False,0.9961260728432003,1.5509331444544412,600,0.04259042198614631,0.023334669895397436,1.0,6,[0.7467923363770806],False,3.4136155181927768,1,1,6,0,0,0.021201818006328584,0.40035223007190485,0.21897826145088772,0.15573338942314333,0.0,0.4439143805049518,tr0,inf4,False,1.5449249424277585,0.0,observed
618,tr0,inf5,0.745581210353555,exact,feasible,False,0.9961260728432003,1.5449249424277585,600,0.04259042198614631,0.023334669895397436,1.0,6,[0.745581210353555],False,3.4335173926406903,1,1,6,0,0,0.021201818006328584,0.40035223007190485,0.21897826145088772,0.15573338942314333,0.0,0.4439143805049518,tr0,inf2,False,1.5389400157380704,0.0,observed
619,tr0,inf5,0.7443675199633815,exact,feasible,False,0.9961260728432003,1.5389400157380704,600,0.04259042198614631,0.023334669895397436,1.0,6,[0.7443675199633815],False,3.453457562398854,1,1,6,0,0,0.021201818006328584,0.40035223007190485,0.21897826145088772,0.15573338942314333,0.0,0.4439143805049518,tr0,inf3,False,1.532978274218417,0.0,observed
620,tr0,inf5,0.7431512880305164,exact,feasible,False,0.9961260728432003,1.532978274218417,600,0.04259042198614631,0.023334669895397436,1.0,6,[0.7431512880305164],False,3.4734356521872862,1,1,6,0,0,0.021201818006328584,0.40035223007190485,0.21897826145088772,0.15573338942314333,0.0,0.4439143805049518,tr1,inf4,False,1.6170396280511385,0.09,observed
621,tr0,inf5,0.7596483931820242,exact,feasible,False,0.9961260728432003,1.6170396280511385,600,0.04259042198614631,0.023334669895397436,1.0,6,[0.7596483931820242],False,3.2021152471584613,1,1,6,0,0,0.021201818006328584,0.40035223007190485,0.21897826145088772,0.15573338942314333,0.0,0.4439143805049518,tr0,inf2,False,1.61077533432241,0.0,observed
622,tr0,inf5,0.7584662695288732,exact,feasible,False,0.9961260728432003,1.61077533432241,600,0.04259042198614631,0.023334669895397436,1.0,6,[0.7584662695288732],False,3.2215817921968006,1,1,6,0,0,0.021201818006328584,0.40035223007190485,0.21897826145088772,0.15573338942314333,0.0,0.4439143805049518,tr0,inf3,False,1.6045353080112754,0.0,observed
623,tr0,inf5,0.7572813400940578,exact,feasible,False,0.9961260728432003,1.6045353080112754,600,0.04259042198614631,0.023334669895397436,1.0,6,[0.7572813400940578],False,3.2410906179551975,1,1,6,0,0,0.021201818006328584,0.40035223007190485,0.21897826145088772,0.15573338942314333,0.0,0.4439143805049518,tr0,inf4,False,1.5983194551075266,0.0,observed
624,tr0,inf5,0.7560936269851617,exact,feasible,False,0.9961260728432003,1.5983194551075266,600,0.04259042198614631,0.023334669895397436,1.0,6,[0.7560936269851617],False,3.2606413581930047,1,1,6,0,0,0.021201818006328584,0.40035223007190485,0.21897826145088772,0.15573338942314333,0.0,0.4439143805049518,tr0,inf2,False,1.5921276819651442,0.0,observed
625,tr0,inf5,0.754903152385006,exact,feasible,False,0.9961260728432003,1.5921276819651442,600,0.04259042198614631,0.023334669895397436,1.0,6,[0.754903152385006],False,3.2802336456930603,1,1,6,0,0,0.021201818006328584,0.40035223007190485,0.21897826145088772,0.15573338942314333,0.0,0.4439143805049518,tr0,inf3,False,1.5859598953008869,0.0,observed
626,tr0,inf5,0.7537099385498688,exact,feasible,False,0.9961260728432003,1.5859598953008869,600,0.04259042198614631,0.023334669895397436,1.0,6,[0.7537099385498688],False,3.299867112289817,1,1,6,0,0,0.021201818006328584,0.40035223007190485,0.21897826145088772,0.15573338942314333,0.0,0.4439143805049518,tr0,inf4,False,1.5798160021928855,0.0,observed
627,tr0,inf5,0.7525140078077096,exact,feasible,False,0.9961260728432003,1.5798160021928855,600,0.04259042198614631,0.023334669895397436,1.0,6,[0.7525140078077096],False,3.3195413888973944,1,1,6,0,0,0.021201818006328584,0.40035223007190485,0.21897826145088772,0.15573338942314333,0.0,0.4439143805049518,tr0,inf2,False,1.5736959100792438,0.0,observed
628,tr0,inf5,0.7513153825563977,exact,feasible,False,0.9961260728432003,1.5736959100792438,600,0.04259042198614631,0.023334669895397436,1.0,6,[0.7513153825563977],False,3.339256105537543,1,1,6,0,0,0.021201818006328584,0.40035223007190485,0.21897826145088772,0.15573338942314333,0.0,0.4439143805049518,tr0,inf3,False,1.5675995267566432,0.0,observed
629,tr0,inf5,0.7501140852619446,exact,feasible,False,0.9961260728432003,1.5675995267566432,600,0.04259042198614631,0.023334669895397436,1.0,6,[0.7501140852619446],False,3.3590108913675203,1,1,6,0,0,0.021201818006328584,0.40035223007190485,0.21897826145088772,0.15573338942314333,0.0,0.4439143805049518,tr0,inf4,False,1.5615267603789542,0.0,observed
630,tr0,inf5,0.7489101384567394,exact,feasible,False,0.9961260728432003,1.5615267603789542,600,0.04259042198614631,0.023334669895397436,1.0,6,[0.7489101384567394],False,3.3788053747078717,1,1,6,0,0,0.021201818006328584,0.40035223007190485,0.21897826145088772,0.15573338942314333,0.0,0.4439143805049518,tr1,inf2,False,1.6454775194558529,0.09,observed
631,tr0,inf5,0.7649227150048792,exact,feasible,False,0.9961260728432003,1.6454775194558529,600,0.04259042198614631,0.023334669895397436,1.0,6,[0.7649227150048792],False,3.1152123797683533,1,1,6,0,0,0.021201818006328584,0.40035223007190485,0.21897826145088772,0.15573338942314333,0.0,0.4439143805049518,tr0,inf3,False,1.6391030594073295,0.0,observed
632,tr0,inf5,0.7637534640704241,exact,feasible,False,0.9961260728432003,1.6391030594073295,600,0.04259042198614631,0.023334669895397436,1.0,6,[0.7637534640704241],False,3.1344845316771393,1,1,6,0,0,0.021201818006328584,0.40035223007190485,0.21897826145088772,0.15573338942314333,0.0,0.4439143805049518,tr0,inf4,False,1.632753293552698,0.0,observed
633,tr0,inf5,0.7625813090335521,exact,feasible,False,0.9961260728432003,1.632753293552698,600,0.04259042198614631,0.023334669895397436,1.0,6,[0.7625813090335521],False,3.153800596478866,1,1,6,0,0,0.021201818006328584,0.40035223007190485,0.21897826145088772,0.15573338942314333,0.0,0.4439143805049518,tr0,inf2,False,1.6264281262284501,0.0,observed
634,tr0,inf5,0.761406271641895,exact,feasible,False,0.9961260728432003,1.6264281262284501,600,0.04259042198614631,0.023334669895397436,1.0,6,[0.761406271641895],False,3.1731602126679292,1,1,6,0,0,0.021201818006328584,0.40035223007190485,0.21897826145088772,0.15573338942314333,0.0,0.4439143805049518,tr0,inf3,False,1.6201274621416708,0.0,observed
635,tr0,inf5,0.7602283737263511,exact,feasible,False,0.9961260728432003,1.6201274621416708,600,0.04259042198614631,0.023334669895397436,1.0,6,[0.7602283737263511],False,3.192563017634905,1,1,6,0,0,0.021201818006328584,0.40035223007190485,0.21897826145088772,0.15573338942314333,0.0,0.4439143805049518,tr0,inf4,False,1.6138512063686032,0.0,observed
636,tr0,inf5,0.7590476371992925,exact,feasible,False,0.9961260728432003,1.6138512063686032,600,0.04259042198614631,0.023334669895397436,1.0,6,[0.7590476371992925],False,3.2120086476950163,1,1,6,0,0,0.021201818006328584,0.40035223007190485,0.21897826145088772,0.15573338942314333,0.0,0.4439143805049518,tr0,inf2,False,1.607599264353218,0.0,observed
637,tr0,inf5,0.7578640840527755,exact,feasible,False,0.9961260728432003,1.607599264353218,600,0.04259042198614631,0.023334669895397436,1.0,6,[0.7578640840527755],False,3.2314967381165376,1,1,6,0,0,0.021201818006328584,0.40035223007190485,0.21897826145088772,0.15573338942314333,0.0,0.4439143805049518,tr0,inf3,False,1.6013715419057888,0.0,observed
638,tr0,inf5,0.7566777363567522,exact,feasible,False,0.9961260728432003,1.6013715419057888,600,0.04259042198614631,0.023334669895397436,1.0,6,[0.7566777363567522],False,3.251026923149117,1,1,6,0,0,0.021201818006328584,0.40035223007190485,0.21897826145088772,0.15573338942314333,0.0,0.4439143805049518,tr0,inf4,False,1.5951679452014738,0.0,observed
639,tr0,inf5,0.755488616257287,exact,feasible,False,0.9961260728432003,1.5951679452014738,600,0.04259042198614631,0.023334669895397436,1.0,6,[0.755488616257287],False,3.270598836052031,1,1,6,0,0,0.021201818006328584,0.40035223007190485,0.21897826145088772,0.15573338942314333,0.0,0.4439143805049518,tr0,inf2,False,1.5889883807789014,0.0,observed
640,tr0,inf5,0.754296745974776,exact,feasible,False,0.9961260728432003,1.5889883807789014,600,0.04259042198614631,0.023334669895397436,1.0,6,[0.754296745974776],False,3.2902121091223533,1,1,6,0,0,0.021201818006328584,0.40035223007190485,0.21897826145088772,0.15573338942314333,0.0,0.4439143805049518,tr1,inf3,False,1.672832755538763,0.09,observed
641,tr0,inf5,0.7698566484236914,exact,feasible,False,0.9961260728432003,1.672832755538763,600,0.04259042198614631,0.023334669895397436,1.0,6,[0.7698566484236914],False,3.033844946254905,1,1,6,0,0,0.021201818006328584,0.40035223007190485,0.21897826145088772,0.15573338942314333,0.0,0.4439143805049518,tr0,inf4,False,1.6663523232982973,0.0,observed
642,tr0,inf5,0.7686999740755444,exact,feasible,False,0.9961260728432003,1.6663523232982973,600,0.04259042198614631,0.023334669895397436,1.0,6,[0.7686999740755444],False,3.0529265601999804,1,1,6,0,0,0.021201818006328584,0.40035223007190485,0.21897826145088772,0.15573338942314333,0.0,0.4439143805049518,tr0,inf2,False,1.6598969957802758,0.0,observed
643,tr0,inf5,0.7675403042140891,exact,feasible,False,0.9961260728432003,1.6598969957802758,600,0.04259042198614631,0.023334669895397436,1.0,6,[0.7675403042140891],False,3.072053609693167,1,1,6,0,0,0.021201818006328584,0.40035223007190485,0.21897826145088772,0.15573338942314333,0.0,0.4439143805049518,tr0,inf3,False,1.6534666757308325,0.0,observed
644,tr0,inf5,0.7663776602132158,exact,feasible,False,0.9961260728432003,1.6534666757308325,600,0.04259042198614631,0.023334669895397436,1.0,6,[0.7663776602132158],False,3.091225738236536,1,1,6,0,0,0.021201818006328584,0.40035223007190485,0.21897826145088772,0.15573338942314333,0.0,0.4439143805049518,tr0,inf4,False,1.6470612662728554,0.0,observed
645,tr0,inf5,0.765212063537723,exact,feasible,False,0.9961260728432003,1.6470612662728554,600,0.04259042198614631,0.023334669895397436,1.0,6,[0.765212063537723],False,3.110442588106699,1,1,6,0,0,0.021201818006328584,0.40035223007190485,0.21897826145088772,0.15573338942314333,0.0,0.4439143805049518,tr0,inf2,False,1.640680670904528,0.0,observed
646,tr0,inf5,0.764043535741514,exact,feasible,False,0.9961260728432003,1.640680670904528,600,0.04259042198614631,0.023334669895397436,1.0,6,[0.764043535741514],False,3.129703800383538,1,1,6,0,0,0.021201818006328584,0.40035223007190485,0.21897826145088772,0.15573338942314333,0.0,0.4439143805049518,tr0,inf3,False,1.6343247934978746,0.0,observed
647,tr0,inf5,0.7628720984657976,exact,feasible,False,0.9961260728432003,1.6343247934978746,600,0.04259042198614631,0.023334669895397436,1.0,6,[0.7628720984657976],False,3.149009014978881,1,1,6,0,0,0.021201818006328584,0.40035223007190485,0.21897826145088772,0.15573338942314333,0.0,0.4439143805049518,tr0,inf4,False,1.627993538297312,0.0,observed
648,tr0,inf5,0.7616977734372908,exact,feasible,False,0.9961260728432003,1.627993538297312,600,0.04259042198614631,0.023334669895397436,1.0,6,[0.7616977734372908],False,3.168357870665118,1,1,6,0,0,0.021201818006328584,0.40035223007190485,0.21897826145088772,0.15573338942314333,0.0,0.4439143805049518,tr0,inf2,False,1.6216868099182078,0.0,observed
649,tr0,inf5,0.7605205824664211,exact,feasible,False,0.9961260728432003,1.6216868099182078,600,0.04259042198614631,0.023334669895397436,1.0,6,[0.7605205824664211],False,3.1877500051037506,1,1,6,0,0,0.021201818006328584,0.40035223007190485,0.21897826145088772,0.15573338942314333,0.0,0.4439143805049518,tr0,inf3,False,1.6154045133454418,0.0,observed
650,tr0,inf5,0.7593405474455346,exact,feasible,False,0.9961260728432003,1.6154045133454418,600,0.04259042198614631,0.023334669895397436,1.0,6,[0.7593405474455346],False,3.2071850548738796,1,1,6,0,0,0.021201818006328584,0.40035223007190485,0.21897826145088772,0.15573338942314333,0.0,0.4439143805049518,tr1,inf4,False,1.6991465539319761,0.09,observed
651,tr2,inf5,0.9609261800697287,exact,feasible,True,0.9407772937219763,1.6991465539319761,650,0.6173566642150374,0.4917086570410343,1.0,30,[0.9609261800697287],False,2.856962996005918,2,5,6,0,0,0.6129311240126467,0.17600684640100192,1.0,0.41686753480553945,0.22747046841577587,0.40712561879345865,tr0,inf2,False,1.5985184966451464,0.0,observed
652,tr2,inf5,0.9680797539479293,exact,feasible,True,0.9407772937219763,1.5985184966451464,650,0.6173566642150374,0.4917086570410343,1.0,30,[0.9680797539479293],False,3.0342101419521454,2,5,6,0,0,0.6129311240126467,0.17600684640100192,1.0,0.41686753480553945,0.22747046841577587,0.40712561879345865,tr0,inf3,False,1.503849905238343,0.0,observed
653,tr2,inf5,0.9747048130363232,exact,feasible,True,0.9407772937219763,1.503849905238343,650,0.6173566642150374,0.4917086570410343,1.0,30,[0.9747048130363232],False,3.2116971245449024,2,5,6,0,0,0.6129311240126467,0.17600684640100192,1.0,0.41686753480553945,0.22747046841577587,0.40712561879345865,tr0,inf4,False,1.4147878440141788,0.0,observed
654,tr2,inf5,0.9807963130829533,exact,feasible,True,0.9407772937219763,1.4147878440141788,650,0.6173566642150374,0.4917086570410343,1.0,30,[0.9807963130829533],False,3.3888060842087184,2,5,6,0,0,0.6129311240126467,0.17600684640100192,1.0,0.41686753480553945,0.22747046841577587,0.40712561879345865,tr0,inf2,False,1.3310002790824087,0.0,observed
655,tr2,inf5,0.9863560314341742,exact,feasible,True,0.9407772937219763,1.3310002790824087,650,0.6173566642150374,0.4917086570410343,1.0,30,[0.9863560314341742],False,3.564955165018371,2,5,6,0,0,0.6129311240126467,0.17600684640100192,1.0,0.41686753480553945,0.22747046841577587,0.40712561879345865,tr0,inf3,False,1.2521748404983435,0.0,observed
656,tr2,inf5,0.9913917600090205,exact,feasible,True,0.9407772937219763,1.2521748404983435,650,0.6173566642150374,0.4917086570410343,1.0,30,[0.9913917600090205],False,3.7396023649195205,2,5,6,0,0,0.6129311240126467,0.17600684640100192,1.0,0.41686753480553945,0.22747046841577587,0.40712561879345865,tr0,inf4,False,1.1780176577107788,0.0,observed
657,tr3,inf4,1.000445149416243,exact,feasible,True,0.9407772937219763,1.1780176577107788,650,0.6173566642150374,0.4917086570410343,1.0,30,[1.000445149416243],False,3.7782670439194184,4,5,6,0,0,0.6129311240126467,0.17600684640100192,1.0,0.41686753480553945,0.22747046841577587,0.40712561879345865,tr0,inf2,False,1.1082522639778478,0.0,observed
658,tr3,inf4,1.0117658856093574,exact,feasible,True,0.9407772937219763,1.1082522639778478,650,0.6173566642150374,0.4917086570410343,1.0,30,[1.0117658856093574],False,3.9309117636751276,4,5,6,0,0,0.6129311240126467,0.17600684640100192,1.0,0.41686753480553945,0.22747046841577587,0.40712561879345865,tr0,inf3,False,1.042618565666333,0.0,observed
659,tr3,inf4,1.0224789137681656,exact,feasible,True,0.9407772937219763,1.042618565666333,650,0.6173566642150374,0.4917086570410343,1.0,30,[1.0224789137681656],False,4.080432182345316,4,5,6,0,0,0.6129311240126467,0.17600684640100192,1.0,0.41686753480553945,0.22747046841577587,0.40712561879345865,tr0,inf4,False,0.9808718725918613,0.0,observed
660,tr3,inf4,1.0320232753068055,exact,feasible,True,0.9407772937219763,0.9808718725918613,650,0.6173566642150374,0.4917086570410343,1.0,30,[1.0320232753068055],False,4.226552233459559,4,5,6,0,0,0.6129311240126467,0.17600684640100192,1.0,0.41686753480553945,0.22747046841577587,0.40712561879345865,tr1,inf2,False,1.0127819857849785,0.09,observed
661,tr3,inf4,1.0267817303582538,exact,feasible,True,0.9407772937219763,1.0127819857849785,650,0.6173566642150374,0.4917086570410343,1.0,30,[1.0267817303582538],False,4.150365305724305,4,5,6,0,0,0.6129311240126467,0.17600684640100192,1.0,0.41686753480553945,0.22747046841577587,0.40712561879345865,tr0,inf3,False,0.9528022957171611,0.0,observed
662,tr3,inf4,1.0366379646515125,exact,feasible,True,0.9407772937219763,0.9528022957171611,650,0.6173566642150374,0.4917086570410343,1.0,30,[1.0366379646515125],False,4.2947830559562945,4,5,6,0,0,0.6129311240126467,0.17600684640100192,1.0,0.41686753480553945,0.22747046841577587,0.40712561879345865,tr0,inf4,False,0.896374765216877,0.0,observed
663,tr3,inf4,1.0451808428321427,exact,feasible,True,0.9407772937219763,0.896374765216877,650,0.6173566642150374,0.4917086570410343,1.0,30,[1.0451808428321427],False,4.435466384709582,4,5,6,0,0,0.6129311240126467,0.17600684640100192,1.0,0.41686753480553945,0.22747046841577587,0.40712561879345865,tr0,inf2,False,0.8432890257814054,0.0,observed
664,tr3,inf4,1.0539303807752973,exact,feasible,True,0.9407772937219763,0.8432890257814054,650,0.6173566642150374,0.4917086570410343,1.0,30,[1.0539303807752973],False,4.572236006973984,4,5,6,0,0,0.6129311240126467,0.17600684640100192,1.0,0.41686753480553945,0.22747046841577587,0.40712561879345865,tr0,inf3,False,0.7933471675000725,0.0,observed
665,tr3,inf4,1.0621417585777004,exact,feasible,True,0.9407772937219763,0.7933471675000725,650,0.6173566642150374,0.4917086570410343,1.0,30,[1.0621417585777004],False,4.70494824361517,4,5,6,0,0,0.6129311240126467,0.17600684640100192,1.0,0.41686753480553945,0.22747046841577587,0.40712561879345865,tr0,inf4,False,0.7463630012227136,0.0,observed
666,tr3,inf4,1.0689454313503477,exact,feasible,True,0.9407772937219763,0.7463630012227136,650,0.6173566642150374,0.4917086570410343,1.0,30,[1.0689454313503477],False,4.833492690287393,4,5,6,0,0,0.6129311240126467,0.17600684640100192,1.0,0.41686753480553945,0.22747046841577587,0.40712561879345865,tr0,inf2,False,0.7021613644245166,0.0,observed
667,tr3,inf4,1.0761833728035837,exact,feasible,True,0.9407772937219763,0.7021613644245166,650,0.6173566642150374,0.4917086570410343,1.0,30,[1.0761833728035837],False,4.957789764178201,4,5,6,0,0,0.6129311240126467,0.17600684640100192,1.0,0.41686753480553945,0.22747046841577587,0.40712561879345865,tr0,inf3,False,0.6605774681794271,0.0,observed
668,tr3,inf4,1.082950935109848,exact,feasible,True,0.9407772937219763,0.6605774681794271,650,0.6173566642150374,0.4917086570410343,1.0,30,[1.082950935109848],False,5.077788186595661,4,5,6,0,0,0.6129311240126467,0.17600684640100192,1.0,0.41686753480553945,0.22747046841577587,0.40712561879345865,tr0,inf4,False,0.6214562828075563,0.0,observed
669,tr3,inf4,1.0887192598245592,exact,feasible,True,0.9407772937219763,0.6214562828075563,650,0.6173566642150374,0.4917086570410343,1.0,30,[1.0887192598245592],False,5.193462450868434,4,5,6,0,0,0.6129311240126467,0.17600684640100192,1.0,0.41686753480553945,0.22747046841577587,0.40712561879345865,tr0,inf2,False,0.5846519599062119,0.0,observed
670,tr3,inf4,1.0946419969905405,exact,feasible,True,0.9407772937219763,0.5846519599062119,650,0.6173566642150374,0.4917086570410343,1.0,30,[1.0946419969905405],False,5.304810316894265,4,5,6,0,0,0.6129311240126467,0.17600684640100192,1.0,0.41686753480553945,0.22747046841577587,0.40712561879345865,tr1,inf3,False,0.6400272886098154,0.09,observed
671,tr3,inf4,1.0857128480788785,exact,feasible,True,0.9407772937219763,0.6400272886098154,650,0.6173566642150374,0.4917086570410343,1.0,30,[1.0857128480788785],False,5.138210615431462,4,5,6,0,0,0.6129311240126467,0.17600684640100192,1.0,0.41686753480553945,0.22747046841577587,0.40712561879345865,tr0,inf4,False,0.6021231404865564,0.0,observed
672,tr3,inf4,1.0917995895054193,exact,feasible,True,0.9407772937219763,0.6021231404865564,650,0.6173566642150374,0.4917086570410343,1.0,30,[1.0917995895054193],False,5.25164411034075,4,5,6,0,0,0.6129311240126467,0.17600684640100192,1.0,0.41686753480553945,0.22747046841577587,0.40712561879345865,tr0,inf2,False,0.5664637785943198,0.0,observed
673,tr3,inf4,1.0975143210666372,exact,feasible,True,0.9407772937219763,0.5664637785943198,650,0.6173566642150374,0.4917086570410343,1.0,30,[1.0975143210666372],False,5.360758377970629,4,5,6,0,0,0.6129311240126467,0.17600684640100192,1.0,0.41686753480553945,0.22747046841577587,0.40712561879345865,tr0,inf3,False,0.532916260617489,0.0,observed
674,tr3,inf4,1.102841874675347,exact,feasible,True,0.9407772937219763,0.532916260617489,650,0.6173566642150374,0.4917086570410343,1.0,30,[1.102841874675347],False,5.465581845952869,4,5,6,0,0,0.6129311240126467,0.17600684640100192,1.0,0.41686753480553945,0.22747046841577587,0.40712561879345865,tr0,inf4,False,0.5013555174441567,0.0,observed
675,tr3,inf4,1.1077301308236476,exact,feasible,True,0.9407772937219763,0.5013555174441567,650,0.6173566642150374,0.4917086570410343,1.0,30,[1.1077301308236476],False,5.566160226372113,4,5,6,0,0,0.6129311240126467,0.17600684640100192,1.0,0.41686753480553945,0.22747046841577587,0.40712561879345865,tr0,inf2,False,0.4716638868936948,0.0,observed
676,tr3,inf4,1.112355203547927,exact,feasible,True,0.9407772937219763,0.4716638868936948,650,0.6173566642150374,0.4917086570410343,1.0,30,[1.112355203547927],False,5.662554327962812,4,5,6,0,0,0.6129311240126467,0.17600684640100192,1.0,0.41686753480553945,0.22747046841577587,0.40712561879345865,tr0,inf3,False,0.44373067505823854,0.0,observed
677,tr3,inf4,1.1166599278350549,exact,feasible,True,0.9407772937219763,0.44373067505823854,650,0.6173566642150374,0.4917086570410343,1.0,30,[1.1166599278350549],False,5.754837997265195,4,5,6,0,0,0.6129311240126467,0.17600684640100192,1.0,0.41686753480553945,0.22747046841577587,0.40712561879345865,tr0,inf4,False,0.4174517436227153,0.0,observed
678,tr3,inf4,1.1204187218242012,exact,feasible,True,0.9407772937219763,0.4174517436227153,650,0.6173566642150374,0.4917086570410343,1.0,30,[1.1204187218242012],False,5.843096196943141,4,5,6,0,0,0.6129311240126467,0.17600684640100192,1.0,0.41686753480553945,0.22747046841577587,0.40712561879345865,tr0,inf2,False,0.39272912162489837,0.0,observed
679,tr3,inf4,1.1241557840994743,exact,feasible,True,0.9407772937219763,0.39272912162489837,650,0.6173566642150374,0.4917086570410343,1.0,30,[1.1241557840994743],False,5.927423225740858,4,5,6,0,0,0.6129311240126467,0.17600684640100192,1.0,0.41686753480553945,0.22747046841577587,0.40712561879345865,tr0,inf3,False,0.36947064020808074,0.0,observed
680,tr3,inf4,1.1276312973697211,exact,feasible,True,0.9407772937219763,0.36947064020808074,650,0.6173566642150374,0.4917086570410343,1.0,30,[1.1276312973697211],False,6.007921081451546,4,5,6,0,0,0.6129311240126467,0.17600684640100192,1.0,0.41686753480553945,0.22747046841577587,0.40712561879345865,tr1,inf4,False,0.43758958900468414,0.09,observed
681,tr3,inf4,1.1172354660763752,exact,feasible,True,0.9407772937219763,0.43758958900468414,650,0.6173566642150374,0.4917086570410343,1.0,30,[1.1172354660763752],False,5.775337045139563,4,5,6,0,0,0.6129311240126467,0.17600684640100192,1.0,0.41686753480553945,0.22747046841577587,0.40712561879345865,tr0,inf2,False,0.4116743493047386,0.0,observed
682,tr3,inf4,1.121192357374557,exact,feasible,True,0.9407772937219763,0.4116743493047386,650,0.6173566642150374,0.4917086570410343,1.0,30,[1.121192357374557],False,5.862689221475945,4,5,6,0,0,0.6129311240126467,0.17600684640100192,1.0,0.41686753480553945,0.22747046841577587,0.40712561879345865,tr0,inf3,False,0.38729388023366756,0.0,observed
683,tr3,inf4,1.1248731071976246,exact,feasible,True,0.9407772937219763,0.38729388023366756,650,0.6173566642150374,0.4917086570410343,1.0,30,[1.1248731071976246],False,5.946132889163686,4,5,6,0,0,0.6129311240126467,0.17600684640100192,1.0,0.41686753480553945,0.22747046841577587,0.40712561879345865,tr0,inf4,False,0.364357288521313,0.0,observed
684,tr3,inf4,1.1282189278647226,exact,feasible,True,0.9407772937219763,0.364357288521313,650,0.6173566642150374,0.4917086570410343,1.0,30,[1.1282189278647226],False,6.025771588863313,4,5,6,0,0,0.6129311240126467,0.17600684640100192,1.0,0.41686753480553945,0.22747046841577587,0.40712561879345865,tr0,inf2,False,0.34277906384295814,0.0,observed
685,tr3,inf4,1.1314059183171208,exact,feasible,True,0.9407772937219763,0.34277906384295814,650,0.6173566642150374,0.4917086570410343,1.0,30,[1.1314059183171208],False,6.101714743366887,4,5,6,0,0,0.6129311240126467,0.17600684640100192,1.0,0.41686753480553945,0.22747046841577587,0.40712561879345865,tr0,inf3,False,0.3224787600267307,0.0,observed
686,tr3,inf4,1.1343693230189391,exact,feasible,True,0.9407772937219763,0.3224787600267307,650,0.6173566642150374,0.4917086570410343,1.0,30,[1.1343693230189391],False,6.174076332101085,4,5,6,0,0,0.6129311240126467,0.17600684640100192,1.0,0.41686753480553945,0.22747046841577587,0.40712561879345865,tr0,inf4,False,0.3033806951407663,0.0,observed
687,tr3,inf4,1.1372048280120386,exact,feasible,True,0.9407772937219763,0.3033806951407663,650,0.6173566642150374,0.4917086570410343,1.0,30,[1.1372048280120386],False,6.242973698241058,4,5,6,0,0,0.6129311240126467,0.17600684640100192,1.0,0.41686753480553945,0.22747046841577587,0.40712561879345865,tr0,inf2,False,0.28541366934202206,0.0,observed
688,tr3,inf4,1.1397628136236568,exact,feasible,True,0.9407772937219763,0.28541366934202206,650,0.6173566642150374,0.4917086570410343,1.0,30,[1.1397628136236568],False,6.308526482247465,4,5,6,0,0,0.6129311240126467,0.17600684640100192,1.0,0.41686753480553945,0.22747046841577587,0.40712561879345865,tr0,inf3,False,0.2685106994348465,0.0,observed
689,tr3,inf4,1.1421413504105222,exact,feasible,True,0.9407772937219763,0.2685106994348465,650,0.6173566642150374,0.4917086570410343,1.0,30,[1.1421413504105222],False,6.370855674852953,4,5,6,0,0,0.6129311240126467,0.17600684640100192,1.0,0.41686753480553945,0.22747046841577587,0.40712561879345865,tr0,inf4,False,0.25260876914970987,0.0,observed
690,tr3,inf4,1.1442015093765825,exact,feasible,True,0.9407772937219763,0.25260876914970987,650,0.6173566642150374,0.4917086570410343,1.0,30,[1.1442015093765825],False,6.430082782010948,4,5,6,0,0,0.6129311240126467,0.17600684640100192,1.0,0.41686753480553945,0.22747046841577587,0.40712561879345865,tr1,inf2,False,0.3276485942111035,0.09,observed
691,tr3,inf4,1.1335135301196178,exact,feasible,True,0.9407772937219763,0.3276485942111035,650,0.6173566642150374,0.4917086570410343,1.0,30,[1.1335135301196178],False,6.155563227757504,4,5,6,0,0,0.6129311240126467,0.17600684640100192,1.0,0.41686753480553945,0.22747046841577587,0.40712561879345865,tr0,inf3,False,0.30824435775373193,0.0,observed
692,tr3,inf4,1.1363269630050412,exact,feasible,True,0.9407772937219763,0.30824435775373193,650,0.6173566642150374,0.4917086570410343,1.0,30,[1.1363269630050412],False,6.225351641874411,4,5,6,0,0,0.6129311240126467,0.17600684640100192,1.0,0.41686753480553945,0.22747046841577587,0.40712561879345865,tr0,inf4,False,0.2899892926926246,0.0,observed
693,tr3,inf4,1.138901319163276,exact,feasible,True,0.9407772937219763,0.2899892926926246,650,0.6173566642150374,0.4917086570410343,1.0,30,[1.138901319163276],False,6.29176413884569,4,5,6,0,0,0.6129311240126467,0.17600684640100192,1.0,0.41686753480553945,0.22747046841577587,0.40712561879345865,tr0,inf2,False,0.2728153419877174,0.0,observed
694,tr3,inf4,1.141336298859454,exact,feasible,True,0.9407772937219763,0.2728153419877174,650,0.6173566642150374,0.4917086570410343,1.0,30,[1.141336298859454],False,6.354921442464112,4,5,6,0,0,0.6129311240126467,0.17600684640100192,1.0,0.41686753480553945,0.22747046841577587,0.40712561879345865,tr0,inf3,False,0.25665847912104023,0.0,observed
695,tr3,inf4,1.143600915398173,exact,feasible,True,0.9407772937219763,0.25665847912104023,650,0.6173566642150374,0.4917086570410343,1.0,30,[1.143600915398173],False,6.41494499893654,4,5,6,0,0,0.6129311240126467,0.17600684640100192,1.0,0.41686753480553945,0.22747046841577587,0.40712561879345865,tr0,inf4,False,0.24145846939829058,0.0,observed
696,tr3,inf4,1.1455649231248195,exact,feasible,True,0.9407772937219763,0.24145846939829058,650,0.6173566642150374,0.4917086570410343,1.0,30,[1.1455649231248195],False,6.471956219635561,4,5,6,0,0,0.6129311240126467,0.17600684640100192,1.0,0.41686753480553945,0.22747046841577587,0.40712561879345865,tr0,inf2,False,0.22715864538677444,0.0,observed
697,tr3,inf4,1.1475320631971953,exact,feasible,True,0.9407772937219763,0.22715864538677444,650,0.6173566642150374,0.4917086570410343,1.0,30,[1.1475320631971953],False,6.526075822217724,4,5,6,0,0,0.6129311240126467,0.17600684640100192,1.0,0.41686753480553945,0.22747046841577587,0.40712561879345865,tr0,inf3,False,0.21370569565251973,0.0,observed
698,tr3,inf4,1.1493626192562447,exact,feasible,True,0.9407772937219763,0.21370569565251973,650,0.6173566642150374,0.4917086570410343,1.0,30,[1.1493626192562447],False,6.577423262257721,4,5,6,0,0,0.6129311240126467,0.17600684640100192,1.0,0.41686753480553945,0.22747046841577587,0.40712561879345865,tr0,inf4,False,0.20104946600894982,0.0,observed
699,tr3,inf4,1.1510140323552946,exact,feasible,True,0.9407772937219763,0.20104946600894982,650,0.6173566642150374,0.4917086570410343,1.0,30,[1.1510140323552946],False,6.626116247686601,4,5,6,0,0,0.6129311240126467,0.17600684640100192,1.0,0.41686753480553945,0.22747046841577587,0.40712561879345865,tr0,inf2,False,0.18914277253614828,0.0,observed
700,tr3,inf4,1.1526030674343493,exact,feasible,True,0.9407772937219763,0.18914277253614828,650,0.6173566642150374,0.4917086570410343,1.0,30,[1.1526030674343493],False,6.672270328557956,4,5,6,0,0,0.6129311240126467,0.17600684640100192,1.0,0.41686753480553945,0.22747046841577587,0.40712561879345865,tr1,inf3,False,0.2679412256736289,0.09,observed
701,tr0,inf5,0.22396869708749229,exact,feasible,False,0.9975707496082548,0.2679412256736289,700,0.0272556507266949,0.01243991668048594,1.0,6,[0.22396869708749229],False,11.969558679231094,1,1,6,0,0,0.01697256517531796,0.3279976466531123,0.17328682247013064,0.12516063819718612,0.0,0.5468417151497015,tr0,inf4,False,0.2672903293461965,0.0,observed
702,tr0,inf5,0.22349410564524042,exact,feasible,False,0.9975707496082548,0.2672903293461965,700,0.0272556507266949,0.01243991668048594,1.0,6,[0.22349410564524042],False,11.97719382822358,1,1,6,0,0,0.01697256517531796,0.3279976466531123,0.17328682247013064,0.12516063819718612,0.0,0.5468417151497015,tr0,inf2,False,0.26664101420892256,0.0,observed
703,tr0,inf5,0.22302035921929872,exact,feasible,False,0.9975707496082548,0.26664101420892256,700,0.0272556507266949,0.01243991668048594,1.0,6,[0.22302035921929872],False,11.984815282715953,1,1,6,0,0,0.01697256517531796,0.3279976466531123,0.17328682247013064,0.12516063819718612,0.0,0.5468417151497015,tr0,inf3,False,0.2659932764207002,0.0,observed
704,tr0,inf5,0.22254745705194498,exact,feasible,False,0.9975707496082548,0.2659932764207002,700,0.0272556507266949,0.01243991668048594,1.0,6,[0.22254745705194498],False,11.992423055499021,1,1,6,0,0,0.01697256517531796,0.3279976466531123,0.17328682247013064,0.12516063819718612,0.0,0.5468417151497015,tr0,inf4,False,0.2653471121497536,0.0,observed
705,tr0,inf5,0.22207539838233192,exact,feasible,False,0.9975707496082548,0.2653471121497536,700,0.0272556507266949,0.01243991668048594,1.0,6,[0.22207539838233192],False,12.000017159411486,1,1,6,0,0,0.01697256517531796,0.3279976466531123,0.17328682247013064,0.12516063819718612,0.0,0.5468417151497015,tr0,inf2,False,0.26470251757361535,0.0,observed
706,tr0,inf5,0.22160418244651078,exact,feasible,False,0.9975707496082548,0.26470251757361535,700,0.0272556507266949,0.01243991668048594,1.0,6,[0.22160418244651078],False,12.007597607339559,1,1,6,0,0,0.01697256517531796,0.3279976466531123,0.17328682247013064,0.12516063819718612,0.0,0.5468417151497015,tr0,inf3,False,0.2640594888791037,0.0,observed
707,tr0,inf5,0.2211338084774541,exact,feasible,False,0.9975707496082548,0.2640594888791037,700,0.0272556507266949,0.01243991668048594,1.0,6,[0.2211338084774541],False,12.015164412216603,1,1,6,0,0,0.01697256517531796,0.3279976466531123,0.17328682247013064,0.12516063819718612,0.0,0.5468417151497015,tr0,inf4,False,0.2634180222623001,0.0,observed
708,tr0,inf5,0.22066427570507915,exact,feasible,False,0.9975707496082548,0.2634180222623001,700,0.0272556507266949,0.01243991668048594,1.0,6,[0.22066427570507915],False,12.022717587022761,1,1,6,0,0,0.01697256517531796,0.3279976466531123,0.17328682247013064,0.12516063819718612,0.0,0.5468417151497015,tr0,inf2,False,0.2627781139285266,0.0,observed
709,tr0,inf5,0.2201955833562707,exact,feasible,False,0.9975707496082548,0.2627781139285266,700,0.0272556507266949,0.01243991668048594,1.0,6,[0.2201955833562707],False,12.030257144784597,1,1,6,0,0,0.01697256517531796,0.3279976466531123,0.17328682247013064,0.12516063819718612,0.0,0.5468417151497015,tr0,inf3,False,0.26213976009232365,0.0,observed
710,tr0,inf5,0.21972773065490417,exact,feasible,False,0.9975707496082548,0.26213976009232365,700,0.0272556507266949,0.01243991668048594,1.0,6,[0.21972773065490417],False,12.037783098574726,1,1,6,0,0,0.01697256517531796,0.3279976466531123,0.17328682247013064,0.12516063819718612,0.0,0.5468417151497015,tr1,inf4,False,0.3515029569774274,0.09,observed
711,tr0,inf5,0.2824013104274065,exact,feasible,False,0.9975707496082548,0.3515029569774274,700,0.0272556507266949,0.01243991668048594,1.0,6,[0.2824013104274065],False,11.028715877438186,1,1,6,0,0,0.01697256517531796,0.3279976466531123,0.17328682247013064,0.12516063819718612,0.0,0.5468417151497015,tr0,inf2,False,0.3506490682814904,0.0,observed
712,tr0,inf5,0.2818285631519635,exact,feasible,False,0.9975707496082548,0.3506490682814904,700,0.0272556507266949,0.01243991668048594,1.0,6,[0.2818285631519635],False,11.037945681770253,1,1,6,0,0,0.01697256517531796,0.3279976466531123,0.17328682247013064,0.12516063819718612,0.0,0.5468417151497015,tr0,inf3,False,0.3497972538950025,0.0,observed
713,tr0,inf5,0.2812567197335149,exact,feasible,False,0.9975707496082548,0.3497972538950025,700,0.0272556507266949,0.01243991668048594,1.0,6,[0.2812567197335149],False,11.047160761751897,1,1,6,0,0,0.01697256517531796,0.3279976466531123,0.17328682247013064,0.12516063819718612,0.0,0.5468417151497015,tr0,inf4,False,0.34894750877894665,0.0,observed
714,tr0,inf5,0.28068577992854493,exact,feasible,False,0.9975707496082548,0.34894750877894665,700,0.0272556507266949,0.01243991668048594,1.0,6,[0.28068577992854493],False,11.056361122197485,1,1,6,0,0,0.01697256517531796,0.3279976466531123,0.17328682247013064,0.12516063819718612,0.0,0.5468417151497015,tr0,inf2,False,0.34809982790654687,0.0,observed
715,tr0,inf5,0.28011574348731266,exact,feasible,False,0.9975707496082548,0.34809982790654687,700,0.0272556507266949,0.01243991668048594,1.0,6,[0.28011574348731266],False,11.06554676801869,1,1,6,0,0,0.01697256517531796,0.3279976466531123,0.17328682247013064,0.12516063819718612,0.0,0.5468417151497015,tr0,inf3,False,0.34725420626323844,0.0,observed
716,tr0,inf5,0.2795466101538836,exact,feasible,False,0.9975707496082548,0.34725420626323844,700,0.0272556507266949,0.01243991668048594,1.0,6,[0.2795466101538836],False,11.074717704223978,1,1,6,0,0,0.01697256517531796,0.3279976466531123,0.17328682247013064,0.12516063819718612,0.0,0.5468417151497015,tr0,inf4,False,0.3464106388466383,0.0,observed
717,tr0,inf5,0.2789783796661619,exact,feasible,False,0.9975707496082548,0.3464106388466383,700,0.0272556507266949,0.01243991668048594,1.0,6,[0.2789783796661619],False,11.083873935918113,1,1,6,0,0,0.01697256517531796,0.3279976466531123,0.17328682247013064,0.12516063819718612,0.0,0.5468417151497015,tr0,inf2,False,0.3455691206665154,0.0,observed
718,tr0,inf5,0.27841105175592185,exact,feasible,False,0.9975707496082548,0.3455691206665154,700,0.0272556507266949,0.01243991668048594,1.0,6,[0.27841105175592185],False,11.093015468301619,1,1,6,0,0,0.01697256517531796,0.3279976466531123,0.17328682247013064,0.12516063819718612,0.0,0.5468417151497015,tr0,inf3,False,0.3447296467447612,0.0,observed
719,tr0,inf5,0.27784462614884015,exact,feasible,False,0.9975707496082548,0.3447296467447612,700,0.0272556507266949,0.01243991668048594,1.0,6,[0.27784462614884015],False,11.102142306670299,1,1,6,0,0,0.01697256517531796,0.3279976466531123,0.17328682247013064,0.12516063819718612,0.0,0.5468417151497015,tr0,inf4,False,0.3438922121153603,0.0,observed
720,tr0,inf5,0.27727910256452726,exact,feasible,False,0.9975707496082548,0.3438922121153603,700,0.0272556507266949,0.01243991668048594,1.0,6,[0.27727910256452726],False,11.111254456414708,1,1,6,0,0,0.01697256517531796,0.3279976466531123,0.17328682247013064,0.12516063819718612,0.0,0.5468417151497015,tr1,inf2,False,0.43305681182436095,0.09,observed
721,tr0,inf5,0.3349100969619745,exact,feasible,False,0.9975707496082548,0.43305681182436095,700,0.0272556507266949,0.01243991668048594,1.0,6,[0.3349100969619745],False,10.181843259584078,1,1,6,0,0,0.01697256517531796,0.3279976466531123,0.17328682247013064,0.12516063819718612,0.0,0.5468417151497015,tr0,inf3,False,0.43200480839458866,0.0,observed
722,tr0,inf5,0.3342596624734497,exact,feasible,False,0.9975707496082548,0.43200480839458866,700,0.0272556507266949,0.01243991668048594,1.0,6,[0.3342596624734497],False,10.192342252405709,1,1,6,0,0,0.01697256517531796,0.3279976466531123,0.17328682247013064,0.12516063819718612,0.0,0.5468417151497015,tr0,inf4,False,0.4309553605445603,0.0,observed
723,tr0,inf5,0.3336101259270293,exact,feasible,False,0.9975707496082548,0.4309553605445603,700,0.0272556507266949,0.01243991668048594,1.0,6,[0.3336101259270293],False,10.20282652849744,1,1,6,0,0,0.01697256517531796,0.3279976466531123,0.17328682247013064,0.12516063819718612,0.0,0.5468417151497015,tr0,inf2,False,0.4299084620661327,0.0,observed
724,tr0,inf5,0.33296148773871503,exact,feasible,False,0.9975707496082548,0.4299084620661327,700,0.0272556507266949,0.01243991668048594,1.0,6,[0.33296148773871503],False,10.213296082306169,1,1,6,0,0,0.01697256517531796,0.3279976466531123,0.17328682247013064,0.12516063819718612,0.0,0.5468417151497015,tr0,inf3,False,0.428864106766244,0.0,observed
725,tr0,inf5,0.3323137483153338,exact,feasible,False,0.9975707496082548,0.428864106766244,700,0.0272556507266949,0.01243991668048594,1.0,6,[0.3323137483153338],False,10.223750908423686,1,1,6,0,0,0.01697256517531796,0.3279976466531123,0.17328682247013064,0.12516063819718612,0.0,0.5468417151497015,tr0,inf4,False,0.4278222884668766,0.0,observed
726,tr0,inf5,0.33166690805457416,exact,feasible,False,0.9975707496082548,0.4278222884668766,700,0.0272556507266949,0.01243991668048594,1.0,6,[0.33166690805457416],False,10.234191001586076,1,1,6,0,0,0.01697256517531796,0.3279976466531123,0.17328682247013064,0.12516063819718612,0.0,0.5468417151497015,tr0,inf2,False,0.4267830010050211,0.0,observed
727,tr0,inf5,0.3310209673450219,exact,feasible,False,0.9975707496082548,0.4267830010050211,700,0.0272556507266949,0.01243991668048594,1.0,6,[0.3310209673450219],False,10.244616356673143,1,1,6,0,0,0.01697256517531796,0.3279976466531123,0.17328682247013064,0.12516063819718612,0.0,0.5468417151497015,tr0,inf3,False,0.4257462382326394,0.0,observed
728,tr0,inf5,0.33037592656619635,exact,feasible,False,0.9975707496082548,0.4257462382326394,700,0.0272556507266949,0.01243991668048594,1.0,6,[0.33037592656619635],False,10.25502696870782,1,1,6,0,0,0.01697256517531796,0.3279976466531123,0.17328682247013064,0.12516063819718612,0.0,0.5468417151497015,tr0,inf4,False,0.4247119940166287,0.0,observed
729,tr0,inf5,0.3297317860885862,exact,feasible,False,0.9975707496082548,0.4247119940166287,700,0.0272556507266949,0.01243991668048594,1.0,6,[0.3297317860885862],False,10.265422832855592,1,1,6,0,0,0.01697256517531796,0.3279976466531123,0.17328682247013064,0.12516063819718612,0.0,0.5468417151497015,tr0,inf2,False,0.42368026223878485,0.0,observed
730,tr0,inf5,0.32908854627368567,exact,feasible,False,0.9975707496082548,0.42368026223878485,700,0.0272556507266949,0.01243991668048594,1.0,6,[0.32908854627368567],False,10.275803944423897,1,1,6,0,0,0.01697256517531796,0.3279976466531123,0.17328682247013064,0.12516063819718612,0.0,0.5468417151497015,tr1,inf3,False,0.5126510367957665,0.09,observed
731,tr0,inf5,0.3821893353135573,exact,feasible,False,0.9975707496082548,0.5126510367957665,700,0.0272556507266949,0.01243991668048594,1.0,6,[0.3821893353135573],False,9.418071024260753,1,1,6,0,0,0.01697256517531796,0.3279976466531123,0.17328682247013064,0.12516063819718612,0.0,0.5468417151497015,tr0,inf4,False,0.5114056790638017,0.0,observed
732,tr0,inf5,0.381478195180594,exact,feasible,False,0.9975707496082548,0.5114056790638017,700,0.0272556507266949,0.01243991668048594,1.0,6,[0.381478195180594],False,9.429568355546667,1,1,6,0,0,0.01697256517531796,0.3279976466531123,0.17328682247013064,0.12516063819718612,0.0,0.5468417151497015,tr0,inf2,False,0.5101633466175952,0.0,observed
733,tr0,inf5,0.38076789963691526,exact,feasible,False,0.9975707496082548,0.5101633466175952,700,0.0272556507266949,0.01243991668048594,1.0,6,[0.38076789963691526],False,9.441051743216429,1,1,6,0,0,0.01697256517531796,0.3279976466531123,0.17328682247013064,0.12516063819718612,0.0,0.5468417151497015,tr0,inf3,False,0.5089240321079703,0.0,observed
734,tr0,inf5,0.38005844982312387,exact,feasible,False,0.9975707496082548,0.5089240321079703,700,0.0272556507266949,0.01243991668048594,1.0,6,[0.38005844982312387],False,9.452521170226973,1,1,6,0,0,0.01697256517531796,0.3279976466531123,0.17328682247013064,0.12516063819718612,0.0,0.5468417151497015,tr0,inf4,False,0.5076877282036034,0.0,observed
735,tr0,inf5,0.37934984686815537,exact,feasible,False,0.9975707496082548,0.5076877282036034,700,0.0272556507266949,0.01243991668048594,1.0,6,[0.37934984686815537],False,9.46397661972093,1,1,6,0,0,0.01697256517531796,0.3279976466531123,0.17328682247013064,0.12516063819718612,0.0,0.5468417151497015,tr0,inf2,False,0.5064544275909806,0.0,observed
736,tr0,inf5,0.3786420918893129,exact,feasible,False,0.9975707496082548,0.5064544275909806,700,0.0272556507266949,0.01243991668048594,1.0,6,[0.3786420918893129],False,9.475418075026043,1,1,6,0,0,0.01697256517531796,0.3279976466531123,0.17328682247013064,0.12516063819718612,0.0,0.5468417151497015,tr0,inf3,False,0.505224122974354,0.0,observed
737,tr0,inf5,0.37793518599230225,exact,feasible,False,0.9975707496082548,0.505224122974354,700,0.0272556507266949,0.01243991668048594,1.0,6,[0.37793518599230225],False,9.486845519654604,1,1,6,0,0,0.01697256517531796,0.3279976466531123,0.17328682247013064,0.12516063819718612,0.0,0.5468417151497015,tr0,inf4,False,0.5039968070756995,0.0,observed
738,tr0,inf5,0.37722913027126714,exact,feasible,False,0.9975707496082548,0.5039968070756995,700,0.0272556507266949,0.01243991668048594,1.0,6,[0.37722913027126714],False,9.498258937302865,1,1,6,0,0,0.01697256517531796,0.3279976466531123,0.17328682247013064,0.12516063819718612,0.0,0.5468417151497015,tr0,inf2,False,0.5027724726346725,0.0,observed
739,tr0,inf5,0.37652392580882377,exact,feasible,False,0.9975707496082548,0.5027724726346725,700,0.0272556507266949,0.01243991668048594,1.0,6,[0.37652392580882377],False,9.509658311850453,1,1,6,0,0,0.01697256517531796,0.3279976466531123,0.17328682247013064,0.12516063819718612,0.0,0.5468417151497015,tr0,inf3,False,0.501551112408566,0.0,observed
740,tr0,inf5,0.37581957367609675,exact,feasible,False,0.9975707496082548,0.501551112408566,700,0.0272556507266949,0.01243991668048594,1.0,6,[0.37581957367609675],False,9.521043627359804,1,1,6,0,0,0.01697256517531796,0.3279976466531123,0.17328682247013064,0.12516063819718612,0.0,0.5468417151497015,tr1,inf4,False,0.5903327191722672,0.09,observed
741,tr0,inf5,0.42484238259655976,exact,feasible,False,0.9975707496082548,0.5903327191722672,700,0.0272556507266949,0.01243991668048594,1.0,6,[0.42484238259655976],False,8.72793599226599,1,1,6,0,0,0.01697256517531796,0.3279976466531123,0.17328682247013064,0.12516063819718612,0.0,0.5468417151497015,tr0,inf2,False,0.5888986531829579,0.0,observed
742,tr0,inf5,0.4240846177329558,exact,feasible,False,0.9975707496082548,0.5888986531829579,700,0.0272556507266949,0.01243991668048594,1.0,6,[0.4240846177329558],False,8.74020636208543,1,1,6,0,0,0.01697256517531796,0.3279976466531123,0.17328682247013064,0.12516063819718612,0.0,0.5468417151497015,tr0,inf3,False,0.5874680708990149,0.0,observed
743,tr0,inf5,0.42332761016619813,exact,feasible,False,0.9975707496082548,0.5874680708990149,700,0.0272556507266949,0.01243991668048594,1.0,6,[0.42332761016619813],False,8.75246411402191,1,1,6,0,0,0.01697256517531796,0.3279976466531123,0.17328682247013064,0.12516063819718612,0.0,0.5468417151497015,tr0,inf4,False,0.5860409638576456,0.0,observed
744,tr0,inf5,0.42257136177080745,exact,feasible,False,0.9975707496082548,0.5860409638576456,700,0.0272556507266949,0.01243991668048594,1.0,6,[0.42257136177080745],False,8.764709219308822,1,1,6,0,0,0.01697256517531796,0.3279976466531123,0.17328682247013064,0.12516063819718612,0.0,0.5468417151497015,tr0,inf2,False,0.5846173236166157,0.0,observed
745,tr0,inf5,0.4218158744077582,exact,feasible,False,0.9975707496082548,0.5846173236166157,700,0.0272556507266949,0.01243991668048594,1.0,6,[0.4218158744077582],False,8.77694164939669,1,1,6,0,0,0.01697256517531796,0.3279976466531123,0.17328682247013064,0.12516063819718612,0.0,0.5468417151497015,tr0,inf3,False,0.5831971417541989,0.0,observed
746,tr0,inf5,0.4210611499245079,exact,feasible,False,0.9975707496082548,0.5831971417541989,700,0.0272556507266949,0.01243991668048594,1.0,6,[0.4210611499245079],False,8.789161375952682,1,1,6,0,0,0.01697256517531796,0.3279976466531123,0.17328682247013064,0.12516063819718612,0.0,0.5468417151497015,tr0,inf4,False,0.5817804098691278,0.0,observed
747,tr0,inf5,0.42030719015502616,exact,feasible,False,0.9975707496082548,0.5817804098691278,700,0.0272556507266949,0.01243991668048594,1.0,6,[0.42030719015502616],False,8.801368370860125,1,1,6,0,0,0.01697256517531796,0.3279976466531123,0.17328682247013064,0.12516063819718612,0.0,0.5468417151497015,tr0,inf2,False,0.5803671195805435,0.0,observed
748,tr0,inf5,0.4195539969198241,exact,feasible,False,0.9975707496082548,0.5803671195805435,700,0.0272556507266949,0.01243991668048594,1.0,6,[0.4195539969198241],False,8.813562606217982,1,1,6,0,0,0.01697256517531796,0.3279976466531123,0.17328682247013064,0.12516063819718612,0.0,0.5468417151497015,tr0,inf3,False,0.5789572625279464,0.0,observed
749,tr0,inf5,0.41880157202598384,exact,feasible,False,0.9975707496082548,0.5789572625279464,700,0.0272556507266949,0.01243991668048594,1.0,6,[0.41880157202598384],False,8.825744054340378,1,1,6,0,0,0.01697256517531796,0.3279976466531123,0.17328682247013064,0.12516063819718612,0.0,0.5468417151497015,tr0,inf4,False,0.5775508303711466,0.0,observed
750,tr0,inf5,0.41804991726718777,exact,feasible,False,0.9975707496082548,0.5775508303711466,700,0.0272556507266949,0.01243991668048594,1.0,6,[0.41804991726718777],False,8.837912687756084,1,1,6,0,0,0.01697256517531796,0.3279976466531123,0.17328682247013064,0.12516063819718612,0.0,0.5468417151497015,tr1,inf2,False,0.6661478147902147,0.09,observed
751,tr0,inf5,0.4608898139599658,exact,feasible,False,0.996102288174962,0.6661478147902147,750,0.04274189601268307,0.023918007201168406,1.0,6,[0.4608898139599658],False,8.035404304273094,1,1,6,0,0,0.026485330571691914,0.30632549908433765,0.22621457461764435,0.14830772342876725,0.0019792099253277077,0.5453667774868952,tr0,inf3,False,0.6635513625752837,0.0,observed
752,tr0,inf5,0.45962415085209646,exact,feasible,False,0.996102288174962,0.6635513625752837,750,0.04274189601268307,0.023918007201168406,1.0,6,[0.45962415085209646],False,8.055617630571508,1,1,6,0,0,0.026485330571691914,0.30632549908433765,0.22621457461764435,0.14830772342876725,0.0019792099253277077,0.5453667774868952,tr0,inf4,False,0.6609650305828539,0.0,observed
753,tr0,inf5,0.45836014965474076,exact,feasible,False,0.996102288174962,0.6609650305828539,750,0.04274189601268307,0.023918007201168406,1.0,6,[0.45836014965474076],False,8.075802737800434,1,1,6,0,0,0.026485330571691914,0.30632549908433765,0.22621457461764435,0.14830772342876725,0.0019792099253277077,0.5453667774868952,tr0,inf2,False,0.6583887793672146,0.0,observed
754,tr0,inf5,0.4570978209358794,exact,feasible,False,0.996102288174962,0.6583887793672146,750,0.04274189601268307,0.023918007201168406,1.0,6,[0.4570978209358794],False,8.095959468331374,1,1,6,0,0,0.026485330571691914,0.30632549908433765,0.22621457461764435,0.14830772342876725,0.0019792099253277077,0.5453667774868952,tr0,inf3,False,0.6558225696364027,0.0,observed
755,tr0,inf5,0.4558371751661167,exact,feasible,False,0.996102288174962,0.6558225696364027,750,0.04274189601268307,0.023918007201168406,1.0,6,[0.4558371751661167],False,8.116087666078323,1,1,6,0,0,0.026485330571691914,0.30632549908433765,0.22621457461764435,0.14830772342876725,0.0019792099253277077,0.5453667774868952,tr0,inf4,False,0.6532663622516042,0.0,observed
756,tr0,inf5,0.4545782227188854,exact,feasible,False,0.996102288174962,0.6532663622516042,750,0.04274189601268307,0.023918007201168406,1.0,6,[0.4545782227188854],False,8.136187176493891,1,1,6,0,0,0.026485330571691914,0.30632549908433765,0.22621457461764435,0.14830772342876725,0.0019792099253277077,0.5453667774868952,tr0,inf2,False,0.6507201182265566,0.0,observed
757,tr0,inf5,0.45332097387065573,exact,feasible,False,0.996102288174962,0.6507201182265566,750,0.04274189601268307,0.023918007201168406,1.0,6,[0.45332097387065573],False,8.156257846565413,1,1,6,0,0,0.026485330571691914,0.30632549908433765,0.22621457461764435,0.14830772342876725,0.0019792099253277077,0.5453667774868952,tr0,inf3,False,0.6481837987269549,0.0,observed
758,tr0,inf5,0.4520654388011484,exact,feasible,False,0.996102288174962,0.6481837987269549,750,0.04274189601268307,0.023918007201168406,1.0,6,[0.4520654388011484],False,8.176299524810972,1,1,6,0,0,0.026485330571691914,0.30632549908433765,0.22621457461764435,0.14830772342876725,0.0019792099253277077,0.5453667774868952,tr0,inf4,False,0.6456573650698588,0.0,observed
759,tr0,inf5,0.45081162759355226,exact,feasible,False,0.996102288174962,0.6456573650698588,750,0.04274189601268307,0.023918007201168406,1.0,6,[0.45081162759355226],False,8.19631206127536,1,1,6,0,0,0.026485330571691914,0.30632549908433765,0.22621457461764435,0.14830772342876725,0.0019792099253277077,0.5453667774868952,tr0,inf2,False,0.6431407787231032,0.0,observed
760,tr0,inf5,0.4495595502347456,exact,feasible,False,0.996102288174962,0.6431407787231032,750,0.04274189601268307,0.023918007201168406,1.0,6,[0.4495595502347456],False,8.216295307526007,1,1,6,0,0,0.026485330571691914,0.30632549908433765,0.22621457461764435,0.14830772342876725,0.0019792099253277077,0.5453667774868952,tr1,inf3,False,0.73063400130471,0.09,observed
761,tr0,inf5,0.4912925590040311,exact,feasible,False,0.996102288174962,0.73063400130471,750,0.04274189601268307,0.023918007201168406,1.0,6,[0.4912925590040311],False,7.549338633156239,1,1,6,0,0,0.026485330571691914,0.30632549908433765,0.22621457461764435,0.14830772342876725,0.0019792099253277077,0.5453667774868952,tr0,inf4,False,0.7277862005180499,0.0,observed
762,tr0,inf5,0.4899909036708505,exact,feasible,False,0.996102288174962,0.7277862005180499,750,0.04274189601268307,0.023918007201168406,1.0,6,[0.4899909036708505],False,7.5701697373810495,1,1,6,0,0,0.026485330571691914,0.30632549908433765,0.22621457461764435,0.14830772342876725,0.0019792099253277077,0.5453667774868952,tr0,inf2,False,0.7249494996381912,0.0,observed
763,tr0,inf5,0.48869063136550045,exact,feasible,False,0.996102288174962,0.7249494996381912,750,0.04274189601268307,0.023918007201168406,1.0,6,[0.48869063136550045],False,7.590976810559126,1,1,6,0,0,0.026485330571691914,0.30632549908433765,0.22621457461764435,0.14830772342876725,0.0019792099253277077,0.5453667774868952,tr0,inf3,False,0.7221238554008961,0.0,observed
764,tr0,inf5,0.4873917550078559,exact,feasible,False,0.996102288174962,0.7221238554008961,750,0.04274189601268307,0.023918007201168406,1.0,6,[0.4873917550078559],False,7.611759657612485,1,1,6,0,0,0.026485330571691914,0.30632549908433765,0.22621457461764435,0.14830772342876725,0.0019792099253277077,0.5453667774868952,tr0,inf4,False,0.719309224710558,0.0,observed
765,tr0,inf5,0.4860942874169844,exact,feasible,False,0.996102288174962,0.719309224710558,750,0.04274189601268307,0.023918007201168406,1.0,6,[0.4860942874169844],False,7.632518085076388,1,1,6,0,0,0.026485330571691914,0.30632549908433765,0.22621457461764435,0.14830772342876725,0.0019792099253277077,0.5453667774868952,tr0,inf2,False,0.7165055646395448,0.0,observed
766,tr0,inf5,0.4847982413112302,exact,feasible,False,0.996102288174962,0.7165055646395448,750,0.04274189601268307,0.023918007201168406,1.0,6,[0.4847982413112302],False,7.653251901097234,1,1,6,0,0,0.026485330571691914,0.30632549908433765,0.22621457461764435,0.14830772342876725,0.0019792099253277077,0.5453667774868952,tr0,inf3,False,0.7137128324275438,0.0,observed
767,tr0,inf5,0.48350362930830487,exact,feasible,False,0.996102288174962,0.7137128324275438,750,0.04274189601268307,0.023918007201168406,1.0,6,[0.48350362930830487],False,7.673960915430359,1,1,6,0,0,0.026485330571691914,0.30632549908433765,0.22621457461764435,0.14830772342876725,0.0019792099253277077,0.5453667774868952,tr0,inf4,False,0.7109309854809096,0.0,observed
768,tr0,inf5,0.4822104639253827,exact,feasible,False,0.996102288174962,0.7109309854809096,750,0.04274189601268307,0.023918007201168406,1.0,6,[0.4822104639253827],False,7.694644939437757,1,1,6,0,0,0.026485330571691914,0.30632549908433765,0.22621457461764435,0.14830772342876725,0.0019792099253277077,0.5453667774868952,tr0,inf2,False,0.7081599813720147,0.0,observed
769,tr0,inf5,0.4809187575792027,exact,feasible,False,0.996102288174962,0.7081599813720147,750,0.04274189601268307,0.023918007201168406,1.0,6,[0.4809187575792027],False,7.715303786085717,1,1,6,0,0,0.026485330571691914,0.30632549908433765,0.22621457461764435,0.14830772342876725,0.0019792099253277077,0.5453667774868952,tr0,inf3,False,0.7053997778386024,0.0,observed
770,tr0,inf5,0.4796285225861758,exact,feasible,False,0.996102288174962,0.7053997778386024,750,0.04274189601268307,0.023918007201168406,1.0,6,[0.4796285225861758],False,7.7359372699423785,1,1,6,0,0,0.026485330571691914,0.30632549908433765,0.22621457461764435,0.14830772342876725,0.0019792099253277077,0.5453667774868952,tr1,inf4,False,0.7926503327831417,0.09,observed
771,tr0,inf5,0.5187384193155008,exact,feasible,False,0.996102288174962,0.7926503327831417,750,0.04274189601268307,0.023918007201168406,1.0,6,[0.5187384193155008],False,7.109654492838847,1,1,6,0,0,0.026485330571691914,0.30632549908433765,0.22621457461764435,0.14830772342876725,0.0019792099253277077,0.5453667774868952,tr0,inf2,False,0.7895608102079326,0.0,observed
772,tr0,inf5,0.5174110342285756,exact,feasible,False,0.996102288174962,0.7895608102079326,750,0.04274189601268307,0.023918007201168406,1.0,6,[0.5174110342285756],False,7.130939608843492,1,1,6,0,0,0.026485330571691914,0.30632549908433765,0.22621457461764435,0.14830772342876725,0.0019792099253277077,0.5453667774868952,tr0,inf3,False,0.7864833297013986,0.0,observed
773,tr0,inf5,0.5160847395774079,exact,feasible,False,0.996102288174962,0.7864833297013986,750,0.04274189601268307,0.023918007201168406,1.0,6,[0.5160847395774079],False,7.152205133934348,1,1,6,0,0,0.026485330571691914,0.30632549908433765,0.22621457461764435,0.14830772342876725,0.0019792099253277077,0.5453667774868952,tr0,inf4,False,0.7834178443270262,0.0,observed
774,tr0,inf5,0.5147595503931969,exact,feasible,False,0.996102288174962,0.7834178443270262,750,0.04274189601268307,0.023918007201168406,1.0,6,[0.5147595503931969],False,7.173450839057382,1,1,6,0,0,0.026485330571691914,0.30632549908433765,0.22621457461764435,0.14830772342876725,0.0019792099253277077,0.5453667774868952,tr0,inf2,False,0.7803643073312471,0.0,observed
775,tr0,inf5,0.5134354816060264,exact,feasible,False,0.996102288174962,0.7803643073312471,750,0.04274189601268307,0.023918007201168406,1.0,6,[0.5134354816060264],False,7.194676496794506,1,1,6,0,0,0.026485330571691914,0.30632549908433765,0.22621457461764435,0.14830772342876725,0.0019792099253277077,0.5453667774868952,tr0,inf3,False,0.7773226721427245,0.0,observed
776,tr0,inf5,0.5121125480448117,exact,feasible,False,0.996102288174962,0.7773226721427245,750,0.04274189601268307,0.023918007201168406,1.0,6,[0.5121125480448117],False,7.2158818813635035,1,1,6,0,0,0.026485330571691914,0.30632549908433765,0.22621457461764435,0.14830772342876725,0.0019792099253277077,0.5453667774868952,tr0,inf4,False,0.7742928923716438,0.0,observed
777,tr0,inf5,0.5107907644372537,exact,feasible,False,0.996102288174962,0.7742928923716438,750,0.04274189601268307,0.023918007201168406,1.0,6,[0.5107907644372537],False,7.237066768617834,1,1,6,0,0,0.026485330571691914,0.30632549908433765,0.22621457461764435,0.14830772342876725,0.0019792099253277077,0.5453667774868952,tr0,inf2,False,0.771274921809004,0.0,observed
778,tr0,inf5,0.5094701454097998,exact,feasible,False,0.996102288174962,0.771274921809004,750,0.04274189601268307,0.023918007201168406,1.0,6,[0.5094701454097998],False,7.258230936046332,1,1,6,0,0,0.026485330571691914,0.30632549908433765,0.22621457461764435,0.14830772342876725,0.0019792099253277077,0.5453667774868952,tr0,inf3,False,0.7682687144259138,0.0,observed
779,tr0,inf5,0.5081507054876129,exact,feasible,False,0.996102288174962,0.7682687144259138,750,0.04274189601268307,0.023918007201168406,1.0,6,[0.5081507054876129],False,7.279374162772804,1,1,6,0,0,0.026485330571691914,0.30632549908433765,0.22621457461764435,0.14830772342876725,0.0019792099253277077,0.5453667774868952,tr0,inf4,False,0.7652742243728893,0.0,observed
780,tr0,inf5,0.5068324590945461,exact,feasible,False,0.996102288174962,0.7652742243728893,750,0.04274189601268307,0.023918007201168406,1.0,6,[0.5068324590945461],False,7.300496229555523,1,1,6,0,0,0.026485330571691914,0.30632549908433765,0.22621457461764435,0.14830772342876725,0.0019792099253277077,0.5453667774868952,tr1,inf2,False,0.8522914059791543,0.09,observed
781,tr0,inf5,0.5435750927735935,exact,feasible,False,0.996102288174962,0.8522914059791543,750,0.04274189601268307,0.023918007201168406,1.0,6,[0.5435750927735935],False,6.710991529744378,1,1,6,0,0,0.026485330571691914,0.30632549908433765,0.22621457461764435,0.14830772342876725,0.0019792099253277077,0.5453667774868952,tr0,inf3,False,0.8489694196876911,0.0,observed
782,tr0,inf5,0.5422303100722621,exact,feasible,False,0.996102288174962,0.8489694196876911,750,0.04274189601268307,0.023918007201168406,1.0,6,[0.5422303100722621],False,6.732596885868933,1,1,6,0,0,0.026485330571691914,0.30632549908433765,0.22621457461764435,0.14830772342876725,0.0019792099253277077,0.5453667774868952,tr0,inf4,False,0.8456603815414788,0.0,observed
783,tr0,inf5,0.5408863203155275,exact,feasible,False,0.996102288174962,0.8456603815414788,750,0.04274189601268307,0.023918007201168406,1.0,6,[0.5408863203155275],False,6.75418720284433,1,1,6,0,0,0.026485330571691914,0.30632549908433765,0.22621457461764435,0.14830772342876725,0.0019792099253277077,0.5453667774868952,tr0,inf2,False,0.8423642410723785,0.0,observed
784,tr0,inf5,0.5395431403937035,exact,feasible,False,0.996102288174962,0.8423642410723785,750,0.04274189601268307,0.023918007201168406,1.0,6,[0.5395431403937035],False,6.775762221354016,1,1,6,0,0,0.026485330571691914,0.30632549908433765,0.22621457461764435,0.14830772342876725,0.0019792099253277077,0.5453667774868952,tr0,inf3,False,0.8390809480089616,0.0,observed
785,tr0,inf5,0.5382007870983883,exact,feasible,False,0.996102288174962,0.8390809480089616,750,0.04274189601268307,0.023918007201168406,1.0,6,[0.5382007870983883],False,6.797321683697871,1,1,6,0,0,0.026485330571691914,0.30632549908433765,0.22621457461764435,0.14830772342876725,0.0019792099253277077,0.5453667774868952,tr0,inf4,False,0.835810452275743,0.0,observed
786,tr0,inf5,0.5368592771222631,exact,feasible,False,0.996102288174962,0.835810452275743,750,0.04274189601268307,0.023918007201168406,1.0,6,[0.5368592771222631],False,6.818865333794327,1,1,6,0,0,0.026485330571691914,0.30632549908433765,0.22621457461764435,0.14830772342876725,0.0019792099253277077,0.5453667774868952,tr0,inf2,False,0.8325527039924175,0.0,observed
787,tr0,inf5,0.5355186270589,exact,feasible,False,0.996102288174962,0.8325527039924175,750,0.04274189601268307,0.023918007201168406,1.0,6,[0.5355186270589],False,6.84039291718238,1,1,6,0,0,0.026485330571691914,0.30632549908433765,0.22621457461764435,0.14830772342876725,0.0019792099253277077,0.5453667774868952,tr0,inf3,False,0.829307653473099,0.0,observed
788,tr0,inf5,0.534178853402578,exact,feasible,False,0.996102288174962,0.829307653473099,750,0.04274189601268307,0.023918007201168406,1.0,6,[0.534178853402578],False,6.861904181023459,1,1,6,0,0,0.026485330571691914,0.30632549908433765,0.22621457461764435,0.14830772342876725,0.0019792099253277077,0.5453667774868952,tr0,inf4,False,0.8260752512255624,0.0,observed
789,tr0,inf5,0.5328399725481062,exact,feasible,False,0.996102288174962,0.8260752512255624,750,0.04274189601268307,0.023918007201168406,1.0,6,[0.5328399725481062],False,6.883398874103173,1,1,6,0,0,0.026485330571691914,0.30632549908433765,0.22621457461764435,0.14830772342876725,0.0019792099253277077,0.5453667774868952,tr0,inf2,False,0.8228554479504893,0.0,observed
790,tr0,inf5,0.5315020007906587,exact,feasible,False,0.996102288174962,0.8228554479504893,750,0.04274189601268307,0.023918007201168406,1.0,6,[0.5315020007906587],False,6.904876746832932,1,1,6,0,0,0.026485330571691914,0.30632549908433765,0.22621457461764435,0.14830772342876725,0.0019792099253277077,0.5453667774868952,tr1,inf3,False,0.9096481945407157,0.09,observed
791,tr0,inf5,0.5661030703906654,exact,feasible,False,0.996102288174962,0.9096481945407157,750,0.04274189601268307,0.023918007201168406,1.0,6,[0.5661030703906654],False,6.348705881997504,1,1,6,0,0,0.026485330571691914,0.30632549908433765,0.22621457461764435,0.14830772342876725,0.0019792099253277077,0.5453667774868952,tr0,inf4,False,0.9061026480162299,0.0,observed
792,tr0,inf5,0.5647476428585975,exact,feasible,False,0.996102288174962,0.9061026480162299,750,0.04274189601268307,0.023918007201168406,1.0,6,[0.5647476428585975],False,6.370522352355136,1,1,6,0,0,0.026485330571691914,0.30632549908433765,0.22621457461764435,0.14830772342876725,0.0019792099253277077,0.5453667774868952,tr0,inf2,False,0.9025709210103589,0.0,observed
793,tr0,inf5,0.5633927122639238,exact,feasible,False,0.996102288174962,0.9025709210103589,750,0.04274189601268307,0.023918007201168406,1.0,6,[0.5633927122639238],False,6.39232834390841,1,1,6,0,0,0.026485330571691914,0.30632549908433765,0.22621457461764435,0.14830772342876725,0.0019792099253277077,0.5453667774868952,tr0,inf3,False,0.8990529596586013,0.0,observed
794,tr0,inf5,0.5620382971054276,exact,feasible,False,0.996102288174962,0.8990529596586013,750,0.04274189601268307,0.023918007201168406,1.0,6,[0.5620382971054276],False,6.414123570821042,1,1,6,0,0,0.026485330571691914,0.30632549908433765,0.22621457461764435,0.14830772342876725,0.0019792099253277077,0.5453667774868952,tr0,inf4,False,0.8955487103064046,0.0,observed
795,tr0,inf5,0.5606844157878551,exact,feasible,False,0.996102288174962,0.8955487103064046,750,0.04274189601268307,0.023918007201168406,1.0,6,[0.5606844157878551],False,6.435907748817598,1,1,6,0,0,0.026485330571691914,0.30632549908433765,0.22621457461764435,0.14830772342876725,0.0019792099253277077,0.5453667774868952,tr0,inf2,False,0.8920581195083458,0.0,observed
796,tr0,inf5,0.5593310866215625,exact,feasible,False,0.996102288174962,0.8920581195083458,750,0.04274189601268307,0.023918007201168406,1.0,6,[0.5593310866215625],False,6.4576805951879415,1,1,6,0,0,0.026485330571691914,0.30632549908433765,0.22621457461764435,0.14830772342876725,0.0019792099253277077,0.5453667774868952,tr0,inf3,False,0.888581134027317,0.0,observed
797,tr0,inf5,0.5579783278221714,exact,feasible,False,0.996102288174962,0.888581134027317,750,0.04274189601268307,0.023918007201168406,1.0,6,[0.5579783278221714],False,6.479441828791528,1,1,6,0,0,0.026485330571691914,0.30632549908433765,0.22621457461764435,0.14830772342876725,0.0019792099253277077,0.5453667774868952,tr0,inf4,False,0.8851177008337131,0.0,observed
798,tr0,inf5,0.5566261575102343,exact,feasible,False,0.996102288174962,0.8851177008337131,750,0.04274189601268307,0.023918007201168406,1.0,6,[0.5566261575102343],False,6.501191170061562,1,1,6,0,0,0.026485330571691914,0.30632549908433765,0.22621457461764435,0.14830772342876725,0.0019792099253277077,0.5453667774868952,tr0,inf2,False,0.8816677671046231,0.0,observed
799,tr0,inf5,0.5552745937109097,exact,feasible,False,0.996102288174962,0.8816677671046231,750,0.04274189601268307,0.023918007201168406,1.0,6,[0.5552745937109097],False,6.522928341009003,1,1,6,0,0,0.026485330571691914,0.30632549908433765,0.22621457461764435,0.14830772342876725,0.0019792099253277077,0.5453667774868952,tr0,inf3,False,0.8782312802230247,0.0,observed
800,tr0,inf5,0.5539236543536462,exact,feasible,False,0.996102288174962,0.8782312802230247,750,0.04274189601268307,0.023918007201168406,1.0,6,[0.5539236543536462],False,6.5446530652264245,1,1,6,0,0,0.026485330571691914,0.30632549908433765,0.22621457461764435,0.14830772342876725,0.0019792099253277077,0.5453667774868952,tr1,inf4,False,0.9648081877769811,0.09,observed
801,tr0,inf5,0.5913643842680945,exact,feasible,False,0.9983368221873794,0.9648081877769811,800,0.019546086001849042,0.004974546623630226,1.0,6,[0.5913643842680945],False,6.061649716806456,1,1,6,0,0,0.010723915643620567,0.35631111043129227,0.11287895324105542,0.12391649184455802,0.0033427550781634638,0.5197723977241496,tr0,inf2,False,0.9632035402056357,0.0,observed
802,tr0,inf5,0.5907797001603557,exact,feasible,False,0.9983368221873794,0.9632035402056357,800,0.019546086001849042,0.004974546623630226,1.0,6,[0.5907797001603557],False,6.071247775893176,1,1,6,0,0,0.010723915643620567,0.35631111043129227,0.11287895324105542,0.12391649184455802,0.0033427550781634638,0.5197723977241496,tr0,inf3,False,0.961601561448528,0.0,observed
803,tr0,inf5,0.5901950518632001,exact,feasible,False,0.9983368221873794,0.961601561448528,800,0.019546086001849042,0.004974546623630226,1.0,6,[0.5901950518632001],False,6.0808450323228325,1,1,6,0,0,0.010723915643620567,0.35631111043129227,0.11287895324105542,0.12391649184455802,0.0033427550781634638,0.5197723977241496,tr0,inf4,False,0.9600022470669455,0.0,observed
804,tr0,inf5,0.5896104409333561,exact,feasible,False,0.9983368221873794,0.9600022470669455,800,0.019546086001849042,0.004974546623630226,1.0,6,[0.5896104409333561],False,6.090441460931362,1,1,6,0,0,0.010723915643620567,0.35631111043129227,0.11287895324105542,0.12391649184455802,0.0033427550781634638,0.5197723977241496,tr0,inf2,False,0.9584055926295578,0.0,observed
805,tr0,inf5,0.589025868924661,exact,feasible,False,0.9983368221873794,0.9584055926295578,800,0.019546086001849042,0.004974546623630226,1.0,6,[0.589025868924661],False,6.100037036603176,1,1,6,0,0,0.010723915643620567,0.35631111043129227,0.11287895324105542,0.12391649184455802,0.0033427550781634638,0.5197723977241496,tr0,inf3,False,0.9568115937124049,0.0,observed
806,tr0,inf5,0.5884413373880533,exact,feasible,False,0.9983368221873794,0.9568115937124049,800,0.019546086001849042,0.004974546623630226,1.0,6,[0.5884413373880533],False,6.1096317342712805,1,1,6,0,0,0.010723915643620567,0.35631111043129227,0.11287895324105542,0.12391649184455802,0.0033427550781634638,0.5197723977241496,tr0,inf4,False,0.9552202458988842,0.0,observed
807,tr0,inf5,0.5878568478715652,exact,feasible,False,0.9983368221873794,0.9552202458988842,800,0.019546086001849042,0.004974546623630226,1.0,6,[0.5878568478715652],False,6.119225528917384,1,1,6,0,0,0.010723915643620567,0.35631111043129227,0.11287895324105542,0.12391649184455802,0.0033427550781634638,0.5197723977241496,tr0,inf2,False,0.9536315447797392,0.0,observed
808,tr0,inf5,0.5872724019203158,exact,feasible,False,0.9983368221873794,0.9536315447797392,800,0.019546086001849042,0.004974546623630226,1.0,6,[0.5872724019203158],False,6.128818395572009,1,1,6,0,0,0.010723915643620567,0.35631111043129227,0.11287895324105542,0.12391649184455802,0.0033427550781634638,0.5197723977241496,tr0,inf3,False,0.9520454859530465,0.0,observed
809,tr0,inf5,0.5866880010765037,exact,feasible,False,0.9983368221873794,0.9520454859530465,800,0.019546086001849042,0.004974546623630226,1.0,6,[0.5866880010765037],False,6.138410309314603,1,1,6,0,0,0.010723915643620567,0.35631111043129227,0.11287895324105542,0.12391649184455802,0.0033427550781634638,0.5197723977241496,tr0,inf4,False,0.9504620650242038,0.0,observed
810,tr0,inf5,0.586103646879399,exact,feasible,False,0.9983368221873794,0.9504620650242038,800,0.019546086001849042,0.004974546623630226,1.0,6,[0.586103646879399],False,6.148001245273642,1,1,6,0,0,0.010723915643620567,0.35631111043129227,0.11287895324105542,0.12391649184455802,0.0033427550781634638,0.5197723977241496,tr1,inf2,False,1.038881277605918,0.09,observed
811,tr0,inf5,0.6173580848197133,exact,feasible,False,0.9983368221873794,1.038881277605918,800,0.019546086001849042,0.004974546623630226,1.0,6,[0.6173580848197133],False,5.63471948633231,1,1,6,0,0,0.010723915643620567,0.35631111043129227,0.11287895324105542,0.12391649184455802,0.0033427550781634638,0.5197723977241496,tr0,inf3,False,1.037153433315057,0.0,observed
812,tr0,inf5,0.616773424723435,exact,feasible,False,0.9983368221873794,1.037153433315057,800,0.019546086001849042,0.004974546623630226,1.0,6,[0.616773424723435],False,5.644327073624282,1,1,6,0,0,0.010723915643620567,0.35631111043129227,0.11287895324105542,0.12391649184455802,0.0033427550781634638,0.5197723977241496,tr0,inf4,False,1.035428462736484,0.0,observed
813,tr0,inf5,0.6161887284679728,exact,feasible,False,0.9983368221873794,1.035428462736484,800,0.019546086001849042,0.004974546623630226,1.0,6,[0.6161887284679728],False,5.653935023495185,1,1,6,0,0,0.010723915643620567,0.35631111043129227,0.11287895324105542,0.12391649184455802,0.0033427550781634638,0.5197723977241496,tr0,inf2,False,1.033706361090705,0.0,observed
814,tr0,inf5,0.6156039977300426,exact,feasible,False,0.9983368221873794,1.033706361090705,800,0.019546086001849042,0.004974546623630226,1.0,6,[0.6156039977300426],False,5.6635433087570535,1,1,6,0,0,0.010723915643620567,0.35631111043129227,0.11287895324105542,0.12391649184455802,0.0033427550781634638,0.5197723977241496,tr0,inf3,False,1.0319871236061742,0.0,observed
815,tr0,inf5,0.6150192341838647,exact,feasible,False,0.9983368221873794,1.0319871236061742,800,0.019546086001849042,0.004974546623630226,1.0,6,[0.6150192341838647],False,5.673151902264313,1,1,6,0,0,0.010723915643620567,0.35631111043129227,0.11287895324105542,0.12391649184455802,0.0033427550781634638,0.5197723977241496,tr0,inf4,False,1.0302707455192823,0.0,observed
816,tr0,inf5,0.6144344395011534,exact,feasible,False,0.9983368221873794,1.0302707455192823,800,0.019546086001849042,0.004974546623630226,1.0,6,[0.6144344395011534],False,5.6827607769139385,1,1,6,0,0,0.010723915643620567,0.35631111043129227,0.11287895324105542,0.12391649184455802,0.0033427550781634638,0.5197723977241496,tr0,inf2,False,1.0285572220743426,0.0,observed
817,tr0,inf5,0.6138496153511062,exact,feasible,False,0.9983368221873794,1.0285572220743426,800,0.019546086001849042,0.004974546623630226,1.0,6,[0.6138496153511062],False,5.692369905645614,1,1,6,0,0,0.010723915643620567,0.35631111043129227,0.11287895324105542,0.12391649184455802,0.0033427550781634638,0.5197723977241496,tr0,inf3,False,1.0268465485235778,0.0,observed
818,tr0,inf5,0.6132647634003944,exact,feasible,False,0.9983368221873794,1.0268465485235778,800,0.019546086001849042,0.004974546623630226,1.0,6,[0.6132647634003944],False,5.701979261441892,1,1,6,0,0,0.010723915643620567,0.35631111043129227,0.11287895324105542,0.12391649184455802,0.0033427550781634638,0.5197723977241496,tr0,inf4,False,1.0251387201271074,0.0,observed
819,tr0,inf5,0.612679885313153,exact,feasible,False,0.9983368221873794,1.0251387201271074,800,0.019546086001849042,0.004974546623630226,1.0,6,[0.612679885313153],False,5.711588817328349,1,1,6,0,0,0.010723915643620567,0.35631111043129227,0.11287895324105542,0.12391649184455802,0.0033427550781634638,0.5197723977241496,tr0,inf2,False,1.0234337321529337,0.0,observed
820,tr0,inf5,0.6120949827509692,exact,feasible,False,0.9983368221873794,1.0234337321529337,800,0.019546086001849042,0.004974546623630226,1.0,6,[0.6120949827509692],False,5.721198546373747,1,1,6,0,0,0.010723915643620567,0.35631111043129227,0.11287895324105542,0.12391649184455802,0.0033427550781634638,0.5197723977241496,tr1,inf3,False,1.1117315798769294,0.09,observed
821,tr0,inf5,0.6411118111634944,exact,feasible,False,0.9983368221873794,1.1117315798769294,800,0.019546086001849042,0.004974546623630226,1.0,6,[0.6411118111634944],False,5.244178943953618,1,1,6,0,0,0.010723915643620567,0.35631111043129227,0.11287895324105542,0.12391649184455802,0.0033427550781634638,0.5197723977241496,tr0,inf4,False,1.1098825725796884,0.0,observed
822,tr0,inf5,0.6405300760074761,exact,feasible,False,0.9983368221873794,1.1098825725796884,800,0.019546086001849042,0.004974546623630226,1.0,6,[0.6405300760074761],False,5.25374818899977,1,1,6,0,0,0.010723915643620567,0.35631111043129227,0.11287895324105542,0.12391649184455802,0.0033427550781634638,0.5197723977241496,tr0,inf2,False,1.1080366405103597,0.0,observed
823,tr0,inf5,0.6399482344384214,exact,feasible,False,0.9983368221873794,1.1080366405103597,800,0.019546086001849042,0.004974546623630226,1.0,6,[0.6399482344384214],False,5.263318937513082,1,1,6,0,0,0.010723915643620567,0.35631111043129227,0.11287895324105542,0.12391649184455802,0.0033427550781634638,0.5197723977241496,tr0,inf3,False,1.1061937785542921,0.0,observed
824,tr0,inf5,0.6393662882249953,exact,feasible,False,0.9983368221873794,1.1061937785542921,800,0.019546086001849042,0.004974546623630226,1.0,6,[0.6393662882249953],False,5.272891160730135,1,1,6,0,0,0.010723915643620567,0.35631111043129227,0.11287895324105542,0.12391649184455802,0.0033427550781634638,0.5197723977241496,tr0,inf4,False,1.1043539816053416,0.0,observed
825,tr0,inf5,0.6387842391338501,exact,feasible,False,0.9983368221873794,1.1043539816053416,800,0.019546086001849042,0.004974546623630226,1.0,6,[0.6387842391338501],False,5.282464829922375,1,1,6,0,0,0.010723915643620567,0.35631111043129227,0.11287895324105542,0.12391649184455802,0.0033427550781634638,0.5197723977241496,tr0,inf2,False,1.1025172445658564,0.0,observed
826,tr0,inf5,0.6382020889296114,exact,feasible,False,0.9983368221873794,1.1025172445658564,800,0.019546086001849042,0.004974546623630226,1.0,6,[0.6382020889296114],False,5.292039916396321,1,1,6,0,0,0.010723915643620567,0.35631111043129227,0.11287895324105542,0.12391649184455802,0.0033427550781634638,0.5197723977241496,tr0,inf3,False,1.1006835623466629,0.0,observed
827,tr0,inf5,0.637619839374865,exact,feasible,False,0.9983368221873794,1.1006835623466629,800,0.019546086001849042,0.004974546623630226,1.0,6,[0.637619839374865],False,5.301616391493771,1,1,6,0,0,0.010723915643620567,0.35631111043129227,0.11287895324105542,0.12391649184455802,0.0033427550781634638,0.5197723977241496,tr0,inf4,False,1.0988529298670517,0.0,observed
828,tr0,inf5,0.637037492230144,exact,feasible,False,0.9983368221873794,1.0988529298670517,800,0.019546086001849042,0.004974546623630226,1.0,6,[0.637037492230144],False,5.311194226592005,1,1,6,0,0,0.010723915643620567,0.35631111043129227,0.11287895324105542,0.12391649184455802,0.0033427550781634638,0.5197723977241496,tr0,inf2,False,1.0970253420547638,0.0,observed
829,tr0,inf5,0.6364550492539156,exact,feasible,False,0.9983368221873794,1.0970253420547638,800,0.019546086001849042,0.004974546623630226,1.0,6,[0.6364550492539156],False,5.320773393103995,1,1,6,0,0,0.010723915643620567,0.35631111043129227,0.11287895324105542,0.12391649184455802,0.0033427550781634638,0.5197723977241496,tr0,inf3,False,1.0952007938459758,0.0,observed
830,tr0,inf5,0.635872512202568,exact,feasible,False,0.9983368221873794,1.0952007938459758,800,0.019546086001849042,0.004974546623630226,1.0,6,[0.635872512202568],False,5.330353862478604,1,1,6,0,0,0.010723915643620567,0.35631111043129227,0.11287895324105542,0.12391649184455802,0.0033427550781634638,0.5197723977241496,tr1,inf4,False,1.1833792801852867,0.09,observed
831,tr0,inf5,0.6628449352294318,exact,feasible,False,0.9983368221873794,1.1833792801852867,800,0.019546086001849042,0.004974546623630226,1.0,6,[0.6628449352294318],False,4.886498752551416,1,1,6,0,0,0.010723915643620567,0.35631111043129227,0.11287895324105542,0.12391649184455802,0.0033427550781634638,0.5197723977241496,tr0,inf2,False,1.1814111100225677,0.0,observed
832,tr0,inf5,0.6622684887222041,exact,feasible,False,0.9983368221873794,1.1814111100225677,800,0.019546086001849042,0.004974546623630226,1.0,6,[0.6622684887222041],False,4.895990489607172,1,1,6,0,0,0.010723915643620567,0.35631111043129227,0.11287895324105542,0.12391649184455802,0.0033427550781634638,0.5197723977241496,tr0,inf3,False,1.1794462132767947,0.0,observed
833,tr0,inf5,0.6616918681188577,exact,feasible,False,0.9983368221873794,1.1794462132767947,800,0.019546086001849042,0.004974546623630226,1.0,6,[0.6616918681188577],False,4.905484832452904,1,1,6,0,0,0.010723915643620567,0.35631111043129227,0.11287895324105542,0.12391649184455802,0.0033427550781634638,0.5197723977241496,tr0,inf4,False,1.1774845845036934,0.0,observed
834,tr0,inf5,0.6611150752533286,exact,feasible,False,0.9983368221873794,1.1774845845036934,800,0.019546086001849042,0.004974546623630226,1.0,6,[0.6611150752533286],False,4.914981751178509,1,1,6,0,0,0.010723915643620567,0.35631111043129227,0.11287895324105542,0.12391649184455802,0.0033427550781634638,0.5197723977241496,tr0,inf2,False,1.1755262182680442,0.0,observed
835,tr0,inf5,0.6605381119580884,exact,feasible,False,0.9983368221873794,1.1755262182680442,800,0.019546086001849042,0.004974546623630226,1.0,6,[0.6605381119580884],False,4.924481215900092,1,1,6,0,0,0.010723915643620567,0.35631111043129227,0.11287895324105542,0.12391649184455802,0.0033427550781634638,0.5197723977241496,tr0,inf3,False,1.173571109143667,0.0,observed
836,tr0,inf5,0.6599609800641297,exact,feasible,False,0.9983368221873794,1.173571109143667,800,0.019546086001849042,0.004974546623630226,1.0,6,[0.6599609800641297],False,4.933983196760226,1,1,6,0,0,0.010723915643620567,0.35631111043129227,0.11287895324105542,0.12391649184455802,0.0033427550781634638,0.5197723977241496,tr0,inf4,False,1.1716192517134065,0.0,observed
837,tr0,inf5,0.6593836814009494,exact,feasible,False,0.9983368221873794,1.1716192517134065,800,0.019546086001849042,0.004974546623630226,1.0,6,[0.6593836814009494],False,4.9434876639282,1,1,6,0,0,0.010723915643620567,0.35631111043129227,0.11287895324105542,0.12391649184455802,0.0033427550781634638,0.5197723977241496,tr0,inf2,False,1.1696706405691177,0.0,observed
838,tr0,inf5,0.658806217796533,exact,feasible,False,0.9983368221873794,1.1696706405691177,800,0.019546086001849042,0.004974546623630226,1.0,6,[0.658806217796533],False,4.952994587600262,1,1,6,0,0,0.010723915643620567,0.35631111043129227,0.11287895324105542,0.12391649184455802,0.0033427550781634638,0.5197723977241496,tr0,inf3,False,1.1677252703116494,0.0,observed
839,tr0,inf5,0.6582285910773389,exact,feasible,False,0.9983368221873794,1.1677252703116494,800,0.019546086001849042,0.004974546623630226,1.0,6,[0.6582285910773389],False,4.962503937999881,1,1,6,0,0,0.010723915643620567,0.35631111043129227,0.11287895324105542,0.12391649184455802,0.0033427550781634638,0.5197723977241496,tr0,inf4,False,1.1657831355508308,0.0,observed
840,tr0,inf5,0.657650803068283,exact,feasible,False,0.9983368221873794,1.1657831355508308,800,0.019546086001849042,0.004974546623630226,1.0,6,[0.657650803068283],False,4.972015685377983,1,1,6,0,0,0.010723915643620567,0.35631111043129227,0.11287895324105542,0.12391649184455802,0.0033427550781634638,0.5197723977241496,tr1,inf2,False,1.2538442309054554,0.09,observed
841,tr0,inf5,0.6827530733448341,exact,feasible,False,0.9983368221873794,1.2538442309054554,800,0.019546086001849042,0.004974546623630226,1.0,6,[0.6827530733448341],False,4.5585283764843245,1,1,6,0,0,0.010723915643620567,0.35631111043129227,0.11287895324105542,0.12391649184455802,0.0033427550781634638,0.5197723977241496,tr0,inf3,False,1.251758865000131,0.0,observed
842,tr0,inf5,0.6821838252900263,exact,feasible,False,0.9983368221873794,1.251758865000131,800,0.019546086001849042,0.004974546623630226,1.0,6,[0.6821838252900263],False,4.5679108104685735,1,1,6,0,0,0.010723915643620567,0.35631111043129227,0.11287895324105542,0.12391649184455802,0.0033427550781634638,0.5197723977241496,tr0,inf4,False,1.2496769674291117,0.0,observed
843,tr0,inf5,0.6816143386311796,exact,feasible,False,0.9983368221873794,1.2496769674291117,800,0.019546086001849042,0.004974546623630226,1.0,6,[0.6816143386311796],False,4.577296903832904,1,1,6,0,0,0.010723915643620567,0.35631111043129227,0.11287895324105542,0.12391649184455802,0.0033427550781634638,0.5197723977241496,tr0,inf2,False,1.2475985324239407,0.0,observed
844,tr0,inf5,0.6810446152426317,exact,feasible,False,0.9983368221873794,1.2475985324239407,800,0.019546086001849042,0.004974546623630226,1.0,6,[0.6810446152426317],False,4.586686625922005,1,1,6,0,0,0.010723915643620567,0.35631111043129227,0.11287895324105542,0.12391649184455802,0.0033427550781634638,0.5197723977241496,tr0,inf3,False,1.2455235542257552,0.0,observed
845,tr0,inf5,0.6804746569978557,exact,feasible,False,0.9983368221873794,1.2455235542257552,800,0.019546086001849042,0.004974546623630226,1.0,6,[0.6804746569978557],False,4.596079946097284,1,1,6,0,0,0.010723915643620567,0.35631111043129227,0.11287895324105542,0.12391649184455802,0.0033427550781634638,0.5197723977241496,tr0,inf4,False,1.2434520270852707,0.0,observed
846,tr0,inf5,0.6799044657694414,exact,feasible,False,0.9983368221873794,1.2434520270852707,800,0.019546086001849042,0.004974546623630226,1.0,6,[0.6799044657694414],False,4.605476833737159,1,1,6,0,0,0.010723915643620567,0.35631111043129227,0.11287895324105542,0.12391649184455802,0.0033427550781634638,0.5197723977241496,tr0,inf2,False,1.2413839452627644,0.0,observed
847,tr0,inf5,0.6793340434290768,exact,feasible,False,0.9983368221873794,1.2413839452627644,800,0.019546086001849042,0.004974546623630226,1.0,6,[0.6793340434290768],False,4.614877258237353,1,1,6,0,0,0.010723915643620567,0.35631111043129227,0.11287895324105542,0.12391649184455802,0.0033427550781634638,0.5197723977241496,tr0,inf3,False,1.23931930302806,0.0,observed
848,tr0,inf5,0.6787633918475304,exact,feasible,False,0.9983368221873794,1.23931930302806,800,0.019546086001849042,0.004974546623630226,1.0,6,[0.6787633918475304],False,4.62428118901118,1,1,6,0,0,0.010723915643620567,0.35631111043129227,0.11287895324105542,0.12391649184455802,0.0033427550781634638,0.5197723977241496,tr0,inf4,False,1.2372580946605114,0.0,observed
849,tr0,inf5,0.6781925128946324,exact,feasible,False,0.9983368221873794,1.2372580946605114,800,0.019546086001849042,0.004974546623630226,1.0,6,[0.6781925128946324],False,4.633688595489837,1,1,6,0,0,0.010723915643620567,0.35631111043129227,0.11287895324105542,0.12391649184455802,0.0033427550781634638,0.5197723977241496,tr0,inf2,False,1.2352003144489867,0.0,observed
850,tr0,inf5,0.6776214084392567,exact,feasible,False,0.9983368221873794,1.2352003144489867,800,0.019546086001849042,0.004974546623630226,1.0,6,[0.6776214084392567],False,4.643099447122693,1,1,6,0,0,0.010723915643620567,0.35631111043129227,0.11287895324105542,0.12391649184455802,0.0033427550781634638,0.5197723977241496,tr1,inf3,False,1.3231459566918533,0.09,observed
851,tr0,inf5,0.6994917484152677,exact,feasible,False,0.9975998303281854,1.3231459566918533,850,0.025744408528696403,0.017030849475941485,1.0,6,[0.6994917484152677],False,4.259226387512886,1,1,6,0,0,0.0009141355343541643,0.3781466938901562,0.19371719418077263,0.1311124255439676,0.0,0.4907408805658762,tr0,inf4,False,1.3199701818952174,0.0,observed
852,tr0,inf5,0.6986842041335541,exact,feasible,False,0.9975998303281854,1.3199701818952174,850,0.025744408528696403,0.017030849475941485,1.0,6,[0.6986842041335541],False,4.2725002198776405,1,1,6,0,0,0.0009141355343541643,0.3781466938901562,0.19371719418077263,0.1311124255439676,0.0,0.4907408805658762,tr0,inf2,False,1.316802029496933,0.0,observed
853,tr0,inf5,0.6978760386867029,exact,feasible,False,0.9975998303281854,1.316802029496933,850,0.025744408528696403,0.017030849475941485,1.0,6,[0.6978760386867029],False,4.285783416701174,1,1,6,0,0,0.0009141355343541643,0.3781466938901562,0.19371719418077263,0.1311124255439676,0.0,0.4907408805658762,tr0,inf3,False,1.3136414812019506,0.0,observed
854,tr0,inf5,0.6970672577543797,exact,feasible,False,0.9975998303281854,1.3136414812019506,850,0.025744408528696403,0.017030849475941485,1.0,6,[0.6970672577543797],False,4.29907588543794,1,1,6,0,0,0.0009141355343541643,0.3781466938901562,0.19371719418077263,0.1311124255439676,0.0,0.4907408805658762,tr0,inf4,False,1.3104885187591322,0.0,observed
855,tr0,inf5,0.6962578670151617,exact,feasible,False,0.9975998303281854,1.3104885187591322,850,0.025744408528696403,0.017030849475941485,1.0,6,[0.6962578670151617],False,4.312377533577491,1,1,6,0,0,0.0009141355343541643,0.3781466938901562,0.19371719418077263,0.1311124255439676,0.0,0.4907408805658762,tr0,inf2,False,1.3073431239611453,0.0,observed
856,tr0,inf5,0.6954478721464072,exact,feasible,False,0.9975998303281854,1.3073431239611453,850,0.025744408528696403,0.017030849475941485,1.0,6,[0.6954478721464072],False,4.325688268646496,1,1,6,0,0,0.0009141355343541643,0.3781466938901562,0.19371719418077263,0.1311124255439676,0.0,0.4907408805658762,tr0,inf3,False,1.3042052786443585,0.0,observed
857,tr0,inf5,0.6946372788241304,exact,feasible,False,0.9975998303281854,1.3042052786443585,850,0.025744408528696403,0.017030849475941485,1.0,6,[0.6946372788241304],False,4.339007998210741,1,1,6,0,0,0.0009141355343541643,0.3781466938901562,0.19371719418077263,0.1311124255439676,0.0,0.4907408805658762,tr0,inf4,False,1.3010749646887358,0.0,observed
858,tr0,inf5,0.6938260927228723,exact,feasible,False,0.9975998303281854,1.3010749646887358,850,0.025744408528696403,0.017030849475941485,1.0,6,[0.6938260927228723],False,4.352336629877131,1,1,6,0,0,0.0009141355343541643,0.3781466938901562,0.19371719418077263,0.1311124255439676,0.0,0.4907408805658762,tr0,inf2,False,1.2979521640177327,0.0,observed
859,tr0,inf5,0.6930143195155747,exact,feasible,False,0.9975998303281854,1.2979521640177327,850,0.025744408528696403,0.017030849475941485,1.0,6,[0.6930143195155747],False,4.365674071295664,1,1,6,0,0,0.0009141355343541643,0.3781466938901562,0.19371719418077263,0.1311124255439676,0.0,0.4907408805658762,tr0,inf3,False,1.2948368585981913,0.0,observed
860,tr0,inf5,0.6922019648734545,exact,feasible,False,0.9975998303281854,1.2948368585981913,850,0.025744408528696403,0.017030849475941485,1.0,6,[0.6922019648734545],False,4.379020230161415,1,1,6,0,0,0.0009141355343541643,0.3781466938901562,0.19371719418077263,0.1311124255439676,0.0,0.4907408805658762,tr1,inf4,False,1.3817290304402363,0.09,observed
861,tr0,inf5,0.7139374938993828,exact,feasible,False,0.9975998303281854,1.3817290304402363,850,0.025744408528696403,0.017030849475941485,1.0,6,[0.7139374938993828],False,4.021631704445649,1,1,6,0,0,0.0009141355343541643,0.3781466938901562,0.19371719418077263,0.1311124255439676,0.0,0.4907408805658762,tr0,inf2,False,1.378412646326708,0.0,observed
862,tr0,inf5,0.7131421229613659,exact,feasible,False,0.9975998303281854,1.378412646326708,850,0.025744408528696403,0.017030849475941485,1.0,6,[0.7131421229613659],False,4.034720807906825,1,1,6,0,0,0.0009141355343541643,0.3781466938901562,0.19371719418077263,0.1311124255439676,0.0,0.4907408805658762,tr0,inf3,False,1.375104222097749,0.0,observed
863,tr0,inf5,0.7123460284260008,exact,feasible,False,0.9975998303281854,1.375104222097749,850,0.025744408528696403,0.017030849475941485,1.0,6,[0.7123460284260008],False,4.0478209479384555,1,1,6,0,0,0.0009141355343541643,0.3781466938901562,0.19371719418077263,0.1311124255439676,0.0,0.4907408805658762,tr0,inf4,False,1.3718037386482858,0.0,observed
864,tr0,inf5,0.7115492159699275,exact,feasible,False,0.9975998303281854,1.3718037386482858,850,0.025744408528696403,0.017030849475941485,1.0,6,[0.7115492159699275],False,4.060932031718742,1,1,6,0,0,0.0009141355343541643,0.3781466938901562,0.19371719418077263,0.1311124255439676,0.0,0.4907408805658762,tr0,inf2,False,1.3685111769191003,0.0,observed
865,tr0,inf5,0.7107516912711072,exact,feasible,False,0.9975998303281854,1.3685111769191003,850,0.025744408528696403,0.017030849475941485,1.0,6,[0.7107516912711072],False,4.074053966423023,1,1,6,0,0,0.0009141355343541643,0.3781466938901562,0.19371719418077263,0.1311124255439676,0.0,0.4907408805658762,tr0,inf3,False,1.3652265178967198,0.0,observed
866,tr0,inf5,0.7099534600086838,exact,feasible,False,0.9975998303281854,1.3652265178967198,850,0.025744408528696403,0.017030849475941485,1.0,6,[0.7099534600086838],False,4.087186659225966,1,1,6,0,0,0.0009141355343541643,0.3781466938901562,0.19371719418077263,0.1311124255439676,0.0,0.4907408805658762,tr0,inf4,False,1.3619497426133071,0.0,observed
867,tr0,inf5,0.7091545278628463,exact,feasible,False,0.9975998303281854,1.3619497426133071,850,0.025744408528696403,0.017030849475941485,1.0,6,[0.7091545278628463],False,4.100330017303743,1,1,6,0,0,0.0009141355343541643,0.3781466938901562,0.19371719418077263,0.1311124255439676,0.0,0.4907408805658762,tr0,inf2,False,1.358680832146551,0.0,observed
868,tr0,inf5,0.7083549005146917,exact,feasible,False,0.9975998303281854,1.358680832146551,850,0.025744408528696403,0.017030849475941485,1.0,6,[0.7083549005146917],False,4.1134839478361895,1,1,6,0,0,0.0009141355343541643,0.3781466938901562,0.19371719418077263,0.1311124255439676,0.0,0.4907408805658762,tr0,inf3,False,1.3554197676195572,0.0,observed
869,tr0,inf5,0.7075545836460879,exact,feasible,False,0.9975998303281854,1.3554197676195572,850,0.025744408528696403,0.017030849475941485,1.0,6,[0.7075545836460879],False,4.126648358008972,1,1,6,0,0,0.0009141355343541643,0.3781466938901562,0.19371719418077263,0.1311124255439676,0.0,0.4907408805658762,tr0,inf4,False,1.3521665302007388,0.0,observed
870,tr0,inf5,0.7067535829395374,exact,feasible,False,0.9975998303281854,1.3521665302007388,850,0.025744408528696403,0.017030849475941485,1.0,6,[0.7067535829395374],False,4.139823155015729,1,1,6,0,0,0.0009141355343541643,0.3781466938901562,0.19371719418077263,0.1311124255439676,0.0,0.4907408805658762,tr1,inf2,False,1.4389211011037084,0.09,observed
871,tr0,inf5,0.7272469545849776,exact,feasible,False,0.9975998303281854,1.4389211011037084,850,0.025744408528696403,0.017030849475941485,1.0,6,[0.7272469545849776],False,3.80247126081047,1,1,6,0,0,0.0009141355343541643,0.3781466938901562,0.19371719418077263,0.1311124255439676,0.0,0.4907408805658762,tr0,inf3,False,1.4354674463167052,0.0,observed
872,tr0,inf5,0.7264646507820994,exact,feasible,False,0.9975998303281854,1.4354674463167052,850,0.025744408528696403,0.017030849475941485,1.0,6,[0.7264646507820994],False,3.8153601021677717,1,1,6,0,0,0.0009141355343541643,0.3781466938901562,0.19371719418077263,0.1311124255439676,0.0,0.4907408805658762,tr0,inf4,False,1.4320220808871789,0.0,observed
873,tr0,inf5,0.7256815279065514,exact,feasible,False,0.9975998303281854,1.4320220808871789,850,0.025744408528696403,0.017030849475941485,1.0,6,[0.7256815279065514],False,3.8282615441636447,1,1,6,0,0,0.0009141355343541643,0.3781466938901562,0.19371719418077263,0.1311124255439676,0.0,0.4907408805658762,tr0,inf2,False,1.4285849849192647,0.0,observed
874,tr0,inf5,0.7248975915913113,exact,feasible,False,0.9975998303281854,1.4285849849192647,850,0.025744408528696403,0.017030849475941485,1.0,6,[0.7248975915913113],False,3.841175494362573,1,1,6,0,0,0.0009141355343541643,0.3781466938901562,0.19371719418077263,0.1311124255439676,0.0,0.4907408805658762,tr0,inf3,False,1.4251561385648517,0.0,observed
875,tr0,inf5,0.7241128474730905,exact,feasible,False,0.9975998303281854,1.4251561385648517,850,0.025744408528696403,0.017030849475941485,1.0,6,[0.7241128474730905],False,3.8541018602879817,1,1,6,0,0,0.0009141355343541643,0.3781466938901562,0.19371719418077263,0.1311124255439676,0.0,0.4907408805658762,tr0,inf4,False,1.421735522023468,0.0,observed
876,tr0,inf5,0.7233273011921866,exact,feasible,False,0.9975998303281854,1.421735522023468,850,0.025744408528696403,0.017030849475941485,1.0,6,[0.7233273011921866],False,3.867040549424567,1,1,6,0,0,0.0009141355343541643,0.3781466938901562,0.19371719418077263,0.1311124255439676,0.0,0.4907408805658762,tr0,inf2,False,1.4183231155421658,0.0,observed
877,tr0,inf5,0.7225409583923372,exact,feasible,False,0.9975998303281854,1.4183231155421658,850,0.025744408528696403,0.017030849475941485,1.0,6,[0.7225409583923372],False,3.8799914692206205,1,1,6,0,0,0.0009141355343541643,0.3781466938901562,0.19371719418077263,0.1311124255439676,0.0,0.4907408805658762,tr0,inf3,False,1.414918899415408,0.0,observed
878,tr0,inf5,0.7217538247205747,exact,feasible,False,0.9975998303281854,1.414918899415408,850,0.025744408528696403,0.017030849475941485,1.0,6,[0.7217538247205747],False,3.89295452709034,1,1,6,0,0,0.0009141355343541643,0.3781466938901562,0.19371719418077263,0.1311124255439676,0.0,0.4907408805658762,tr0,inf4,False,1.411522853984954,0.0,observed
879,tr0,inf5,0.7209659058270799,exact,feasible,False,0.9975998303281854,1.411522853984954,850,0.025744408528696403,0.017030849475941485,1.0,6,[0.7209659058270799],False,3.905929630416136,1,1,6,0,0,0.0009141355343541643,0.3781466938901562,0.19371719418077263,0.1311124255439676,0.0,0.4907408805658762,tr0,inf2,False,1.408134959639746,0.0,observed
880,tr0,inf5,0.7201772073650378,exact,feasible,False,0.9975998303281854,1.408134959639746,850,0.025744408528696403,0.017030849475941485,1.0,6,[0.7201772073650378],False,3.918916686550935,1,1,6,0,0,0.0009141355343541643,0.3781466938901562,0.19371719418077263,0.1311124255439676,0.0,0.4907408805658762,tr1,inf3,False,1.494755196815797,0.09,observed
881,tr0,inf5,0.739526379455898,exact,feasible,False,0.9975998303281854,1.494755196815797,850,0.025744408528696403,0.017030849475941485,1.0,6,[0.739526379455898],False,3.6000421968677476,1,1,6,0,0,0.0009141355343541643,0.3781466938901562,0.19371719418077263,0.1311124255439676,0.0,0.4907408805658762,tr0,inf4,False,1.4911675307256125,0.0,observed
882,tr0,inf5,0.7387577992247929,exact,feasible,False,0.9975998303281854,1.4911675307256125,850,0.025744408528696403,0.017030849475941485,1.0,6,[0.7387577992247929],False,3.6127191309293423,1,1,6,0,0,0.0009141355343541643,0.3781466938901562,0.19371719418077263,0.1311124255439676,0.0,0.4907408805658762,tr0,inf2,False,1.4875884756427702,0.0,observed
883,tr0,inf5,0.7379883113003189,exact,feasible,False,0.9975998303281854,1.4875884756427702,850,0.025744408528696403,0.017030849475941485,1.0,6,[0.7379883113003189],False,3.6254101226238746,1,1,6,0,0,0.0009141355343541643,0.3781466938901562,0.19371719418077263,0.1311124255439676,0.0,0.4907408805658762,tr0,inf3,False,1.4840180108993917,0.0,observed
884,tr0,inf5,0.7372179212363823,exact,feasible,False,0.9975998303281854,1.4840180108993917,850,0.025744408528696403,0.017030849475941485,1.0,6,[0.7372179212363823],False,3.6381150804833915,1,1,6,0,0,0.0009141355343541643,0.3781466938901562,0.19371719418077263,0.1311124255439676,0.0,0.4907408805658762,tr0,inf4,False,1.4804561158772045,0.0,observed
885,tr0,inf5,0.7364466345930061,exact,feasible,False,0.9975998303281854,1.4804561158772045,850,0.025744408528696403,0.017030849475941485,1.0,6,[0.7364466345930061],False,3.6508339129609246,1,1,6,0,0,0.0009141355343541643,0.3781466938901562,0.19371719418077263,0.1311124255439676,0.0,0.4907408805658762,tr0,inf2,False,1.4769027700074238,0.0,observed
886,tr0,inf5,0.7356744569361764,exact,feasible,False,0.9975998303281854,1.4769027700074238,850,0.025744408528696403,0.017030849475941485,1.0,6,[0.7356744569361764],False,3.6635665284329453,1,1,6,0,0,0.0009141355343541643,0.3781466938901562,0.19371719418077263,0.1311124255439676,0.0,0.4907408805658762,tr0,inf3,False,1.473357952770633,0.0,observed
887,tr0,inf5,0.7349013938376895,exact,feasible,False,0.9975998303281854,1.473357952770633,850,0.025744408528696403,0.017030849475941485,1.0,6,[0.7349013938376895],False,3.6763128352018053,1,1,6,0,0,0.0009141355343541643,0.3781466938901562,0.19371719418077263,0.1311124255439676,0.0,0.4907408805658762,tr0,inf4,False,1.4698216436966662,0.0,observed
888,tr0,inf5,0.7341274508749988,exact,feasible,False,0.9975998303281854,1.4698216436966662,850,0.025744408528696403,0.017030849475941485,1.0,6,[0.7341274508749988],False,3.689072741498175,1,1,6,0,0,0.0009141355343541643,0.3781466938901562,0.19371719418077263,0.1311124255439676,0.0,0.4907408805658762,tr0,inf2,False,1.4662938223644888,0.0,observed
889,tr0,inf5,0.7333526336310626,exact,feasible,False,0.9975998303281854,1.4662938223644888,850,0.025744408528696403,0.017030849475941485,1.0,6,[0.7333526336310626],False,3.701846155483473,1,1,6,0,0,0.0009141355343541643,0.3781466938901562,0.19371719418077263,0.1311124255439676,0.0,0.4907408805658762,tr0,inf3,False,1.4627744684020805,0.0,observed
890,tr0,inf5,0.7325769476941926,exact,feasible,False,0.9975998303281854,1.4627744684020805,850,0.025744408528696403,0.017030849475941485,1.0,6,[0.7325769476941926],False,3.7146329852522837,1,1,6,0,0,0.0009141355343541643,0.3781466938901562,0.19371719418077263,0.1311124255439676,0.0,0.4907408805658762,tr1,inf4,False,1.5492635614863173,0.09,observed
891,tr0,inf5,0.7508706998738257,exact,feasible,False,0.9975998303281854,1.5492635614863173,850,0.025744408528696403,0.017030849475941485,1.0,6,[0.7508706998738257],False,3.4128210510649963,1,1,6,0,0,0.0009141355343541643,0.3781466938901562,0.19371719418077263,0.1311124255439676,0.0,0.4907408805658762,tr0,inf2,False,1.5455450660723904,0.0,observed
892,tr0,inf5,0.7501163024640057,exact,feasible,False,0.9975998303281854,1.5455450660723904,850,0.025744408528696403,0.017030849475941485,1.0,6,[0.7501163024640057],False,3.425277676201952,1,1,6,0,0,0.0009141355343541643,0.3781466938901562,0.19371719418077263,0.1311124255439676,0.0,0.4907408805658762,tr0,inf3,False,1.5418354956783809,0.0,observed
893,tr0,inf5,0.7493609154091472,exact,feasible,False,0.9975998303281854,1.5418354956783809,850,0.025744408528696403,0.017030849475941485,1.0,6,[0.7493609154091472],False,3.4377497112686712,1,1,6,0,0,0.0009141355343541643,0.3781466938901562,0.19371719418077263,0.1311124255439676,0.0,0.4907408805658762,tr0,inf4,False,1.5381348288827263,0.0,observed
894,tr0,inf5,0.7486045441535458,exact,feasible,False,0.9975998303281854,1.5381348288827263,850,0.025744408528696403,0.017030849475941485,1.0,6,[0.7486045441535458],False,3.450237066269822,1,1,6,0,0,0.0009141355343541643,0.3781466938901562,0.19371719418077263,0.1311124255439676,0.0,0.4907408805658762,tr0,inf2,False,1.5344430443152803,0.0,observed
895,tr0,inf5,0.7478471941499456,exact,feasible,False,0.9975998303281854,1.5344430443152803,850,0.025744408528696403,0.017030849475941485,1.0,6,[0.7478471941499456],False,3.4627396510937514,1,1,6,0,0,0.0009141355343541643,0.3781466938901562,0.19371719418077263,0.1311124255439676,0.0,0.4907408805658762,tr0,inf3,False,1.530760120657188,0.0,observed
896,tr0,inf5,0.747088870859379,exact,feasible,False,0.9975998303281854,1.530760120657188,850,0.025744408528696403,0.017030849475941485,1.0,6,[0.747088870859379],False,3.47525737551503,1,1,6,0,0,0.0009141355343541643,0.3781466938901562,0.19371719418077263,0.1311124255439676,0.0,0.4907408805658762,tr0,inf4,False,1.5270860366407633,0.0,observed
897,tr0,inf5,0.7463295797510089,exact,feasible,False,0.9975998303281854,1.5270860366407633,850,0.025744408528696403,0.017030849475941485,1.0,6,[0.7463295797510089],False,3.487790149196995,1,1,6,0,0,0.0009141355343541643,0.3781466938901562,0.19371719418077263,0.1311124255439676,0.0,0.4907408805658762,tr0,inf2,False,1.5234207710493666,0.0,observed
898,tr0,inf5,0.7455693263019711,exact,feasible,False,0.9975998303281854,1.5234207710493666,850,0.025744408528696403,0.017030849475941485,1.0,6,[0.7455693263019711],False,3.5003378816942825,1,1,6,0,0,0.0009141355343541643,0.3781466938901562,0.19371719418077263,0.1311124255439676,0.0,0.4907408805658762,tr0,inf3,False,1.5197643027172816,0.0,observed
899,tr0,inf5,0.7448081159972156,exact,feasible,False,0.9975998303281854,1.5197643027172816,850,0.025744408528696403,0.017030849475941485,1.0,6,[0.7448081159972156],False,3.512900482455355,1,1,6,0,0,0.0009141355343541643,0.3781466938901562,0.19371719418077263,0.1311124255439676,0.0,0.4907408805658762,tr0,inf4,False,1.5161166105295931,0.0,observed
900,tr0,inf5,0.7440459543293501,exact,feasible,False,0.9975998303281854,1.5161166105295931,850,0.025744408528696403,0.017030849475941485,1.0,6,[0.7440459543293501],False,3.525477860825027,1,1,6,0,0,0.0009141355343541643,0.3781466938901562,0.19371719418077263,0.1311124255439676,0.0,0.4907408805658762,tr1,inf2,False,1.6024776734220658,0.09,observed
901,tr0,inf5,0.758692348259687,exact,feasible,False,0.9968797364112228,1.6024776734220658,900,0.035791104814412535,0.012848760181204372,1.0,6,[0.758692348259687],False,3.2414592618078064,1,1,6,0,0,0.022944033680811826,0.3463304022646094,0.15688509021640976,0.17513520315358974,0.0007706577782488111,0.4785343945818008,tr0,inf3,False,1.5974775206858587,0.0,observed
902,tr0,inf5,0.7577332634870704,exact,feasible,False,0.9968797364112228,1.5974775206858587,900,0.035791104814412535,0.012848760181204372,1.0,6,[0.7577332634870704],False,3.2572804775355544,1,1,6,0,0,0.022944033680811826,0.3463304022646094,0.15688509021640976,0.17513520315358974,0.0007706577782488111,0.4785343945818008,tr0,inf4,False,1.5924929697441725,0.0,observed
903,tr0,inf5,0.756772386234985,exact,feasible,False,0.9968797364112228,1.5924929697441725,900,0.035791104814412535,0.012848760181204372,1.0,6,[0.756772386234985],False,3.2731292031468904,1,1,6,0,0,0.022944033680811826,0.3463304022646094,0.15688509021640976,0.17513520315358974,0.0007706577782488111,0.4785343945818008,tr0,inf2,False,1.5875239719152963,0.0,observed
904,tr0,inf5,0.7558097281492195,exact,feasible,False,0.9968797364112228,1.5875239719152963,900,0.035791104814412535,0.012848760181204372,1.0,6,[0.7558097281492195],False,3.289005245679645,1,1,6,0,0,0.022944033680811826,0.3463304022646094,0.15688509021640976,0.17513520315358974,0.0007706577782488111,0.4785343945818008,tr0,inf3,False,1.5825704786694181,0.0,observed
905,tr0,inf5,0.7548453009058029,exact,feasible,False,0.9968797364112228,1.5825704786694181,900,0.035791104814412535,0.012848760181204372,1.0,6,[0.7548453009058029],False,3.3049084117618506,1,1,6,0,0,0.022944033680811826,0.3463304022646094,0.15688509021640976,0.17513520315358974,0.0007706577782488111,0.4785343945818008,tr0,inf4,False,1.5776324416281524,0.0,observed
906,tr0,inf5,0.7538791162104019,exact,feasible,False,0.9968797364112228,1.5776324416281524,900,0.035791104814412535,0.012848760181204372,1.0,6,[0.7538791162104019],False,3.3208385076213345,1,1,6,0,0,0.022944033680811826,0.3463304022646094,0.15688509021640976,0.17513520315358974,0.0007706577782488111,0.4785343945818008,tr0,inf2,False,1.5727098125640664,0.0,observed
907,tr0,inf5,0.7529111857977221,exact,feasible,False,0.9968797364112228,1.5727098125640664,900,0.035791104814412535,0.012848760181204372,1.0,6,[0.7529111857977221],False,3.3367953390952882,1,1,6,0,0,0.022944033680811826,0.3463304022646094,0.15688509021640976,0.17513520315358974,0.0007706577782488111,0.4785343945818008,tr0,inf3,False,1.5678025434002103,0.0,observed
908,tr0,inf5,0.7519415214309086,exact,feasible,False,0.9968797364112228,1.5678025434002103,900,0.035791104814412535,0.012848760181204372,1.0,6,[0.7519415214309086],False,3.3527787116398167,1,1,6,0,0,0.022944033680811826,0.3463304022646094,0.15688509021640976,0.17513520315358974,0.0007706577782488111,0.4785343945818008,tr0,inf4,False,1.5629105862096464,0.0,observed
909,tr0,inf5,0.7509701349009481,exact,feasible,False,0.9968797364112228,1.5629105862096464,900,0.035791104814412535,0.012848760181204372,1.0,6,[0.7509701349009481],False,3.3687884303394577,1,1,6,0,0,0.022944033680811826,0.3463304022646094,0.15688509021640976,0.17513520315358974,0.0007706577782488111,0.4785343945818008,tr0,inf2,False,1.5580338932149822,0.0,observed
910,tr0,inf5,0.7499970380260722,exact,feasible,False,0.9968797364112228,1.5580338932149822,900,0.035791104814412535,0.012848760181204372,1.0,6,[0.7499970380260722],False,3.3848242999166813,1,1,6,0,0,0.022944033680811826,0.3463304022646094,0.15688509021640976,0.17513520315358974,0.0007706577782488111,0.4785343945818008,tr1,inf3,False,1.643172416787903,0.09,observed
911,tr0,inf5,0.7663222515478425,exact,feasible,False,0.9968797364112228,1.643172416787903,900,0.035791104814412535,0.012848760181204372,1.0,6,[0.7663222515478425],False,3.1155207312376967,1,1,6,0,0,0.022944033680811826,0.3463304022646094,0.15688509021640976,0.17513520315358974,0.0007706577782488111,0.4785343945818008,tr0,inf4,False,1.6380452857257166,0.0,observed
912,tr0,inf5,0.7653779684021492,exact,feasible,False,0.9968797364112228,1.6380452857257166,900,0.035791104814412535,0.012848760181204372,1.0,6,[0.7653779684021492],False,3.1311142589240917,1,1,6,0,0,0.022944033680811826,0.3463304022646094,0.15688509021640976,0.17513520315358974,0.0007706577782488111,0.4785343945818008,tr0,inf2,False,1.6329341526638985,0.0,observed
913,tr0,inf5,0.7644318004929975,exact,feasible,False,0.9968797364112228,1.6329341526638985,900,0.035791104814412535,0.012848760181204372,1.0,6,[0.7644318004929975],False,3.1467368289188324,1,1,6,0,0,0.022944033680811826,0.3463304022646094,0.15688509021640976,0.17513520315358974,0.0007706577782488111,0.4785343945818008,tr0,inf3,False,1.6278389676844707,0.0,observed
914,tr0,inf5,0.7634837592016345,exact,feasible,False,0.9968797364112228,1.6278389676844707,900,0.035791104814412535,0.012848760181204372,1.0,6,[0.7634837592016345],False,3.1623882518981015,1,1,6,0,0,0.022944033680811826,0.3463304022646094,0.15688509021640976,0.17513520315358974,0.0007706577782488111,0.4785343945818008,tr0,inf4,False,1.6227596810252123,0.0,observed
915,tr0,inf5,0.762533855944404,exact,feasible,False,0.9968797364112228,1.6227596810252123,900,0.035791104814412535,0.012848760181204372,1.0,6,[0.762533855944404],False,3.1780683380505486,1,1,6,0,0,0.022944033680811826,0.3463304022646094,0.15688509021640976,0.17513520315358974,0.0007706577782488111,0.4785343945818008,tr0,inf2,False,1.6176962430791737,0.0,observed
916,tr0,inf5,0.7615821021721395,exact,feasible,False,0.9968797364112228,1.6176962430791737,900,0.035791104814412535,0.012848760181204372,1.0,6,[0.7615821021721395],False,3.193776897087049,1,1,6,0,0,0.022944033680811826,0.3463304022646094,0.15688509021640976,0.17513520315358974,0.0007706577782488111,0.4785343945818008,tr0,inf3,False,1.612648604394192,0.0,observed
917,tr0,inf5,0.7606285093695558,exact,feasible,False,0.9968797364112228,1.612648604394192,900,0.035791104814412535,0.012848760181204372,1.0,6,[0.7606285093695558],False,3.209513738250436,1,1,6,0,0,0.022944033680811826,0.3463304022646094,0.15688509021640976,0.17513520315358974,0.0007706577782488111,0.4785343945818008,tr0,inf4,False,1.6076167156724086,0.0,observed
918,tr0,inf5,0.759673089054643,exact,feasible,False,0.9968797364112228,1.6076167156724086,900,0.035791104814412535,0.012848760181204372,1.0,6,[0.759673089054643],False,3.2252786703252223,1,1,6,0,0,0.022944033680811826,0.3463304022646094,0.15688509021640976,0.17513520315358974,0.0007706577782488111,0.4785343945818008,tr0,inf2,False,1.6026005277697866,0.0,observed
919,tr0,inf5,0.7587158527780598,exact,feasible,False,0.9968797364112228,1.6026005277697866,900,0.035791104814412535,0.012848760181204372,1.0,6,[0.7587158527780598],False,3.2410715016472924,1,1,6,0,0,0.022944033680811826,0.3463304022646094,0.15688509021640976,0.17513520315358974,0.0007706577782488111,0.4785343945818008,tr0,inf3,False,1.5975999916956314,0.0,observed
920,tr0,inf5,0.7577568121225294,exact,feasible,False,0.9968797364112228,1.5975999916956314,900,0.035791104814412535,0.012848760181204372,1.0,6,[0.7577568121225294],False,3.256892040113588,1,1,6,0,0,0.022944033680811826,0.3463304022646094,0.15688509021640976,0.17513520315358974,0.0007706577782488111,0.4785343945818008,tr1,inf4,False,1.682615058612113,0.09,observed
921,tr0,inf5,0.7734269113509844,exact,feasible,False,0.9968797364112228,1.682615058612113,900,0.035791104814412535,0.012848760181204372,1.0,6,[0.7734269113509844],False,2.998129415923856,1,1,6,0,0,0.022944033680811826,0.3463304022646094,0.15688509021640976,0.17513520315358974,0.0007706577782488111,0.4785343945818008,tr0,inf2,False,1.6773648561107974,0.0,observed
922,tr0,inf5,0.7724973011099096,exact,feasible,False,0.9968797364112228,1.6773648561107974,900,0.035791104814412535,0.012848760181204372,1.0,6,[0.7724973011099096],False,3.0134963886857045,1,1,6,0,0,0.022944033680811826,0.3463304022646094,0.15688509021640976,0.17513520315358974,0.0007706577782488111,0.4785343945818008,tr0,inf3,False,1.6721310356251804,0.0,observed
923,tr0,inf5,0.771565720927393,exact,feasible,False,0.9968797364112228,1.6721310356251804,900,0.035791104814412535,0.012848760181204372,1.0,6,[0.771565720927393],False,3.028893823843364,1,1,6,0,0,0.022944033680811826,0.3463304022646094,0.15688509021640976,0.17513520315358974,0.0007706577782488111,0.4785343945818008,tr0,inf4,False,1.666913546039055,0.0,observed
924,tr0,inf5,0.7706321818983977,exact,feasible,False,0.9968797364112228,1.666913546039055,900,0.035791104814412535,0.012848760181204372,1.0,6,[0.7706321818983977],False,3.0443215360930704,1,1,6,0,0,0.022944033680811826,0.3463304022646094,0.15688509021640976,0.17513520315358974,0.0007706577782488111,0.4785343945818008,tr0,inf2,False,1.6617123363957098,0.0,observed
925,tr0,inf5,0.7696966951576178,exact,feasible,False,0.9968797364112228,1.6617123363957098,900,0.035791104814412535,0.012848760181204372,1.0,6,[0.7696966951576178],False,3.059779339568997,1,1,6,0,0,0.022944033680811826,0.3463304022646094,0.15688509021640976,0.17513520315358974,0.0007706577782488111,0.4785343945818008,tr0,inf3,False,1.6565273558974325,0.0,observed
926,tr0,inf5,0.7687592718788685,exact,feasible,False,0.9968797364112228,1.6565273558974325,900,0.035791104814412535,0.012848760181204372,1.0,6,[0.7687592718788685],False,3.07526704785312,1,1,6,0,0,0.022944033680811826,0.3463304022646094,0.15688509021640976,0.17513520315358974,0.0007706577782488111,0.4785343945818008,tr0,inf4,False,1.6513585539050124,0.0,observed
927,tr0,inf5,0.7678199232744728,exact,feasible,False,0.9968797364112228,1.6513585539050124,900,0.035791104814412535,0.012848760181204372,1.0,6,[0.7678199232744728],False,3.0907844739850665,1,1,6,0,0,0.022944033680811826,0.3463304022646094,0.15688509021640976,0.17513520315358974,0.0007706577782488111,0.4785343945818008,tr0,inf2,False,1.646205879937247,0.0,observed
928,tr0,inf5,0.7668786605946503,exact,feasible,False,0.9968797364112228,1.646205879937247,900,0.035791104814412535,0.012848760181204372,1.0,6,[0.7668786605946503],False,3.1063314304719594,1,1,6,0,0,0.022944033680811826,0.3463304022646094,0.15688509021640976,0.17513520315358974,0.0007706577782488111,0.4785343945818008,tr0,inf3,False,1.641069283670448,0.0,observed
929,tr0,inf5,0.7659354951269071,exact,feasible,False,0.9968797364112228,1.641069283670448,900,0.035791104814412535,0.012848760181204372,1.0,6,[0.7659354951269071],False,3.121907729298238,1,1,6,0,0,0.022944033680811826,0.3463304022646094,0.15688509021640976,0.17513520315358974,0.0007706577782488111,0.4785343945818008,tr0,inf4,False,1.6359487149379504,0.0,observed
930,tr0,inf5,0.7649904381954248,exact,feasible,False,0.9968797364112228,1.6359487149379504,900,0.035791104814412535,0.012848760181204372,1.0,6,[0.7649904381954248],False,3.1375131819354736,1,1,6,0,0,0.022944033680811826,0.3463304022646094,0.15688509021640976,0.17513520315358974,0.0007706577782488111,0.4785343945818008,tr1,inf2,False,1.7208441237296228,0.09,observed
931,tr0,inf5,0.7800506481415019,exact,feasible,False,0.9968797364112228,1.7208441237296228,900,0.035791104814412535,0.012848760181204372,1.0,6,[0.7800506481415019],False,2.888573703246929,1,1,6,0,0,0.022944033680811826,0.3463304022646094,0.15688509021640976,0.17513520315358974,0.0007706577782488111,0.4785343945818008,tr0,inf3,False,1.7154746364683882,0.0,observed
932,tr0,inf5,0.7791355220990774,exact,feasible,False,0.9968797364112228,1.7154746364683882,900,0.035791104814412535,0.012848760181204372,1.0,6,[0.7791355220990774],False,2.903716289178233,1,1,6,0,0,0.022944033680811826,0.3463304022646094,0.15688509021640976,0.17513520315358974,0.0007706577782488111,0.4785343945818008,tr0,inf4,False,1.710121903422745,0.0,observed
933,tr0,inf5,0.778218347581295,exact,feasible,False,0.9968797364112228,1.710121903422745,900,0.035791104814412535,0.012848760181204372,1.0,6,[0.778218347581295],False,2.91889065216751,1,1,6,0,0,0.022944033680811826,0.3463304022646094,0.15688509021640976,0.17513520315358974,0.0007706577782488111,0.4785343945818008,tr0,inf2,False,1.7047858723151248,0.0,observed
934,tr0,inf5,0.7772991353794576,exact,feasible,False,0.9968797364112228,1.7047858723151248,900,0.035791104814412535,0.012848760181204372,1.0,6,[0.7772991353794576],False,2.934096611242778,1,1,6,0,0,0.022944033680811826,0.3463304022646094,0.15688509021640976,0.17513520315358974,0.0007706577782488111,0.4785343945818008,tr0,inf3,False,1.6994664910310782,0.0,observed
935,tr0,inf5,0.7763778963290061,exact,feasible,False,0.9968797364112228,1.6994664910310782,900,0.035791104814412535,0.012848760181204372,1.0,6,[0.7763778963290061],False,2.9493339847987894,1,1,6,0,0,0.022944033680811826,0.3463304022646094,0.15688509021640976,0.17513520315358974,0.0007706577782488111,0.4785343945818008,tr0,inf4,False,1.694163707618767,0.0,observed
936,tr0,inf5,0.7754546413089066,exact,feasible,False,0.9968797364112228,1.694163707618767,900,0.035791104814412535,0.012848760181204372,1.0,6,[0.7754546413089066],False,2.964602590606959,1,1,6,0,0,0.022944033680811826,0.3463304022646094,0.15688509021640976,0.17513520315358974,0.0007706577782488111,0.4785343945818008,tr0,inf2,False,1.6888774702884564,0.0,observed
937,tr0,inf5,0.7745293812410373,exact,feasible,False,0.9968797364112228,1.6888774702884564,900,0.035791104814412535,0.012848760181204372,1.0,6,[0.7745293812410373],False,2.9799022458252877,1,1,6,0,0,0.022944033680811826,0.3463304022646094,0.15688509021640976,0.17513520315358974,0.0007706577782488111,0.4785343945818008,tr0,inf3,False,1.6836077274120091,0.0,observed
938,tr0,inf5,0.7736021270895753,exact,feasible,False,0.9968797364112228,1.6836077274120091,900,0.035791104814412535,0.012848760181204372,1.0,6,[0.7736021270895753],False,2.995232767008279,1,1,6,0,0,0.022944033680811826,0.3463304022646094,0.15688509021640976,0.17513520315358974,0.0007706577782488111,0.4785343945818008,tr0,inf4,False,1.6783544275223816,0.0,observed
939,tr0,inf5,0.772672889860383,exact,feasible,False,0.9968797364112228,1.6783544275223816,900,0.035791104814412535,0.012848760181204372,1.0,6,[0.772672889860383],False,3.010593970116845,1,1,6,0,0,0.022944033680811826,0.3463304022646094,0.15688509021640976,0.17513520315358974,0.0007706577782488111,0.4785343945818008,tr0,inf2,False,1.6731175193131207,0.0,observed
940,tr0,inf5,0.7717416806003957,exact,feasible,False,0.9968797364112228,1.6731175193131207,900,0.035791104814412535,0.012848760181204372,1.0,6,[0.7717416806003957],False,3.0259856705282067,1,1,6,0,0,0.022944033680811826,0.3463304022646094,0.15688509021640976,0.17513520315358974,0.0007706577782488111,0.4785343945818008,tr1,inf3,False,1.7578969516378629,0.09,observed
941,tr0,inf5,0.7862334010514408,exact,feasible,False,0.9968797364112228,1.7578969516378629,900,0.035791104814412535,0.012848760181204372,1.0,6,[0.7862334010514408],False,2.7862114735109413,1,1,6,0,0,0.022944033680811826,0.3463304022646094,0.15688509021640976,0.17513520315358974,0.0007706577782488111,0.4785343945818008,tr0,inf4,False,1.7524118497868448,0.0,observed
942,tr0,inf5,0.7853325228387477,exact,feasible,False,0.9968797364112228,1.7524118497868448,900,0.035791104814412535,0.012848760181204372,1.0,6,[0.7853325228387477],False,2.8011326738814346,1,1,6,0,0,0.022944033680811826,0.3463304022646094,0.15688509021640976,0.17513520315358974,0.0007706577782488111,0.4785343945818008,tr0,inf2,False,1.7469438628994134,0.0,observed
943,tr0,inf5,0.7844295238132557,exact,feasible,False,0.9968797364112228,1.7469438628994134,900,0.035791104814412535,0.012848760181204372,1.0,6,[0.7844295238132557],False,2.8160868672965234,1,1,6,0,0,0.022944033680811826,0.3463304022646094,0.15688509021640976,0.17513520315358974,0.0007706577782488111,0.4785343945818008,tr0,inf3,False,1.7414929375723707,0.0,observed
944,tr0,inf5,0.783524414449063,exact,feasible,False,0.9968797364112228,1.7414929375723707,900,0.035791104814412535,0.012848760181204372,1.0,6,[0.783524414449063],False,2.8310738773659603,1,1,6,0,0,0.022944033680811826,0.3463304022646094,0.15688509021640976,0.17513520315358974,0.0007706577782488111,0.4785343945818008,tr0,inf4,False,1.736059020569151,0.0,observed
945,tr0,inf5,0.7826172052685814,exact,feasible,False,0.9968797364112228,1.736059020569151,900,0.035791104814412535,0.012848760181204372,1.0,6,[0.7826172052685814],False,2.8460935269984233,1,1,6,0,0,0.022944033680811826,0.3463304022646094,0.15688509021640976,0.17513520315358974,0.0007706577782488111,0.4785343945818008,tr0,inf2,False,1.730642058819301,0.0,observed
946,tr0,inf5,0.7817079068419251,exact,feasible,False,0.9968797364112228,1.730642058819301,900,0.035791104814412535,0.012848760181204372,1.0,6,[0.7817079068419251],False,2.8611456384114757,1,1,6,0,0,0.022944033680811826,0.3463304022646094,0.15688509021640976,0.17513520315358974,0.0007706577782488111,0.4785343945818008,tr0,inf3,False,1.7252419994179609,0.0,observed
947,tr0,inf5,0.7807965297862985,exact,feasible,False,0.9968797364112228,1.7252419994179609,900,0.035791104814412535,0.012848760181204372,1.0,6,[0.7807965297862985],False,2.876230033141514,1,1,6,0,0,0.022944033680811826,0.3463304022646094,0.15688509021640976,0.17513520315358974,0.0007706577782488111,0.4785343945818008,tr0,inf4,False,1.7198587896253479,0.0,observed
948,tr0,inf5,0.7798830847653831,exact,feasible,False,0.9968797364112228,1.7198587896253479,900,0.035791104814412535,0.012848760181204372,1.0,6,[0.7798830847653831],False,2.891346532053722,1,1,6,0,0,0.022944033680811826,0.3463304022646094,0.15688509021640976,0.17513520315358974,0.0007706577782488111,0.4785343945818008,tr0,inf2,False,1.7144923768662417,0.0,observed
949,tr0,inf5,0.7789675824887259,exact,feasible,False,0.9968797364112228,1.7144923768662417,900,0.035791104814412535,0.012848760181204372,1.0,6,[0.7789675824887259],False,2.9064949553520156,1,1,6,0,0,0.022944033680811826,0.3463304022646094,0.15688509021640976,0.17513520315358974,0.0007706577782488111,0.4785343945818008,tr0,inf3,False,1.70914270872947,0.0,observed
950,tr0,inf5,0.7780500337111256,exact,feasible,False,0.9968797364112228,1.70914270872947,900,0.035791104814412535,0.012848760181204372,1.0,6,[0.7780500337111256],False,2.9216751225889923,1,1,6,0,0,0.022944033680811826,0.3463304022646094,0.15688509021640976,0.17513520315358974,0.0007706577782488111,0.4785343945818008,tr1,inf4,False,1.7938097329673974,0.09,observed
951,tr0,inf5,0.7964233241649429,exact,feasible,False,0.998362829666648,1.7938097329673974,950,0.019918811180574855,0.002183271945300202,1.0,6,[0.7964233241649429],False,2.675924223169701,1,1,6,0,0,0.02864156513441063,0.36642789483038596,0.06812387133404378,0.13833246084204887,0.0,0.4952396443275653,tr0,inf2,False,1.7908729608889051,0.0,observed
952,tr0,inf5,0.7959560047831925,exact,feasible,False,0.998362829666648,1.7908729608889051,950,0.019918811180574855,0.002183271945300202,1.0,6,[0.7959560047831925],False,2.683685226788521,1,1,6,0,0,0.02864156513441063,0.36642789483038596,0.06812387133404378,0.13833246084204887,0.0,0.4952396443275653,tr0,inf3,False,1.7879409968065356,0.0,observed
953,tr0,inf5,0.7954880794307709,exact,feasible,False,0.998362829666648,1.7879409968065356,950,0.019918811180574855,0.002183271945300202,1.0,6,[0.7954880794307709],False,2.691455979622999,1,1,6,0,0,0.02864156513441063,0.36642789483038596,0.06812387133404378,0.13833246084204887,0.0,0.4952396443275653,tr0,inf4,False,1.7850138328487801,0.0,observed
954,tr0,inf5,0.7950195495727682,exact,feasible,False,0.998362829666648,1.7850138328487801,950,0.019918811180574855,0.002183271945300202,1.0,6,[0.7950195495727682],False,2.699236457061092,1,1,6,0,0,0.02864156513441063,0.36642789483038596,0.06812387133404378,0.13833246084204887,0.0,0.4952396443275653,tr0,inf2,False,1.782091461157017,0.0,observed
955,tr0,inf5,0.7945504166782896,exact,feasible,False,0.998362829666648,1.782091461157017,950,0.019918811180574855,0.002183271945300202,1.0,6,[0.7945504166782896],False,2.7070266344281686,1,1,6,0,0,0.02864156513441063,0.36642789483038596,0.06812387133404378,0.13833246084204887,0.0,0.4952396443275653,tr0,inf3,False,1.779173873885491,0.0,observed
956,tr0,inf5,0.7940806822204308,exact,feasible,False,0.998362829666648,1.779173873885491,950,0.019918811180574855,0.002183271945300202,1.0,6,[0.7940806822204308],False,2.71482648698741,1,1,6,0,0,0.02864156513441063,0.36642789483038596,0.06812387133404378,0.13833246084204887,0.0,0.4952396443275653,tr0,inf4,False,1.7762610632012907,0.0,observed
957,tr0,inf5,0.7936103476762542,exact,feasible,False,0.998362829666648,1.7762610632012907,950,0.019918811180574855,0.002183271945300202,1.0,6,[0.7936103476762542],False,2.7226359899402057,1,1,6,0,0,0.02864156513441063,0.36642789483038596,0.06812387133404378,0.13833246084204887,0.0,0.4952396443275653,tr0,inf2,False,1.7733530212843294,0.0,observed
958,tr0,inf5,0.7931394145267642,exact,feasible,False,0.998362829666648,1.7733530212843294,950,0.019918811180574855,0.002183271945300202,1.0,6,[0.7931394145267642],False,2.730455118426557,1,1,6,0,0,0.02864156513441063,0.36642789483038596,0.06812387133404378,0.13833246084204887,0.0,0.4952396443275653,tr0,inf3,False,1.7704497403273225,0.0,observed
959,tr0,inf5,0.7926678842568834,exact,feasible,False,0.998362829666648,1.7704497403273225,950,0.019918811180574855,0.002183271945300202,1.0,6,[0.7926678842568834],False,2.7382838475254734,1,1,6,0,0,0.02864156513441063,0.36642789483038596,0.06812387133404378,0.13833246084204887,0.0,0.4952396443275653,tr0,inf4,False,1.767551212535768,0.0,observed
960,tr0,inf5,0.7921957583554282,exact,feasible,False,0.998362829666648,1.767551212535768,950,0.019918811180574855,0.002183271945300202,1.0,6,[0.7921957583554282],False,2.746122152255376,1,1,6,0,0,0.02864156513441063,0.36642789483038596,0.06812387133404378,0.13833246084204887,0.0,0.4952396443275653,tr1,inf2,False,1.8546574301279242,0.09,observed
961,tr0,inf5,0.805803347437338,exact,feasible,False,0.998362829666648,1.8546574301279242,950,0.019918811180574855,0.002183271945300202,1.0,6,[0.805803347437338],False,2.5200776747997105,1,1,6,0,0,0.02864156513441063,0.36642789483038596,0.06812387133404378,0.13833246084204887,0.0,0.4952396443275653,tr0,inf3,False,1.8516210400047879,0.0,observed
962,tr0,inf5,0.8053486767621131,exact,feasible,False,0.998362829666648,1.8516210400047879,950,0.019918811180574855,0.002183271945300202,1.0,6,[0.8053486767621131],False,2.5276349490813974,1,1,6,0,0,0.02864156513441063,0.36642789483038596,0.06812387133404378,0.13833246084204887,0.0,0.4952396443275653,tr0,inf4,False,1.8485896209694817,0.0,observed
963,tr0,inf5,0.8048933712005012,exact,feasible,False,0.998362829666648,1.8485896209694817,950,0.019918811180574855,0.002183271945300202,1.0,6,[0.8048933712005012],False,2.5352024594002494,1,1,6,0,0,0.02864156513441063,0.36642789483038596,0.06812387133404378,0.13833246084204887,0.0,0.4952396443275653,tr0,inf2,False,1.845563164883488,0.0,observed
964,tr0,inf5,0.8044374321306307,exact,feasible,False,0.998362829666648,1.845563164883488,950,0.019918811180574855,0.002183271945300202,1.0,6,[0.8044374321306307],False,2.542780182504839,1,1,6,0,0,0.02864156513441063,0.36642789483038596,0.06812387133404378,0.13833246084204887,0.0,0.4952396443275653,tr0,inf3,False,1.8425416636216136,0.0,observed
965,tr0,inf5,0.8039808609351321,exact,feasible,False,0.998362829666648,1.8425416636216136,950,0.019918811180574855,0.002183271945300202,1.0,6,[0.8039808609351321],False,2.5503680950730834,1,1,6,0,0,0.02864156513441063,0.36642789483038596,0.06812387133404378,0.13833246084204887,0.0,0.4952396443275653,tr0,inf4,False,1.8395251090719673,0.0,observed
966,tr0,inf5,0.8035236590011149,exact,feasible,False,0.998362829666648,1.8395251090719673,950,0.019918811180574855,0.002183271945300202,1.0,6,[0.8035236590011149],False,2.557966173712635,1,1,6,0,0,0.02864156513441063,0.36642789483038596,0.06812387133404378,0.13833246084204887,0.0,0.4952396443275653,tr0,inf2,False,1.8365134931359386,0.0,observed
967,tr0,inf5,0.8030658277201432,exact,feasible,False,0.998362829666648,1.8365134931359386,950,0.019918811180574855,0.002183271945300202,1.0,6,[0.8030658277201432],False,2.565574394961275,1,1,6,0,0,0.02864156513441063,0.36642789483038596,0.06812387133404378,0.13833246084204887,0.0,0.4952396443275653,tr0,inf3,False,1.8335068077281758,0.0,observed
968,tr0,inf5,0.8026073684882127,exact,feasible,False,0.998362829666648,1.8335068077281758,950,0.019918811180574855,0.002183271945300202,1.0,6,[0.8026073684882127],False,2.573192735287308,1,1,6,0,0,0.02864156513441063,0.36642789483038596,0.06812387133404378,0.13833246084204887,0.0,0.4952396443275653,tr0,inf4,False,1.8305050447765643,0.0,observed
969,tr0,inf5,0.8021482827057264,exact,feasible,False,0.998362829666648,1.8305050447765643,950,0.019918811180574855,0.002183271945300202,1.0,6,[0.8021482827057264],False,2.5808211710899567,1,1,6,0,0,0.02864156513441063,0.36642789483038596,0.06812387133404378,0.13833246084204887,0.0,0.4952396443275653,tr0,inf2,False,1.827508196222205,0.0,observed
970,tr0,inf5,0.8016885717774708,exact,feasible,False,0.998362829666648,1.827508196222205,950,0.019918811180574855,0.002183271945300202,1.0,6,[0.8016885717774708],False,2.5884596786997562,1,1,6,0,0,0.02864156513441063,0.36642789483038596,0.06812387133404378,0.13833246084204887,0.0,0.4952396443275653,tr1,inf3,False,1.9145162540193925,0.09,observed
971,tr0,inf5,0.8144904450405831,exact,feasible,False,0.998362829666648,1.9145162540193925,950,0.019918811180574855,0.002183271945300202,1.0,6,[0.8144904450405831],False,2.375623677915171,1,1,6,0,0,0.02864156513441063,0.36642789483038596,0.06812387133404378,0.13833246084204887,0.0,0.4952396443275653,tr0,inf4,False,1.9113818648055918,0.0,observed
972,tr0,inf5,0.8140483483815965,exact,feasible,False,0.998362829666648,1.9113818648055918,950,0.019918811180574855,0.002183271945300202,1.0,6,[0.8140483483815965],False,2.382978019365212,1,1,6,0,0,0.02864156513441063,0.36642789483038596,0.06812387133404378,0.13833246084204887,0.0,0.4952396443275653,tr0,inf2,False,1.908252607120825,0.0,observed
973,tr0,inf5,0.8136055910420045,exact,feasible,False,0.998362829666648,1.908252607120825,950,0.019918811180574855,0.002183271945300202,1.0,6,[0.8136055910420045],False,2.3903430331030497,1,1,6,0,0,0.02864156513441063,0.36642789483038596,0.06812387133404378,0.13833246084204887,0.0,0.4952396443275653,tr0,inf3,False,1.9051284725639053,0.0,observed
974,tr0,inf5,0.8131621743080163,exact,feasible,False,0.998362829666648,1.9051284725639053,950,0.019918811180574855,0.002183271945300202,1.0,6,[0.8131621743080163],False,2.3977186973240507,1,1,6,0,0,0.02864156513441063,0.36642789483038596,0.06812387133404378,0.13833246084204887,0.0,0.4952396443275653,tr0,inf4,False,1.9020094527473994,0.0,observed
975,tr0,inf5,0.8127180994707955,exact,feasible,False,0.998362829666648,1.9020094527473994,950,0.019918811180574855,0.002183271945300202,1.0,6,[0.8127180994707955],False,2.405104990145403,1,1,6,0,0,0.02864156513441063,0.36642789483038596,0.06812387133404378,0.13833246084204887,0.0,0.4952396443275653,tr0,inf2,False,1.8988955392976063,0.0,observed
976,tr0,inf5,0.8122733678264376,exact,feasible,False,0.998362829666648,1.8988955392976063,950,0.019918811180574855,0.002183271945300202,1.0,6,[0.8122733678264376],False,2.412501889606497,1,1,6,0,0,0.02864156513441063,0.36642789483038596,0.06812387133404378,0.13833246084204887,0.0,0.4952396443275653,tr0,inf3,False,1.8957867238545338,0.0,observed
977,tr0,inf5,0.8118279806759469,exact,feasible,False,0.998362829666648,1.8957867238545338,950,0.019918811180574855,0.002183271945300202,1.0,6,[0.8118279806759469],False,2.419909373669309,1,1,6,0,0,0.02864156513441063,0.36642789483038596,0.06812387133404378,0.13833246084204887,0.0,0.4952396443275653,tr0,inf4,False,1.8926829980718767,0.0,observed
978,tr0,inf5,0.8113819393252135,exact,feasible,False,0.998362829666648,1.8926829980718767,950,0.019918811180574855,0.002183271945300202,1.0,6,[0.8113819393252135],False,2.427327420218786,1,1,6,0,0,0.02864156513441063,0.36642789483038596,0.06812387133404378,0.13833246084204887,0.0,0.4952396443275653,tr0,inf2,False,1.8895843536169936,0.0,observed
979,tr0,inf5,0.8109352450849897,exact,feasible,False,0.998362829666648,1.8895843536169936,950,0.019918811180574855,0.002183271945300202,1.0,6,[0.8109352450849897],False,2.434756007063231,1,1,6,0,0,0.02864156513441063,0.36642789483038596,0.06812387133404378,0.13833246084204887,0.0,0.4952396443275653,tr0,inf3,False,1.8864907821708858,0.0,observed
980,tr0,inf5,0.8104878992708676,exact,feasible,False,0.998362829666648,1.8864907821708858,950,0.019918811180574855,0.002183271945300202,1.0,6,[0.8104878992708676],False,2.4421951119346867,1,1,6,0,0,0.02864156513441063,0.36642789483038596,0.06812387133404378,0.13833246084204887,0.0,0.4952396443275653,tr1,inf4,False,1.9734022754281737,0.09,observed
981,tr0,inf5,0.8225437014750371,exact,feasible,False,0.998362829666648,1.9734022754281737,950,0.019918811180574855,0.002183271945300202,1.0,6,[0.8225437014750371],False,2.2415997975283957,1,1,6,0,0,0.02864156513441063,0.36642789483038596,0.06812387133404378,0.13833246084204887,0.0,0.4952396443275653,tr0,inf2,False,1.9701714797670733,0.0,observed
982,tr0,inf5,0.8221140454848497,exact,feasible,False,0.998362829666648,1.9701714797670733,950,0.019918811180574855,0.002183271945300202,1.0,6,[0.8221140454848497],False,2.248752991554696,1,1,6,0,0,0.02864156513441063,0.36642789483038596,0.06812387133404378,0.13833246084204887,0.0,0.4952396443275653,tr0,inf3,False,1.9669459734687824,0.0,observed
983,tr0,inf5,0.8216837059542004,exact,feasible,False,0.998362829666648,1.9669459734687824,950,0.019918811180574855,0.002183271945300202,1.0,6,[0.8216837059542004],False,2.255917246458414,1,1,6,0,0,0.02864156513441063,0.36642789483038596,0.06812387133404378,0.13833246084204887,0.0,0.4952396443275653,tr0,inf4,False,1.9637257478737131,0.0,observed
984,tr0,inf5,0.8212526840736122,exact,feasible,False,0.998362829666648,1.9637257478737131,950,0.019918811180574855,0.002183271945300202,1.0,6,[0.8212526840736122],False,2.263092541948519,1,1,6,0,0,0.02864156513441063,0.36642789483038596,0.06812387133404378,0.13833246084204887,0.0,0.4952396443275653,tr0,inf2,False,1.9605107943364548,0.0,observed
985,tr0,inf5,0.8208209810389788,exact,feasible,False,0.998362829666648,1.9605107943364548,950,0.019918811180574855,0.002183271945300202,1.0,6,[0.8208209810389788],False,2.270278857648847,1,1,6,0,0,0.02864156513441063,0.36642789483038596,0.06812387133404378,0.13833246084204887,0.0,0.4952396443275653,tr0,inf3,False,1.9573011042257509,0.0,observed
986,tr0,inf5,0.8203885980515427,exact,feasible,False,0.998362829666648,1.9573011042257509,950,0.019918811180574855,0.002183271945300202,1.0,6,[0.8203885980515427],False,2.2774761730984685,1,1,6,0,0,0.02864156513441063,0.36642789483038596,0.06812387133404378,0.13833246084204887,0.0,0.4952396443275653,tr0,inf4,False,1.9540966689244754,0.0,observed
987,tr0,inf5,0.8199555363178725,exact,feasible,False,0.998362829666648,1.9540966689244754,950,0.019918811180574855,0.002183271945300202,1.0,6,[0.8199555363178725],False,2.284684467752062,1,1,6,0,0,0.02864156513441063,0.36642789483038596,0.06812387133404378,0.13833246084204887,0.0,0.4952396443275653,tr0,inf2,False,1.9508974798296104,0.0,observed
988,tr0,inf5,0.8195217970498414,exact,feasible,False,0.998362829666648,1.9508974798296104,950,0.019918811180574855,0.002183271945300202,1.0,6,[0.8195217970498414],False,2.2919037209802813,1,1,6,0,0,0.02864156513441063,0.36642789483038596,0.06812387133404378,0.13833246084204887,0.0,0.4952396443275653,tr0,inf3,False,1.9477035283522222,0.0,observed
989,tr0,inf5,0.8190873814646045,exact,feasible,False,0.998362829666648,1.9477035283522222,950,0.019918811180574855,0.002183271945300202,1.0,6,[0.8190873814646045],False,2.2991339120701295,1,1,6,0,0,0.02864156513441063,0.36642789483038596,0.06812387133404378,0.13833246084204887,0.0,0.4952396443275653,tr0,inf4,False,1.9445148059174389,0.0,observed
990,tr0,inf5,0.8186522907845768,exact,feasible,False,0.998362829666648,1.9445148059174389,950,0.019918811180574855,0.002183271945300202,1.0,6,[0.8186522907845768],False,2.3063750202253313,1,1,6,0,0,0.02864156513441063,0.36642789483038596,0.06812387133404378,0.13833246084204887,0.0,0.4952396443275653,tr1,inf2,False,2.031331303964427,0.09,observed
991,tr0,inf5,0.8300165722561588,exact,feasible,False,0.998362829666648,2.031331303964427,950,0.019918811180574855,0.002183271945300202,1.0,6,[0.8300165722561588],False,2.1171345148484404,1,1,6,0,0,0.02864156513441063,0.36642789483038596,0.06812387133404378,0.13833246084204887,0.0,0.4952396443275653,tr0,inf3,False,2.0280056686163674,0.0,observed
992,tr0,inf5,0.8295991761861184,exact,feasible,False,0.998362829666648,2.0280056686163674,950,0.019918811180574855,0.002183271945300202,1.0,6,[0.8295991761861184],False,2.12408915107956,1,1,6,0,0,0.02864156513441063,0.36642789483038596,0.06812387133404378,0.13833246084204887,0.0,0.4952396443275653,tr0,inf4,False,2.024685477899839,0.0,observed
993,tr0,inf5,0.829181076461869,exact,feasible,False,0.998362829666648,2.024685477899839,950,0.019918811180574855,0.002183271945300202,1.0,6,[0.829181076461869],False,2.1310551920629552,1,1,6,0,0,0.02864156513441063,0.36642789483038596,0.06812387133404378,0.13833246084204887,0.0,0.4952396443275653,tr0,inf2,False,2.021370722901053,0.0,observed
994,tr0,inf5,0.8287622741755385,exact,feasible,False,0.998362829666648,2.021370722901053,950,0.019918811180574855,0.002183271945300202,1.0,6,[0.8287622741755385],False,2.138032619070727,1,1,6,0,0,0.02864156513441063,0.36642789483038596,0.06812387133404378,0.13833246084204887,0.0,0.4952396443275653,tr0,inf3,False,2.0180613947208133,0.0,observed
995,tr0,inf5,0.8283427704250045,exact,feasible,False,0.998362829666648,2.0180613947208133,950,0.019918811180574855,0.002183271945300202,1.0,6,[0.8283427704250045],False,2.1450214132834735,1,1,6,0,0,0.02864156513441063,0.36642789483038596,0.06812387133404378,0.13833246084204887,0.0,0.4952396443275653,tr0,inf4,False,2.0147574844744933,0.0,observed
996,tr0,inf5,0.8279225663138726,exact,feasible,False,0.998362829666648,2.0147574844744933,950,0.019918811180574855,0.002183271945300202,1.0,6,[0.8279225663138726],False,2.152021555790639,1,1,6,0,0,0.02864156513441063,0.36642789483038596,0.06812387133404378,0.13833246084204887,0.0,0.4952396443275653,tr0,inf2,False,2.011458983292013,0.0,observed
997,tr0,inf5,0.8275016629514568,exact,feasible,False,0.998362829666648,2.011458983292013,950,0.019918811180574855,0.002183271945300202,1.0,6,[0.8275016629514568],False,2.159033027590869,1,1,6,0,0,0.02864156513441063,0.36642789483038596,0.06812387133404378,0.13833246084204887,0.0,0.4952396443275653,tr0,inf3,False,2.008165882317813,0.0,observed
998,tr0,inf5,0.8270800614527567,exact,feasible,False,0.998362829666648,2.008165882317813,950,0.019918811180574855,0.002183271945300202,1.0,6,[0.8270800614527567],False,2.166055809592366,1,1,6,0,0,0.02864156513441063,0.36642789483038596,0.06812387133404378,0.13833246084204887,0.0,0.4952396443275653,tr0,inf4,False,2.004878172710833,0.0,observed
999,tr0,inf5,0.8266577629384378,exact,feasible,False,0.998362829666648,2.004878172710833,950,0.019918811180574855,0.002183271945300202,1.0,6,[0.8266577629384378],False,2.1730898826132448,1,1,6,0,0,0.02864156513441063,0.36642789483038596,0.06812387133404378,0.13833246084204887,0.0,0.4952396443275653,tr0,inf2,False,2.001595845644486,0.0,observed
1000,tr0,inf5,0.8262347685348097,exact,feasible,False,0.998362829666648,2.001595845644486,950,0.019918811180574855,0.002183271945300202,1.0,6,[0.8262347685348097],False,2.1801352273818875,1,1,6,0,0,0.02864156513441063,0.36642789483038596,0.06812387133404378,0.13833246084204887,0.0,0.4952396443275653,tr1,inf3,False,2.0883188923066363,0.09,observed
1001,tr0,inf5,0.8376548756367818,exact,feasible,False,0.99849682672659,2.0883188923066363,1000,0.017539055402786795,0.00500244205935457,1.0,6,[0.8376548756367818],False,2.0004234646723056,1,1,6,0,0,0.0011385772565195072,0.3922249040446313,0.09802613977879275,0.16175169825512092,0.0027724609770774637,0.44602339770024785,tr0,inf4,False,2.0851797871613638,0.0,observed
1002,tr0,inf5,0.8372824398547061,exact,feasible,False,0.99849682672659,2.0851797871613638,1000,0.017539055402786795,0.00500244205935457,1.0,6,[0.8372824398547061],False,2.0066326711587803,1,1,6,0,0,0.0011385772565195072,0.3922249040446313,0.09802613977879275,0.16175169825512092,0.0027724609770774637,0.44602339770024785,tr0,inf2,False,2.082045400635048,0.0,observed
1003,tr0,inf5,0.8369093955968868,exact,feasible,False,0.99849682672659,2.082045400635048,1000,0.017539055402786795,0.00500244205935457,1.0,6,[0.8369093955968868],False,2.0128517746372387,1,1,6,0,0,0.0011385772565195072,0.3922249040446313,0.09802613977879275,0.16175169825512092,0.0027724609770774637,0.44602339770024785,tr0,inf3,False,2.078915725634787,0.0,observed
1004,tr0,inf5,0.8365357436310115,exact,feasible,False,0.99849682672659,2.078915725634787,1000,0.017539055402786795,0.00500244205935457,1.0,6,[0.8365357436310115],False,2.0190807618879494,1,1,6,0,0,0.0011385772565195072,0.3922249040446313,0.09802613977879275,0.16175169825512092,0.0027724609770774637,0.44602339770024785,tr0,inf4,False,2.075790755078341,0.0,observed
1005,tr0,inf5,0.8361614847291003,exact,feasible,False,0.99849682672659,2.075790755078341,1000,0.017539055402786795,0.00500244205935457,1.0,6,[0.8361614847291003],False,2.0253196196217274,1,1,6,0,0,0.0011385772565195072,0.3922249040446313,0.09802613977879275,0.16175169825512092,0.0027724609770774637,0.44602339770024785,tr0,inf2,False,2.0726704818941157,0.0,observed
1006,tr0,inf5,0.8357866196674951,exact,feasible,False,0.99849682672659,2.0726704818941157,1000,0.017539055402786795,0.00500244205935457,1.0,6,[0.8357866196674951],False,2.031568334480154,1,1,6,0,0,0.0011385772565195072,0.3922249040446313,0.09802613977879275,0.16175169825512092,0.0027724609770774637,0.44602339770024785,tr0,inf3,False,2.0695548990211465,0.0,observed
1007,tr0,inf5,0.8354111492268451,exact,feasible,False,0.99849682672659,2.0695548990211465,1000,0.017539055402786795,0.00500244205935457,1.0,6,[0.8354111492268451],False,2.03782689303579,1,1,6,0,0,0.0011385772565195072,0.3922249040446313,0.09802613977879275,0.16175169825512092,0.0027724609770774637,0.44602339770024785,tr0,inf4,False,2.066443999409083,0.0,observed
1008,tr0,inf5,0.835035074192094,exact,feasible,False,0.99849682672659,2.066443999409083,1000,0.017539055402786795,0.00500244205935457,1.0,6,[0.835035074192094],False,2.0440952817924023,1,1,6,0,0,0.0011385772565195072,0.3922249040446313,0.09802613977879275,0.16175169825512092,0.0027724609770774637,0.44602339770024785,tr0,inf2,False,2.063337776018173,0.0,observed
1009,tr0,inf5,0.8346583953524683,exact,feasible,False,0.99849682672659,2.063337776018173,1000,0.017539055402786795,0.00500244205935457,1.0,6,[0.8346583953524683],False,2.0503734871851744,1,1,6,0,0,0.0011385772565195072,0.3922249040446313,0.09802613977879275,0.16175169825512092,0.0027724609770774637,0.44602339770024785,tr0,inf3,False,2.0602362218192454,0.0,observed
1010,tr0,inf5,0.8342811135014628,exact,feasible,False,0.99849682672659,2.0602362218192454,1000,0.017539055402786795,0.00500244205935457,1.0,6,[0.8342811135014628],False,2.0566614955809315,1,1,6,0,0,0.0011385772565195072,0.3922249040446313,0.09802613977879275,0.16175169825512092,0.0027724609770774637,0.44602339770024785,tr1,inf4,False,2.1471393297936956,0.09,observed
1011,tr0,inf5,0.8444216527410331,exact,feasible,False,0.99849682672659,2.1471393297936956,1000,0.017539055402786795,0.00500244205935457,1.0,6,[0.8444216527410331],False,1.8875646012927658,1,1,6,0,0,0.0011385772565195072,0.3922249040446313,0.09802613977879275,0.16175169825512092,0.0027724609770774637,0.44602339770024785,tr0,inf2,False,2.143911807338862,0.0,observed
1012,tr0,inf5,0.8440605850509879,exact,feasible,False,0.99849682672659,2.143911807338862,1000,0.017539055402786795,0.00500244205935457,1.0,6,[0.8440605850509879],False,1.8935887703012175,1,1,6,0,0,0.0011385772565195072,0.3922249040446313,0.09802613977879275,0.16175169825512092,0.0027724609770774637,0.44602339770024785,tr0,inf3,False,2.1406891364095224,0.0,observed
1013,tr0,inf5,0.8436988955039435,exact,feasible,False,0.99849682672659,2.1406891364095224,1000,0.017539055402786795,0.00500244205935457,1.0,6,[0.8436988955039435],False,1.8996230676622947,1,1,6,0,0,0.0011385772565195072,0.3922249040446313,0.09802613977879275,0.16175169825512092,0.0027724609770774637,0.44602339770024785,tr0,inf4,False,2.1374713097129927,0.0,observed
1014,tr0,inf5,0.8433365847853341,exact,feasible,False,0.99849682672659,2.1374713097129927,1000,0.017539055402786795,0.00500244205935457,1.0,6,[0.8433365847853341],False,1.905667481476726,1,1,6,0,0,0.0011385772565195072,0.3922249040446313,0.09802613977879275,0.16175169825512092,0.0027724609770774637,0.44602339770024785,tr0,inf2,False,2.1342583199675516,0.0,observed
1015,tr0,inf5,0.8429736535851542,exact,feasible,False,0.99849682672659,2.1342583199675516,1000,0.017539055402786795,0.00500244205935457,1.0,6,[0.8429736535851542],False,1.9117219997719244,1,1,6,0,0,0.0011385772565195072,0.3922249040446313,0.09802613977879275,0.16175169825512092,0.0027724609770774637,0.44602339770024785,tr0,inf3,False,2.1310501599024234,0.0,observed
1016,tr0,inf5,0.8426101025979466,exact,feasible,False,0.99849682672659,2.1310501599024234,1000,0.017539055402786795,0.00500244205935457,1.0,6,[0.8426101025979466],False,1.9177866105021897,1,1,6,0,0,0.0011385772565195072,0.3922249040446313,0.09802613977879275,0.16175169825512092,0.0027724609770774637,0.44602339770024785,tr0,inf4,False,2.1278468222577622,0.0,observed
1017,tr0,inf5,0.842245932522791,exact,feasible,False,0.99849682672659,2.1278468222577622,1000,0.017539055402786795,0.00500244205935457,1.0,6,[0.842245932522791],False,1.923861301548912,1,1,6,0,0,0.0011385772565195072,0.3922249040446313,0.09802613977879275,0.16175169825512092,0.0027724609770774637,0.44602339770024785,tr0,inf2,False,2.124648299784634,0.0,observed
1018,tr0,inf5,0.8418811440632916,exact,feasible,False,0.99849682672659,2.124648299784634,1000,0.017539055402786795,0.00500244205935457,1.0,6,[0.8418811440632916],False,1.9299460607207746,1,1,6,0,0,0.0011385772565195072,0.3922249040446313,0.09802613977879275,0.16175169825512092,0.0027724609770774637,0.44602339770024785,tr0,inf3,False,2.1214545852450017,0.0,observed
1019,tr0,inf5,0.8415157379275653,exact,feasible,False,0.99849682672659,2.1214545852450017,1000,0.017539055402786795,0.00500244205935457,1.0,6,[0.8415157379275653],False,1.9360408757539573,1,1,6,0,0,0.0011385772565195072,0.3922249040446313,0.09802613977879275,0.16175169825512092,0.0027724609770774637,0.44602339770024785,tr0,inf4,False,2.1182656714117085,0.0,observed
1020,tr0,inf5,0.8411497148282301,exact,feasible,False,0.99849682672659,2.1182656714117085,1000,0.017539055402786795,0.00500244205935457,1.0,6,[0.8411497148282301],False,1.942145734312345,1,1,6,0,0,0.0011385772565195072,0.3922249040446313,0.09802613977879275,0.16175169825512092,0.0027724609770774637,0.44602339770024785,tr1,inf2,False,2.2050815510684605,0.09,observed
1021,tr0,inf5,0.8507093585919385,exact,feasible,False,0.99849682672659,2.2050815510684605,1000,0.017539055402786795,0.00500244205935457,1.0,6,[0.8507093585919385],False,1.7826181538050545,1,1,6,0,0,0.0011385772565195072,0.3922249040446313,0.09802613977879275,0.16175169825512092,0.0027724609770774637,0.44602339770024785,tr0,inf3,False,2.201766931415205,0.0,observed
1022,tr0,inf5,0.8503594069847316,exact,feasible,False,0.99849682672659,2.201766931415205,1000,0.017539055402786795,0.00500244205935457,1.0,6,[0.8503594069847316],False,1.7884611494605533,1,1,6,0,0,0.0011385772565195072,0.3922249040446313,0.09802613977879275,0.16175169825512092,0.0027724609770774637,0.44602339770024785,tr0,inf4,False,2.1984572942096237,0.0,observed
1023,tr0,inf5,0.8500088221547965,exact,feasible,False,0.99849682672659,2.1984572942096237,1000,0.017539055402786795,0.00500244205935457,1.0,6,[0.8500088221547965],False,1.7943144717515647,1,1,6,0,0,0.0011385772565195072,0.3922249040446313,0.09802613977879275,0.16175169825512092,0.0027724609770774637,0.44602339770024785,tr0,inf2,False,2.1951526319622343,0.0,observed
1024,tr0,inf5,0.8496576047049534,exact,feasible,False,0.99849682672659,2.1951526319622343,1000,0.017539055402786795,0.00500244205935457,1.0,6,[0.8496576047049534],False,1.8001781101089995,1,1,6,0,0,0.0011385772565195072,0.3922249040446313,0.09802613977879275,0.16175169825512092,0.0027724609770774637,0.44602339770024785,tr0,inf3,False,2.1918529371948132,0.0,observed
1025,tr0,inf5,0.8493057552427827,exact,feasible,False,0.99849682672659,2.1918529371948132,1000,0.017539055402786795,0.00500244205935457,1.0,6,[0.8493057552427827],False,1.806052053887035,1,1,6,0,0,0.0011385772565195072,0.3922249040446313,0.09802613977879275,0.16175169825512092,0.0027724609770774637,0.44602339770024785,tr0,inf4,False,2.188558202440377,0.0,observed
1026,tr0,inf5,0.8489532743806129,exact,feasible,False,0.99849682672659,2.188558202440377,1000,0.017539055402786795,0.00500244205935457,1.0,6,[0.8489532743806129],False,1.811936292363297,1,1,6,0,0,0.0011385772565195072,0.3922249040446313,0.09802613977879275,0.16175169825512092,0.0027724609770774637,0.44602339770024785,tr0,inf2,False,2.1852684202431663,0.0,observed
1027,tr0,inf5,0.8486001627355101,exact,feasible,False,0.99849682672659,2.1852684202431663,1000,0.017539055402786795,0.00500244205935457,1.0,6,[0.8486001627355101],False,1.8178308147390476,1,1,6,0,0,0.0011385772565195072,0.3922249040446313,0.09802613977879275,0.16175169825512092,0.0027724609770774637,0.44602339770024785,tr0,inf3,False,2.18198358315863,0.0,observed
1028,tr0,inf5,0.8482464209292683,exact,feasible,False,0.99849682672659,2.18198358315863,1000,0.017539055402786795,0.00500244205935457,1.0,6,[0.8482464209292683],False,1.8237356101393736,1,1,6,0,0,0.0011385772565195072,0.3922249040446313,0.09802613977879275,0.16175169825512092,0.0027724609770774637,0.44602339770024785,tr0,inf4,False,2.178703683753407,0.0,observed
1029,tr0,inf5,0.8478920495883973,exact,feasible,False,0.99849682672659,2.178703683753407,1000,0.017539055402786795,0.00500244205935457,1.0,6,[0.8478920495883973],False,1.8296506676133713,1,1,6,0,0,0.0011385772565195072,0.3922249040446313,0.09802613977879275,0.16175169825512092,0.0027724609770774637,0.44602339770024785,tr0,inf2,False,2.175428714605309,0.0,observed
1030,tr0,inf5,0.847537049344112,exact,feasible,False,0.99849682672659,2.175428714605309,1000,0.017539055402786795,0.00500244205935457,1.0,6,[0.847537049344112],False,1.8355759761343389,1,1,6,0,0,0.0011385772565195072,0.3922249040446313,0.09802613977879275,0.16175169825512092,0.0027724609770774637,0.44602339770024785,tr1,inf3,False,2.2621586683033055,0.09,observed
1031,tr0,inf5,0.8565570059413742,exact,feasible,False,0.99849682672659,2.2621586683033055,1000,0.017539055402786795,0.00500244205935457,1.0,6,[0.8565570059413742],False,1.6849453425959358,1,1,6,0,0,0.0011385772565195072,0.3922249040446313,0.09802613977879275,0.16175169825512092,0.0027724609770774637,0.44602339770024785,tr0,inf4,False,2.2587582518528992,0.0,observed
1032,tr0,inf5,0.8562178989343481,exact,feasible,False,0.99849682672659,2.2587582518528992,1000,0.017539055402786795,0.00500244205935457,1.0,6,[0.8562178989343481],False,1.6906113702375163,1,1,6,0,0,0.0011385772565195072,0.3922249040446313,0.09802613977879275,0.16175169825512092,0.0027724609770774637,0.44602339770024785,tr0,inf2,False,2.2553629468176197,0.0,observed
1033,tr0,inf5,0.8558781492011847,exact,feasible,False,0.99849682672659,2.2553629468176197,1000,0.017539055402786795,0.00500244205935457,1.0,6,[0.8558781492011847],False,1.6962878921631874,1,1,6,0,0,0.0011385772565195072,0.3922249040446313,0.09802613977879275,0.16175169825512092,0.0027724609770774637,0.44602339770024785,tr0,inf3,False,2.251972745514124,0.0,observed
1034,tr0,inf5,0.8555377572622734,exact,feasible,False,0.99849682672659,2.251972745514124,1000,0.017539055402786795,0.00500244205935457,1.0,6,[0.8555377572622734],False,1.7019748991347359,1,1,6,0,0,0.0011385772565195072,0.3922249040446313,0.09802613977879275,0.16175169825512092,0.0027724609770774637,0.44602339770024785,tr0,inf4,False,2.2485876402706197,0.0,observed
1035,tr0,inf5,0.8551967236429355,exact,feasible,False,0.99849682672659,2.2485876402706197,1000,0.017539055402786795,0.00500244205935457,1.0,6,[0.8551967236429355],False,1.707672381834226,1,1,6,0,0,0.0011385772565195072,0.3922249040446313,0.09802613977879275,0.16175169825512092,0.0027724609770774637,0.44602339770024785,tr0,inf2,False,2.245207623426845,0.0,observed
1036,tr0,inf5,0.8548550488734142,exact,feasible,False,0.99849682672659,2.245207623426845,1000,0.017539055402786795,0.00500244205935457,1.0,6,[0.8548550488734142],False,1.713380330864166,1,1,6,0,0,0.0011385772565195072,0.3922249040446313,0.09802613977879275,0.16175169825512092,0.0027724609770774637,0.44602339770024785,tr0,inf3,False,2.2418326873340533,0.0,observed
1037,tr0,inf5,0.8545127334888655,exact,feasible,False,0.99849682672659,2.2418326873340533,1000,0.017539055402786795,0.00500244205935457,1.0,6,[0.8545127334888655],False,1.719098736747677,1,1,6,0,0,0.0011385772565195072,0.3922249040446313,0.09802613977879275,0.16175169825512092,0.0027724609770774637,0.44602339770024785,tr0,inf4,False,2.238462824354996,0.0,observed
1038,tr0,inf5,0.8541697780293479,exact,feasible,False,0.99849682672659,2.238462824354996,1000,0.017539055402786795,0.00500244205935457,1.0,6,[0.8541697780293479],False,1.7248275899286623,1,1,6,0,0,0.0011385772565195072,0.3922249040446313,0.09802613977879275,0.16175169825512092,0.0027724609770774637,0.44602339770024785,tr0,inf2,False,2.235098026863904,0.0,observed
1039,tr0,inf5,0.8538261830398131,exact,feasible,False,0.99849682672659,2.235098026863904,1000,0.017539055402786795,0.00500244205935457,1.0,6,[0.8538261830398131],False,1.7305668807719778,1,1,6,0,0,0.0011385772565195072,0.3922249040446313,0.09802613977879275,0.16175169825512092,0.0027724609770774637,0.44602339770024785,tr0,inf3,False,2.2317382872464706,0.0,observed
1040,tr0,inf5,0.8534819490700956,exact,feasible,False,0.99849682672659,2.2317382872464706,1000,0.017539055402786795,0.00500244205935457,1.0,6,[0.8534819490700956],False,1.7363165995636043,1,1,6,0,0,0.0011385772565195072,0.3922249040446313,0.09802613977879275,0.16175169825512092,0.0027724609770774637,0.44602339770024785,tr1,inf4,False,2.3183835978998357,0.09,observed
1041,tr0,inf5,0.8620000655446526,exact,feasible,False,0.99849682672659,2.3183835978998357,1000,0.017539055402786795,0.00500244205935457,1.0,6,[0.8620000655446526],False,1.593964925321134,1,1,6,0,0,0.0011385772565195072,0.3922249040446313,0.09802613977879275,0.16175169825512092,0.0027724609770774637,0.44602339770024785,tr0,inf2,False,2.3148986656379607,0.0,observed
1042,tr0,inf5,0.8616715172763808,exact,feasible,False,0.99849682672659,2.3148986656379607,1000,0.017539055402786795,0.00500244205935457,1.0,6,[0.8616715172763808],False,1.599458446876929,1,1,6,0,0,0.0011385772565195072,0.3922249040446313,0.09802613977879275,0.16175169825512092,0.0027724609770774637,0.44602339770024785,tr0,inf3,False,2.3114189718331213,0.0,observed
1043,tr0,inf5,0.8613423184940737,exact,feasible,False,0.99849682672659,2.3114189718331213,1000,0.017539055402786795,0.00500244205935457,1.0,6,[0.8613423184940737],False,1.604962602079815,1,1,6,0,0,0.0011385772565195072,0.3922249040446313,0.09802613977879275,0.16175169825512092,0.0027724609770774637,0.44602339770024785,tr0,inf4,False,2.307944508611009,0.0,observed
1044,tr0,inf5,0.8610124696363397,exact,feasible,False,0.99849682672659,2.307944508611009,1000,0.017539055402786795,0.00500244205935457,1.0,6,[0.8610124696363397],False,1.6104773830153452,1,1,6,0,0,0.0011385772565195072,0.3922249040446313,0.09802613977879275,0.16175169825512092,0.0027724609770774637,0.44602339770024785,tr0,inf2,False,2.3044752681091514,0.0,observed
1045,tr0,inf5,0.8606819711468653,exact,feasible,False,0.99849682672659,2.3044752681091514,1000,0.017539055402786795,0.00500244205935457,1.0,6,[0.8606819711468653],False,1.6160027816867817,1,1,6,0,0,0.0011385772565195072,0.3922249040446313,0.09802613977879275,0.16175169825512092,0.0027724609770774637,0.44602339770024785,tr0,inf3,False,2.3010112424768954,0.0,observed
1046,tr0,inf5,0.8603508234744067,exact,feasible,False,0.99849682672659,2.3010112424768954,1000,0.017539055402786795,0.00500244205935457,1.0,6,[0.8603508234744067],False,1.6215387900152436,1,1,6,0,0,0.0011385772565195072,0.3922249040446313,0.09802613977879275,0.16175169825512092,0.0027724609770774637,0.44602339770024785,tr0,inf4,False,2.297552423875388,0.0,observed
1047,tr0,inf5,0.8600190270727809,exact,feasible,False,0.99849682672659,2.297552423875388,1000,0.017539055402786795,0.00500244205935457,1.0,6,[0.8600190270727809],False,1.6270853998398558,1,1,6,0,0,0.0011385772565195072,0.3922249040446313,0.09802613977879275,0.16175169825512092,0.0027724609770774637,0.44602339770024785,tr0,inf2,False,2.2940988044775605,0.0,observed
1048,tr0,inf5,0.859686582400858,exact,feasible,False,0.99849682672659,2.2940988044775605,1000,0.017539055402786795,0.00500244205935457,1.0,6,[0.859686582400858],False,1.632642602917901,1,1,6,0,0,0.0011385772565195072,0.3922249040446313,0.09802613977879275,0.16175169825512092,0.0027724609770774637,0.44602339770024785,tr0,inf3,False,2.290650376468108,0.0,observed
1049,tr0,inf5,0.8593534899225517,exact,feasible,False,0.99849682672659,2.290650376468108,1000,0.017539055402786795,0.00500244205935457,1.0,6,[0.8593534899225517],False,1.6382103909249712,1,1,6,0,0,0.0011385772565195072,0.3922249040446313,0.09802613977879275,0.16175169825512092,0.0027724609770774637,0.44602339770024785,tr0,inf4,False,2.287207132043475,0.0,observed
1050,tr0,inf5,0.8590197501068112,exact,feasible,False,0.99849682672659,2.287207132043475,1000,0.017539055402786795,0.00500244205935457,1.0,6,[0.8590197501068112],False,1.6437887554551198,1,1,6,0,0,0.0011385772565195072,0.3922249040446313,0.09802613977879275,0.16175169825512092,0.0027724609770774637,0.44602339770024785,tr1,inf2,False,2.3737690634118342,0.09,observed
1051,tr0,inf5,0.7427850435613802,exact,feasible,False,0.9448534892848977,2.3737690634118342,1050,0.4595789435548479,0.9190097615357258,1.0,6,[0.7427850435613802],False,1.972026674938469,1,1,6,0,0,0.4198011646718115,0.07642090337162763,1.0,0.42749735931416666,0.0,0.49608173731420574,tr0,inf3,False,2.242863982321215,0.0,observed
1052,tr0,inf5,0.7321167469344905,exact,feasible,False,0.9448534892848977,2.242863982321215,1050,0.4595789435548479,0.9190097615357258,1.0,6,[0.7321167469344905],False,2.138558694681552,1,1,6,0,0,0.4198011646718115,0.07642090337162763,1.0,0.42749735931416666,0.0,0.49608173731420574,tr0,inf4,False,2.1191778596876207,0.0,observed
1053,tr0,inf5,0.7206692619483573,exact,feasible,False,0.9448534892848977,2.1191778596876207,1050,0.4595789435548479,0.9190097615357258,1.0,6,[0.7206692619483573],False,2.309743155678342,1,1,6,0,0,0.4198011646718115,0.07642090337162763,1.0,0.42749735931416666,0.0,0.49608173731420574,tr0,inf2,False,2.0023125951411496,0.0,observed
1054,tr0,inf5,0.7084715059836731,exact,feasible,False,0.9448534892848977,2.0023125951411496,1050,0.4595789435548479,0.9190097615357258,1.0,6,[0.7084715059836731],False,2.48496465314605,1,1,6,0,0,0.4198011646718115,0.07642090337162763,1.0,0.42749735931416666,0.0,0.49608173731420574,tr0,inf3,False,1.8918920421582137,0.0,observed
1055,tr0,inf5,0.6955601338325115,exact,feasible,False,0.9448534892848977,1.8918920421582137,1050,0.4595789435548479,0.9190097615357258,1.0,6,[0.6955601338325115],False,2.663592912606708,1,1,6,0,0,0.4198011646718115,0.07642090337162763,1.0,0.42749735931416666,0.0,0.49608173731420574,tr0,inf4,False,1.787560797383519,0.0,observed
1056,tr0,inf5,0.68197868906136,exact,feasible,False,0.9448534892848977,1.787560797383519,1050,0.4595789435548479,0.9190097615357258,1.0,6,[0.68197868906136],False,2.84499121319167,1,1,6,0,0,0.4198011646718115,0.07642090337162763,1.0,0.42749735931416666,0.0,0.49608173731420574,tr0,inf2,False,1.688983056716712,0.0,observed
1057,tr0,inf5,0.6677766583442243,exact,feasible,False,0.9448534892848977,1.688983056716712,1050,0.4595789435548479,0.9190097615357258,1.0,6,[0.6677766583442243],False,3.0285242763527167,1,1,6,0,0,0.4198011646718115,0.07642090337162763,1.0,0.42749735931416666,0.0,0.49608173731420574,tr0,inf3,False,1.5958415344818575,0.0,observed
1058,tr0,inf5,0.653008464948366,exact,feasible,False,0.9448534892848977,1.5958415344818575,1050,0.4595789435548479,0.9190097615357258,1.0,6,[0.653008464948366],False,3.2135654972529166,1,1,6,0,0,0.4198011646718115,0.07642090337162763,1.0,0.42749735931416666,0.0,0.49608173731420574,tr0,inf4,False,1.5078364422009485,0.0,observed
1059,tr0,inf5,0.6377324352127886,exact,feasible,False,0.9448534892848977,1.5078364422009485,1050,0.4595789435548479,0.9190097615357258,1.0,6,[0.6377324352127886],False,3.3995034297624938,1,1,6,0,0,0.4198011646718115,0.07642090337162763,1.0,0.42749735931416666,0.0,0.49608173731420574,tr0,inf2,False,1.424684523684492,0.0,observed
1060,tr0,inf5,0.6220097684560477,exact,feasible,False,0.9448534892848977,1.424684523684492,1050,0.4595789435548479,0.9190097615357258,1.0,6,[0.6220097684560477],False,3.5857474677305285,1,1,6,0,0,0.4198011646718115,0.07642090337162763,1.0,0.42749735931416666,0.0,0.49608173731420574,tr1,inf3,False,1.4361181433334849,0.09,observed
1061,tr0,inf5,0.6242499765536929,exact,feasible,False,0.9448534892848977,1.4361181433334849,1050,0.4595789435548479,0.9190097615357258,1.0,6,[0.6242499765536929],False,3.5595062539872218,1,1,6,0,0,0.4198011646718115,0.07642090337162763,1.0,0.42749735931416666,0.0,0.49608173731420574,tr0,inf4,False,1.356921238753992,0.0,observed
1062,tr0,inf5,0.6081939319295395,exact,feasible,False,0.9448534892848977,1.356921238753992,1050,0.4595789435548479,0.9190097615357258,1.0,6,[0.6081939319295395],False,3.7455610673911277,1,1,6,0,0,0.4198011646718115,0.07642090337162763,1.0,0.42749735931416666,0.0,0.49608173731420574,tr0,inf2,False,1.282091767121495,0.0,observed
1063,tr0,inf5,0.5918092781567098,exact,feasible,False,0.9448534892848977,1.282091767121495,1050,0.4595789435548479,0.9190097615357258,1.0,6,[0.5918092781567098],False,3.9308953472513224,1,1,6,0,0,0.4198011646718115,0.07642090337162763,1.0,0.42749735931416666,0.0,0.49608173731420574,tr0,inf3,False,1.211388879748185,0.0,observed
1064,tr0,inf5,0.5751600991114846,exact,feasible,False,0.9448534892848977,1.211388879748185,1050,0.4595789435548479,0.9190097615357258,1.0,6,[0.5751600991114846],False,4.115001979638931,1,1,6,0,0,0.4198011646718115,0.07642090337162763,1.0,0.42749735931416666,0.0,0.49608173731420574,tr0,inf4,False,1.144585009910996,0.0,observed
1065,tr0,inf5,0.5583098313348014,exact,feasible,False,0.9448534892848977,1.144585009910996,1050,0.4595789435548479,0.9190097615357258,1.0,6,[0.5583098313348014],False,4.297408871888122,1,1,6,0,0,0.4198011646718115,0.07642090337162763,1.0,0.42749735931416666,0.0,0.49608173731420574,tr0,inf2,False,1.0814651403975937,0.0,observed
1066,tr0,inf5,0.5413205425338709,exact,feasible,False,0.9448534892848977,1.0814651403975937,1050,0.4595789435548479,0.9190097615357258,1.0,6,[0.5413205425338709],False,4.47768073724076,1,1,6,0,0,0.4198011646718115,0.07642090337162763,1.0,0.42749735931416666,0.0,0.49608173731420574,tr0,inf3,False,1.021826111444648,0.0,observed
1067,tr0,inf5,0.5242523043597122,exact,feasible,False,0.9448534892848977,1.021826111444648,1050,0.4595789435548479,0.9190097615357258,1.0,6,[0.5242523043597122],False,4.6554201989992325,1,1,6,0,0,0.4198011646718115,0.07642090337162763,1.0,0.42749735931416666,0.0,0.49608173731420574,tr0,inf4,False,0.9654759668408944,0.0,observed
1068,tr0,inf5,0.5071626612959247,exact,feasible,False,0.9448534892848977,0.9654759668408944,1050,0.4595789435548479,0.9190097615357258,1.0,6,[0.5071626612959247],False,4.830268279657758,1,1,6,0,0,0.4198011646718115,0.07642090337162763,1.0,0.42749735931416666,0.0,0.49608173731420574,tr0,inf2,False,0.9122333360903292,0.0,observed
1069,tr0,inf5,0.49010619463241806,exact,feasible,False,0.9448534892848977,0.9122333360903292,1050,0.4595789435548479,0.9190097615357258,1.0,6,[0.49010619463241806],False,5.0019043445634175,1,1,6,0,0,0.4198011646718115,0.07642090337162763,1.0,0.42749735931416666,0.0,0.49608173731420574,tr0,inf3,False,0.8619268506469503,0.0,observed
1070,tr0,inf5,0.4731341781668471,exact,feasible,False,0.9448534892848977,0.8619268506469503,1050,0.4595789435548479,0.9190097615357258,1.0,6,[0.4731341781668471],False,5.170045571169048,1,1,6,0,0,0.4198011646718115,0.07642090337162763,1.0,0.42749735931416666,0.0,0.49608173731420574,tr1,inf4,False,0.9043945923421138,0.09,observed
1071,tr0,inf5,0.4875174482849702,exact,feasible,False,0.9448534892848977,0.9043945923421138,1050,0.4595789435548479,0.9190097615357258,1.0,6,[0.4875174482849702],False,5.027716800909282,1,1,6,0,0,0.4198011646718115,0.07642090337162763,1.0,0.42749735931416666,0.0,0.49608173731420574,tr0,inf2,False,0.8545203862648388,0.0,observed
1072,tr0,inf5,0.47056255214372766,exact,feasible,False,0.9448534892848977,0.8545203862648388,1050,0.4595789435548479,0.9190097615357258,1.0,6,[0.47056255214372766],False,5.195303879404525,1,1,6,0,0,0.4198011646718115,0.07642090337162763,1.0,0.42749735931416666,0.0,0.49608173731420574,tr0,inf3,False,0.8073965686274115,0.0,observed
1073,tr0,inf5,0.4537467483695669,exact,feasible,False,0.9448534892848977,0.8073965686274115,1050,0.4595789435548479,0.9190097615357258,1.0,6,[0.4537467483695669],False,5.359115913050169,1,1,6,0,0,0.4198011646718115,0.07642090337162763,1.0,0.42749735931416666,0.0,0.49608173731420574,tr0,inf4,False,0.7628714651042631,0.0,observed
1074,tr0,inf5,0.4371134222403882,exact,feasible,False,0.9448534892848977,0.7628714651042631,1050,0.4595789435548479,0.9190097615357258,1.0,6,[0.4371134222403882],False,5.518947851392139,1,1,6,0,0,0.4198011646718115,0.07642090337162763,1.0,0.42749735931416666,0.0,0.49608173731420574,tr0,inf2,False,0.720801765679645,0.0,observed
1075,tr0,inf5,0.42070210090427157,exact,feasible,False,0.9448534892848977,0.720801765679645,1050,0.4595789435548479,0.9190097615357258,1.0,6,[0.42070210090427157],False,5.6746284542963625,1,1,6,0,0,0.4198011646718115,0.07642090337162763,1.0,0.42749735931416666,0.0,0.49608173731420574,tr0,inf3,False,0.6810520633851278,0.0,observed
1076,tr0,inf5,0.4045484221137145,exact,feasible,False,0.9448534892848977,0.6810520633851278,1050,0.4595789435548479,0.9190097615357258,1.0,6,[0.4045484221137145],False,5.826018511240481,1,1,6,0,0,0.4198011646718115,0.07642090337162763,1.0,0.42749735931416666,0.0,0.49608173731420574,tr0,inf4,False,0.6434944184741173,0.0,observed
1077,tr0,inf5,0.3886841582463278,exact,feasible,False,0.9448534892848977,0.6434944184741173,1050,0.4595789435548479,0.9190097615357258,1.0,6,[0.3886841582463278],False,5.973008911603602,1,1,6,0,0,0.4198011646718115,0.07642090337162763,1.0,0.42749735931416666,0.0,0.49608173731420574,tr0,inf2,False,0.6080079466306259,0.0,observed
1078,tr0,inf5,0.3731372875378301,exact,feasible,False,0.9448534892848977,0.6080079466306259,1050,0.4595789435548479,0.9190097615357258,1.0,6,[0.3731372875378301],False,6.11551861417275,1,1,6,0,0,0.4198011646718115,0.07642090337162763,1.0,0.42749735931416666,0.0,0.49608173731420574,tr0,inf3,False,0.5744784298868927,0.0,observed
1079,tr0,inf5,0.3579321047393742,exact,feasible,False,0.9448534892848977,0.5744784298868927,1050,0.4595789435548479,0.9190097615357258,1.0,6,[0.3579321047393742],False,6.2534925583642265,1,1,6,0,0,0.4198011646718115,0.07642090337162763,1.0,0.42749735931416666,0.0,0.49608173731420574,tr0,inf4,False,0.54279794899754,0.0,observed
1080,tr0,inf5,0.3430893638470072,exact,feasible,False,0.9448534892848977,0.54279794899754,1050,0.4595789435548479,0.9190097615357258,1.0,6,[0.3430893638470072],False,6.3868995540066065,1,1,6,0,0,0.4198011646718115,0.07642090337162763,1.0,0.42749735931416666,0.0,0.49608173731420574,tr1,inf2,False,0.6028645360870115,0.09,observed
1081,tr0,inf5,0.3708377965434018,exact,feasible,False,0.9448534892848977,0.6028645360870115,1050,0.4595789435548479,0.9190097615357258,1.0,6,[0.3708377965434018],False,6.136471962327949,1,1,6,0,0,0.4198011646718115,0.07642090337162763,1.0,0.42749735931416666,0.0,0.49608173731420574,tr0,inf3,False,0.569618660487934,0.0,observed
1082,tr0,inf5,0.3556856574892863,exact,feasible,False,0.9448534892848977,0.569618660487934,1050,0.4595789435548479,0.9190097615357258,1.0,6,[0.3556856574892863],False,6.273763372440272,1,1,6,0,0,0.4198011646718115,0.07642090337162763,1.0,0.42749735931416666,0.0,0.49608173731420574,tr0,inf4,False,0.5382061789238138,0.0,observed
1083,tr0,inf5,0.3408987737839916,exact,feasible,False,0.9448534892848977,0.5382061789238138,1050,0.4595789435548479,0.9190097615357258,1.0,6,[0.3408987737839916],False,6.406485088061381,1,1,6,0,0,0.4198011646718115,0.07642090337162763,1.0,0.42749735931416666,0.0,0.49608173731420574,tr0,inf2,False,0.5085259861108574,0.0,observed
1084,tr0,inf5,0.3264940372557859,exact,feasible,False,0.9448534892848977,0.5085259861108574,1050,0.4595789435548479,0.9190097615357258,1.0,6,[0.3264940372557859],False,6.534630770670276,1,1,6,0,0,0.4198011646718115,0.07642090337162763,1.0,0.42749735931416666,0.0,0.49608173731420574,tr0,inf3,False,0.48048255236888704,0.0,observed
1085,tr0,inf5,0.3124851833236288,exact,feasible,False,0.9448534892848977,0.48048255236888704,1050,0.4595789435548479,0.9190097615357258,1.0,6,[0.3124851833236288],False,6.658213483248065,1,1,6,0,0,0.4198011646718115,0.07642090337162763,1.0,0.42749735931416666,0.0,0.49608173731420574,tr0,inf4,False,0.4539856161462565,0.0,observed
1086,tr0,inf5,0.2988829931394563,exact,feasible,False,0.9448534892848977,0.4539856161462565,1050,0.4595789435548479,0.9190097615357258,1.0,6,[0.2988829931394563],False,6.7772636941612125,1,1,6,0,0,0.4198011646718115,0.07642090337162763,1.0,0.42749735931416666,0.0,0.49608173731420574,tr0,inf2,False,0.4289498935009446,0.0,observed
1087,tr0,inf5,0.2856955036610816,exact,feasible,False,0.9448534892848977,0.4289498935009446,1050,0.4595789435548479,0.9190097615357258,1.0,6,[0.2856955036610816],False,6.891827358100646,1,1,6,0,0,0.4198011646718115,0.07642090337162763,1.0,0.42749735931416666,0.0,0.49608173731420574,tr0,inf3,False,0.4052948036027527,0.0,observed
1088,tr0,inf5,0.27292822150034846,exact,feasible,False,0.9448534892848977,0.4052948036027527,1050,0.4595789435548479,0.9190097615357258,1.0,6,[0.27292822150034846],False,7.001964086748741,1,1,6,0,0,0.4198011646718115,0.07642090337162763,1.0,0.42749735931416666,0.0,0.49608173731420574,tr0,inf4,False,0.3829442093730982,0.0,observed
1089,tr0,inf5,0.2605843370086532,exact,feasible,False,0.9448534892848977,0.3829442093730982,1050,0.4595789435548479,0.9190097615357258,1.0,6,[0.2605843370086532],False,7.107745418442764,1,1,6,0,0,0.4198011646718115,0.07642090337162763,1.0,0.42749735931416666,0.0,0.49608173731420574,tr0,inf2,False,0.3618261724276182,0.0,observed
1090,tr0,inf5,0.24866493564178105,exact,feasible,False,0.9448534892848977,0.3618261724276182,1050,0.4595789435548479,0.9190097615357258,1.0,6,[0.24866493564178105],False,7.209253193134007,1,1,6,0,0,0.4198011646718115,0.07642090337162763,1.0,0.42749735931416666,0.0,0.49608173731420574,tr1,inf3,False,0.43187272153283407,0.09,observed
1091,tr0,inf5,0.2872521710415103,exact,feasible,False,0.9448534892848977,0.43187272153283407,1050,0.4595789435548479,0.9190097615357258,1.0,6,[0.2872521710415103],False,6.878347072868465,1,1,6,0,0,0.4198011646718115,0.07642090337162763,1.0,0.42749735931416666,0.0,0.49608173731420574,tr0,inf4,False,0.40805644786726325,0.0,observed
1092,tr0,inf5,0.27443437264174536,exact,feasible,False,0.9448534892848977,0.40805644786726325,1050,0.4595789435548479,0.9190097615357258,1.0,6,[0.27443437264174536],False,6.98901021578415,1,1,6,0,0,0.4198011646718115,0.07642090337162763,1.0,0.42749735931416666,0.0,0.49608173731420574,tr0,inf2,False,0.3855535585925846,0.0,observed
1093,tr0,inf5,0.2620397050095219,exact,feasible,False,0.9448534892848977,0.3855535585925846,1050,0.4595789435548479,0.9190097615357258,1.0,6,[0.2620397050095219],False,7.095308823865365,1,1,6,0,0,0.4198011646718115,0.07642090337162763,1.0,0.42749735931416666,0.0,0.49608173731420574,tr0,inf3,False,0.3642916251424128,0.0,observed
1094,tr0,inf5,0.25006949459846556,exact,feasible,False,0.9448534892848977,0.3642916251424128,1050,0.4595789435548479,0.9190097615357258,1.0,6,[0.25006949459846556],False,7.197323585866172,1,1,6,0,0,0.4198011646718115,0.07642090337162763,1.0,0.42749735931416666,0.0,0.49608173731420574,tr0,inf4,False,0.3442022131330747,0.0,observed
1095,tr0,inf5,0.23852314483946407,exact,feasible,False,0.9448534892848977,0.3442022131330747,1050,0.4595789435548479,0.9190097615357258,1.0,6,[0.23852314483946407],False,7.295144151824359,1,1,6,0,0,0.4198011646718115,0.07642090337162763,1.0,0.42749735931416666,0.0,0.49608173731420574,tr0,inf2,False,0.32522066209836964,0.0,observed
1096,tr0,inf5,0.22739833621601802,exact,feasible,False,0.9448534892848977,0.32522066209836964,1050,0.4595789435548479,0.9190097615357258,1.0,6,[0.22739833621601802],False,7.388867714417001,1,1,6,0,0,0.4198011646718115,0.07642090337162763,1.0,0.42749735931416666,0.0,0.49608173731420574,tr0,inf3,False,0.30728587737118923,0.0,observed
1097,tr0,inf5,0.21669121791571308,exact,feasible,False,0.9448534892848977,0.30728587737118923,1050,0.4595789435548479,0.9190097615357258,1.0,6,[0.21669121791571308],False,7.4785977008185505,1,1,6,0,0,0.4198011646718115,0.07642090337162763,1.0,0.42749735931416666,0.0,0.49608173731420574,tr0,inf4,False,0.2903401334421393,0.0,observed
1098,tr0,inf5,0.2063965898970306,exact,feasible,False,0.9448534892848977,0.2903401334421393,1050,0.4595789435548479,0.9190097615357258,1.0,6,[0.2063965898970306],False,7.564442573513511,1,1,6,0,0,0.4198011646718115,0.07642090337162763,1.0,0.42749735931416666,0.0,0.49608173731420574,tr0,inf2,False,0.27432888816224815,0.0,observed
1099,tr0,inf5,0.19650807455141445,exact,feasible,False,0.9448534892848977,0.27432888816224815,1050,0.4595789435548479,0.9190097615357258,1.0,6,[0.19650807455141445],False,7.646514737293809,1,1,6,0,0,0.4198011646718115,0.07642090337162763,1.0,0.42749735931416666,0.0,0.49608173731420574,tr0,inf3,False,0.25920060719174665,0.0,observed
1100,tr0,inf5,0.1870182774338573,exact,feasible,False,0.9448534892848977,0.25920060719174665,1050,0.4595789435548479,0.9190097615357258,1.0,6,[0.1870182774338573],False,7.724929548711822,1,1,6,0,0,0.4198011646718115,0.07642090337162763,1.0,0.42749735931416666,0.0,0.49608173731420574,tr1,inf4,False,0.334906598129886,0.09,observed
1101,tr0,inf5,0.2702757299432353,exact,feasible,False,0.9966601372513461,0.334906598129886,1100,0.03681133777671378,0.019747786325839064,1.0,6,[0.2702757299432353],False,11.12407892547902,1,1,6,0,0,0.019292769642781236,0.36350350882048504,0.2084116812797027,0.14174113076844305,0.0005211483642053437,0.4947553604110718,tr0,inf2,False,0.3337880560585136,0.0,observed
1102,tr0,inf5,0.2695153567755988,exact,feasible,False,0.9966601372513461,0.3337880560585136,1100,0.03681133777671378,0.019747786325839064,1.0,6,[0.2695153567755988],False,11.136182792798655,1,1,6,0,0,0.019292769642781236,0.36350350882048504,0.2084116812797027,0.14174113076844305,0.0005211483642053437,0.4947553604110718,tr0,inf3,False,0.33267324976413815,0.0,observed
1103,tr0,inf5,0.26875667642432854,exact,feasible,False,0.9966601372513461,0.33267324976413815,1100,0.03681133777671378,0.019747786325839064,1.0,6,[0.26875667642432854],False,11.148259342014084,1,1,6,0,0,0.019292769642781236,0.36350350882048504,0.2084116812797027,0.14174113076844305,0.0005211483642053437,0.4947553604110718,tr0,inf4,False,0.33156216676977723,0.0,observed
1104,tr0,inf5,0.2679996879439341,exact,feasible,False,0.9966601372513461,0.33156216676977723,1100,0.03681133777671378,0.019747786325839064,1.0,6,[0.2679996879439341],False,11.160308591083988,1,1,6,0,0,0.019292769642781236,0.36350350882048504,0.2084116812797027,0.14174113076844305,0.0005211483642053437,0.4947553604110718,tr0,inf2,False,0.33045479464011984,0.0,observed
1105,tr0,inf5,0.2672443903690196,exact,feasible,False,0.9966601372513461,0.33045479464011984,1100,0.03681133777671378,0.019747786325839064,1.0,6,[0.2672443903690196],False,11.17233055826982,1,1,6,0,0,0.019292769642781236,0.36350350882048504,0.2084116812797027,0.14174113076844305,0.0005211483642053437,0.4947553604110718,tr0,inf3,False,0.3293511209813872,0.0,observed
1106,tr0,inf5,0.26649078271443355,exact,feasible,False,0.9966601372513461,0.3293511209813872,1100,0.03681133777671378,0.019747786325839064,1.0,6,[0.26649078271443355],False,11.184325262133465,1,1,6,0,0,0.019292769642781236,0.36350350882048504,0.2084116812797027,0.14174113076844305,0.0005211483642053437,0.4947553604110718,tr0,inf4,False,0.32825113344119405,0.0,observed
1107,tr0,inf5,0.26573886397541807,exact,feasible,False,0.9966601372513461,0.32825113344119405,1100,0.03681133777671378,0.019747786325839064,1.0,6,[0.26573886397541807],False,11.19629272153487,1,1,6,0,0,0.019292769642781236,0.36350350882048504,0.2084116812797027,0.14174113076844305,0.0005211483642053437,0.4947553604110718,tr0,inf2,False,0.32715481970841037,0.0,observed
1108,tr0,inf5,0.26498863312775733,exact,feasible,False,0.9966601372513461,0.32715481970841037,1100,0.03681133777671378,0.019747786325839064,1.0,6,[0.26498863312775733],False,11.208232955629725,1,1,6,0,0,0.019292769642781236,0.36350350882048504,0.2084116812797027,0.14174113076844305,0.0005211483642053437,0.4947553604110718,tr0,inf3,False,0.32606216751302364,0.0,observed
1109,tr0,inf5,0.26424008912792585,exact,feasible,False,0.9966601372513461,0.32606216751302364,1100,0.03681133777671378,0.019747786325839064,1.0,6,[0.26424008912792585],False,11.220145983867114,1,1,6,0,0,0.019292769642781236,0.36350350882048504,0.2084116812797027,0.14174113076844305,0.0005211483642053437,0.4947553604110718,tr0,inf4,False,0.3249731646260015,0.0,observed
1110,tr0,inf5,0.26349323091323623,exact,feasible,False,0.9966601372513461,0.3249731646260015,1100,0.03681133777671378,0.019747786325839064,1.0,6,[0.26349323091323623],False,11.232031825987194,1,1,6,0,0,0.019292769642781236,0.36350350882048504,0.2084116812797027,0.14174113076844305,0.0005211483642053437,0.4947553604110718,tr1,inf2,False,0.41388779885915494,0.09,observed
1111,tr0,inf5,0.3218719166163617,exact,feasible,False,0.9966601372513461,0.41388779885915494,1100,0.03681133777671378,0.019747786325839064,1.0,6,[0.3218719166163617],False,10.301859288782394,1,1,6,0,0,0.019292769642781236,0.36350350882048504,0.2084116812797027,0.14174113076844305,0.0005211483642053437,0.4947553604110718,tr0,inf3,False,0.41250547041762287,0.0,observed
1112,tr0,inf5,0.32100347246299643,exact,feasible,False,0.9966601372513461,0.41250547041762287,1100,0.03681133777671378,0.019747786325839064,1.0,6,[0.32100347246299643],False,10.315713519225,1,1,6,0,0,0.019292769642781236,0.36350350882048504,0.2084116812797027,0.14174113076844305,0.0005211483642053437,0.4947553604110718,tr0,inf4,False,0.41112775876335905,0.0,observed
1113,tr0,inf5,0.32013673350217886,exact,feasible,False,0.9966601372513461,0.41112775876335905,1100,0.03681133777671378,0.019747786325839064,1.0,6,[0.32013673350217886],False,10.329540021148057,1,1,6,0,0,0.019292769642781236,0.36350350882048504,0.2084116812797027,0.14174113076844305,0.0005211483642053437,0.4947553604110718,tr0,inf2,False,0.4097546484769277,0.0,observed
1114,tr0,inf5,0.31927170037276964,exact,feasible,False,0.9966601372513461,0.4097546484769277,1100,0.03681133777671378,0.019747786325839064,1.0,6,[0.31927170037276964],False,10.343338788207156,1,1,6,0,0,0.019292769642781236,0.36350350882048504,0.2084116812797027,0.14174113076844305,0.0005211483642053437,0.4947553604110718,tr0,inf3,False,0.40838612419039183,0.0,observed
1115,tr0,inf5,0.3184083736833729,exact,feasible,False,0.9966601372513461,0.40838612419039183,1100,0.03681133777671378,0.019747786325839064,1.0,6,[0.3184083736833729],False,10.357109814525046,1,1,6,0,0,0.019292769642781236,0.36350350882048504,0.2084116812797027,0.14174113076844305,0.0005211483642053437,0.4947553604110718,tr0,inf4,False,0.4070221705871412,0.0,observed
1116,tr0,inf5,0.31754675401251115,exact,feasible,False,0.9966601372513461,0.4070221705871412,1100,0.03681133777671378,0.019747786325839064,1.0,6,[0.31754675401251115],False,10.370853094688847,1,1,6,0,0,0.019292769642781236,0.36350350882048504,0.2084116812797027,0.14174113076844305,0.0005211483642053437,0.4947553604110718,tr0,inf2,False,0.40566277240172094,0.0,observed
1117,tr0,inf5,0.3166868419087987,exact,feasible,False,0.9966601372513461,0.40566277240172094,1100,0.03681133777671378,0.019747786325839064,1.0,6,[0.3166868419087987],False,10.384568623747267,1,1,6,0,0,0.019292769642781236,0.36350350882048504,0.2084116812797027,0.14174113076844305,0.0005211483642053437,0.4947553604110718,tr0,inf3,False,0.40430791441966074,0.0,observed
1118,tr0,inf5,0.31582863789111587,exact,feasible,False,0.9966601372513461,0.40430791441966074,1100,0.03681133777671378,0.019747786325839064,1.0,6,[0.31582863789111587],False,10.398256397207813,1,1,6,0,0,0.019292769642781236,0.36350350882048504,0.2084116812797027,0.14174113076844305,0.0005211483642053437,0.4947553604110718,tr0,inf4,False,0.40295758147730454,0.0,observed
1119,tr0,inf5,0.3149721424487823,exact,feasible,False,0.9966601372513461,0.40295758147730454,1100,0.03681133777671378,0.019747786325839064,1.0,6,[0.3149721424487823],False,10.411916411034028,1,1,6,0,0,0.019292769642781236,0.36350350882048504,0.2084116812797027,0.14174113076844305,0.0005211483642053437,0.4947553604110718,tr0,inf2,False,0.4016117584616408,0.0,observed
1120,tr0,inf5,0.31411735604173024,exact,feasible,False,0.9966601372513461,0.4016117584616408,1100,0.03681133777671378,0.019747786325839064,1.0,6,[0.31411735604173024],False,10.425548661642704,1,1,6,0,0,0.019292769642781236,0.36350350882048504,0.2084116812797027,0.14174113076844305,0.0005211483642053437,0.4947553604110718,tr1,inf3,False,0.4902704303101334,0.09,observed
1121,tr0,inf5,0.36804026698887093,exact,feasible,False,0.9966601372513461,0.4902704303101334,1100,0.03681133777671378,0.019747786325839064,1.0,6,[0.36804026698887093],False,9.564558897651354,1,1,6,0,0,0.019292769642781236,0.36350350882048504,0.2084116812797027,0.14174113076844305,0.0005211483642053437,0.4947553604110718,tr0,inf4,False,0.48863299436317403,0.0,observed
1122,tr0,inf5,0.36708708061190737,exact,feasible,False,0.9966601372513461,0.48863299436317403,1100,0.03681133777671378,0.019747786325839064,1.0,6,[0.36708708061190737],False,9.579797004859696,1,1,6,0,0,0.019292769642781236,0.36350350882048504,0.2084116812797027,0.14174113076844305,0.0005211483642053437,0.4947553604110718,tr0,inf2,False,0.48700102722753724,0.0,observed
1123,tr0,inf5,0.36613552350616346,exact,feasible,False,0.9966601372513461,0.48700102722753724,1100,0.03681133777671378,0.019747786325839064,1.0,6,[0.36613552350616346],False,9.59500838021965,1,1,6,0,0,0.019292769642781236,0.36350350882048504,0.2084116812797027,0.14174113076844305,0.0005211483642053437,0.4947553604110718,tr0,inf3,False,0.4853745106381438,0.0,observed
1124,tr0,inf5,0.3651855980730405,exact,feasible,False,0.9966601372513461,0.4853745106381438,1100,0.03681133777671378,0.019747786325839064,1.0,6,[0.3651855980730405],False,9.610192990017547,1,1,6,0,0,0.019292769642781236,0.36350350882048504,0.2084116812797027,0.14174113076844305,0.0005211483642053437,0.4947553604110718,tr0,inf4,False,0.48375342639091734,0.0,observed
1125,tr0,inf5,0.36423730667472914,exact,feasible,False,0.9966601372513461,0.48375342639091734,1100,0.03681133777671378,0.019747786325839064,1.0,6,[0.36423730667472914],False,9.625350801151653,1,1,6,0,0,0.019292769642781236,0.36350350882048504,0.2084116812797027,0.14174113076844305,0.0005211483642053437,0.4947553604110718,tr0,inf2,False,0.4821377563425806,0.0,observed
1126,tr0,inf5,0.3632906516343845,exact,feasible,False,0.9966601372513461,0.4821377563425806,1100,0.03681133777671378,0.019747786325839064,1.0,6,[0.3632906516343845],False,9.640481781129283,1,1,6,0,0,0.019292769642781236,0.36350350882048504,0.2084116812797027,0.14174113076844305,0.0005211483642053437,0.4947553604110718,tr0,inf3,False,0.4805274824104524,0.0,observed
1127,tr0,inf5,0.36234563523630264,exact,feasible,False,0.9966601372513461,0.4805274824104524,1100,0.03681133777671378,0.019747786325839064,1.0,6,[0.36234563523630264],False,9.655585898063949,1,1,6,0,0,0.019292769642781236,0.36350350882048504,0.2084116812797027,0.14174113076844305,0.0005211483642053437,0.4947553604110718,tr0,inf4,False,0.4789225865722453,0.0,observed
1128,tr0,inf5,0.3614022597260964,exact,feasible,False,0.9966601372513461,0.4789225865722453,1100,0.03681133777671378,0.019747786325839064,1.0,6,[0.3614022597260964],False,9.670663120672462,1,1,6,0,0,0.019292769642781236,0.36350350882048504,0.2084116812797027,0.14174113076844305,0.0005211483642053437,0.4947553604110718,tr0,inf2,False,0.47732305086586363,0.0,observed
1129,tr0,inf5,0.36046052731087186,exact,feasible,False,0.9966601372513461,0.47732305086586363,1100,0.03681133777671378,0.019747786325839064,1.0,6,[0.36046052731087186],False,9.685713418272066,1,1,6,0,0,0.019292769642781236,0.36350350882048504,0.2084116812797027,0.14174113076844305,0.0005211483642053437,0.4947553604110718,tr0,inf3,False,0.4757288573892029,0.0,observed
1130,tr0,inf5,0.3595204401594046,exact,feasible,False,0.9966601372513461,0.4757288573892029,1100,0.03681133777671378,0.019747786325839064,1.0,6,[0.3595204401594046],False,9.700736760777568,1,1,6,0,0,0.019292769642781236,0.36350350882048504,0.2084116812797027,0.14174113076844305,0.0005211483642053437,0.4947553604110718,tr1,inf4,False,0.5641399882999489,0.09,observed
1131,tr0,inf5,0.409457545731869,exact,feasible,False,0.9966601372513461,0.5641399882999489,1100,0.03681133777671378,0.019747786325839064,1.0,6,[0.409457545731869],False,8.901760438450644,1,1,6,0,0,0.019292769642781236,0.36350350882048504,0.2084116812797027,0.14174113076844305,0.0005211483642053437,0.4947553604110718,tr0,inf2,False,0.5622558381679998,0.0,observed
1132,tr0,inf5,0.40843871635447737,exact,feasible,False,0.9966601372513461,0.5622558381679998,1100,0.03681133777671378,0.019747786325839064,1.0,6,[0.40843871635447737],False,8.918081103617363,1,1,6,0,0,0.019292769642781236,0.36350350882048504,0.2084116812797027,0.14174113076844305,0.0005211483642053437,0.4947553604110718,tr0,inf3,False,0.5603779808388893,0.0,observed
1133,tr0,inf5,0.40742137790959493,exact,feasible,False,0.9966601372513461,0.5603779808388893,1100,0.03681133777671378,0.019747786325839064,1.0,6,[0.40742137790959493],False,8.934377039927483,1,1,6,0,0,0.019292769642781236,0.36350350882048504,0.2084116812797027,0.14174113076844305,0.0005211483642053437,0.4947553604110718,tr0,inf4,False,0.5585063952955196,0.0,observed
1134,tr0,inf5,0.4064055345972638,exact,feasible,False,0.9966601372513461,0.5585063952955196,1100,0.03681133777671378,0.019747786325839064,1.0,6,[0.4064055345972638],False,8.95064818546205,1,1,6,0,0,0.019292769642781236,0.36350350882048504,0.2084116812797027,0.14174113076844305,0.0005211483642053437,0.4947553604110718,tr0,inf2,False,0.5566410605909871,0.0,observed
1135,tr0,inf5,0.40539119057129885,exact,feasible,False,0.9966601372513461,0.5566410605909871,1100,0.03681133777671378,0.019747786325839064,1.0,6,[0.40539119057129885],False,8.966894479030286,1,1,6,0,0,0.019292769642781236,0.36350350882048504,0.2084116812797027,0.14174113076844305,0.0005211483642053437,0.4947553604110718,tr0,inf3,False,0.554781955848348,0.0,observed
1136,tr0,inf5,0.4043783499394427,exact,feasible,False,0.9966601372513461,0.554781955848348,1100,0.03681133777671378,0.019747786325839064,1.0,6,[0.4043783499394427],False,8.983115860166956,1,1,6,0,0,0.019292769642781236,0.36350350882048504,0.2084116812797027,0.14174113076844305,0.0005211483642053437,0.4947553604110718,tr0,inf4,False,0.5529290602603847,0.0,observed
1137,tr0,inf5,0.403367016763522,exact,feasible,False,0.9966601372513461,0.5529290602603847,1100,0.03681133777671378,0.019747786325839064,1.0,6,[0.403367016763522],False,8.999312269129758,1,1,6,0,0,0.019292769642781236,0.36350350882048504,0.2084116812797027,0.14174113076844305,0.0005211483642053437,0.4947553604110718,tr0,inf2,False,0.5510823530893728,0.0,observed
1138,tr0,inf5,0.40235719505960427,exact,feasible,False,0.9966601372513461,0.5510823530893728,1100,0.03681133777671378,0.019747786325839064,1.0,6,[0.40235719505960427],False,9.015483646896673,1,1,6,0,0,0.019292769642781236,0.36350350882048504,0.2084116812797027,0.14174113076844305,0.0005211483642053437,0.4947553604110718,tr0,inf3,False,0.5492418136668491,0.0,observed
1139,tr0,inf5,0.4013488887981551,exact,feasible,False,0.9966601372513461,0.5492418136668491,1100,0.03681133777671378,0.019747786325839064,1.0,6,[0.4013488887981551],False,9.03162993516333,1,1,6,0,0,0.019292769642781236,0.36350350882048504,0.2084116812797027,0.14174113076844305,0.0005211483642053437,0.4947553604110718,tr0,inf4,False,0.5474074213933801,0.0,observed
1140,tr0,inf5,0.40034210190419695,exact,feasible,False,0.9966601372513461,0.5474074213933801,1100,0.03681133777671378,0.019747786325839064,1.0,6,[0.40034210190419695],False,9.047751076340344,1,1,6,0,0,0.019292769642781236,0.36350350882048504,0.2084116812797027,0.14174113076844305,0.0005211483642053437,0.4947553604110718,tr1,inf2,False,0.6355791557383316,0.09,observed
1141,tr0,inf5,0.44670466299836414,exact,feasible,False,0.9966601372513461,0.6355791557383316,1100,0.03681133777671378,0.019747786325839064,1.0,6,[0.44670466299836414],False,8.304500582601127,1,1,6,0,0,0.019292769642781236,0.36350350882048504,0.2084116812797027,0.14174113076844305,0.0005211483642053437,0.4947553604110718,tr0,inf3,False,0.6334564085922602,0.0,observed
1142,tr0,inf5,0.445635828626597,exact,feasible,False,0.9966601372513461,0.6334564085922602,1100,0.03681133777671378,0.019747786325839064,1.0,6,[0.445635828626597],False,8.321656006419957,1,1,6,0,0,0.019292769642781236,0.36350350882048504,0.2084116812797027,0.14174113076844305,0.0005211483642053437,0.4947553604110718,tr0,inf4,False,0.6313407511303067,0.0,observed
1143,tr0,inf5,0.44456830411129766,exact,feasible,False,0.9966601372513461,0.6313407511303067,1100,0.03681133777671378,0.019747786325839064,1.0,6,[0.44456830411129766],False,8.33878940409751,1,1,6,0,0,0.019292769642781236,0.36350350882048504,0.2084116812797027,0.14174113076844305,0.0005211483642053437,0.4947553604110718,tr0,inf2,False,0.6292321596738994,0.0,observed
1144,tr0,inf5,0.4435020953937147,exact,feasible,False,0.9966601372513461,0.6292321596738994,1100,0.03681133777671378,0.019747786325839064,1.0,6,[0.4435020953937147],False,8.355900686162135,1,1,6,0,0,0.019292769642781236,0.36350350882048504,0.2084116812797027,0.14174113076844305,0.0005211483642053437,0.4947553604110718,tr0,inf3,False,0.6271306106235495,0.0,observed
1145,tr0,inf5,0.44243720836398653,exact,feasible,False,0.9966601372513461,0.6271306106235495,1100,0.03681133777671378,0.019747786325839064,1.0,6,[0.44243720836398653],False,8.372989763954495,1,1,6,0,0,0.019292769642781236,0.36350350882048504,0.2084116812797027,0.14174113076844305,0.0005211483642053437,0.4947553604110718,tr0,inf4,False,0.6250360804585873,0.0,observed
1146,tr0,inf5,0.44137364886125713,exact,feasible,False,0.9966601372513461,0.6250360804585873,1100,0.03681133777671378,0.019747786325839064,1.0,6,[0.44137364886125713],False,8.390056549625506,1,1,6,0,0,0.019292769642781236,0.36350350882048504,0.2084116812797027,0.14174113076844305,0.0005211483642053437,0.4947553604110718,tr0,inf2,False,0.622948545736899,0.0,observed
1147,tr0,inf5,0.4403114226737938,exact,feasible,False,0.9966601372513461,0.622948545736899,1100,0.03681133777671378,0.019747786325839064,1.0,6,[0.4403114226737938],False,8.407100956134245,1,1,6,0,0,0.019292769642781236,0.36350350882048504,0.2084116812797027,0.14174113076844305,0.0005211483642053437,0.4947553604110718,tr0,inf3,False,0.6208679830946642,0.0,observed
1148,tr0,inf5,0.4392505355391059,exact,feasible,False,0.9966601372513461,0.6208679830946642,1100,0.03681133777671378,0.019747786325839064,1.0,6,[0.4392505355391059],False,8.42412289724586,1,1,6,0,0,0.019292769642781236,0.36350350882048504,0.2084116812797027,0.14174113076844305,0.0005211483642053437,0.4947553604110718,tr0,inf4,False,0.6187943692460944,0.0,observed
1149,tr0,inf5,0.4381909931440652,exact,feasible,False,0.9966601372513461,0.6187943692460944,1100,0.03681133777671378,0.019747786325839064,1.0,6,[0.4381909931440652],False,8.441122287529428,1,1,6,0,0,0.019292769642781236,0.36350350882048504,0.2084116812797027,0.14174113076844305,0.0005211483642053437,0.4947553604110718,tr0,inf2,False,0.6167276809831725,0.0,observed
1150,tr0,inf5,0.437132801125027,exact,feasible,False,0.9966601372513461,0.6167276809831725,1100,0.03681133777671378,0.019747786325839064,1.0,6,[0.437132801125027],False,8.458099042355835,1,1,6,0,0,0.019292769642781236,0.36350350882048504,0.2084116812797027,0.14174113076844305,0.0005211483642053437,0.4947553604110718,tr1,inf3,False,0.7046678951753931,0.09,observed
1151,tr0,inf5,0.47453953116844333,exact,feasible,False,0.9906891111203975,0.7046678951753931,1150,0.071176692404997,0.180837674360138,0.6666666666666666,6,[0.47453953116844333],False,7.585351279987873,1,1,6,0,0,0.03084533499992384,0.6853352939551169,0.15901782028437256,0.314664706044883,,0.0,tr0,inf4,False,0.6981068107063916,0.0,observed
1152,tr0,inf5,0.47148655265844513,exact,feasible,False,0.9906891111203975,0.6981068107063916,1150,0.071176692404997,0.180837674360138,0.6666666666666666,6,[0.47148655265844513],False,7.631528212636569,1,1,6,0,0,0.03084533499992384,0.6853352939551169,0.15901782028437256,0.314664706044883,,0.0,tr0,inf2,False,0.6916068157658106,0.0,observed
1153,tr0,inf5,0.4684421835965856,exact,feasible,False,0.9906891111203975,0.6916068157658106,1150,0.071176692404997,0.180837674360138,0.6666666666666666,6,[0.4684421835965856],False,7.677552904340522,1,1,6,0,0,0.03084533499992384,0.6853352939551169,0.15901782028437256,0.314664706044883,,0.0,tr0,inf3,False,0.6851673415558395,0.0,observed
1154,tr0,inf5,0.46540658428783405,exact,feasible,False,0.9906891111203975,0.6851673415558395,1150,0.071176692404997,0.180837674360138,0.6666666666666666,6,[0.46540658428783405],False,7.723423275187015,1,1,6,0,0,0.03084533499992384,0.6853352939551169,0.15901782028437256,0.314664706044883,,0.0,tr0,inf4,False,0.6787878245746803,0.0,observed
1155,tr0,inf5,0.4623799117969496,exact,feasible,False,0.9906891111203975,0.6787878245746803,1150,0.071176692404997,0.180837674360138,0.6666666666666666,6,[0.4623799117969496],False,7.769137293479004,1,1,6,0,0,0.03084533499992384,0.6853352939551169,0.15901782028437256,0.314664706044883,,0.0,tr0,inf2,False,0.6724677065672384,0.0,observed
1156,tr0,inf5,0.4593623199604815,exact,feasible,False,0.9906891111203975,0.6724677065672384,1150,0.071176692404997,0.180837674360138,0.6666666666666666,6,[0.4593623199604815],False,7.814692975447488,1,1,6,0,0,0.03084533499992384,0.6853352939551169,0.15901782028437256,0.314664706044883,,0.0,tr0,inf3,False,0.6662064344762697,0.0,observed
1157,tr0,inf5,0.4563539593996928,exact,feasible,False,0.9906891111203975,0.6662064344762697,1150,0.071176692404997,0.180837674360138,0.6666666666666666,6,[0.4563539593996928],False,7.860088384953077,1,1,6,0,0,0.03084533499992384,0.6853352939551169,0.15901782028437256,0.314664706044883,,0.0,tr0,inf4,False,0.6600034603939849,0.0,observed
1158,tr0,inf5,0.4533549775343802,exact,feasible,False,0.9906891111203975,0.6600034603939849,1150,0.071176692404997,0.180837674360138,0.6666666666666666,6,[0.4533549775343802],False,7.905321633177136,1,1,6,0,0,0.03084533499992384,0.6853352939551169,0.15901782028437256,0.314664706044883,,0.0,tr0,inf2,False,0.6538582415141034,0.0,observed
1159,tr0,inf5,0.4503655185975606,exact,feasible,False,0.9906891111203975,0.6538582415141034,1150,0.071176692404997,0.180837674360138,0.6666666666666666,6,[0.4503655185975606],False,7.950390878302927,1,1,6,0,0,0.03084533499992384,0.6853352939551169,0.15901782028437256,0.314664706044883,,0.0,tr0,inf3,False,0.6477702400843534,0.0,observed
1160,tr0,inf5,0.4473857236509961,exact,feasible,False,0.9906891111203975,0.6477702400843534,1150,0.071176692404997,0.180837674360138,0.6666666666666666,6,[0.4473857236509961],False,7.995294325187135,1,1,6,0,0,0.03084533499992384,0.6853352939551169,0.15901782028437256,0.314664706044883,,0.0,tr1,inf4,False,0.7317389233594145,0.09,observed
1161,tr0,inf5,0.486926419743682,exact,feasible,False,0.9906891111203975,0.7317389233594145,1150,0.071176692404997,0.180837674360138,0.6666666666666666,6,[0.486926419743682],False,7.397766799529163,1,1,6,0,0,0.03084533499992384,0.6853352939551169,0.15901782028437256,0.314664706044883,,0.0,tr0,inf2,False,0.724925783555135,0.0,observed
1162,tr0,inf5,0.48384043755643436,exact,feasible,False,0.9906891111203975,0.724925783555135,1150,0.071176692404997,0.180837674360138,0.6666666666666666,6,[0.48384043755643436],False,7.44453516773923,1,1,6,0,0,0.03084533499992384,0.6853352939551169,0.15901782028437256,0.314664706044883,,0.0,tr0,inf3,False,0.7181760801384944,0.0,observed
1163,tr0,inf5,0.4807623857655955,exact,feasible,False,0.9906891111203975,0.7181760801384944,1150,0.071176692404997,0.180837674360138,0.6666666666666666,6,[0.4807623857655955],False,7.491160170821308,1,1,6,0,0,0.03084533499992384,0.6853352939551169,0.15901782028437256,0.314664706044883,,0.0,tr0,inf4,False,0.7114892224603364,0.0,observed
1164,tr0,inf5,0.47769243783538706,exact,feasible,False,0.9906891111203975,0.7114892224603364,1150,0.071176692404997,0.180837674360138,0.6666666666666666,6,[0.47769243783538706],False,7.537639531881516,1,1,6,0,0,0.03084533499992384,0.6853352939551169,0.15901782028437256,0.314664706044883,,0.0,tr0,inf2,False,0.7048646253709734,0.0,observed
1165,tr0,inf5,0.47463076395143566,exact,feasible,False,0.9906891111203975,0.7048646253709734,1150,0.071176692404997,0.180837674360138,0.6666666666666666,6,[0.47463076395143566],False,7.583971023282589,1,1,6,0,0,0.03084533499992384,0.6853352939551169,0.15901782028437256,0.314664706044883,,0.0,tr0,inf3,False,0.6983017091689816,0.0,observed
1166,tr0,inf5,0.47157753102874667,exact,feasible,False,0.9906891111203975,0.6983017091689816,1150,0.071176692404997,0.180837674360138,0.6666666666666666,6,[0.47157753102874667],False,7.630152466404087,1,1,6,0,0,0.03084533499992384,0.6853352939551169,0.15901782028437256,0.314664706044883,,0.0,tr0,inf4,False,0.6917998995504727,0.0,observed
1167,tr0,inf5,0.4685329027207228,exact,feasible,False,0.9906891111203975,0.6917998995504727,1150,0.071176692404997,0.180837674360138,0.6666666666666666,6,[0.4685329027207228],False,7.676181731390084,1,1,6,0,0,0.03084533499992384,0.6853352939551169,0.15901782028437256,0.314664706044883,,0.0,tr0,inf2,False,0.685358627558838,0.0,observed
1168,tr0,inf5,0.46549703942919707,exact,feasible,False,0.9906891111203975,0.685358627558838,1150,0.071176692404997,0.180837674360138,0.6666666666666666,6,[0.46549703942919707],False,7.722056736884786,1,1,6,0,0,0.03084533499992384,0.6853352939551169,0.15901782028437256,0.314664706044883,,0.0,tr0,inf3,False,0.6789773295349608,0.0,observed
1169,tr0,inf5,0.46247009831544905,exact,feasible,False,0.9906891111203975,0.6789773295349608,1150,0.071176692404997,0.180837674360138,0.6666666666666666,6,[0.46247009831544905],False,7.767775449756481,1,1,6,0,0,0.03084533499992384,0.6853352939551169,0.15901782028437256,0.314664706044883,,0.0,tr0,inf4,False,0.6726554470678915,0.0,observed
1170,tr0,inf5,0.4594522333121764,exact,feasible,False,0.9906891111203975,0.6726554470678915,1150,0.071176692404997,0.180837674360138,0.6666666666666666,6,[0.4594522333121764],False,7.813335884810241,1,1,6,0,0,0.03084533499992384,0.6853352939551169,0.15901782028437256,0.314664706044883,,0.0,tr1,inf2,False,0.756392426945983,0.09,observed
1171,tr0,inf5,0.49791906023431093,exact,feasible,False,0.9906891111203975,0.756392426945983,1150,0.071176692404997,0.180837674360138,0.6666666666666666,6,[0.49791906023431093],False,7.230980518533182,1,1,6,0,0,0.03084533499992384,0.6853352939551169,0.15901782028437256,0.314664706044883,,0.0,tr0,inf3,False,0.7493497411093161,0.0,observed
1172,tr0,inf5,0.494806430569627,exact,feasible,False,0.9906891111203975,0.7493497411093161,1150,0.071176692404997,0.180837674360138,0.6666666666666666,6,[0.494806430569627],False,7.2782376747621935,1,1,6,0,0,0.03084533499992384,0.6853352939551169,0.15901782028437256,0.314664706044883,,0.0,tr0,inf4,False,0.7423726289378884,0.0,observed
1173,tr0,inf5,0.49170109036901627,exact,feasible,False,0.9906891111203975,0.7423726289378884,1150,0.071176692404997,0.180837674360138,0.6666666666666666,6,[0.49170109036901627],False,7.325359930840791,1,1,6,0,0,0.03084533499992384,0.6853352939551169,0.15901782028437256,0.314664706044883,,0.0,tr0,inf2,False,0.7354604798825893,0.0,observed
1174,tr0,inf5,0.48860322475839274,exact,feasible,False,0.9906891111203975,0.7354604798825893,1150,0.071176692404997,0.180837674360138,0.6666666666666666,6,[0.48860322475839274],False,7.372344833660405,1,1,6,0,0,0.03084533499992384,0.6853352939551169,0.15901782028437256,0.314664706044883,,0.0,tr0,inf3,False,0.7286126890790634,0.0,observed
1175,tr0,inf5,0.485513015565678,exact,feasible,False,0.9906891111203975,0.7286126890790634,1150,0.071176692404997,0.180837674360138,0.6666666666666666,6,[0.485513015565678],False,7.4191899801113586,1,1,6,0,0,0.03084533499992384,0.6853352939551169,0.15901782028437256,0.314664706044883,,0.0,tr0,inf4,False,0.7218286572947799,0.0,observed
1176,tr0,inf5,0.4824306413248329,exact,feasible,False,0.9906891111203975,0.7218286572947799,1150,0.071176692404997,0.180837674360138,0.6666666666666666,6,[0.4824306413248329],False,7.465893016890913,1,1,6,0,0,0.03084533499992384,0.6853352939551169,0.15901782028437256,0.314664706044883,,0.0,tr0,inf2,False,0.7151077908765955,0.0,observed
1177,tr0,inf5,0.4793562772810412,exact,feasible,False,0.9906891111203975,0.7151077908765955,1150,0.071176692404997,0.180837674360138,0.6666666666666666,6,[0.4793562772810412],False,7.51245164029725,1,1,6,0,0,0.03084533499992384,0.6853352939551169,0.15901782028437256,0.314664706044883,,0.0,tr0,inf3,False,0.7084495016988055,0.0,observed
1178,tr0,inf5,0.4762900953970139,exact,feasible,False,0.9906891111203975,0.7084495016988055,1150,0.071176692404997,0.180837674360138,0.6666666666666666,6,[0.4762900953970139],False,7.558863596009821,1,1,6,0,0,0.03084533499992384,0.6853352939551169,0.15901782028437256,0.314664706044883,,0.0,tr0,inf4,False,0.7018532071116781,0.0,observed
1179,tr0,inf5,0.4732322643603852,exact,feasible,False,0.9906891111203975,0.7018532071116781,1150,0.071176692404997,0.180837674360138,0.6666666666666666,6,[0.4732322643603852],False,7.605126678856519,1,1,6,0,0,0.03084533499992384,0.6853352939551169,0.15901782028437256,0.314664706044883,,0.0,tr0,inf2,False,0.6953183298904686,0.0,observed
1180,tr0,inf5,0.47018294959216805,exact,feasible,False,0.9906891111203975,0.6953183298904686,1150,0.071176692404997,0.180837674360138,0.6666666666666666,6,[0.47018294959216805],False,7.651238732568115,1,1,6,0,0,0.03084533499992384,0.6853352939551169,0.15901782028437256,0.314664706044883,,0.0,tr1,inf3,False,0.7788442981849076,0.09,observed
1181,tr0,inf5,0.5076969523664668,exact,feasible,False,0.9906891111203975,0.7788442981849076,1150,0.071176692404997,0.180837674360138,0.6666666666666666,6,[0.5076969523664668],False,7.082368479906498,1,1,6,0,0,0.03084533499992384,0.6853352939551169,0.15901782028437256,0.314664706044883,,0.0,tr0,inf4,False,0.771592565469996,0.0,observed
1182,tr0,inf5,0.5045627599950077,exact,feasible,False,0.9906891111203975,0.771592565469996,1150,0.071176692404997,0.180837674360138,0.6666666666666666,6,[0.5045627599950077],False,7.1300310762362065,1,1,6,0,0,0.03084533499992384,0.6853352939551169,0.15901782028437256,0.314664706044883,,0.0,tr0,inf2,False,0.7644083528325775,0.0,observed
1183,tr0,inf5,0.5014352569091635,exact,feasible,False,0.9906891111203975,0.7644083528325775,1150,0.071176692404997,0.180837674360138,0.6666666666666666,6,[0.5014352569091635],False,7.177566767574358,1,1,6,0,0,0.03084533499992384,0.6853352939551169,0.15901782028437256,0.314664706044883,,0.0,tr0,inf3,False,0.7572910316007133,0.0,observed
1184,tr0,inf5,0.4983146385602056,exact,feasible,False,0.9906891111203975,0.7572910316007133,1150,0.071176692404997,0.180837674360138,0.6666666666666666,6,[0.4983146385602056],False,7.224972943393825,1,1,6,0,0,0.03084533499992384,0.6853352939551169,0.15901782028437256,0.314664706044883,,0.0,tr0,inf4,False,0.7502399789559595,0.0,observed
1185,tr0,inf5,0.4952010970965807,exact,feasible,False,0.9906891111203975,0.7502399789559595,1150,0.071176692404997,0.180837674360138,0.6666666666666666,6,[0.4952010970965807],False,7.272247043670859,1,1,6,0,0,0.03084533499992384,0.6853352939551169,0.15901782028437256,0.314664706044883,,0.0,tr0,inf2,False,0.7432545778788653,0.0,observed
1186,tr0,inf5,0.4920948213641411,exact,feasible,False,0.9906891111203975,0.7432545778788653,1150,0.071176692404997,0.180837674360138,0.6666666666666666,6,[0.4920948213641411],False,7.319386558740053,1,1,6,0,0,0.03084533499992384,0.6853352939551169,0.15901782028437256,0.314664706044883,,0.0,tr0,inf3,False,0.7363342170949793,0.0,observed
1187,tr0,inf5,0.4889959969076226,exact,feasible,False,0.9906891111203975,0.7363342170949793,1150,0.071176692404997,0.180837674360138,0.6666666666666666,6,[0.4889959969076226],False,7.366389029133791,1,1,6,0,0,0.03084533499992384,0.6853352939551169,0.15901782028437256,0.314664706044883,,0.0,tr0,inf4,False,0.7294782910213587,0.0,observed
1188,tr0,inf5,0.48590480597334107,exact,feasible,False,0.9906891111203975,0.7294782910213587,1150,0.071176692404997,0.180837674360138,0.6666666666666666,6,[0.48590480597334107],False,7.413252045406692,1,1,6,0,0,0.03084533499992384,0.6853352939551169,0.15901782028437256,0.314664706044883,,0.0,tr0,inf2,False,0.7226861997135765,0.0,observed
1189,tr0,inf5,0.48282142751307594,exact,feasible,False,0.9906891111203975,0.7226861997135765,1150,0.071176692404997,0.180837674360138,0.6666666666666666,6,[0.48282142751307594],False,7.4599732479454595,1,1,6,0,0,0.03084533499992384,0.6853352939551169,0.15901782028437256,0.314664706044883,,0.0,tr0,inf3,False,0.7159573488132212,0.0,observed
1190,tr0,inf5,0.4797460371891081,exact,feasible,False,0.9906891111203975,0.7159573488132212,1150,0.071176692404997,0.180837674360138,0.6666666666666666,6,[0.4797460371891081],False,7.506550326764635,1,1,6,0,0,0.03084533499992384,0.6853352939551169,0.15901782028437256,0.314664706044883,,0.0,tr1,inf4,False,0.7992911494958864,0.09,observed
1191,tr0,inf5,0.5164126517446783,exact,feasible,False,0.9906891111203975,0.7992911494958864,1150,0.071176692404997,0.180837674360138,0.6666666666666666,6,[0.5164126517446783],False,6.949691756975471,1,1,6,0,0,0.03084533499992384,0.6853352939551169,0.15901782028437256,0.314664706044883,,0.0,tr0,inf2,False,0.7918490384204805,0.0,observed
1192,tr0,inf5,0.5132609766159638,exact,feasible,False,0.9906891111203975,0.7918490384204805,1150,0.071176692404997,0.180837674360138,0.6666666666666666,6,[0.5132609766159638],False,6.9976918556039704,1,1,6,0,0,0.03084533499992384,0.6853352939551169,0.15901782028437256,0.314664706044883,,0.0,tr0,inf3,False,0.7844762200143273,0.0,observed
1193,tr0,inf5,0.510115432093734,exact,feasible,False,0.9906891111203975,0.7844762200143273,1150,0.071176692404997,0.180837674360138,0.6666666666666666,6,[0.510115432093734],False,7.0455725457478104,1,1,6,0,0,0.03084533499992384,0.6853352939551169,0.15901782028437256,0.314664706044883,,0.0,tr0,inf4,False,0.7771720491010833,0.0,observed
1194,tr0,inf5,0.5069762227692944,exact,feasible,False,0.9906891111203975,0.7771720491010833,1150,0.071176692404997,0.180837674360138,0.6666666666666666,6,[0.5069762227692944],False,7.093331076350546,1,1,6,0,0,0.03084533499992384,0.6853352939551169,0.15901782028437256,0.314664706044883,,0.0,tr0,inf2,False,0.7699358865115701,0.0,observed
1195,tr0,inf5,0.503843549937271,exact,feasible,False,0.9906891111203975,0.7699358865115701,1150,0.071176692404997,0.180837674360138,0.6666666666666666,6,[0.503843549937271],False,7.140964747176252,1,1,6,0,0,0.03084533499992384,0.6853352939551169,0.15901782028437256,0.314664706044883,,0.0,tr0,inf3,False,0.7627670990278426,0.0,observed
1196,tr0,inf5,0.5007176115922164,exact,feasible,False,0.9906891111203975,0.7627670990278426,1150,0.071176692404997,0.180837674360138,0.6666666666666666,6,[0.5007176115922164],False,7.188470908709777,1,1,6,0,0,0.03084533499992384,0.6853352939551169,0.15901782028437256,0.314664706044883,,0.0,tr0,inf4,False,0.7556650593277775,0.0,observed
1197,tr0,inf5,0.4975986024265528,exact,feasible,False,0.9906891111203975,0.7556650593277775,1150,0.071176692404997,0.180837674360138,0.6666666666666666,6,[0.4975986024265528],False,7.23584696204024,1,1,6,0,0,0.03084533499992384,0.6853352939551169,0.15901782028437256,0.314664706044883,,0.0,tr0,inf2,False,0.7486291459301783,0.0,observed
1198,tr0,inf5,0.4944867138298192,exact,feasible,False,0.9906891111203975,0.7486291459301783,1150,0.071176692404997,0.180837674360138,0.6666666666666666,6,[0.4944867138298192],False,7.283090358728209,1,1,6,0,0,0.03084533499992384,0.6853352939551169,0.15901782028437256,0.314664706044883,,0.0,tr0,inf3,False,0.7416587431403906,0.0,observed
1199,tr0,inf5,0.49138213388918967,exact,feasible,False,0.9906891111203975,0.7416587431403906,1150,0.071176692404997,0.180837674360138,0.6666666666666666,6,[0.49138213388918967],False,7.330198600657055,1,1,6,0,0,0.03084533499992384,0.6853352939551169,0.15901782028437256,0.314664706044883,,0.0,tr0,inf4,False,0.7347532409964248,0.0,observed
1200,tr0,inf5,0.48828504739123524,exact,feasible,False,0.9906891111203975,0.7347532409964248,1150,0.071176692404997,0.180837674360138,0.6666666666666666,6,[0.48828504739123524],False,7.377169239868915,1,1,6,0,0,0.03084533499992384,0.6853352939551169,0.15901782028437256,0.314664706044883,,0.0,tr1,inf2,False,0.8179120352155792,0.09,observed
1201,tr0,inf5,0.5288224269289344,exact,feasible,False,0.9928618018059422,0.8179120352155792,1200,0.04607330391384906,0.17261669404749325,0.6666666666666666,6,[0.5288224269289344],False,6.908484354893225,1,1,6,0,0,0.020824483472886134,0.7,0.10498721827609589,0.30000000000000004,,0.0,tr0,inf3,False,0.8120736170029053,0.0,observed
1202,tr0,inf5,0.5263760649469995,exact,feasible,False,0.9928618018059422,0.8120736170029053,1200,0.04607330391384906,0.17261669404749325,0.6666666666666666,6,[0.5263760649469995],False,6.946571124982927,1,1,6,0,0,0.020824483472886134,0.7,0.10498721827609589,0.30000000000000004,,0.0,tr0,inf4,False,0.8062768745765732,0.0,observed
1203,tr0,inf5,0.5239329941320128,exact,feasible,False,0.9928618018059422,0.8062768745765732,1200,0.04607330391384906,0.17261669404749325,0.6666666666666666,6,[0.5239329941320128],False,6.984593980104827,1,1,6,0,0,0.020824483472886134,0.7,0.10498721827609589,0.30000000000000004,,0.0,tr0,inf2,False,0.8005215104465601,0.0,observed
1204,tr0,inf5,0.5214933113704743,exact,feasible,False,0.9928618018059422,0.8005215104465601,1200,0.04607330391384906,0.17261669404749325,0.6666666666666666,6,[0.5214933113704743],False,7.02255154277192,1,1,6,0,0,0.020824483472886134,0.7,0.10498721827609589,0.30000000000000004,,0.0,tr0,inf3,False,0.794807229246386,0.0,observed
1205,tr0,inf5,0.5190571124111847,exact,feasible,False,0.9928618018059422,0.794807229246386,1200,0.04607330391384906,0.17261669404749325,0.6666666666666666,6,[0.5190571124111847],False,7.060442453528056,1,1,6,0,0,0.020824483472886134,0.7,0.10498721827609589,0.30000000000000004,,0.0,tr0,inf4,False,0.7891337377179554,0.0,observed
1206,tr0,inf5,0.5166244918632119,exact,feasible,False,0.9928618018059422,0.7891337377179554,1200,0.04607330391384906,0.17261669404749325,0.6666666666666666,6,[0.5166244918632119],False,7.098265370944748,1,1,6,0,0,0.020824483472886134,0.7,0.10498721827609589,0.30000000000000004,,0.0,tr0,inf2,False,0.783500744696507,0.0,observed
1207,tr0,inf5,0.5141955431941503,exact,feasible,False,0.9928618018059422,0.783500744696507,1200,0.04607330391384906,0.17261669404749325,0.6666666666666666,6,[0.5141955431941503],False,7.1360189716140185,1,1,6,0,0,0.020824483472886134,0.7,0.10498721827609589,0.30000000000000004,,0.0,tr0,inf3,False,0.7779079610956714,0.0,observed
1208,tr0,inf5,0.5117703587286654,exact,feasible,False,0.9928618018059422,0.7779079610956714,1200,0.04607330391384906,0.17261669404749325,0.6666666666666666,6,[0.5117703587286654],False,7.17370195013736,1,1,6,0,0,0.020824483472886134,0.7,0.10498721827609589,0.30000000000000004,,0.0,tr0,inf4,False,0.7723550998926351,0.0,observed
1209,tr0,inf5,0.5093490296473216,exact,feasible,False,0.9928618018059422,0.7723550998926351,1200,0.04607330391384906,0.17261669404749325,0.6666666666666666,6,[0.5093490296473216],False,7.211313019110884,1,1,6,0,0,0.020824483472886134,0.7,0.10498721827609589,0.30000000000000004,,0.0,tr0,inf2,False,0.7668418761134101,0.0,observed
1210,tr0,inf5,0.506931645985688,exact,feasible,False,0.9928618018059422,0.7668418761134101,1200,0.04607330391384906,0.17261669404749325,0.6666666666666666,6,[0.506931645985688],False,7.248850909106725,1,1,6,0,0,0.020824483472886134,0.7,0.10498721827609589,0.30000000000000004,,0.0,tr1,inf3,False,0.8513680068182095,0.09,observed
1211,tr0,inf5,0.5425687369409596,exact,feasible,False,0.9928618018059422,0.8513680068182095,1200,0.04607330391384906,0.17261669404749325,0.6666666666666666,6,[0.5425687369409596],False,6.694231620837514,1,1,6,0,0,0.020824483472886134,0.7,0.10498721827609589,0.30000000000000004,,0.0,tr0,inf4,False,0.8452907732494611,0.0,observed
1212,tr0,inf5,0.5401057981893479,exact,feasible,False,0.9928618018059422,0.8452907732494611,1200,0.04607330391384906,0.17261669404749325,0.6666666666666666,6,[0.5401057981893479],False,6.732649802879149,1,1,6,0,0,0.020824483472886134,0.7,0.10498721827609589,0.30000000000000004,,0.0,tr0,inf2,False,0.839256920178398,0.0,observed
1213,tr0,inf5,0.5376455875406208,exact,feasible,False,0.9928618018059422,0.839256920178398,1200,0.04607330391384906,0.17261669404749325,0.6666666666666666,6,[0.5376455875406208],False,6.771012111099643,1,1,6,0,0,0.020824483472886134,0.7,0.10498721827609589,0.30000000000000004,,0.0,tr0,inf3,False,0.8332661379464301,0.0,observed
1214,tr0,inf5,0.5351882081963583,exact,feasible,False,0.9928618018059422,0.8332661379464301,1200,0.04607330391384906,0.17261669404749325,0.6666666666666666,6,[0.5351882081963583],False,6.80931706724268,1,1,6,0,0,0.020824483472886134,0.7,0.10498721827609589,0.30000000000000004,,0.0,tr0,inf4,False,0.8273181191053713,0.0,observed
1215,tr0,inf5,0.5327337622374334,exact,feasible,False,0.9928618018059422,0.8273181191053713,1200,0.04607330391384906,0.17261669404749325,0.6666666666666666,6,[0.5327337622374334],False,6.847563211023915,1,1,6,0,0,0.020824483472886134,0.7,0.10498721827609589,0.30000000000000004,,0.0,tr0,inf2,False,0.821412558401662,0.0,observed
1216,tr0,inf5,0.5302823506202562,exact,feasible,False,0.9928618018059422,0.821412558401662,1200,0.04607330391384906,0.17261669404749325,0.6666666666666666,6,[0.5302823506202562],False,6.8857491001513855,1,1,6,0,0,0.020824483472886134,0.7,0.10498721827609589,0.30000000000000004,,0.0,tr0,inf3,False,0.815549152760703,0.0,observed
1217,tr0,inf5,0.5278340731733364,exact,feasible,False,0.9928618018059422,0.815549152760703,1200,0.04607330391384906,0.17261669404749325,0.6666666666666666,6,[0.5278340731733364],False,6.923873310341518,1,1,6,0,0,0.020824483472886134,0.7,0.10498721827609589,0.30000000000000004,,0.0,tr0,inf4,False,0.8097276012713012,0.0,observed
1218,tr0,inf5,0.5253890285941605,exact,feasible,False,0.9928618018059422,0.8097276012713012,1200,0.04607330391384906,0.17261669404749325,0.6666666666666666,6,[0.5253890285941605],False,6.96193443533082,1,1,6,0,0,0.020824483472886134,0.7,0.10498721827609589,0.30000000000000004,,0.0,tr0,inf2,False,0.8039476051702276,0.0,observed
1219,tr0,inf5,0.5229473144463782,exact,feasible,False,0.9928618018059422,0.8039476051702276,1200,0.04607330391384906,0.17261669404749325,0.6666666666666666,6,[0.5229473144463782],False,6.999931086883341,1,1,6,0,0,0.020824483472886134,0.7,0.10498721827609589,0.30000000000000004,,0.0,tr0,inf3,False,0.7982088678268844,0.0,observed
1220,tr0,inf5,0.5205090271572929,exact,feasible,False,0.9928618018059422,0.7982088678268844,1200,0.04607330391384906,0.17261669404749325,0.6666666666666666,6,[0.5205090271572929],False,7.037861894793968,1,1,6,0,0,0.020824483472886134,0.7,0.10498721827609589,0.30000000000000004,,0.0,tr1,inf4,False,0.8825110947280815,0.09,observed
1221,tr0,inf5,0.5549579564499701,exact,feasible,False,0.9928618018059422,0.8825110947280815,1200,0.04607330391384906,0.17261669404749325,0.6666666666666666,6,[0.5549579564499701],False,6.5007727232656976,1,1,6,0,0,0.020824483472886134,0.7,0.10498721827609589,0.30000000000000004,,0.0,tr0,inf2,False,0.8762115556254576,0.0,observed
1222,tr0,inf5,0.5524829318977705,exact,feasible,False,0.9928618018059422,0.8762115556254576,1200,0.04607330391384906,0.17261669404749325,0.6666666666666666,6,[0.5524829318977705],False,6.539448187663316,1,1,6,0,0,0.020824483472886134,0.7,0.10498721827609589,0.30000000000000004,,0.0,tr0,inf3,False,0.8699569838814794,0.0,observed
1223,tr0,inf5,0.5500101011381863,exact,feasible,False,0.9928618018059422,0.8699569838814794,1200,0.04607330391384906,0.17261669404749325,0.6666666666666666,6,[0.5500101011381863],False,6.57807546181751,1,1,6,0,0,0.020824483472886134,0.7,0.10498721827609589,0.30000000000000004,,0.0,tr0,inf4,False,0.8637470585102286,0.0,observed
1224,tr0,inf5,0.5475395729249799,exact,feasible,False,0.9928618018059422,0.8637470585102286,1200,0.04607330391384906,0.17261669404749325,0.6666666666666666,6,[0.5475395729249799],False,6.616652977809381,1,1,6,0,0,0.020824483472886134,0.7,0.10498721827609589,0.30000000000000004,,0.0,tr0,inf2,False,0.8575814608170481,0.0,observed
1225,tr0,inf5,0.5450714549150203,exact,feasible,False,0.9928618018059422,0.8575814608170481,1200,0.04607330391384906,0.17261669404749325,0.6666666666666666,6,[0.5450714549150203],False,6.655179185520769,1,1,6,0,0,0.020824483472886134,0.7,0.10498721827609589,0.30000000000000004,,0.0,tr0,inf3,False,0.8514598743821864,0.0,observed
1226,tr0,inf5,0.5426058536628553,exact,feasible,False,0.9928618018059422,0.8514598743821864,1200,0.04607330391384906,0.17261669404749325,0.6666666666666666,6,[0.5426058536628553],False,6.693652552677817,1,1,6,0,0,0.020824483472886134,0.7,0.10498721827609589,0.30000000000000004,,0.0,tr0,inf4,False,0.8453819850445587,0.0,observed
1227,tr0,inf5,0.540142874615629,exact,feasible,False,0.9928618018059422,0.8453819850445587,1200,0.04607330391384906,0.17261669404749325,0.6666666666666666,6,[0.540142874615629],False,6.732071564889782,1,1,6,0,0,0.020824483472886134,0.7,0.10498721827609589,0.30000000000000004,,0.0,tr0,inf2,False,0.8393474808856247,0.0,observed
1228,tr0,inf5,0.5376826221083346,exact,feasible,False,0.9928618018059422,0.8393474808856247,1200,0.04607330391384906,0.17261669404749325,0.6666666666666666,6,[0.5376826221083346],False,6.770434725683137,1,1,6,0,0,0.020824483472886134,0.7,0.10498721827609589,0.30000000000000004,,0.0,tr0,inf3,False,0.8333560522133799,0.0,observed
1229,tr0,inf5,0.5352251993594016,exact,feasible,False,0.9928618018059422,0.8333560522133799,1200,0.04607330391384906,0.17261669404749325,0.6666666666666666,6,[0.5352251993594016],False,6.808740556531052,1,1,6,0,0,0.020824483472886134,0.7,0.10498721827609589,0.30000000000000004,,0.0,tr0,inf4,False,0.8274073915464633,0.0,observed
1230,tr0,inf5,0.5327707084666118,exact,feasible,False,0.9928618018059422,0.8274073915464633,1200,0.04607330391384906,0.17261669404749325,0.6666666666666666,6,[0.5327707084666118],False,6.846987596878329,1,1,6,0,0,0.020824483472886134,0.7,0.10498721827609589,0.30000000000000004,,0.0,tr1,inf2,False,0.9115011935983762,0.09,observed
1231,tr0,inf5,0.5661490332007598,exact,feasible,False,0.9928618018059422,0.9115011935983762,1200,0.04607330391384906,0.17261669404749325,0.6666666666666666,6,[0.5661490332007598],False,6.325721192244801,1,1,6,0,0,0.020824483472886134,0.7,0.10498721827609589,0.30000000000000004,,0.0,tr0,inf3,False,0.9049947174243508,0.0,observed
1232,tr0,inf5,0.5636654922636052,exact,feasible,False,0.9928618018059422,0.9049947174243508,1200,0.04607330391384906,0.17261669404749325,0.6666666666666666,6,[0.5636654922636052],False,6.364594107542245,1,1,6,0,0,0.020824483472886134,0.7,0.10498721827609589,0.30000000000000004,,0.0,tr0,inf4,False,0.8985346857668004,0.0,observed
1233,tr0,inf5,0.5611836409704117,exact,feasible,False,0.9928618018059422,0.8985346857668004,1200,0.04607330391384906,0.17261669404749325,0.6666666666666666,6,[0.5611836409704117],False,6.4034261266260595,1,1,6,0,0,0.020824483472886134,0.7,0.10498721827609589,0.30000000000000004,,0.0,tr0,inf2,False,0.8921207670955615,0.0,observed
1234,tr0,inf5,0.558703592946949,exact,feasible,False,0.9928618018059422,0.8921207670955615,1200,0.04607330391384906,0.17261669404749325,0.6666666666666666,6,[0.558703592946949],False,6.44221560193868,1,1,6,0,0,0.020824483472886134,0.7,0.10498721827609589,0.30000000000000004,,0.0,tr0,inf3,False,0.8857526322469985,0.0,observed
1235,tr0,inf5,0.5562254607509575,exact,feasible,False,0.9928618018059422,0.8857526322469985,1200,0.04607330391384906,0.17261669404749325,0.6666666666666666,6,[0.5562254607509575],False,6.480960903465277,1,1,6,0,0,0.020824483472886134,0.7,0.10498721827609589,0.30000000000000004,,0.0,tr0,inf4,False,0.879429954407111,0.0,observed
1236,tr0,inf5,0.5537493558651196,exact,feasible,False,0.9928618018059422,0.879429954407111,1200,0.04607330391384906,0.17261669404749325,0.6666666666666666,6,[0.5537493558651196],False,6.519660418799804,1,1,6,0,0,0.020824483472886134,0.7,0.10498721827609589,0.30000000000000004,,0.0,tr0,inf2,False,0.8731524090947619,0.0,observed
1237,tr0,inf5,0.5512753886903953,exact,feasible,False,0.9928618018059422,0.8731524090947619,1200,0.04607330391384906,0.17261669404749325,0.6666666666666666,6,[0.5512753886903953],False,6.558312553205942,1,1,6,0,0,0.020824483472886134,0.7,0.10498721827609589,0.30000000000000004,,0.0,tr0,inf3,False,0.8669196741450245,0.0,observed
1238,tr0,inf5,0.5488036685397141,exact,feasible,False,0.9928618018059422,0.8669196741450245,1200,0.04607330391384906,0.17261669404749325,0.6666666666666666,6,[0.5488036685397141],False,6.596915729672995,1,1,6,0,0,0.020824483472886134,0.7,0.10498721827609589,0.30000000000000004,,0.0,tr0,inf4,False,0.8607314296926493,0.0,observed
1239,tr0,inf5,0.546334303632023,exact,feasible,False,0.9928618018059422,0.8607314296926493,1200,0.04607330391384906,0.17261669404749325,0.6666666666666666,6,[0.546334303632023],False,6.635468388966825,1,1,6,0,0,0.020824483472886134,0.7,0.10498721827609589,0.30000000000000004,,0.0,tr0,inf2,False,0.8545873581556483,0.0,observed
1240,tr0,inf5,0.5438674010866827,exact,feasible,False,0.9928618018059422,0.8545873581556483,1200,0.04607330391384906,0.17261669404749325,0.6666666666666666,6,[0.5438674010866827],False,6.673968989675907,1,1,6,0,0,0.020824483472886134,0.7,0.10498721827609589,0.30000000000000004,,0.0,tr1,inf3,False,0.938487144218997,0.09,observed
1241,tr0,inf5,0.5762788787655251,exact,feasible,False,0.9928618018059422,0.938487144218997,1200,0.04607330391384906,0.17261669404749325,0.6666666666666666,6,[0.5762788787655251],False,6.167014709390949,1,1,6,0,0,0.020824483472886134,0.7,0.10498721827609589,0.30000000000000004,,0.0,tr0,inf4,False,0.9317880369809866,0.0,observed
1242,tr0,inf5,0.5737896521548919,exact,feasible,False,0.9928618018059422,0.9317880369809866,1200,0.04607330391384906,0.17261669404749325,0.6666666666666666,6,[0.5737896521548919],False,6.206036800899965,1,1,6,0,0,0.020824483472886134,0.7,0.10498721827609589,0.30000000000000004,,0.0,tr0,inf2,False,0.9251367492981643,0.0,observed
1243,tr0,inf5,0.5713016415483968,exact,feasible,False,0.9928618018059422,0.9251367492981643,1200,0.04607330391384906,0.17261669404749325,0.6666666666666666,6,[0.5713016415483968],False,6.24502488590348,1,1,6,0,0,0.020824483472886134,0.7,0.10498721827609589,0.30000000000000004,,0.0,tr0,inf3,False,0.9185329398250676,0.0,observed
1244,tr0,inf5,0.5688149648412616,exact,feasible,False,0.9928618018059422,0.9185329398250676,1200,0.04607330391384906,0.17261669404749325,0.6666666666666666,6,[0.5688149648412616],False,6.283977246188948,1,1,6,0,0,0.020824483472886134,0.7,0.10498721827609589,0.30000000000000004,,0.0,tr0,inf4,False,0.9119762696528256,0.0,observed
1245,tr0,inf5,0.566329738893142,exact,feasible,False,0.9928618018059422,0.9119762696528256,1200,0.04607330391384906,0.17261669404749325,0.6666666666666666,6,[0.566329738893142],False,6.322892180763189,1,1,6,0,0,0.020824483472886134,0.7,0.10498721827609589,0.30000000000000004,,0.0,tr0,inf2,False,0.9054664022917662,0.0,observed
1246,tr0,inf5,0.5638460795195765,exact,feasible,False,0.9928618018059422,0.9054664022917662,1200,0.04607330391384906,0.17261669404749325,0.6666666666666666,6,[0.5638460795195765],False,6.361768005940027,1,1,6,0,0,0.020824483472886134,0.7,0.10498721827609589,0.30000000000000004,,0.0,tr0,inf3,False,0.8990030036541471,0.0,observed
1247,tr0,inf5,0.561364101483817,exact,feasible,False,0.9928618018059422,0.8990030036541471,1200,0.04607330391384906,0.17261669404749325,0.6666666666666666,6,[0.561364101483817],False,6.400603055422513,1,1,6,0,0,0.020824483472886134,0.7,0.10498721827609589,0.30000000000000004,,0.0,tr0,inf4,False,0.8925857420370105,0.0,observed
1248,tr0,inf5,0.5588839184890328,exact,feasible,False,0.9928618018059422,0.8925857420370105,1200,0.04607330391384906,0.17261669404749325,0.6666666666666666,6,[0.5588839184890328],False,6.439395680379808,1,1,6,0,0,0.020824483472886134,0.7,0.10498721827609589,0.30000000000000004,,0.0,tr0,inf2,False,0.8862142881051601,0.0,observed
1249,tr0,inf5,0.5564056431708901,exact,feasible,False,0.9928618018059422,0.8862142881051601,1200,0.04607330391384906,0.17261669404749325,0.6666666666666666,6,[0.5564056431708901],False,6.478144249518804,1,1,6,0,0,0.020824483472886134,0.7,0.10498721827609589,0.30000000000000004,,0.0,tr0,inf3,False,0.8798883148742597,0.0,observed
1250,tr0,inf5,0.553929387090496,exact,feasible,False,0.9928618018059422,0.8798883148742597,1200,0.04607330391384906,0.17261669404749325,0.6666666666666666,6,[0.553929387090496],False,6.5168471491505455,1,1,6,0,0,0.020824483472886134,0.7,0.10498721827609589,0.30000000000000004,,0.0,tr1,inf4,False,0.9636074976940516,0.09,observed
1251,tr0,inf5,0.585465892168416,exact,feasible,False,0.9763141356868921,0.9636074976940516,1250,0.04607330391384906,1.0,0.0,6,[0.585465892168416],False,5.966582476848805,1,1,6,0,0,,0.0,,0.0,,0.0,tr0,inf2,False,0.9407836212525769,0.0,observed
1252,tr0,inf5,0.5771283634018664,exact,feasible,False,0.9763141356868921,0.9407836212525769,1250,0.04607330391384906,1.0,0.0,6,[0.5771283634018664],False,6.079694856257282,1,1,6,0,0,,0.0,,0.0,,0.0,tr0,inf3,False,0.918500348051594,0.0,observed
1253,tr0,inf5,0.5688026515806456,exact,feasible,False,0.9763141356868921,0.918500348051594,1250,0.04607330391384906,1.0,0.0,6,[0.5688026515806456],False,6.19222200163336,1,1,6,0,0,,0.0,,0.0,,0.0,tr0,inf4,False,0.8967448734361015,0.0,observed
1254,tr0,inf5,0.5604931796742739,exact,feasible,False,0.9763141356868921,0.8967448734361015,1250,0.04607330391384906,1.0,0.0,6,[0.5604931796742739],False,6.304117598082686,1,1,6,0,0,,0.0,,0.0,,0.0,tr0,inf2,False,0.8755046960404189,0.0,observed
1255,tr0,inf5,0.5522042398363577,exact,feasible,False,0.9763141356868921,0.8755046960404189,1250,0.04607330391384906,1.0,0.0,6,[0.5522042398363577],False,6.4153372862342755,1,1,6,0,0,,0.0,,0.0,,0.0,tr0,inf3,False,0.8547676106045168,0.0,observed
1256,tr0,inf5,0.5439399901592076,exact,feasible,False,0.9763141356868921,0.8547676106045168,1250,0.04607330391384906,1.0,0.0,6,[0.5439399901592076],False,6.525838662085671,1,1,6,0,0,,0.0,,0.0,,0.0,tr0,inf4,False,0.8345217009604987,0.0,observed
1257,tr0,inf5,0.5357044519420404,exact,feasible,False,0.9763141356868921,0.8345217009604987,1250,0.04607330391384906,1.0,0.0,6,[0.5357044519420404],False,6.6355812721242895,1,1,6,0,0,,0.0,,0.0,,0.0,tr0,inf2,False,0.8147553331852043,0.0,observed
1258,tr0,inf5,0.5275015074518619,exact,feasible,False,0.9763141356868921,0.8147553331852043,1250,0.04607330391384906,1.0,0.0,6,[0.5275015074518619],False,6.744526604025129,1,1,6,0,0,,0.0,,0.0,,0.0,tr0,inf3,False,0.7954571489149985,0.0,observed
1259,tr0,inf5,0.5193348981554141,exact,feasible,False,0.9763141356868921,0.7954571489149985,1250,0.04607330391384906,1.0,0.0,6,[0.5193348981554141],False,6.852638073221743,1,1,6,0,0,,0.0,,0.0,,0.0,tr0,inf4,False,0.7766160588189062,0.0,observed
1260,tr0,inf5,0.5112082234000234,exact,feasible,False,0.9763141356868921,0.7766160588189062,1250,0.04607330391384906,1.0,0.0,6,[0.5112082234000234],False,6.959881005642924,1,1,6,0,0,,0.0,,0.0,,0.0,tr1,inf2,False,0.8482212362263408,0.09,observed
1261,tr0,inf5,0.5412953044232547,exact,feasible,False,0.9763141356868921,0.8482212362263408,1250,0.04607330391384906,1.0,0.0,6,[0.5412953044232547],False,6.561120748436507,1,1,6,0,0,,0.0,,0.0,,0.0,tr0,inf3,False,0.828130383117587,0.0,observed
1262,tr0,inf5,0.5330698037552315,exact,feasible,False,0.9763141356868921,0.828130383117587,1250,0.04607330391384906,1.0,0.0,6,[0.5330698037552315],False,6.670611751333267,1,1,6,0,0,,0.0,,0.0,,0.0,tr0,inf4,False,0.8085153992295018,0.0,observed
1263,tr0,inf5,0.5248781122175892,exact,feasible,False,0.9763141356868921,0.8085153992295018,1250,0.04607330391384906,1.0,0.0,6,[0.5248781122175892],False,6.7792935331519555,1,1,6,0,0,,0.0,,0.0,,0.0,tr0,inf2,False,0.7893650131882936,0.0,observed
1264,tr0,inf5,0.5167239258181613,exact,feasible,False,0.9763141356868921,0.7893650131882936,1250,0.04607330391384906,1.0,0.0,6,[0.5167239258181613],False,6.887130124132133,1,1,6,0,0,,0.0,,0.0,,0.0,tr0,inf3,False,0.770668220592401,0.0,observed
1265,tr0,inf5,0.5086107981136672,exact,feasible,False,0.9763141356868921,0.770668220592401,1250,0.04607330391384906,1.0,0.0,6,[0.5086107981136672],False,6.994087458706844,1,1,6,0,0,,0.0,,0.0,,0.0,tr0,inf4,False,0.7524142776890251,0.0,observed
1266,tr0,inf5,0.5005421394488491,exact,feasible,False,0.9763141356868921,0.7524142776890251,1250,0.04607330391384906,1.0,0.0,6,[0.5005421394488491],False,7.100133353613884,1,1,6,0,0,,0.0,,0.0,,0.0,tr0,inf2,False,0.7345926952004378,0.0,observed
1267,tr0,inf5,0.49252121659186976,exact,feasible,False,0.9763141356868921,0.7345926952004378,1250,0.04607330391384906,1.0,0.0,6,[0.49252121659186976],False,7.205237482828465,1,1,6,0,0,,0.0,,0.0,,0.0,tr0,inf3,False,0.71719323229652,0.0,observed
1268,tr0,inf5,0.48455115274310184,exact,feasible,False,0.9763141356868921,0.71719323229652,1250,0.04607330391384906,1.0,0.0,6,[0.48455115274310184],False,7.309371349587905,1,1,6,0,0,,0.0,,0.0,,0.0,tr0,inf4,False,0.7002058907100653,0.0,observed
1269,tr0,inf5,0.47663492789451833,exact,feasible,False,0.9763141356868921,0.7002058907100653,1250,0.04607330391384906,1.0,0.0,6,[0.47663492789451833],False,7.412508255770712,1,1,6,0,0,,0.0,,0.0,,0.0,tr0,inf2,False,0.6836209089914679,0.0,observed
1270,tr0,inf5,0.4687753795170692,exact,feasible,False,0.9763141356868921,0.6836209089914679,1250,0.04607330391384906,1.0,0.0,6,[0.4687753795170692],False,7.514623268883642,1,1,6,0,0,,0.0,,0.0,,0.0,tr1,inf3,False,0.7574287568994924,0.09,observed
1271,tr0,inf5,0.5027733462719819,exact,feasible,False,0.9763141356868921,0.7574287568994924,1250,0.04607330391384906,1.0,0.0,6,[0.5027733462719819],False,7.070840761006982,1,1,6,0,0,,0.0,,0.0,,0.0,tr0,inf4,False,0.7394884021367251,0.0,observed
1272,tr0,inf5,0.49473887673605954,exact,feasible,False,0.9763141356868921,0.7394884021367251,1250,0.04607330391384906,1.0,0.0,6,[0.49473887673605954],False,7.176208788177795,1,1,6,0,0,,0.0,,0.0,,0.0,tr0,inf2,False,0.7219729801825976,0.0,observed
1273,tr0,inf5,0.4867544151245348,exact,feasible,False,0.9763141356868921,0.7219729801825976,1250,0.04607330391384906,1.0,0.0,6,[0.4867544151245348],False,7.28061426793741,1,1,6,0,0,,0.0,,0.0,,0.0,tr0,inf3,False,0.7048724261362624,0.0,observed
1274,tr0,inf5,0.47882298105761495,exact,feasible,False,0.9763141356868921,0.7048724261362624,1250,0.04607330391384906,1.0,0.0,6,[0.47882298105761495],False,7.384030006964163,1,1,6,0,0,,0.0,,0.0,,0.0,tr0,inf4,False,0.6881769134927478,0.0,observed
1275,tr0,inf5,0.4709474514124496,exact,feasible,False,0.9763141356868921,0.6881769134927478,1250,0.04607330391384906,1.0,0.0,6,[0.4709474514124496],False,7.486430586937987,1,1,6,0,0,,0.0,,0.0,,0.0,tr0,inf2,False,0.6718768484963451,0.0,observed
1276,tr0,inf5,0.4631305612336839,exact,feasible,False,0.9763141356868921,0.6718768484963451,1250,0.04607330391384906,1.0,0.0,6,[0.4631305612336839],False,7.587792329951019,1,1,6,0,0,,0.0,,0.0,,0.0,tr0,inf3,False,0.6559628646277421,0.0,observed
1277,tr0,inf5,0.45537490493375227,exact,feasible,False,0.9763141356868921,0.6559628646277421,1250,0.04607330391384906,1.0,0.0,6,[0.45537490493375227],False,7.688093261941246,1,1,6,0,0,,0.0,,0.0,,0.0,tr0,inf4,False,0.6404258172217319,0.0,observed
1278,tr0,inf5,0.4476829377612689,exact,feasible,False,0.9763141356868921,0.6404258172217319,1250,0.04607330391384906,1.0,0.0,6,[0.4476829377612689],False,7.787313074376822,1,1,6,0,0,,0.0,,0.0,,0.0,tr0,inf2,False,0.6252567782124067,0.0,observed
1279,tr0,inf5,0.44005697751637063,exact,feasible,False,0.9763141356868921,0.6252567782124067,1250,0.04607330391384906,1.0,0.0,6,[0.44005697751637063],False,7.885433084408653,1,1,6,0,0,,0.0,,0.0,,0.0,tr0,inf3,False,0.6104470310028166,0.0,observed
1280,tr0,inf5,0.4324992064924262,exact,feasible,False,0.9763141356868921,0.6104470310028166,1250,0.04607330391384906,1.0,0.0,6,[0.4324992064924262],False,7.982436193698639,1,1,6,0,0,,0.0,,0.0,,0.0,tr1,inf4,False,0.6859880654561443,0.09,observed
1281,tr0,inf5,0.46990515473690564,exact,feasible,False,0.9763141356868921,0.6859880654561443,1250,0.04607330391384906,1.0,0.0,6,[0.46990515473690564],False,7.49996185418454,1,1,6,0,0,,0.0,,0.0,,0.0,tr0,inf2,False,0.6697398452173386,0.0,observed
1282,tr0,inf5,0.4620962560620978,exact,feasible,False,0.9763141356868921,0.6697398452173386,1250,0.04607330391384906,1.0,0.0,6,[0.4620962560620978],False,7.601183845518567,1,1,6,0,0,,0.0,,0.0,,0.0,tr0,inf3,False,0.6538764781184389,0.0,observed
1283,tr0,inf5,0.4543489255507276,exact,feasible,False,0.9763141356868921,0.6538764781184389,1250,0.04607330391384906,1.0,0.0,6,[0.4543489255507276],False,7.701342231724835,1,1,6,0,0,,0.0,,0.0,,0.0,tr0,inf4,False,0.6383888485801926,0.0,observed
1284,tr0,inf5,0.44666560008062034,exact,feasible,False,0.9763141356868921,0.6383888485801926,1250,0.04607330391384906,1.0,0.0,6,[0.44666560008062034],False,7.800416922650602,1,1,6,0,0,,0.0,,0.0,,0.0,tr0,inf2,False,0.623268056933721,0.0,observed
1285,tr0,inf5,0.43904857932657415,exact,feasible,False,0.9763141356868921,0.623268056933721,1250,0.04607330391384906,1.0,0.0,6,[0.43904857932657415],False,7.89838944842609,1,1,6,0,0,,0.0,,0.0,,0.0,tr0,inf3,False,0.6085054143064944,0.0,observed
1286,tr0,inf5,0.4315000277306354,exact,feasible,False,0.9763141356868921,0.6085054143064944,1250,0.04607330391384906,1.0,0.0,6,[0.4315000277306354],False,7.995242918131788,1,1,6,0,0,,0.0,,0.0,,0.0,tr0,inf4,False,0.5940924376294393,0.0,observed
1287,tr0,inf5,0.42402197667616265,exact,feasible,False,0.9763141356868921,0.5940924376294393,1250,0.04607330391384906,1.0,0.0,6,[0.42402197667616265],False,8.090961977364008,1,1,6,0,0,,0.0,,0.0,,0.0,tr0,inf2,False,0.5800208447623049,0.0,observed
1288,tr0,inf5,0.41661632684645156,exact,feasible,False,0.9763141356868921,0.5800208447623049,1250,0.04607330391384906,1.0,0.0,6,[0.41661632684645156],False,8.185532764884142,1,1,6,0,0,,0.0,,0.0,,0.0,tr0,inf3,False,0.5662825497344907,0.0,observed
1289,tr0,inf5,0.4092848507493946,exact,feasible,False,0.9763141356868921,0.5662825497344907,1250,0.04607330391384906,1.0,0.0,6,[0.4092848507493946],False,8.27894286852686,1,1,6,0,0,,0.0,,0.0,,0.0,tr0,inf4,False,0.5528696580985987,0.0,observed
1290,tr0,inf5,0.40202919539037046,exact,feasible,False,0.9763141356868921,0.5528696580985987,1250,0.04607330391384906,1.0,0.0,6,[0.40202919539037046],False,8.37118128053237,1,1,6,0,0,,0.0,,0.0,,0.0,tr1,inf2,False,0.6297744623940409,0.09,observed
1291,tr0,inf5,0.4423402695106739,exact,feasible,False,0.9763141356868921,0.6297744623940409,1250,0.04607330391384906,1.0,0.0,6,[0.4423402695106739],False,7.85608059508853,1,1,6,0,0,,0.0,,0.0,,0.0,tr0,inf3,False,0.6148577099299152,0.0,observed
1292,tr0,inf5,0.43476179741999865,exact,feasible,False,0.9763141356868921,0.6148577099299152,1250,0.04607330391384906,1.0,0.0,6,[0.43476179741999865],False,7.953420855084916,1,1,6,0,0,,0.0,,0.0,,0.0,tr0,inf4,False,0.6002942736406469,0.0,observed
1293,tr0,inf5,0.4272529619896988,exact,feasible,False,0.9763141356868921,0.6002942736406469,1250,0.04607330391384906,1.0,0.0,6,[0.4272529619896988],False,8.049633170818396,1,1,6,0,0,,0.0,,0.0,,0.0,tr0,inf2,False,0.5860757849272589,0.0,observed
1294,tr0,inf5,0.4198157202264897,exact,feasible,False,0.9763141356868921,0.5860757849272589,1250,0.04607330391384906,1.0,0.0,6,[0.4198157202264897],False,8.144703039530206,1,1,6,0,0,,0.0,,0.0,,0.0,tr0,inf3,False,0.5721940734082736,0.0,observed
1295,tr0,inf5,0.4124518998486827,exact,feasible,False,0.9763141356868921,0.5721940734082736,1250,0.04607330391384906,1.0,0.0,6,[0.4124518998486827],False,8.238617426717212,1,1,6,0,0,,0.0,,0.0,,0.0,tr0,inf4,False,0.5586411622247607,0.0,observed
1296,tr0,inf5,0.405163201896994,exact,feasible,False,0.9763141356868921,0.5586411622247607,1250,0.04607330391384906,1.0,0.0,6,[0.405163201896994],False,8.331364721694062,1,1,6,0,0,,0.0,,0.0,,0.0,tr0,inf2,False,0.5454092634565881,0.0,observed
1297,tr0,inf5,0.397951203483826,exact,feasible,False,0.9763141356868921,0.5454092634565881,1250,0.04607330391384906,1.0,0.0,6,[0.397951203483826],False,8.422934692668472,1,1,6,0,0,,0.0,,0.0,,0.0,tr0,inf3,False,0.5324907736472433,0.0,observed
1298,tr0,inf5,0.3908173606643953,exact,feasible,False,0.9763141356868921,0.5324907736472433,1250,0.04607330391384906,1.0,0.0,6,[0.3908173606643953],False,8.51331844147914,1,1,6,0,0,,0.0,,0.0,,0.0,tr0,inf4,False,0.5198782694346528,0.0,observed
1299,tr0,inf5,0.38376301141385355,exact,feasible,False,0.9763141356868921,0.5198782694346528,1250,0.04607330391384906,1.0,0.0,6,[0.38376301141385355],False,8.602508358136003,1,1,6,0,0,,0.0,,0.0,,0.0,tr0,inf2,False,0.5075645032854902,0.0,observed
1300,tr0,inf5,0.37678937869532275,exact,feasible,False,0.9763141356868921,0.5075645032854902,1250,0.04607330391384906,1.0,0.0,6,[0.37678937869532275],False,8.690498075293068,1,1,6,0,0,,0.0,,0.0,,0.0,tr1,inf3,False,0.58554239933052,0.09,observed
1301,tr0,inf5,0.4195346599808402,exact,feasible,False,0.9763141356868921,0.58554239933052,1300,0.04607330391384906,1.0,0.0,6,[0.4195346599808402],False,8.148291476503939,1,1,6,0,0,,0.0,,0.0,,0.0,tr0,inf4,False,0.5716733215104056,0.0,observed
1302,tr0,inf5,0.4121736627693049,exact,feasible,False,0.9763141356868921,0.5716733215104056,1300,0.04607330391384906,1.0,0.0,6,[0.4121736627693049],False,8.242161736091612,1,1,6,0,0,,0.0,,0.0,,0.0,tr0,inf2,False,0.5581327447856864,0.0,observed
1303,tr0,inf5,0.4048878501354438,exact,feasible,False,0.9763141356868921,0.5581327447856864,1300,0.04607330391384906,1.0,0.0,6,[0.4048878501354438],False,8.334864489916342,1,1,6,0,0,,0.0,,0.0,,0.0,tr0,inf3,False,0.5449128883239902,0.0,observed
1304,tr0,inf5,0.3976787945402429,exact,feasible,False,0.9763141356868921,0.5449128883239902,1300,0.04607330391384906,1.0,0.0,6,[0.3976787945402429],False,8.426389557671175,1,1,6,0,0,,0.0,,0.0,,0.0,tr0,inf4,False,0.5320061555886845,0.0,observed
1305,tr0,inf5,0.3905479474987464,exact,feasible,False,0.9763141356868921,0.5320061555886845,1300,0.04607330391384906,1.0,0.0,6,[0.3905479474987464],False,8.516728090956157,1,1,6,0,0,,0.0,,0.0,,0.0,tr0,inf2,False,0.5194051299736727,0.0,observed
1306,tr0,inf5,0.38349664256090193,exact,feasible,False,0.9763141356868921,0.5194051299736727,1300,0.04607330391384906,1.0,0.0,6,[0.38349664256090193],False,8.605872527813698,1,1,6,0,0,,0.0,,0.0,,0.0,tr0,inf3,False,0.5071025705415841,0.0,observed
1307,tr0,inf5,0.3765260983827619,exact,feasible,False,0.9763141356868921,0.5071025705415841,1300,0.04607330391384906,1.0,0.0,6,[0.3765260983827619],False,8.693816547201301,1,1,6,0,0,,0.0,,0.0,,0.0,tr0,inf4,False,0.49509140786290795,0.0,observed
1308,tr0,inf5,0.3696374218737708,exact,feasible,False,0.9763141356868921,0.49509140786290795,1300,0.04607330391384906,1.0,0.0,6,[0.3696374218737708],False,8.780555023522256,1,1,6,0,0,,0.0,,0.0,,0.0,tr0,inf2,False,0.4833647399536815,0.0,observed
1309,tr0,inf5,0.36283161140664466,exact,feasible,False,0.9763141356868921,0.4833647399536815,1300,0.04607330391384906,1.0,0.0,6,[0.36283161140664466],False,8.866083981325986,1,1,6,0,0,,0.0,,0.0,,0.0,tr0,inf3,False,0.47191582830939793,0.0,observed
1310,tr0,inf5,0.3561095600771189,exact,feasible,False,0.9763141356868921,0.47191582830939793,1300,0.04607330391384906,1.0,0.0,6,[0.3561095600771189],False,8.950400550281008,1,1,6,0,0,,0.0,,0.0,,0.0,tr1,inf4,False,0.5507380940328536,0.09,observed
1311,tr0,inf5,0.4008671452099985,exact,feasible,False,0.9763141356868921,0.5507380940328536,1300,0.04607330391384906,1.0,0.0,6,[0.4008671452099985],False,8.385935202445452,1,1,6,0,0,,0.0,,0.0,,0.0,tr0,inf2,False,0.5376933862655318,0.0,observed
1312,tr0,inf5,0.39370143354324855,exact,feasible,False,0.9763141356868921,0.5376933862655318,1300,0.04607330391384906,1.0,0.0,6,[0.39370143354324855],False,8.4768010879915,1,1,6,0,0,,0.0,,0.0,,0.0,tr0,inf3,False,0.5249576536763908,0.0,observed
1313,tr0,inf5,0.38661468678403466,exact,feasible,False,0.9763141356868921,0.5249576536763908,1300,0.04607330391384906,1.0,0.0,6,[0.38661468678403466],False,8.566476075731291,1,1,6,0,0,,0.0,,0.0,,0.0,tr0,inf4,False,0.5125235779212843,0.0,observed
1314,tr0,inf5,0.37960817417084475,exact,feasible,False,0.9763141356868921,0.5125235779212843,1300,0.04607330391384906,1.0,0.0,6,[0.37960817417084475],False,8.654953299772982,1,1,6,0,0,,0.0,,0.0,,0.0,tr0,inf2,False,0.5003840139973722,0.0,observed
1315,tr0,inf5,0.3726830517909222,exact,feasible,False,0.9763141356868921,0.5003840139973722,1300,0.04607330391384906,1.0,0.0,6,[0.3726830517909222],False,8.742227109826075,1,1,6,0,0,,0.0,,0.0,,0.0,tr0,inf3,False,0.48853198613738213,0.0,observed
1316,tr0,inf5,0.3658403657639953,exact,feasible,False,0.9763141356868921,0.48853198613738213,1300,0.04607330391384906,1.0,0.0,6,[0.3658403657639953],False,8.828293025813291,1,1,6,0,0,,0.0,,0.0,,0.0,tr0,inf4,False,0.476960683801119,0.0,observed
1317,tr0,inf5,0.35908105548142516,exact,feasible,False,0.9763141356868921,0.476960683801119,1300,0.04607330391384906,1.0,0.0,6,[0.35908105548142516],False,8.913147692710439,1,1,6,0,0,,0.0,,0.0,,0.0,tr0,inf2,False,0.46566345776191853,0.0,observed
1318,tr0,inf5,0.3524059568884717,exact,feasible,False,0.9763141356868921,0.46566345776191853,1300,0.04607330391384906,1.0,0.0,6,[0.3524059568884717],False,8.996788835712557,1,1,6,0,0,,0.0,,0.0,,0.0,tr0,inf3,False,0.4546338162857971,0.0,observed
1319,tr0,inf5,0.3458158057981349,exact,feasible,False,0.9763141356868921,0.4546338162857971,1300,0.04607330391384906,1.0,0.0,6,[0.3458158057981349],False,9.079215215816415,1,1,6,0,0,,0.0,,0.0,,0.0,tr0,inf4,False,0.44386542140110125,0.0,observed
1320,tr0,inf5,0.3393112412257642,exact,feasible,False,0.9763141356868921,0.44386542140110125,1300,0.04607330391384906,1.0,0.0,6,[0.3393112412257642],False,9.160426585901632,1,1,6,0,0,,0.0,,0.0,,0.0,tr1,inf2,False,0.5233520852565143,0.09,observed
1321,tr0,inf5,0.3857148513623482,exact,feasible,False,0.9763141356868921,0.5233520852565143,1300,0.04607330391384906,1.0,0.0,6,[0.3857148513623482],False,8.577849163512271,1,1,6,0,0,,0.0,,0.0,,0.0,tr0,inf3,False,0.5109560387771465,0.0,observed
1322,tr0,inf5,0.3787186772424848,exact,feasible,False,0.9763141356868921,0.5109560387771465,1300,0.04607330391384906,1.0,0.0,6,[0.3787186772424848],False,8.666172897235596,1,1,6,0,0,,0.0,,0.0,,0.0,tr0,inf4,False,0.49885360337270784,0.0,observed
1323,tr0,inf5,0.37180403309699056,exact,feasible,False,0.9763141356868921,0.49885360337270784,1300,0.04607330391384906,1.0,0.0,6,[0.37180403309699056],False,8.75329258021067,1,1,6,0,0,,0.0,,0.0,,0.0,tr0,inf2,False,0.48703782461111694,0.0,observed
1324,tr0,inf5,0.3649719512255994,exact,feasible,False,0.9763141356868921,0.48703782461111694,1300,0.04607330391384906,1.0,0.0,6,[0.3649719512255994],False,8.839203878637786,1,1,6,0,0,,0.0,,0.0,,0.0,tr0,inf3,False,0.47550191278202675,0.0,observed
1325,tr0,inf5,0.358223357616954,exact,feasible,False,0.9763141356868921,0.47550191278202675,1300,0.04607330391384906,1.0,0.0,6,[0.358223357616954],False,8.923903578021,1,1,6,0,0,,0.0,,0.0,,0.0,tr0,inf4,False,0.4642392389952484,0.0,observed
1326,tr0,inf5,0.3515590752355348,exact,feasible,False,0.9763141356868921,0.4642392389952484,1300,0.04607330391384906,1.0,0.0,6,[0.3515590752355348],False,9.007389538382634,1,1,6,0,0,,0.0,,0.0,,0.0,tr0,inf2,False,0.45324333137158646,0.0,observed
1327,tr0,inf5,0.3449798273387413,exact,feasible,False,0.9763141356868921,0.45324333137158646,1300,0.04607330391384906,1.0,0.0,6,[0.3449798273387413],False,9.089660649905083,1,1,6,0,0,,0.0,,0.0,,0.0,tr0,inf3,False,0.442507871323898,0.0,observed
1328,tr0,inf5,0.3384862408134146,exact,feasible,False,0.9763141356868921,0.442507871323898,1300,0.04607330391384906,1.0,0.0,6,[0.3384862408134146],False,9.17071678908115,1,1,6,0,0,,0.0,,0.0,,0.0,tr0,inf4,False,0.43202668992623794,0.0,observed
1329,tr0,inf5,0.3320788495218126,exact,feasible,False,0.9763141356868921,0.43202668992623794,1300,0.04607330391384906,1.0,0.0,6,[0.3320788495218126],False,9.250558775446684,1,1,6,0,0,,0.0,,0.0,,0.0,tr0,inf2,False,0.4217937643690039,0.0,observed
1330,tr0,inf5,0.325758097647748,exact,feasible,False,0.9763141356868921,0.4217937643690039,1300,0.04607330391384906,1.0,0.0,6,[0.325758097647748],False,9.329188328962037,1,1,6,0,0,,0.0,,0.0,,0.0,tr1,inf3,False,0.5018032144980447,0.09,observed
1331,tr0,inf5,0.3734969936598252,exact,feasible,False,0.9763141356868921,0.5018032144980447,1300,0.04607330391384906,1.0,0.0,6,[0.3734969936598252],False,8.731978383423431,1,1,6,0,0,,0.0,,0.0,,0.0,tr0,inf4,False,0.48991757164756256,0.0,observed
1332,tr0,inf5,0.36664451663070335,exact,feasible,False,0.9763141356868921,0.48991757164756256,1300,0.04607330391384906,1.0,0.0,6,[0.36664451663070335],False,8.81818721074443,1,1,6,0,0,,0.0,,0.0,,0.0,tr0,inf2,False,0.47831345052091107,0.0,observed
1333,tr0,inf5,0.3598753098081553,exact,feasible,False,0.9763141356868921,0.47831345052091107,1300,0.04607330391384906,1.0,0.0,6,[0.3598753098081553],False,8.903185128235986,1,1,6,0,0,,0.0,,0.0,,0.0,tr0,inf3,False,0.4669841830327383,0.0,observed
1334,tr0,inf5,0.35319022118767973,exact,feasible,False,0.9763141356868921,0.4669841830327383,1300,0.04607330391384906,1.0,0.0,6,[0.35319022118767973],False,8.986969735785902,1,1,6,0,0,,0.0,,0.0,,0.0,tr0,inf4,False,0.4559232590370573,0.0,observed
1335,tr0,inf5,0.3465899982396931,exact,feasible,False,0.9763141356868921,0.4559232590370573,1300,0.04607330391384906,1.0,0.0,6,[0.3465899982396931],False,9.069539674307284,1,1,6,0,0,,0.0,,0.0,,0.0,tr0,inf2,False,0.4451243225863156,0.0,observed
1336,tr0,inf5,0.3400752912422245,exact,feasible,False,0.9763141356868921,0.4451243225863156,1300,0.04607330391384906,1.0,0.0,6,[0.3400752912422245],False,9.150894581756706,1,1,6,0,0,,0.0,,0.0,,0.0,tr0,inf3,False,0.43458116827907206,0.0,observed
1337,tr0,inf5,0.3336466566254538,exact,feasible,False,0.9763141356868921,0.43458116827907206,1300,0.04607330391384906,1.0,0.0,6,[0.3336466566254538],False,9.231035049717178,1,1,6,0,0,,0.0,,0.0,,0.0,tr0,inf4,False,0.42428773769418204,0.0,observed
1338,tr0,inf5,0.3273045603186334,exact,feasible,False,0.9763141356868921,0.42428773769418204,1300,0.04607330391384906,1.0,0.0,6,[0.3273045603186334],False,9.309962580614254,1,1,6,0,0,,0.0,,0.0,,0.0,tr0,inf2,False,0.4142381159094421,0.0,observed
1339,tr0,inf5,0.3210493810906252,exact,feasible,False,0.9763141356868921,0.4142381159094421,1300,0.04607330391384906,1.0,0.0,6,[0.3210493810906252],False,9.38767954562662,1,1,6,0,0,,0.0,,0.0,,0.0,tr0,inf3,False,0.4044265281026936,0.0,observed
1340,tr0,inf5,0.3148814138759454,exact,feasible,False,0.9763141356868921,0.4044265281026936,1300,0.04607330391384906,1.0,0.0,6,[0.3148814138759454],False,9.464189143346049,1,1,6,0,0,,0.0,,0.0,,0.0,tr1,inf4,False,0.4848473362334319,0.09,observed
1341,tr0,inf5,0.363696480053239,exact,feasible,False,0.9763141356868921,0.4848473362334319,1300,0.04607330391384906,1.0,0.0,6,[0.363696480053239],False,8.855224209945304,1,1,6,0,0,,0.0,,0.0,,0.0,tr0,inf2,False,0.473363308014835,0.0,observed
1342,tr0,inf5,0.3569636813790015,exact,feasible,False,0.9763141356868921,0.473363308014835,1300,0.04607330391384906,1.0,0.0,6,[0.3569636813790015],False,8.939695797673503,1,1,6,0,0,,0.0,,0.0,,0.0,tr0,inf3,False,0.4621512889303917,0.0,observed
1343,tr0,inf5,0.35031533745165766,exact,feasible,False,0.9763141356868921,0.4621512889303917,1300,0.04607330391384906,1.0,0.0,6,[0.35031533745165766],False,9.022953360366346,1,1,6,0,0,,0.0,,0.0,,0.0,tr0,inf4,False,0.4512048362086585,0.0,observed
1344,tr0,inf5,0.3437521531510108,exact,feasible,False,0.9763141356868921,0.4512048362086585,1300,0.04607330391384906,1.0,0.0,6,[0.3437521531510108],False,9.104995977012619,1,1,6,0,0,,0.0,,0.0,,0.0,tr0,inf2,False,0.4405176596808021,0.0,observed
1345,tr0,inf5,0.3372747376150843,exact,feasible,False,0.9763141356868921,0.4405176596808021,1300,0.04607330391384906,1.0,0.0,6,[0.3372747376150843],False,9.185823704728541,1,1,6,0,0,,0.0,,0.0,,0.0,tr0,inf3,False,0.43008361816607477,0.0,observed
1346,tr0,inf5,0.330883607586815,exact,feasible,False,0.9763141356868921,0.43008361816607477,1300,0.04607330391384906,1.0,0.0,6,[0.330883607586815],False,9.265437535607534,1,1,6,0,0,,0.0,,0.0,,0.0,tr0,inf4,False,0.4198967159429026,0.0,observed
1347,tr0,inf5,0.3245791907592416,exact,feasible,False,0.9763141356868921,0.4198967159429026,1300,0.04607330391384906,1.0,0.0,6,[0.3245791907592416],False,9.343839354230584,1,1,6,0,0,,0.0,,0.0,,0.0,tr0,inf2,False,0.4099510993035594,0.0,observed
1348,tr0,inf5,0.31836182911070965,exact,feasible,False,0.9763141356868921,0.4099510993035594,1300,0.04607330391384906,1.0,0.0,6,[0.31836182911070965],False,9.421031895895682,1,1,6,0,0,,0.0,,0.0,,0.0,tr0,inf3,False,0.40024105319044584,0.0,observed
1349,tr0,inf5,0.312231782222269,exact,feasible,False,0.9763141356868921,0.40024105319044584,1300,0.04607330391384906,1.0,0.0,6,[0.312231782222269],False,9.497018705618446,1,1,6,0,0,,0.0,,0.0,,0.0,tr0,inf4,False,0.39076099791204155,0.0,observed
1350,tr0,inf5,0.30618923057007497,exact,feasible,False,0.9763141356868921,0.39076099791204155,1300,0.04607330391384906,1.0,0.0,6,[0.30618923057007497],False,9.571804097949867,1,1,6,0,0,,0.0,,0.0,,0.0,tr1,inf2,False,0.4715054859366423,0.09,observed
1351,tr0,inf5,0.3558672023776219,exact,feasible,False,0.9763141356868921,0.4715054859366423,1350,0.04607330391384906,1.0,0.0,6,[0.3558672023776219],False,8.95343757296199,1,1,6,0,0,,0.0,,0.0,,0.0,tr0,inf3,False,0.460337470973861,0.0,observed
1352,tr0,inf5,0.349232783234932,exact,feasible,False,0.9763141356868921,0.460337470973861,1350,0.04607330391384906,1.0,0.0,6,[0.349232783234932],False,9.036495859030081,1,1,6,0,0,,0.0,,0.0,,0.0,tr0,inf4,False,0.4494339800981349,0.0,observed
1353,tr0,inf5,0.3426836301246304,exact,feasible,False,0.9763141356868921,0.4494339800981349,1350,0.04607330391384906,1.0,0.0,6,[0.3426836301246304],False,9.118339142507883,1,1,6,0,0,,0.0,,0.0,,0.0,tr0,inf2,False,0.43878874782783045,0.0,observed
1354,tr0,inf5,0.33622033679767765,exact,feasible,False,0.9763141356868921,0.43878874782783045,1350,0.04607330391384906,1.0,0.0,6,[0.33622033679767765],False,9.198967636837608,1,1,6,0,0,,0.0,,0.0,,0.0,tr0,inf3,False,0.42839565708466193,0.0,observed
1355,tr0,inf5,0.32984340515906685,exact,feasible,False,0.9763141356868921,0.42839565708466193,1350,0.04607330391384906,1.0,0.0,6,[0.32984340515906685],False,9.278382483421263,1,1,6,0,0,,0.0,,0.0,,0.0,tr0,inf4,False,0.4182487356786299,0.0,observed
1356,tr0,inf5,0.3235532486119373,exact,feasible,False,0.9763141356868921,0.4182487356786299,1350,0.04607330391384906,1.0,0.0,6,[0.3235532486119373],False,9.356585709245136,1,1,6,0,0,,0.0,,0.0,,0.0,tr0,inf2,False,0.40834215287621695,0.0,observed
1357,tr0,inf5,0.3173501953903778,exact,feasible,False,0.9763141356868921,0.40834215287621695,1350,0.04607330391384906,1.0,0.0,6,[0.3173501953903778],False,9.433580185232369,1,1,6,0,0,,0.0,,0.0,,0.0,tr0,inf3,False,0.3986702160498685,0.0,observed
1358,tr0,inf5,0.3112344918731997,exact,feasible,False,0.9763141356868921,0.3986702160498685,1350,0.04607330391384906,1.0,0.0,6,[0.3112344918731997],False,9.509369585374602,1,1,6,0,0,,0.0,,0.0,,0.0,tr0,inf4,False,0.3892273674068339,0.0,observed
1359,tr0,inf5,0.3052063058715935,exact,feasible,False,0.9763141356868921,0.3892273674068339,1350,0.04607330391384906,1.0,0.0,6,[0.3052063058715935],False,9.58395834668779,1,1,6,0,0,,0.0,,0.0,,0.0,tr0,inf2,False,0.3800081807954874,0.0,observed
1360,tr0,inf5,0.29926572988418204,exact,feasible,False,0.9763141356868921,0.3800081807954874,1350,0.04607330391384906,1.0,0.0,6,[0.29926572988418204],False,9.657351630031444,1,1,6,0,0,,0.0,,0.0,,0.0,tr1,inf3,False,0.46100735858729447,0.09,observed
1361,tr0,inf5,0.3496328258489193,exact,feasible,False,0.9763141356868921,0.46100735858729447,1350,0.04607330391384906,1.0,0.0,6,[0.3496328258489193],False,9.031491886970889,1,1,6,0,0,,0.0,,0.0,,0.0,tr0,inf4,False,0.4500880008444515,0.0,observed
1362,tr0,inf5,0.34307848236338573,exact,feasible,False,0.9763141356868921,0.4500880008444515,1350,0.04607330391384906,1.0,0.0,6,[0.34307848236338573],False,9.113408879958696,1,1,6,0,0,,0.0,,0.0,,0.0,tr0,inf2,False,0.43942727752749183,0.0,observed
1363,tr0,inf5,0.3366099652928897,exact,feasible,False,0.9763141356868921,0.43942727752749183,1350,0.04607330391384906,1.0,0.0,6,[0.3366099652928897],False,9.194111043980788,1,1,6,0,0,,0.0,,0.0,,0.0,tr0,inf3,False,0.42901906265649725,0.0,observed
1364,tr0,inf5,0.3302277820187491,exact,feasible,False,0.9763141356868921,0.42901906265649725,1350,0.04607330391384906,1.0,0.0,6,[0.3302277820187491],False,9.273599465360492,1,1,6,0,0,,0.0,,0.0,,0.0,tr0,inf4,False,0.4188573753506787,0.0,observed
1365,tr0,inf5,0.3239323512178047,exact,feasible,False,0.9763141356868921,0.4188573753506787,1350,0.04607330391384906,1.0,0.0,6,[0.3239323512178047],False,9.351876118555873,1,1,6,0,0,,0.0,,0.0,,0.0,tr0,inf2,False,0.408936376391578,0.0,observed
1366,tr0,inf5,0.3177240061961355,exact,feasible,False,0.9763141356868921,0.408936376391578,1350,0.04607330391384906,1.0,0.0,6,[0.3177240061961355],False,9.428943824466584,1,1,6,0,0,,0.0,,0.0,,0.0,tr0,inf3,False,0.399250364867673,0.0,observed
1367,tr0,inf5,0.31160299820419457,exact,feasible,False,0.9763141356868921,0.399250364867673,1350,0.04607330391384906,1.0,0.0,6,[0.31160299820419457],False,9.504806209516948,1,1,6,0,0,,0.0,,0.0,,0.0,tr0,inf4,False,0.38979377489845846,0.0,observed
1368,tr0,inf5,0.3055694997262403,exact,feasible,False,0.9763141356868921,0.38979377489845846,1350,0.04607330391384906,1.0,0.0,6,[0.3055694997262403],False,9.579467665560568,1,1,6,0,0,,0.0,,0.0,,0.0,tr0,inf2,False,0.3805611724361194,0.0,observed
1369,tr0,inf5,0.2996236077375421,exact,feasible,False,0.9763141356868921,0.3805611724361194,1350,0.04607330391384906,1.0,0.0,6,[0.2996236077375421],False,9.652933310646183,1,1,6,0,0,,0.0,,0.0,,0.0,tr0,inf3,False,0.37154725214296025,0.0,observed
1370,tr0,inf5,0.29376534692342166,exact,feasible,False,0.9763141356868921,0.37154725214296025,1350,0.04607330391384906,1.0,0.0,6,[0.29376534692342166],False,9.725208950678976,1,1,6,0,0,,0.0,,0.0,,0.0,tr1,inf4,False,0.45274683434279395,0.09,observed
1371,tr0,inf5,0.34468104482142675,exact,feasible,False,0.9763141356868921,0.45274683434279395,1350,0.04607330391384906,1.0,0.0,6,[0.34468104482142675],False,9.093393321203502,1,1,6,0,0,,0.0,,0.0,,0.0,tr0,inf2,False,0.44202313425636136,0.0,observed
1372,tr0,inf5,0.3381913884885104,exact,feasible,False,0.9763141356868921,0.44202313425636136,1350,0.04607330391384906,1.0,0.0,6,[0.3381913884885104],False,9.174393920218872,1,1,6,0,0,,0.0,,0.0,,0.0,tr0,inf3,False,0.4315534342751105,0.0,observed
1373,tr0,inf5,0.33178794962997904,exact,feasible,False,0.9763141356868921,0.4315534342751105,1350,0.04607330391384906,1.0,0.0,6,[0.33178794962997904],False,9.254180425743652,1,1,6,0,0,,0.0,,0.0,,0.0,tr0,inf4,False,0.4213317181870145,0.0,observed
1374,tr0,inf5,0.3254711684091268,exact,feasible,False,0.9763141356868921,0.4213317181870145,1350,0.04607330391384906,1.0,0.0,6,[0.3254711684091268],False,9.332754597901175,1,1,6,0,0,,0.0,,0.0,,0.0,tr0,inf2,False,0.41135211227922824,0.0,observed
1375,tr0,inf5,0.3192413988007789,exact,feasible,False,0.9763141356868921,0.41135211227922824,1350,0.04607330391384906,1.0,0.0,6,[0.3192413988007789],False,9.410119053430913,1,1,6,0,0,,0.0,,0.0,,0.0,tr0,inf3,False,0.4016088819628721,0.0,observed
1376,tr0,inf5,0.31309891191167766,exact,feasible,False,0.9763141356868921,0.4016088819628721,1350,0.04607330391384906,1.0,0.0,6,[0.31309891191167766],False,9.48627722457637,1,1,6,0,0,,0.0,,0.0,,0.0,tr0,inf4,False,0.3920964284777605,0.0,observed
1377,tr0,inf5,0.3070438992768565,exact,feasible,False,0.9763141356868921,0.3920964284777605,1350,0.04607330391384906,1.0,0.0,6,[0.3070438992768565],False,9.561233318783964,1,1,6,0,0,,0.0,,0.0,,0.0,tr0,inf2,False,0.382809285675182,0.0,observed
1378,tr0,inf5,0.3010764761253362,exact,feasible,False,0.9763141356868921,0.382809285675182,1350,0.04607330391384906,1.0,0.0,6,[0.3010764761253362],False,9.634992279253881,1,1,6,0,0,,0.0,,0.0,,0.0,tr0,inf3,False,0.3737421168768819,0.0,observed
1379,tr0,inf5,0.29519668460906384,exact,feasible,False,0.9763141356868921,0.3737421168768819,1350,0.04607330391384906,1.0,0.0,6,[0.29519668460906384],False,9.707559746378447,1,1,6,0,0,,0.0,,0.0,,0.0,tr0,inf4,False,0.3648897118084424,0.0,observed
1380,tr0,inf5,0.2894044969895761,exact,feasible,False,0.9763141356868921,0.3648897118084424,1350,0.04607330391384906,1.0,0.0,6,[0.2894044969895761],False,9.778942020098459,1,1,6,0,0,,0.0,,0.0,,0.0,tr1,inf2,False,0.4462469836052986,0.09,observed
1381,tr0,inf5,0.3407558437439578,exact,feasible,False,0.9763141356868921,0.4462469836052986,1350,0.04607330391384906,1.0,0.0,6,[0.3407558437439578],False,9.142402612661419,1,1,6,0,0,,0.0,,0.0,,0.0,tr0,inf3,False,0.4356772381014898,0.0,observed
1382,tr0,inf5,0.3343181408576649,exact,feasible,False,0.9763141356868921,0.4356772381014898,1350,0.04607330391384906,1.0,0.0,6,[0.3343181408576649],False,9.222670643438994,1,1,6,0,0,,0.0,,0.0,,0.0,tr0,inf4,False,0.42535784615550826,0.0,observed
1383,tr0,inf5,0.32796693147576605,exact,feasible,False,0.9763141356868921,0.42535784615550826,1350,0.04607330391384906,1.0,0.0,6,[0.32796693147576605],False,9.301725537700072,1,1,6,0,0,,0.0,,0.0,,0.0,tr0,inf2,False,0.41528287792695306,0.0,observed
1384,tr0,inf5,0.32170260336956924,exact,feasible,False,0.9763141356868921,0.41528287792695306,1350,0.04607330391384906,1.0,0.0,6,[0.32170260336956924],False,9.379569577288612,1,1,6,0,0,,0.0,,0.0,,0.0,tr0,inf3,False,0.4054465440288183,0.0,observed
1385,tr0,inf5,0.31552546012743166,exact,feasible,False,0.9763141356868921,0.4054465440288183,1350,0.04607330391384906,1.0,0.0,6,[0.31552546012743166],False,9.456205875769104,1,1,6,0,0,,0.0,,0.0,,0.0,tr0,inf4,False,0.39584319220073316,0.0,observed
1386,tr0,inf5,0.3094357244614911,exact,feasible,False,0.9763141356868921,0.39584319220073316,1350,0.04607330391384906,1.0,0.0,6,[0.3094357244614911],False,9.531638337798459,1,1,6,0,0,,0.0,,0.0,,0.0,tr0,inf2,False,0.3864673040609991,0.0,observed
1387,tr0,inf5,0.30343354148629376,exact,feasible,False,0.9763141356868921,0.3864673040609991,1350,0.04607330391384906,1.0,0.0,6,[0.30343354148629376],False,9.605871619334303,1,1,6,0,0,,0.0,,0.0,,0.0,tr0,inf3,False,0.37731349193555763,0.0,observed
1388,tr0,inf5,0.29751898196300725,exact,feasible,False,0.9763141356868921,0.37731349193555763,1350,0.04607330391384906,1.0,0.0,6,[0.29751898196300725],False,9.678911088717312,1,1,6,0,0,,0.0,,0.0,,0.0,tr0,inf4,False,0.36837649576206705,0.0,observed
1389,tr0,inf5,0.2916920455034819,exact,feasible,False,0.9763141356868921,0.36837649576206705,1350,0.04607330391384906,1.0,0.0,6,[0.2916920455034819],False,9.75076278866002,1,1,6,0,0,,0.0,,0.0,,0.0,tr0,inf2,False,0.35965118006730856,0.0,observed
1390,tr0,inf5,0.28595266372897105,exact,feasible,False,0.9763141356868921,0.35965118006730856,1350,0.04607330391384906,1.0,0.0,6,[0.28595266372897105],False,9.821433399169523,1,1,6,0,0,,0.0,,0.0,,0.0,tr1,inf3,False,0.4411325310161851,0.09,observed
1391,tr0,inf5,0.337649286178869,exact,feasible,False,0.9763141356868921,0.4411325310161851,1350,0.04607330391384906,1.0,0.0,6,[0.337649286178869],False,9.181153771182336,1,1,6,0,0,,0.0,,0.0,,0.0,tr0,inf4,False,0.43068392574243786,0.0,observed
1392,tr0,inf5,0.33125312279912017,exact,feasible,False,0.9763141356868921,0.43068392574243786,1350,0.04607330391384906,1.0,0.0,6,[0.33125312279912017],False,9.26083819316515,1,1,6,0,0,,0.0,,0.0,,0.0,tr0,inf2,False,0.42048280471546584,0.0,observed
1393,tr0,inf5,0.32494365011427867,exact,feasible,False,0.9763141356868921,0.42048280471546584,1350,0.04607330391384906,1.0,0.0,6,[0.32494365011427867],False,9.339310469521099,1,1,6,0,0,,0.0,,0.0,,0.0,tr0,inf3,False,0.41052330605698023,0.0,observed
1394,tr0,inf5,0.31872121499915496,exact,feasible,False,0.9763141356868921,0.41052330605698023,1350,0.04607330391384906,1.0,0.0,6,[0.31872121499915496],False,9.41657328717771,1,1,6,0,0,,0.0,,0.0,,0.0,tr0,inf4,False,0.4007997067323461,0.0,observed
1395,tr0,inf5,0.31258608173884966,exact,feasible,False,0.9763141356868921,0.4007997067323461,1350,0.04607330391384906,1.0,0.0,6,[0.31258608173884966],False,9.492630145143826,1,1,6,0,0,,0.0,,0.0,,0.0,tr0,inf2,False,0.3913064192619503,0.0,observed
1396,tr0,inf5,0.3065384353227947,exact,feasible,False,0.9763141356868921,0.3913064192619503,1350,0.04607330391384906,1.0,0.0,6,[0.3065384353227947],False,9.567485314278667,1,1,6,0,0,,0.0,,0.0,,0.0,tr0,inf3,False,0.3820379885104636,0.0,observed
1397,tr0,inf5,0.3005783847075828,exact,feasible,False,0.9763141356868921,0.3820379885104636,1350,0.04607330391384906,1.0,0.0,6,[0.3005783847075828],False,9.641143797916056,1,1,6,0,0,,0.0,,0.0,,0.0,tr0,inf4,False,0.37298908855215207,0.0,observed
1398,tr0,inf5,0.294705966042555,exact,feasible,False,0.9763141356868921,0.37298908855215207,1350,0.04607330391384906,1.0,0.0,6,[0.294705966042555],False,9.713611293378946,1,1,6,0,0,,0.0,,0.0,,0.0,tr0,inf2,False,0.364154519610436,0.0,observed
1399,tr0,inf5,0.2889211458526726,exact,feasible,False,0.9763141356868921,0.364154519610436,1350,0.04607330391384906,1.0,0.0,6,[0.2889211458526726],False,9.784894154414182,1,1,6,0,0,,0.0,,0.0,,0.0,tr0,inf3,False,0.3555292050699382,0.0,observed
1400,tr0,inf5,0.2832238241737389,exact,feasible,False,0.9763141356868921,0.3555292050699382,1350,0.04607330391384906,1.0,0.0,6,[0.2832238241737389],False,9.8549993545727,1,1,6,0,0,,0.0,,0.0,,0.0,tr1,inf4,False,0.43710818855930444,0.09,observed
1401,tr0,inf5,0.3358259352263531,exact,feasible,False,0.9961369499847641,0.43710818855930444,1400,0.04068909143947173,0.03039613500390643,1.0,6,[0.3358259352263531],False,10.037646711016924,1,1,6,0,0,0.0032648834363625187,0.36749788800228866,0.23425913944897275,0.16857081335192287,0.0,0.4639312986457885,tr0,inf2,False,0.4354196177648307,0.0,observed
1402,tr0,inf5,0.3347906916973944,exact,feasible,False,0.9961369499847641,0.4354196177648307,1400,0.04068909143947173,0.03039613500390643,1.0,6,[0.3347906916973944],False,10.054066480945743,1,1,6,0,0,0.0032648834363625187,0.36749788800228866,0.23425913944897275,0.16857081335192287,0.0,0.4639312986457885,tr0,inf3,False,0.43373757000379026,0.0,observed
1403,tr0,inf5,0.333757707935945,exact,feasible,False,0.9961369499847641,0.43373757000379026,1400,0.04068909143947173,0.03039613500390643,1.0,6,[0.333757707935945],False,10.070449533263238,1,1,6,0,0,0.0032648834363625187,0.36749788800228866,0.23425913944897275,0.16857081335192287,0.0,0.4639312986457885,tr0,inf4,False,0.43206202007737876,0.0,observed
1404,tr0,inf5,0.3327269857197653,exact,feasible,False,0.9961369499847641,0.43206202007737876,1400,0.04068909143947173,0.03039613500390643,1.0,6,[0.3327269857197653],False,10.08679584704477,1,1,6,0,0,0.0032648834363625187,0.36749788800228866,0.23425913944897275,0.16857081335192287,0.0,0.4639312986457885,tr0,inf2,False,0.430392942884136,0.0,observed
1405,tr0,inf5,0.3316985267674425,exact,feasible,False,0.9961369499847641,0.430392942884136,1400,0.04068909143947173,0.03039613500390643,1.0,6,[0.3316985267674425],False,10.103105402272242,1,1,6,0,0,0.0032648834363625187,0.36749788800228866,0.23425913944897275,0.16857081335192287,0.0,0.4639312986457885,tr0,inf3,False,0.42873031341957,0.0,observed
1406,tr0,inf5,0.33067233273875785,exact,feasible,False,0.9961369499847641,0.42873031341957,1400,0.04068909143947173,0.03039613500390643,1.0,6,[0.33067233273875785],False,10.11937817982823,1,1,6,0,0,0.0032648834363625187,0.36749788800228866,0.23425913944897275,0.16857081335192287,0.0,0.4639312986457885,tr0,inf4,False,0.42707410677578245,0.0,observed
1407,tr0,inf5,0.32964840523505223,exact,feasible,False,0.9961369499847641,0.42707410677578245,1400,0.04068909143947173,0.03039613500390643,1.0,6,[0.32964840523505223],False,10.135614161490135,1,1,6,0,0,0.0032648834363625187,0.36749788800228866,0.23425913944897275,0.16857081335192287,0.0,0.4639312986457885,tr0,inf2,False,0.4254242981410954,0.0,observed
1408,tr0,inf5,0.3286267457995927,exact,feasible,False,0.9961369499847641,0.4254242981410954,1400,0.04068909143947173,0.03039613500390643,1.0,6,[0.3286267457995927],False,10.151813329924318,1,1,6,0,0,0.0032648834363625187,0.36749788800228866,0.23425913944897275,0.16857081335192287,0.0,0.4639312986457885,tr0,inf3,False,0.4237808627996797,0.0,observed
1409,tr0,inf5,0.3276073559179377,exact,feasible,False,0.9961369499847641,0.4237808627996797,1400,0.04068909143947173,0.03039613500390643,1.0,6,[0.3276073559179377],False,10.167975668680247,1,1,6,0,0,0.0032648834363625187,0.36749788800228866,0.23425913944897275,0.16857081335192287,0.0,0.4639312986457885,tr0,inf4,False,0.4221437761311847,0.0,observed
1410,tr0,inf5,0.32659023701830237,exact,feasible,False,0.9961369499847641,0.4221437761311847,1400,0.04068909143947173,0.03039613500390643,1.0,6,[0.32659023701830237],False,10.18410116218468,1,1,6,0,0,0.0032648834363625187,0.36749788800228866,0.23425913944897275,0.16857081335192287,0.0,0.4639312986457885,tr1,inf2,False,0.5105130136103694,0.09,observed
1411,tr0,inf5,0.37918091453375036,exact,feasible,False,0.9961369499847641,0.5105130136103694,1400,0.04068909143947173,0.03039613500390643,1.0,6,[0.37918091453375036],False,9.3491928111679,1,1,6,0,0,0.0032648834363625187,0.36749788800228866,0.23425913944897275,0.16857081335192287,0.0,0.4639312986457885,tr0,inf3,False,0.5085408763053637,0.0,observed
1412,tr0,inf5,0.3780572344501599,exact,feasible,False,0.9961369499847641,0.5085408763053637,1400,0.04068909143947173,0.03039613500390643,1.0,6,[0.3780572344501599],False,9.367056739333972,1,1,6,0,0,0.0032648834363625187,0.36749788800228866,0.23425913944897275,0.16857081335192287,0.0,0.4639312986457885,tr0,inf4,False,0.5065763574654042,0.0,observed
1413,tr0,inf5,0.3769356898037041,exact,feasible,False,0.9961369499847641,0.5065763574654042,1400,0.04068909143947173,0.03039613500390643,1.0,6,[0.3769356898037041],False,9.384885604875034,1,1,6,0,0,0.0032648834363625187,0.36749788800228866,0.23425913944897275,0.16857081335192287,0.0,0.4639312986457885,tr0,inf2,False,0.5046194276599794,0.0,observed
1414,tr0,inf5,0.37581628504790215,exact,feasible,False,0.9961369499847641,0.5046194276599794,1400,0.04068909143947173,0.03039613500390643,1.0,6,[0.37581628504790215],False,9.402679345626776,1,1,6,0,0,0.0032648834363625187,0.36749788800228866,0.23425913944897275,0.16857081335192287,0.0,0.4639312986457885,tr0,inf3,False,0.5026700575722691,0.0,observed
1415,tr0,inf5,0.37469902456244664,exact,feasible,False,0.9961369499847641,0.5026700575722691,1400,0.04068909143947173,0.03039613500390643,1.0,6,[0.37469902456244664],False,9.420437900568798,1,1,6,0,0,0.0032648834363625187,0.36749788800228866,0.23425913944897275,0.16857081335192287,0.0,0.4639312986457885,tr0,inf4,False,0.5007282179987059,0.0,observed
1416,tr0,inf5,0.3735839126535607,exact,feasible,False,0.9961369499847641,0.5007282179987059,1400,0.04068909143947173,0.03039613500390643,1.0,6,[0.3735839126535607],False,9.43816120981877,1,1,6,0,0,0.0032648834363625187,0.36749788800228866,0.23425913944897275,0.16857081335192287,0.0,0.4639312986457885,tr0,inf2,False,0.49879387984853696,0.0,observed
1417,tr0,inf5,0.37247095355435567,exact,feasible,False,0.9961369499847641,0.49879387984853696,1400,0.04068909143947173,0.03039613500390643,1.0,6,[0.37247095355435567],False,9.455849214626545,1,1,6,0,0,0.0032648834363625187,0.36749788800228866,0.23425913944897275,0.16857081335192287,0.0,0.4639312986457885,tr0,inf3,False,0.4968670141433885,0.0,observed
1418,tr0,inf5,0.3713601514251893,exact,feasible,False,0.9961369499847641,0.4968670141433885,1400,0.04068909143947173,0.03039613500390643,1.0,6,[0.3713601514251893],False,9.473501857368305,1,1,6,0,0,0.0032648834363625187,0.36749788800228866,0.23425913944897275,0.16857081335192287,0.0,0.4639312986457885,tr0,inf4,False,0.4949475920168317,0.0,observed
1419,tr0,inf5,0.37025151035402526,exact,feasible,False,0.9961369499847641,0.4949475920168317,1400,0.04068909143947173,0.03039613500390643,1.0,6,[0.37025151035402526],False,9.491119081540663,1,1,6,0,0,0.0032648834363625187,0.36749788800228866,0.23425913944897275,0.16857081335192287,0.0,0.4639312986457885,tr0,inf2,False,0.4930355847139501,0.0,observed
1420,tr0,inf5,0.36914503435679297,exact,feasible,False,0.9961369499847641,0.4930355847139501,1400,0.04068909143947173,0.03039613500390643,1.0,6,[0.36914503435679297],False,9.508700831754785,1,1,6,0,0,0.0032648834363625187,0.36749788800228866,0.23425913944897275,0.16857081335192287,0.0,0.4639312986457885,tr1,inf3,False,0.581130963590909,0.09,observed
1421,tr0,inf5,0.41799131022503266,exact,feasible,False,0.9961369499847641,0.581130963590909,1400,0.04068909143947173,0.03039613500390643,1.0,6,[0.41799131022503266],False,8.731493337444546,1,1,6,0,0,0.0032648834363625187,0.36749788800228866,0.23425913944897275,0.16857081335192287,0.0,0.4639312986457885,tr0,inf4,False,0.578886025613155,0.0,observed
1422,tr0,inf5,0.41679924462698986,exact,feasible,False,0.9961369499847641,0.578886025613155,1400,0.04068909143947173,0.03039613500390643,1.0,6,[0.41679924462698986],False,8.750486902671879,1,1,6,0,0,0.0032648834363625187,0.36749788800228866,0.23425913944897275,0.16857081335192287,0.0,0.4639312986457885,tr0,inf2,False,0.5766497599430903,0.0,observed
1423,tr0,inf5,0.41560912043060966,exact,feasible,False,0.9961369499847641,0.5766497599430903,1400,0.04068909143947173,0.03039613500390643,1.0,6,[0.41560912043060966],False,8.769448185277533,1,1,6,0,0,0.0032648834363625187,0.36749788800228866,0.23425913944897275,0.16857081335192287,0.0,0.4639312986457885,tr0,inf3,False,0.5744221330791563,0.0,observed
1424,tr0,inf5,0.4144209447584713,exact,feasible,False,0.9961369499847641,0.5744221330791563,1400,0.04068909143947173,0.03039613500390643,1.0,6,[0.4144209447584713],False,8.788377081523263,1,1,6,0,0,0.0032648834363625187,0.36749788800228866,0.23425913944897275,0.16857081335192287,0.0,0.4639312986457885,tr0,inf4,False,0.5722031116492131,0.0,observed
1425,tr0,inf5,0.41323472464812594,exact,feasible,False,0.9961369499847641,0.5722031116492131,1400,0.04068909143947173,0.03039613500390643,1.0,6,[0.41323472464812594],False,8.807273489001721,1,1,6,0,0,0.0032648834363625187,0.36749788800228866,0.23425913944897275,0.16857081335192287,0.0,0.4639312986457885,tr0,inf2,False,0.5699926624100385,0.0,observed
1426,tr0,inf5,0.4120504670524027,exact,feasible,False,0.9961369499847641,0.5699926624100385,1400,0.04068909143947173,0.03039613500390643,1.0,6,[0.4120504670524027],False,8.826137306631233,1,1,6,0,0,0.0032648834363625187,0.36749788800228866,0.23425913944897275,0.16857081335192287,0.0,0.4639312986457885,tr0,inf3,False,0.5677907522468311,0.0,observed
1427,tr0,inf5,0.4108681788397179,exact,feasible,False,0.9961369499847641,0.5677907522468311,1400,0.04068909143947173,0.03039613500390643,1.0,6,[0.4108681788397179],False,8.844968434650559,1,1,6,0,0,0.0032648834363625187,0.36749788800228866,0.23425913944897275,0.16857081335192287,0.0,0.4639312986457885,tr0,inf4,False,0.5655973481727131,0.0,observed
1428,tr0,inf5,0.4096878667943849,exact,feasible,False,0.9961369499847641,0.5655973481727131,1400,0.04068909143947173,0.03039613500390643,1.0,6,[0.4096878667943849],False,8.863766774613607,1,1,6,0,0,0.0032648834363625187,0.36749788800228866,0.23425913944897275,0.16857081335192287,0.0,0.4639312986457885,tr0,inf2,False,0.5634124173282371,0.0,observed
1429,tr0,inf5,0.40850953761692743,exact,feasible,False,0.9961369499847641,0.5634124173282371,1400,0.04068909143947173,0.03039613500390643,1.0,6,[0.40850953761692743],False,8.88253222938413,1,1,6,0,0,0.0032648834363625187,0.36749788800228866,0.23425913944897275,0.16857081335192287,0.0,0.4639312986457885,tr0,inf3,False,0.5612359269808932,0.0,observed
1430,tr0,inf5,0.40733319792439426,exact,feasible,False,0.9961369499847641,0.5612359269808932,1400,0.04068909143947173,0.03039613500390643,1.0,6,[0.40733319792439426],False,8.901264703130405,1,1,6,0,0,0.0032648834363625187,0.36749788800228866,0.23425913944897275,0.16857081335192287,0.0,0.4639312986457885,tr1,inf4,False,0.6490678445246187,0.09,observed
1431,tr0,inf5,0.4528286550983268,exact,feasible,False,0.9961369499847641,0.6490678445246187,1400,0.04068909143947173,0.03039613500390643,1.0,6,[0.4528286550983268],False,8.175806134823983,1,1,6,0,0,0.0032648834363625187,0.36749788800228866,0.23425913944897275,0.16857081335192287,0.0,0.4639312986457885,tr0,inf2,False,0.6465604629779388,0.0,observed
1432,tr0,inf5,0.4515845168776493,exact,feasible,False,0.9961369499847641,0.6465604629779388,1400,0.04068909143947173,0.03039613500390643,1.0,6,[0.4515845168776493],False,8.195672148455463,1,1,6,0,0,0.0032648834363625187,0.36749788800228866,0.23425913944897275,0.16857081335192287,0.0,0.4639312986457885,tr0,inf3,False,0.6440627675715809,0.0,observed
1433,tr0,inf5,0.45034207946748617,exact,feasible,False,0.9961369499847641,0.6440627675715809,1400,0.04068909143947173,0.03039613500390643,1.0,6,[0.45034207946748617],False,8.215509425998983,1,1,6,0,0,0.0032648834363625187,0.36749788800228866,0.23425913944897275,0.16857081335192287,0.0,0.4639312986457885,tr0,inf4,False,0.6415747208875006,0.0,observed
1434,tr0,inf5,0.44910135253741,exact,feasible,False,0.9961369499847641,0.6415747208875006,1400,0.04068909143947173,0.03039613500390643,1.0,6,[0.44910135253741],False,8.235317823648078,1,1,6,0,0,0.0032648834363625187,0.36749788800228866,0.23425913944897275,0.16857081335192287,0.0,0.4639312986457885,tr0,inf2,False,0.6390962856522011,0.0,observed
1435,tr0,inf5,0.4478623456643607,exact,feasible,False,0.9961369499847641,0.6390962856522011,1400,0.04068909143947173,0.03039613500390643,1.0,6,[0.4478623456643607],False,8.255097199060556,1,1,6,0,0,0.0032648834363625187,0.36749788800228866,0.23425913944897275,0.16857081335192287,0.0,0.4639312986457885,tr0,inf3,False,0.6366274247361752,0.0,observed
1436,tr0,inf5,0.44662506833286725,exact,feasible,False,0.9961369499847641,0.6366274247361752,1400,0.04068909143947173,0.03039613500390643,1.0,6,[0.44662506833286725],False,8.274847411354424,1,1,6,0,0,0.0032648834363625187,0.36749788800228866,0.23425913944897275,0.16857081335192287,0.0,0.4639312986457885,tr0,inf4,False,0.6341681011533485,0.0,observed
1437,tr0,inf5,0.44538952993527403,exact,feasible,False,0.9961369499847641,0.6341681011533485,1400,0.04068909143947173,0.03039613500390643,1.0,6,[0.44538952993527403],False,8.294568321103808,1,1,6,0,0,0.0032648834363625187,0.36749788800228866,0.23425913944897275,0.16857081335192287,0.0,0.4639312986457885,tr0,inf2,False,0.6317182780605259,0.0,observed
1438,tr0,inf5,0.44415573977196954,exact,feasible,False,0.9961369499847641,0.6317182780605259,1400,0.04068909143947173,0.03039613500390643,1.0,6,[0.44415573977196954],False,8.314259790334779,1,1,6,0,0,0.0032648834363625187,0.36749788800228866,0.23425913944897275,0.16857081335192287,0.0,0.4639312986457885,tr0,inf3,False,0.6292779187568395,0.0,observed
1439,tr0,inf5,0.4429237070516198,exact,feasible,False,0.9961369499847641,0.6292779187568395,1400,0.04068909143947173,0.03039613500390643,1.0,6,[0.4429237070516198],False,8.33392168252115,1,1,6,0,0,0.0032648834363625187,0.36749788800228866,0.23425913944897275,0.16857081335192287,0.0,0.4639312986457885,tr0,inf4,False,0.6268469866831983,0.0,observed
1440,tr0,inf5,0.44169344089140455,exact,feasible,False,0.9961369499847641,0.6268469866831983,1400,0.04068909143947173,0.03039613500390643,1.0,6,[0.44169344089140455],False,8.35355386258024,1,1,6,0,0,0.0032648834363625187,0.36749788800228866,0.23425913944897275,0.16857081335192287,0.0,0.4639312986457885,tr1,inf2,False,0.7144254454217411,0.09,observed
1441,tr0,inf5,0.48418206613848574,exact,feasible,False,0.9961369499847641,0.7144254454217411,1400,0.04068909143947173,0.03039613500390643,1.0,6,[0.48418206613848574],False,7.674629749833103,1,1,6,0,0,0.0032648834363625187,0.36749788800228866,0.23425913944897275,0.16857081335192287,0.0,0.4639312986457885,tr0,inf3,False,0.7116655841939198,0.0,observed
1442,tr0,inf5,0.48289912758591874,exact,feasible,False,0.9961369499847641,0.7116655841939198,1400,0.04068909143947173,0.03039613500390643,1.0,6,[0.48289912758591874],False,7.69515784947653,1,1,6,0,0,0.0032648834363625187,0.36749788800228866,0.23425913944897275,0.16857081335192287,0.0,0.4639312986457885,tr0,inf4,False,0.7089163844480566,0.0,observed
1443,tr0,inf5,0.4816176199977727,exact,feasible,False,0.9961369499847641,0.7089163844480566,1400,0.04068909143947173,0.03039613500390643,1.0,6,[0.4816176199977727],False,7.715661256075275,1,1,6,0,0,0.0032648834363625187,0.36749788800228866,0.23425913944897275,0.16857081335192287,0.0,0.4639312986457885,tr0,inf2,False,0.7061778049983135,0.0,observed
1444,tr0,inf5,0.4803375553990516,exact,feasible,False,0.9961369499847641,0.7061778049983135,1400,0.04068909143947173,0.03039613500390643,1.0,6,[0.4803375553990516],False,7.73613978839879,1,1,6,0,0,0.0032648834363625187,0.36749788800228866,0.23425913944897275,0.16857081335192287,0.0,0.4639312986457885,tr0,inf3,False,0.7034498048179555,0.0,observed
1445,tr0,inf5,0.47905894571796886,exact,feasible,False,0.9961369499847641,0.7034498048179555,1400,0.04068909143947173,0.03039613500390643,1.0,6,[0.47905894571796886],False,7.756593266761986,1,1,6,0,0,0.0032648834363625187,0.36749788800228866,0.23425913944897275,0.16857081335192287,0.0,0.4639312986457885,tr0,inf4,False,0.7007323430387358,0.0,observed
1446,tr0,inf5,0.4777818027860587,exact,feasible,False,0.9961369499847641,0.7007323430387358,1400,0.04068909143947173,0.03039613500390643,1.0,6,[0.4777818027860587],False,7.777021513022766,1,1,6,0,0,0.0032648834363625187,0.36749788800228866,0.23425913944897275,0.16857081335192287,0.0,0.4639312986457885,tr0,inf2,False,0.6980253789502837,0.0,observed
1447,tr0,inf5,0.47650613833829314,exact,feasible,False,0.9961369499847641,0.6980253789502837,1400,0.04068909143947173,0.03039613500390643,1.0,6,[0.47650613833829314],False,7.797424350579483,1,1,6,0,0,0.0032648834363625187,0.36749788800228866,0.23425913944897275,0.16857081335192287,0.0,0.4639312986457885,tr0,inf3,False,0.6953288719994948,0.0,observed
1448,tr0,inf5,0.4752319640132043,exact,feasible,False,0.9961369499847641,0.6953288719994948,1400,0.04068909143947173,0.03039613500390643,1.0,6,[0.4752319640132043],False,7.817801604368319,1,1,6,0,0,0.0032648834363625187,0.36749788800228866,0.23425913944897275,0.16857081335192287,0.0,0.4639312986457885,tr0,inf4,False,0.6926427817899232,0.0,observed
1449,tr0,inf5,0.47395929135301135,exact,feasible,False,0.9961369499847641,0.6926427817899232,1400,0.04068909143947173,0.03039613500390643,1.0,6,[0.47395929135301135],False,7.838153100860599,1,1,6,0,0,0.0032648834363625187,0.36749788800228866,0.23425913944897275,0.16857081335192287,0.0,0.4639312986457885,tr0,inf2,False,0.6899670680811766,0.0,observed
1450,tr0,inf5,0.4726881318037526,exact,feasible,False,0.9961369499847641,0.6899670680811766,1400,0.04068909143947173,0.03039613500390643,1.0,6,[0.4726881318037526],False,7.858478668060023,1,1,6,0,0,0.0032648834363625187,0.36749788800228866,0.23425913944897275,0.16857081335192287,0.0,0.4639312986457885,tr1,inf3,False,0.7773016907883132,0.09,observed
1451,tr0,inf5,0.5102038127912966,exact,feasible,False,0.9950740160152188,0.7773016907883132,1450,0.053359882777943665,0.03285966812728488,1.0,6,[0.5102038127912966],False,7.180363596721312,1,1,6,0,0,0.02426500850318448,0.34478038643796394,0.24134868749856783,0.18642646966771773,0.0,0.46879314389431836,tr0,inf4,False,0.7734727151081466,0.0,observed
1452,tr0,inf5,0.5085388647081865,exact,feasible,False,0.9950740160152188,0.7734727151081466,1450,0.053359882777943665,0.03285966812728488,1.0,6,[0.5085388647081865],False,7.206785727204234,1,1,6,0,0,0.02426500850318448,0.34478038643796394,0.24134868749856783,0.18642646966771773,0.0,0.46879314389431836,tr0,inf2,False,0.7696626009008587,0.0,observed
1453,tr0,inf5,0.5068757780241725,exact,feasible,False,0.9950740160152188,0.7696626009008587,1450,0.053359882777943665,0.03285966812728488,1.0,6,[0.5068757780241725],False,7.2331742625771405,1,1,6,0,0,0.02426500850318448,0.34478038643796394,0.24134868749856783,0.18642646966771773,0.0,0.46879314389431836,tr0,inf3,False,0.765871255255136,0.0,observed
1454,tr0,inf5,0.505214581913854,exact,feasible,False,0.9950740160152188,0.765871255255136,1450,0.053359882777943665,0.03285966812728488,1.0,6,[0.505214581913854],False,7.259528769823401,1,1,6,0,0,0.02426500850318448,0.34478038643796394,0.24134868749856783,0.18642646966771773,0.0,0.46879314389431836,tr0,inf4,False,0.7620985857173449,0.0,observed
1455,tr0,inf5,0.5035553052937795,exact,feasible,False,0.9950740160152188,0.7620985857173449,1450,0.053359882777943665,0.03285966812728488,1.0,6,[0.5035553052937795],False,7.285848820051024,1,1,6,0,0,0.02426500850318448,0.34478038643796394,0.24134868749856783,0.18642646966771773,0.0,0.46879314389431836,tr0,inf2,False,0.7583445002892769,0.0,observed
1456,tr0,inf5,0.5018979768224048,exact,feasible,False,0.9950740160152188,0.7583445002892769,1450,0.053359882777943665,0.03285966812728488,1.0,6,[0.5018979768224048],False,7.312133988489783,1,1,6,0,0,0.02426500850318448,0.34478038643796394,0.24134868749856783,0.18642646966771773,0.0,0.46879314389431836,tr0,inf3,False,0.754608907425905,0.0,observed
1457,tr0,inf5,0.5002426249000796,exact,feasible,False,0.9950740160152188,0.754608907425905,1450,0.053359882777943665,0.03285966812728488,1.0,6,[0.5002426249000796],False,7.338383854487949,1,1,6,0,0,0.02426500850318448,0.34478038643796394,0.24134868749856783,0.18642646966771773,0.0,0.46879314389431836,tr0,inf4,False,0.7508917160331519,0.0,observed
1458,tr0,inf5,0.498589277669062,exact,feasible,False,0.9950740160152188,0.7508917160331519,1450,0.053359882777943665,0.03285966812728488,1.0,6,[0.498589277669062],False,7.364598001508628,1,1,6,0,0,0.02426500850318448,0.34478038643796394,0.24134868749856783,0.18642646966771773,0.0,0.46879314389431836,tr0,inf2,False,0.7471928354656677,0.0,observed
1459,tr0,inf5,0.4969379630135596,exact,feasible,False,0.9950740160152188,0.7471928354656677,1450,0.053359882777943665,0.03285966812728488,1.0,6,[0.4969379630135596],False,7.390776017125706,1,1,6,0,0,0.02426500850318448,0.34478038643796394,0.24134868749856783,0.18642646966771773,0.0,0.46879314389431836,tr0,inf3,False,0.7435121755246206,0.0,observed
1460,tr0,inf5,0.49528870855979773,exact,feasible,False,0.9950740160152188,0.7435121755246206,1450,0.053359882777943665,0.03285966812728488,1.0,6,[0.49528870855979773],False,7.416917493019409,1,1,6,0,0,0.02426500850318448,0.34478038643796394,0.24134868749856783,0.18642646966771773,0.0,0.46879314389431836,tr1,inf4,False,0.8298496464554964,0.09,observed
1461,tr0,inf5,0.5324206134488821,exact,feasible,False,0.9950740160152188,0.8298496464554964,1450,0.053359882777943665,0.03285966812728488,1.0,6,[0.5324206134488821],False,6.827393936615332,1,1,6,0,0,0.02426500850318448,0.34478038643796394,0.24134868749856783,0.18642646966771773,0.0,0.46879314389431836,tr0,inf2,False,0.8257618203872803,0.0,observed
1462,tr0,inf5,0.5307338838919824,exact,feasible,False,0.9950740160152188,0.8257618203872803,1450,0.053359882777943665,0.03285966812728488,1.0,6,[0.5307338838919824],False,6.854218260209794,1,1,6,0,0,0.02426500850318448,0.34478038643796394,0.24134868749856783,0.18642646966771773,0.0,0.46879314389431836,tr0,inf3,False,0.8216941308848088,0.0,observed
1463,tr0,inf5,0.529048604982633,exact,feasible,False,0.9950740160152188,0.8216941308848088,1450,0.053359882777943665,0.03285966812728488,1.0,6,[0.529048604982633],False,6.881015114664152,1,1,6,0,0,0.02426500850318448,0.34478038643796394,0.24134868749856783,0.18642646966771773,0.0,0.46879314389431836,tr0,inf4,False,0.8176464787556815,0.0,observed
1464,tr0,inf5,0.5273648092958043,exact,feasible,False,0.9950740160152188,0.8176464787556815,1450,0.053359882777943665,0.03285966812728488,1.0,6,[0.5273648092958043],False,6.907784012255494,1,1,6,0,0,0.02426500850318448,0.34478038643796394,0.24134868749856783,0.18642646966771773,0.0,0.46879314389431836,tr0,inf2,False,0.8136187652961183,0.0,observed
1465,tr0,inf5,0.5256825291517805,exact,feasible,False,0.9950740160152188,0.8136187652961183,1450,0.053359882777943665,0.03285966812728488,1.0,6,[0.5256825291517805],False,6.93452446938293,1,1,6,0,0,0.02426500850318448,0.34478038643796394,0.24134868749856783,0.18642646966771773,0.0,0.46879314389431836,tr0,inf3,False,0.8096108922885522,0.0,observed
1466,tr0,inf5,0.5240017966157124,exact,feasible,False,0.9950740160152188,0.8096108922885522,1450,0.053359882777943665,0.03285966812728488,1.0,6,[0.5240017966157124],False,6.961236006570587,1,1,6,0,0,0.02426500850318448,0.34478038643796394,0.24134868749856783,0.18642646966771773,0.0,0.46879314389431836,tr0,inf4,False,0.8056227619992344,0.0,observed
1467,tr0,inf5,0.5223226434972047,exact,feasible,False,0.9950740160152188,0.8056227619992344,1450,0.053359882777943665,0.03285966812728488,1.0,6,[0.5223226434972047],False,6.9879181484701025,1,1,6,0,0,0.02426500850318448,0.34478038643796394,0.24134868749856783,0.18642646966771773,0.0,0.46879314389431836,tr0,inf2,False,0.801654277175851,0.0,observed
1468,tr0,inf5,0.5206451013499337,exact,feasible,False,0.9950740160152188,0.801654277175851,1450,0.053359882777943665,0.03285966812728488,1.0,6,[0.5206451013499337],False,7.014570423862679,1,1,6,0,0,0.02426500850318448,0.34478038643796394,0.24134868749856783,0.18642646966771773,0.0,0.46879314389431836,tr0,inf3,False,0.7977053410451515,0.0,observed
1469,tr0,inf5,0.5189692014712989,exact,feasible,False,0.9950740160152188,0.7977053410451515,1450,0.053359882777943665,0.03285966812728488,1.0,6,[0.5189692014712989],False,7.0411923656606445,1,1,6,0,0,0.02426500850318448,0.34478038643796394,0.24134868749856783,0.18642646966771773,0.0,0.46879314389431836,tr0,inf4,False,0.7937758573105886,0.0,observed
1470,tr0,inf5,0.5172949749021054,exact,feasible,False,0.9950740160152188,0.7937758573105886,1450,0.053359882777943665,0.03285966812728488,1.0,6,[0.5172949749021054],False,7.06778351090857,1,1,6,0,0,0.02426500850318448,0.34478038643796394,0.24134868749856783,0.18642646966771773,0.0,0.46879314389431836,tr1,inf2,False,0.8798657301499707,0.09,observed
1471,tr0,inf5,0.5525096532641186,exact,feasible,False,0.9950740160152188,0.8798657301499707,1450,0.053359882777943665,0.03285966812728488,1.0,6,[0.5525096532641186],False,6.5075692204997,1,1,6,0,0,0.02426500850318448,0.34478038643796394,0.24134868749856783,0.18642646966771773,0.0,0.46879314389431836,tr0,inf3,False,0.8755315256544942,0.0,observed
1472,tr0,inf5,0.5508083008822744,exact,feasible,False,0.9950740160152188,0.8755315256544942,1450,0.053359882777943665,0.03285966812728488,1.0,6,[0.5508083008822744],False,6.5346805096653116,1,1,6,0,0,0.02426500850318448,0.34478038643796394,0.24134868749856783,0.18642646966771773,0.0,0.46879314389431836,tr0,inf4,False,0.8712186713809491,0.0,observed
1473,tr0,inf5,0.5491079938897552,exact,feasible,False,0.9950740160152188,0.8712186713809491,1450,0.053359882777943665,0.03285966812728488,1.0,6,[0.5491079938897552],False,6.5617704221779105,1,1,6,0,0,0.02426500850318448,0.34478038643796394,0.24134868749856783,0.18642646966771773,0.0,0.46879314389431836,tr0,inf2,False,0.8669270621584843,0.0,observed
1474,tr0,inf5,0.5474087678339814,exact,feasible,False,0.9950740160152188,0.8669270621584843,1450,0.053359882777943665,0.03285966812728488,1.0,6,[0.5474087678339814],False,6.588838421864875,1,1,6,0,0,0.02426500850318448,0.34478038643796394,0.24134868749856783,0.18642646966771773,0.0,0.46879314389431836,tr0,inf3,False,0.8626565933343182,0.0,observed
1475,tr0,inf5,0.5457106580155968,exact,feasible,False,0.9950740160152188,0.8626565933343182,1450,0.053359882777943665,0.03285966812728488,1.0,6,[0.5457106580155968],False,6.6158839766018716,1,1,6,0,0,0.02426500850318448,0.34478038643796394,0.24134868749856783,0.18642646966771773,0.0,0.46879314389431836,tr0,inf4,False,0.8584071607711875,0.0,observed
1476,tr0,inf5,0.5440136994876072,exact,feasible,False,0.9950740160152188,0.8584071607711875,1450,0.053359882777943665,0.03285966812728488,1.0,6,[0.5440136994876072],False,6.642906558321932,1,1,6,0,0,0.02426500850318448,0.34478038643796394,0.24134868749856783,0.18642646966771773,0.0,0.46879314389431836,tr0,inf2,False,0.8541786608448072,0.0,observed
1477,tr0,inf5,0.5423179270545555,exact,feasible,False,0.9950740160152188,0.8541786608448072,1450,0.053359882777943665,0.03285966812728488,1.0,6,[0.5423179270545555],False,6.6699056430239825,1,1,6,0,0,0.02426500850318448,0.34478038643796394,0.24134868749856783,0.18642646966771773,0.0,0.46879314389431836,tr0,inf3,False,0.8499709904413438,0.0,observed
1478,tr0,inf5,0.540623375271734,exact,feasible,False,0.9950740160152188,0.8499709904413438,1450,0.053359882777943665,0.03285966812728488,1.0,6,[0.540623375271734],False,6.696880710780836,1,1,6,0,0,0.02426500850318448,0.34478038643796394,0.24134868749856783,0.18642646966771773,0.0,0.46879314389431836,tr0,inf4,False,0.8457840469549012,0.0,observed
1479,tr0,inf5,0.5389300784444323,exact,feasible,False,0.9950740160152188,0.8457840469549012,1450,0.053359882777943665,0.03285966812728488,1.0,6,[0.5389300784444323],False,6.723831245746653,1,1,6,0,0,0.02426500850318448,0.34478038643796394,0.24134868749856783,0.18642646966771773,0.0,0.46879314389431836,tr0,inf2,False,0.8416177282850179,0.0,observed
1480,tr0,inf5,0.5372380706272216,exact,feasible,False,0.9950740160152188,0.8416177282850179,1450,0.053359882777943665,0.03285966812728488,1.0,6,[0.5372380706272216],False,6.750756736163871,1,1,6,0,0,0.02426500850318448,0.34478038643796394,0.24134868749856783,0.18642646966771773,0.0,0.46879314389431836,tr1,inf3,False,0.927471932834178,0.09,observed
1481,tr0,inf5,0.5707196710772999,exact,feasible,False,0.9950740160152188,0.927471932834178,1450,0.053359882777943665,0.03285966812728488,1.0,6,[0.5707196710772999],False,6.217088395209727,1,1,6,0,0,0.02426500850318448,0.34478038643796394,0.24134868749856783,0.18642646966771773,0.0,0.46879314389431836,tr0,inf4,False,0.9229032209467027,0.0,observed
1482,tr0,inf5,0.5690094411737243,exact,feasible,False,0.9950740160152188,0.9229032209467027,1450,0.053359882777943665,0.03285966812728488,1.0,6,[0.5690094411737243],False,6.244393346058015,1,1,6,0,0,0.02426500850318448,0.34478038643796394,0.24134868749856783,0.18642646966771773,0.0,0.46879314389431836,tr0,inf2,False,0.9183570144608163,0.0,observed
1483,tr0,inf5,0.5672998622410051,exact,feasible,False,0.9950740160152188,0.9183570144608163,1450,0.053359882777943665,0.03285966812728488,1.0,6,[0.5672998622410051],False,6.2716828907313955,1,1,6,0,0,0.02426500850318448,0.34478038643796394,0.24134868749856783,0.18642646966771773,0.0,0.46879314389431836,tr0,inf3,False,0.9138332025152709,0.0,observed
1484,tr0,inf5,0.5655909723961756,exact,feasible,False,0.9950740160152188,0.9138332025152709,1450,0.053359882777943665,0.03285966812728488,1.0,6,[0.5655909723961756],False,6.298956450572888,1,1,6,0,0,0.02426500850318448,0.34478038643796394,0.24134868749856783,0.18642646966771773,0.0,0.46879314389431836,tr0,inf4,False,0.9093316747949194,0.0,observed
1485,tr0,inf5,0.5638828095210701,exact,feasible,False,0.9950740160152188,0.9093316747949194,1450,0.053359882777943665,0.03285966812728488,1.0,6,[0.5638828095210701],False,5.932840940553754,1,1,6,0,0,0.02426500850318448,0.34478038643796394,0.24134868749856783,0.18642646966771773,0.0,0.46879314389431836,tr0,inf2,False,0.9048523215280254,0.0,observed
1486,tr0,inf5,0.562175411261049,exact,feasible,False,0.9950740160152188,0.9048523215280254,1450,0.053359882777943665,0.03285966812728488,1.0,6,[0.562175411261049],False,5.563129395116673,1,1,6,0,0,0.02426500850318448,0.34478038643796394,0.24134868749856783,0.18642646966771773,0.0,0.46879314389431836,tr0,inf3,False,0.9003950334835863,0.0,observed
1487,tr0,inf5,0.5604688150237624,exact,feasible,False,0.9950740160152188,0.9003950334835863,1450,0.053359882777943665,0.03285966812728488,1.0,6,[0.5604688150237624],False,5.189804850388468,1,1,6,0,0,0.02426500850318448,0.34478038643796394,0.24134868749856783,0.18642646966771773,0.0,0.46879314389431836,tr0,inf4,False,0.8959597019686697,0.0,observed
1488,tr0,inf5,0.5587630579779557,exact,feasible,False,0.9950740160152188,0.8959597019686697,1450,0.053359882777943665,0.03285966812728488,1.0,6,[0.5587630579779557],False,4.812850297346737,1,1,6,0,0,0.02426500850318448,0.34478038643796394,0.24134868749856783,0.18642646966771773,0.0,0.46879314389431836,tr0,inf2,False,0.8915462188257627,0.0,observed
1489,tr0,inf5,0.5570581770523126,exact,feasible,False,0.9950740160152188,0.8915462188257627,1450,0.053359882777943665,0.03285966812728488,1.0,6,[0.5570581770523126],False,4.4322486813455715,1,1,6,0,0,0.02426500850318448,0.34478038643796394,0.24134868749856783,0.18642646966771773,0.0,0.46879314389431836,tr0,inf3,False,0.8871544764301348,0.0,observed
1490,tr0,inf5,0.5553542089343405,exact,feasible,False,0.9950740160152188,0.8871544764301348,1450,0.053359882777943665,0.03285966812728488,1.0,6,[0.5553542089343405],False,4.047982901637757,1,1,6,0,0,0.02426500850318448,0.34478038643796394,0.24134868749856783,0.18642646966771773,0.0,0.46879314389431836,tr1,inf4,False,0.972784367687213,0.09,observed
1491,tr0,inf5,0.5872653025325677,exact,feasible,False,0.9950740160152188,0.972784367687213,1450,0.053359882777943665,0.03285966812728488,1.0,6,[0.5872653025325677],False,3.3523426599478836,1,1,6,0,0,0.02426500850318448,0.34478038643796394,0.24134868749856783,0.18642646966771773,0.0,0.46879314389431836,tr0,inf2,False,0.9679924474713403,0.0,observed
1492,tr0,inf5,0.5855507931367148,exact,feasible,False,0.9950740160152188,0.9679924474713403,1450,0.053359882777943665,0.03285966812728488,1.0,6,[0.5855507931367148],False,2.994275716187641,1,1,6,0,0,0.02426500850318448,0.34478038643796394,0.24134868749856783,0.18642646966771773,0.0,0.46879314389431836,tr0,inf3,False,0.9632241321777073,0.0,observed
1493,tr0,inf5,0.5838365546947163,exact,feasible,False,0.9950740160152188,0.9632241321777073,1450,0.053359882777943665,0.03285966812728488,1.0,6,[0.5838365546947163],False,2.632645434810513,1,1,6,0,0,0.02426500850318448,0.34478038643796394,0.24134868749856783,0.18642646966771773,0.0,0.46879314389431836,tr0,inf4,False,0.9584793055288452,0.0,observed
1494,tr0,inf5,0.5821226275215404,exact,feasible,False,0.9950740160152188,0.9584793055288452,1450,0.053359882777943665,0.03285966812728488,1.0,6,[0.5821226275215404],False,2.267434501144936,1,1,6,0,0,0.02426500850318448,0.34478038643796394,0.24134868749856783,0.18642646966771773,0.0,0.46879314389431836,tr0,inf2,False,0.9537578518200659,0.0,observed
1495,tr0,inf5,0.5804090517114202,exact,feasible,False,0.9950740160152188,0.9537578518200659,1450,0.053359882777943665,0.03285966812728488,1.0,6,[0.5804090517114202],False,1.8986255566896444,1,1,6,0,0,0.02426500850318448,0.34478038643796394,0.24134868749856783,0.18642646966771773,0.0,0.46879314389431836,tr0,inf3,False,0.949059655916641,0.0,observed
1496,tr0,inf5,0.5786958671361722,exact,feasible,False,0.9950740160152188,0.949059655916641,1450,0.053359882777943665,0.03285966812728488,1.0,6,[0.5786958671361722],False,1.52620119866435,1,1,6,0,0,0.02426500850318448,0.34478038643796394,0.24134868749856783,0.18642646966771773,0.0,0.46879314389431836,tr0,inf4,False,0.9443846032509937,0.0,observed
1497,tr0,inf5,0.5769831134435575,exact,feasible,False,0.9950740160152188,0.9443846032509937,1450,0.053359882777943665,0.03285966812728488,1.0,6,[0.5769831134435575],False,1.150143979556487,1,1,6,0,0,0.02426500850318448,0.34478038643796394,0.24134868749856783,0.18642646966771773,0.0,0.46879314389431836,tr0,inf2,False,0.9397325798199054,0.0,observed
1498,tr0,inf5,0.5752708300556879,exact,feasible,False,0.9950740160152188,0.9397325798199054,1450,0.053359882777943665,0.03285966812728488,1.0,6,[0.5752708300556879],False,0.7704364066640448,1,1,6,0,0,0.02426500850318448,0.34478038643796394,0.24134868749856783,0.18642646966771773,0.0,0.46879314389431836,tr0,inf3,False,0.9351034721817355,0.0,observed
1499,tr0,inf5,0.573559056167473,exact,feasible,False,0.9950740160152188,0.9351034721817355,1450,0.053359882777943665,0.03285966812728488,1.0,6,[0.573559056167473],False,0.38706094163451904,1,1,6,0,0,0.02426500850318448,0.34478038643796394,0.24134868749856783,0.18642646966771773,0.0,0.46879314389431836,tr0,inf4,False,0.930497167453655,0.0,observed
1500,tr0,inf5,0.5718478307451097,exact,feasible,False,0.9950740160152188,0.930497167453655,1450,0.053359882777943665,0.03285966812728488,1.0,6,[0.5718478307451097],False,0.0,1,1,6,0,0,0.02426500850318448,0.34478038643796394,0.24134868749856783,0.18642646966771773,0.0,0.46879314389431836,tr1,inf2,False,1.015913553308894,0.09,observed
