seed,window,active_archive_records,complete_enabled_support_records,w1,w2,w3,w4,minimum_eigenvalue,population_mse_active_subset,population_mse_complete_enabled_reference,executed_forecast_squared_error,reference_forecast_squared_error,solver_fallback
83001,0,0,0,0.3333333333333333,0.3333333333333333,0.3333333333333333,0.0,0.05,0.011999999999999997,0.011999999999999997,0.0024999999999999996,0.0024999999999999996,False
83001,1,1,0,0.25368700899805474,0.2536870089980547,0.4926259820038905,0.0,4.999995000384644e-08,0.010962839982958605,0.011999999999999997,0.005460308058269192,0.0024999999999999996,False
83001,2,2,0,0.460701572558076,0.07859685488384811,0.46070157255807587,0.0,2.4999987502170677e-08,0.011156552862079382,0.011999999999999997,0.00013899297594673556,0.0024999999999999996,False
83001,3,3,0,0.4445304960454748,0.08417854679953501,0.47129095715499014,0.0,1.6666661104205557e-08,0.011118699721105116,0.011999999999999997,0.0225,0.0225,False
83001,4,4,0,0.43456562991079556,0.09969127959818264,0.4657430904910217,0.0,0.006590108275775616,0.011107858296491394,0.011999999999999997,0.00010561822641956938,0.0024999999999999996,False
83001,5,5,0,0.4226941662089853,0.10512470915457335,0.4721811246364413,0.0,0.005526000467835471,0.011084864836413948,0.011999999999999997,0.0225,0.0225,False
83001,6,6,0,0.41502512992377205,0.11601491092904213,0.46895995914718575,0.0,0.005729497547168637,0.011076685820460102,0.011999999999999997,0.02249999999999999,0.0225,False
83001,7,7,0,0.40833221966747996,0.12564965864857958,0.46601812168394036,0.0,0.005231959284926845,0.011071083944350973,0.011999999999999997,0.00010392912484987344,0.0024999999999999996,False
83001,8,8,0,0.3996050338298031,0.1291578249631602,0.4712371412070367,0.0,0.004712193822528642,0.011054974065505435,0.011999999999999997,0.0225,0.0225,False
83001,9,9,0,0.39411951520565236,0.1367084971802895,0.46917198761405804,0.0,0.004312712032276903,0.011050308795795697,0.011999999999999997,8.553297129010093e-05,0.0024999999999999996,False
83001,10,10,0,0.38703033492485384,0.14001890172463038,0.4729507633505157,0.0,0.003946029290117603,0.011039062723213068,0.011999999999999997,0.011662775200398715,0.0024999999999999996,False
83001,11,11,0,0.2779353640979231,0.277935364097923,0.44412927180415385,0.0,0.008181821983470738,0.01104285292233793,0.011999999999999997,0.02249999999999999,0.0225,False
83001,12,12,0,0.2783664842384437,0.27836648423844346,0.4432670315231128,0.0,0.0075000035416663835,0.011046142789086253,0.011999999999999997,0.0002896766740979528,0.0024999999999999996,False
83001,13,13,0,0.2747272304813261,0.2747272304813261,0.4505455390373478,0.0,0.006923080236686142,0.011020420736654062,0.011999999999999997,0.0225,0.0225,False
83001,14,14,0,0.27511275940308527,0.2751127594030853,0.44977448119382935,0.0,0.006428574540816113,0.011022925486531995,0.011999999999999997,0.02249999999999999,0.0225,False
83001,15,15,0,0.2754934520700821,0.275493452070082,0.44901309585983584,0.0,0.00600000293333315,0.011025450008120214,0.011999999999999997,0.02249999999999999,0.0225,False
83001,16,16,0,0.2758693967634818,0.27586939676348166,0.44826120647303647,0.0,0.005625002773437335,0.011027992965685244,0.011999999999999997,0.02249999999999999,0.0225,False
83001,17,17,0,0.27624067964240395,0.27624067964240384,0.44751864071519215,0.0,0.005294120276816463,0.011030553079355309,0.011999999999999997,0.02249999999999999,0.0225,False
83001,18,18,0,0.276607384808071,0.2766073848080709,0.44678523038385803,0.0,0.00500000249999986,0.011033129122751836,0.011999999999999997,0.0225,0.0225,False
83001,19,19,0,0.27696959436558055,0.2769695943655805,0.4460608112688389,0.0,0.004736844487534498,0.011035719920730255,0.011999999999999997,0.02249999999999999,0.0225,False
83001,20,20,0,0.2773273884833993,0.27732738848339944,0.44534522303320123,0.0,0.00450000227499989,0.01103832434722447,0.011999999999999997,0.02249999999999999,0.0225,False
83001,21,21,0,0.277680845450688,0.277680845450688,0.44463830909862395,0.0,0.004285716462584935,0.011040941323189736,0.011999999999999997,0.00027584251375135525,0.0024999999999999996,False
83001,22,22,0,0.2747280378510857,0.2747280378510857,0.4505439242978286,0.0,0.004090911177685859,0.011020425927556865,0.011999999999999997,0.00022013130814730152,0.0024999999999999996,False
83001,23,23,0,0.27242199154404667,0.2724219915440467,0.45515601691190655,0.0,0.0039130454820415096,0.011006532390218522,0.011999999999999997,0.02249999999999999,0.0225,False
83001,24,24,0,0.27271979629024923,0.2727197962902491,0.4545604074195016,0.0,0.0037500019270832563,0.011008221653025996,0.011999999999999997,0.00018582809164935138,0.0024999999999999996,False
83001,25,25,0,0.2708476435194829,0.2708476435194828,0.45830471296103426,0.0,0.0036000018559999127,0.010998119356256521,0.011999999999999997,0.00015646472651355717,0.0024999999999999996,False
83001,26,26,0,0.2693106930333858,0.2693106930333858,0.4613786139332284,0.0,0.0034615402514792176,0.010990745393557785,0.011999999999999997,0.00013424503155467566,0.0024999999999999996,False
83001,27,27,0,0.26802634663446107,0.26802634663446123,0.46394730673107765,0.0,0.0033333350617283167,0.010985219299931459,0.011999999999999997,0.00011698170227486986,0.0024999999999999996,False
83001,28,28,0,0.26693707503933384,0.26693707503933395,0.46612584992133216,0.0,0.0032142873852040194,0.010980986302822345,0.011999999999999997,0.00010327122391968995,0.0024999999999999996,False
83001,29,29,0,0.2660015810325563,0.2660015810325563,0.4679968379348874,0.0,0.0031034498929844766,0.010977683322194273,0.011999999999999997,0.02249999999999999,0.0225,False
83001,30,30,0,0.2662130974668869,0.26621309746688704,0.467573805066226,0.0,0.003000001566666599,0.010978403255621624,0.011999999999999997,0.02249999999999999,0.0225,False
83001,31,31,0,0.26642334327659334,0.2664233432765933,0.4671533134468133,0.0,0.002903227325702328,0.010979134426496496,0.011999999999999997,9.710143357709661e-05,0.0024999999999999996,False
83001,32,32,0,0.2655881195405048,0.26558811954050476,0.46882376091899036,0.0,0.0028125014746093174,0.010976321383160854,0.011999999999999997,8.747620949126407e-05,0.0024999999999999996,False
83001,33,33,0,0.26485568268787263,0.26485568268787274,0.4702886346242546,0.0,0.002727274159779562,0.01097405603852783,0.011999999999999997,7.944887092419381e-05,0.0024999999999999996,False
83001,34,34,0,0.2642081612221672,0.2642081612221673,0.47158367755566544,0.0,0.002647060216262931,0.010972210146102921,0.011999999999999997,7.267386431343506e-05,0.0024999999999999996,False
83001,35,35,0,0.2636315991139301,0.2636315991139301,0.4727368017721398,0.0,0.0025714299265305746,0.010970690398761366,0.011999999999999997,6.689537798504397e-05,0.0024999999999999996,False
83001,36,36,0,0.2631149393528473,0.2631149393528474,0.47377012129430524,0.0,0.002500001319444397,0.010969427673263258,0.011999999999999997,0.02249999999999999,0.0225,False
83001,37,37,0,0.2632771009969508,0.2632771009969507,0.4734457980060985,0.0,0.002432433718042336,0.010969813910366867,0.011999999999999997,0.02249999999999999,0.0225,False
83001,38,38,0,0.26343854591949806,0.263438545919498,0.4731229081610039,0.0,0.0023684223060941477,0.010970207609314673,0.011999999999999997,0.005036518940101329,0.0024999999999999996,False
83001,39,39,0,0.30338531580494676,0.22888225716479382,0.4677324270302593,0.0,0.0034266386009122974,0.010984376010516682,0.011999999999999997,0.02249999999999999,0.0225,False
83001,40,40,0,0.30304175451454685,0.2295424653461542,0.4674157801392989,0.0,0.0033419415047842545,0.010984753630823452,0.011999999999999997,9.555582455374529e-05,0.0024999999999999996,False
83001,41,41,0,0.30201012973807245,0.22936485378107846,0.468625016480849,0.0,0.0032613762134594067,0.010982580239972214,0.011999999999999997,0.02249999999999999,0.0225,False
83001,42,42,0,0.30168449821266324,0.22999235767356996,0.46832314411376674,0.0,0.003184547853239391,0.01098292096336893,0.011999999999999997,0.02249999999999999,0.0225,False
83001,43,43,0,0.3013704137609011,0.2306067466906363,0.4680228395484626,0.0,0.0031112106158774355,0.010983273017576498,0.011999999999999997,0.0225,0.0225,False
83001,44,44,0,0.3010674129336047,0.23120850844747287,0.4677240786189224,0.0,0.00304113820608125,0.010983636015855554,0.011999999999999997,9.375615908977509e-05,0.0024999999999999996,False
83001,45,45,0,0.3001124211081542,0.23102989508806365,0.4688576838037821,0.0,0.0029743263478433143,0.010981635738378348,0.011999999999999997,0.0225,0.0225,False
83001,46,46,0,0.2998245570839769,0.23160335514508557,0.4685720877709375,0.0,0.002910219865492791,0.01098196543482857,0.011999999999999997,8.889423003698881e-05,0.0024999999999999996,False
83001,47,47,0,0.29892866054188844,0.23145407233836657,0.469617267119745,0.0,0.002848961316824869,0.01098019281938245,0.011999999999999997,0.0225,0.0225,False
83001,48,48,0,0.29865498525531914,0.23200127870683174,0.46934373603784907,0.0,0.0027900907917125435,0.010980493770283949,0.011999999999999997,8.458258681053675e-05,0.0024999999999999996,False
83001,49,49,0,0.2978122166310849,0.2318764047252878,0.47031137864362726,0.0,0.002733722548781498,0.010978913323371312,0.011999999999999997,0.02249999999999999,0.0225,False
83001,50,50,0,0.2975518470729036,0.2323992102301186,0.4700489426969777,0.0,0.002679472301757423,0.01097918929833045,0.011999999999999997,8.073592502120296e-05,0.0024999999999999996,False
83001,51,51,0,0.2967570779545878,0.232294747104396,0.47094817494101615,0.0,0.0026274325626688593,0.010977772387579545,0.011999999999999997,7.596076853320193e-05,0.0024999999999999996,False
83001,52,52,0,0.29600194287265014,0.23221985911549703,0.4717781980118528,0.0,0.0025773509313986257,0.010976522272212515,0.011999999999999997,7.168230967123714e-05,0.0024999999999999996,False
83001,53,53,0,0.29528275709483015,0.23217052457865783,0.47254671832651196,0.0,0.0025291219991729745,0.010975413933597147,0.011999999999999997,0.0225,0.0225,False
83001,54,54,0,0.29504274978965345,0.23264625203974976,0.47231099817059674,0.0,0.0024826472975104513,0.010975617982318598,0.011999999999999997,6.900127400778269e-05,0.0024999999999999996,False
83001,55,55,0,0.29436028360707567,0.23260761851973608,0.47303209787318823,0.0,0.00243786261692319,0.010974610048025597,0.011999999999999997,6.545409706091672e-05,0.0024999999999999996,False
83001,56,56,0,0.29370779084302506,0.2325886704003636,0.4737035387566113,0.0,0.0023946501306720967,0.010973708703813794,0.011999999999999997,0.0225,0.0225,False
83001,57,57,0,0.2934828095207243,0.23303408048459043,0.4734831099946852,0.0,0.002352953897132453,0.010973879810553793,0.011999999999999997,6.328309099985659e-05,0.0024999999999999996,False
83001,58,58,0,0.29286156742905406,0.23302200212172905,0.4741164304492168,0.0,0.0023126721185195835,0.01097305381323034,0.011999999999999997,0.0225,0.0225,False
83001,59,59,0,0.2926469771013026,0.2334497264423106,0.47390329645638674,0.0,0.0022737558438820716,0.010973214101744837,0.011999999999999997,6.129341422589112e-05,0.0024999999999999996,False
83001,60,60,0,0.2920545943021766,0.23344337190211478,0.47450203379570854,0.0,0.0022361166669052856,0.010972454640894663,0.011999999999999997,5.851316524996682e-05,0.0024999999999999996,False
83001,61,61,0,0.29148562424059704,0.2334508660614942,0.4750635096979087,0.0,0.0021996938589132677,0.01097176821328089,0.011999999999999997,0.0225,0.0225,False
83001,62,62,0,0.2912841080674542,0.23385291268165712,0.47486297925088866,0.0,0.0021644634271704125,0.010971904774643819,0.011999999999999997,5.686828309271269e-05,0.0024999999999999996,False
83001,63,63,0,0.29074012503888924,0.23386383423992327,0.47539604072118746,0.0,0.0021303188651681806,0.010971269764708254,0.011999999999999997,0.02249999999999999,0.0225,False
83001,64,64,0,0.2905476093452113,0.23425082206253334,0.4752015685922554,0.0,0.0020972565052112748,0.010971398725494418,0.011999999999999997,0.02249999999999999,0.0225,False
83001,65,65,0,0.2903606301255854,0.23463168852056723,0.4750076813538473,0.0,0.0020651965197199533,0.010971532597440808,0.011999999999999997,5.621543921797479e-05,0.0024999999999999996,False
83001,66,66,0,0.2898428306080403,0.2346373445658352,0.4755198248261245,0.0,0.002034094790660277,0.010970931769425542,0.011999999999999997,0.0225,0.0225,False
83001,67,67,0,0.2896640087930463,0.23500438906174606,0.4753316021452076,0.0,0.0020039214800199466,0.010971058432984366,0.011999999999999997,0.0225,0.0225,False
83001,68,68,0,0.28949024471709556,0.2353658331018457,0.47514392218105866,0.0,0.001974623974867676,0.01097118960040222,0.011999999999999997,5.5604214408713865e-05,0.0024999999999999996,False
83001,69,69,0,0.288996583026203,0.23536676410868826,0.4756366528651087,0.0,0.0019461756798490374,0.01097061991312863,0.011999999999999997,5.342154152536953e-05,0.0024999999999999996,False
83001,70,70,0,0.28852036193609465,0.23537736259871464,0.4761022754651907,0.0,0.0019185299237011312,0.010970099327388922,0.011999999999999997,5.139911141474625e-05,0.0024999999999999996,False
83001,71,71,0,0.2880604517799473,0.235396577994519,0.4765429702255336,0.0,0.0018916537021371682,0.01096962245034231,0.011999999999999997,0.0225,0.0225,False
83001,72,72,0,0.28789906888783473,0.23573147344255116,0.476369457669614,0.0,0.0018655331445102884,0.010969727191184761,0.011999999999999997,5.025622777453466e-05,0.0024999999999999996,False
83001,73,73,0,0.2874569023461326,0.2357518012092491,0.47679129644461826,0.0,0.0018401110584024406,0.010969280805190875,0.011999999999999997,4.847795286494308e-05,0.0024999999999999996,False
83001,74,74,0,0.28702907336725236,0.23577920136217612,0.4771917252705714,0.0,0.0018153686603807478,0.010968870097237834,0.011999999999999997,0.02249999999999999,0.0225,False
83001,75,75,0,0.2868767428407866,0.23609658380330298,0.4770266733559103,0.0,0.0017913013392768893,0.010968962032861341,0.011999999999999997,4.7499636338643434e-05,0.0024999999999999996,False
83001,76,76,0,0.2864647016478675,0.23612427840131966,0.4774110199508128,0.0,0.0017678456845563006,0.010968576071546582,0.011999999999999997,4.5923581769631886e-05,0.0024999999999999996,False
83001,77,77,0,0.2860653537038501,0.23615782313592043,0.4777768231602294,0.0,0.0017449932652979082,0.010968219561074438,0.011999999999999997,0.0225,0.0225,False
83001,78,78,0,0.2859214384177715,0.23645911227761218,0.47761944930461625,0.0,0.0017227462016674187,0.010968300724431968,0.011999999999999997,0.02249999999999999,0.0225,False
83001,79,79,0,0.28578126434958306,0.2367562932667523,0.47746244238366453,0.0,0.0017010554262953377,0.010968385059902712,0.011999999999999997,0.02249999999999999,0.0225,False
83001,80,80,0,0.28564472966717885,0.2370494703417014,0.47730579999111966,0.0,0.0016799006402642709,0.010968472508701171,0.011999999999999997,0.02249999999999999,0.0225,False
83001,81,81,0,0.28551173609006975,0.23733874412872333,0.4771495197812069,0.0,0.0016592624879321206,0.010968563014130997,0.011999999999999997,4.699300016065078e-05,0.0024999999999999996,False
83001,82,82,0,0.28513241968152314,0.23735597610092657,0.47751160421755023,0.0,0.0016391225069943705,0.010968207280457193,0.011999999999999997,0.02249999999999999,0.0225,False
83001,83,83,0,0.2850046680474729,0.2376363110778785,0.47735902087464854,0.0,0.0016194678289304116,0.010968294066312459,0.011999999999999997,4.61352542179137e-05,0.0024999999999999996,False
83001,84,84,0,0.2846383822500972,0.2376539157485382,0.47770770200136453,0.0,0.0016002764299752267,0.010967958177239404,0.011999999999999997,4.472518950539676e-05,0.0024999999999999996,False
83001,85,85,0,0.2842827262948389,0.23767650496492304,0.47804076874023804,0.0,0.0015815323021471403,0.01096764639105393,0.011999999999999997,4.339870537677357e-05,0.0024999999999999996,False
83001,86,86,0,0.28393714322221664,0.23770360858968456,0.47835924818809883,0.0,0.0015632201493666431,0.010967356520249744,0.011999999999999997,0.0225,0.0225,False
83001,87,87,0,0.28381773198670535,0.23796608833769825,0.4782161796755963,0.0,0.0015453370528723254,0.010967428587588772,0.011999999999999997,4.270813451333104e-05,0.0024999999999999996,False
83001,88,88,0,0.2834833648161955,0.23799280454553812,0.4785238306382663,0.0,0.0015278488223026895,0.010967153658614667,0.011999999999999997,0.0225,0.0225,False
83001,89,89,0,0.2833685119371585,0.23824762109943007,0.4783838669634114,0.0,0.0015107609265056145,0.010967223141949686,0.011999999999999997,0.02249999999999999,0.0225,False
83001,90,90,0,0.2832564878927656,0.23849932543379163,0.4782441866734428,0.0,0.0014940490013550182,0.010967295027815238,0.011999999999999997,0.0225,0.0225,False
83001,91,91,0,0.2831472223313842,0.23874798941883624,0.47810478824977953,0.0,0.0014777009145767496,0.010967369278206254,0.011999999999999997,4.314602678282917e-05,0.0024999999999999996,False
83001,92,92,0,0.2828264471030495,0.23876594270027757,0.4784076101966729,0.0,0.0014617050375402528,0.010967098453699762,0.011999999999999997,4.196081676769406e-05,0.0024999999999999996,False
83001,93,93,0,0.2825142522248928,0.2387877178690525,0.4786980299060547,0.0,0.0014460502208294725,0.010966845625850562,0.011999999999999997,4.083965368950066e-05,0.0024999999999999996,False
83001,94,94,0,0.2822102260055401,0.23881297919477484,0.478976794799685,0.0,0.0014307257710277535,0.01096660929031799,0.011999999999999997,3.9777764120509626e-05,0.0024999999999999996,False
83001,95,95,0,0.2819139859433529,0.23884142065859595,0.4792445933980511,0.0,0.0014157214286789654,0.010966388094566477,0.011999999999999997,3.877082128909999e-05,0.0024999999999999996,False
83001,96,96,0,0.2816251760336579,0.2388727629549462,0.47950206101139586,0.0,0.0014010273473808248,0.010966180819999375,0.011999999999999997,3.781489525024828e-05,0.0024999999999999996,False
83001,97,97,0,0.2813434643760134,0.23890675084059207,0.4797497847833945,0.0,0.0013866340739642562,0.010965986366484954,0.011999999999999997,3.690640946869551e-05,0.0024999999999999996,False
83001,98,98,0,0.2810685410428254,0.23894315078538875,0.4799883081717857,0.0,0.0013725325297096508,0.01096580373891682,0.011999999999999997,0.02249999999999999,0.0225,False
83001,99,99,0,0.2809713925458765,0.2391626595318841,0.47986594792223936,0.0,0.0013587299869352331,0.010965851707666728,0.011999999999999997,3.648420477629786e-05,0.0024999999999999996,False
83001,100,100,0,0.28070425653226044,0.23919789578655504,0.4800978476811844,0.0,0.0013451876612307118,0.010965676901257649,0.011999999999999997,3.5648610022920146e-05,0.0024999999999999996,False
83001,101,101,0,0.2804433316426969,0.23923521838110334,0.48032144997619974,0.0,0.0013319117717323318,0.010965512392295972,0.011999999999999997,0.022500000000000006,0.0225,False
83001,102,102,0,0.28035089982116973,0.23944573534669908,0.4802033648321311,0.0,0.0013189107518119724,0.010965556081246084,0.011999999999999997,0.02249999999999999,0.0225,False
83001,103,103,0,0.28026057402408067,0.2396539495646564,0.48008547641126287,0.0,0.0013061597014042833,0.010965601480614906,0.011999999999999997,3.569294247897292e-05,0.0024999999999999996,False
83001,104,104,0,0.2800079844156981,0.2396869380084681,0.48030507757583374,0.0,0.0012936404572458427,0.010965440894806878,0.011999999999999997,0.02249999999999999,0.0225,False
83001,105,105,0,0.2799208421954427,0.23988985369301077,0.4801893041115464,0.0,0.0012813706803674002,0.010965485100761813,0.011999999999999997,0.0225,0.0225,False
83001,106,106,0,0.2798356712735105,0.24009060971157736,0.4800737190149121,0.0,0.0012693302987388702,0.010965530924117374,0.011999999999999997,0.02249999999999999,0.0225,False
83001,107,107,0,0.2797524281988961,0.24028925029142592,0.4799583215096779,0.0,0.0012575130099534183,0.010965578343875888,0.011999999999999997,0.02249999999999999,0.0225,False
83001,108,108,0,0.27967107074646186,0.24048581842034958,0.47984311083318854,0.0,0.001245912734685429,0.010965627339623427,0.011999999999999997,3.656701627948086e-05,0.0024999999999999996,False
83001,109,109,0,0.2794283805369289,0.2405090882058214,0.4800625312572496,0.0,0.0012345190681831424,0.010965464827096118,0.011999999999999997,0.02249999999999999,0.0225,False
83001,110,110,0,0.27934982580371487,0.24070083465994746,0.4799493395363376,0.0,0.0012233370576271141,0.010965512491277514,0.011999999999999997,3.6182608652616514e-05,0.0024999999999999996,False
83001,111,111,0,0.2791135005246006,0.24072338387688436,0.480163115598515,0.0,0.001212350744190448,0.010965356430730083,0.011999999999999997,3.5415178448209204e-05,0.0024999999999999996,False
83001,112,112,0,0.2788823684022075,0.24074784410272054,0.48036978749507186,0.0,0.0012015593745381273,0.010965209055654571,0.011999999999999997,0.006049051230364853,0.0024999999999999996,False
83001,113,113,0,0.2608708987487026,0.2608708987487027,0.47825820250259465,0.0,0.0015929207823635273,0.010965030442966015,0.011999999999999997,0.0225,0.0225,False
83001,114,114,0,0.26092428435062653,0.2609242843506264,0.478151431298747,0.0,0.0015789477931671065,0.01096511452820571,0.011999999999999997,4.2962395886403296e-05,0.0024999999999999996,False
83001,115,115,0,0.260806392746974,0.26080639274697404,0.4783872145060519,0.0,0.0015652178124763677,0.010964930177116732,0.011999999999999997,0.0225,0.0225,False
83001,116,116,0,0.2608589171124059,0.2608589171124057,0.47828216577518834,0.0,0.0015517245555885881,0.01096501170868698,0.011999999999999997,0.0225,0.0225,False
83001,117,117,0,0.26091136855256625,0.2609113685525663,0.4781772628948674,0.0,0.0015384619526627211,0.010965094093384307,0.011999999999999997,4.28608669283759e-05,0.0024999999999999996,False
83001,118,118,0,0.26079573164187625,0.26079573164187625,0.47840853671624745,0.0,0.0015254241396150479,0.010964913746511217,0.011999999999999997,0.0225,0.0225,False
83001,119,119,0,0.26084735147461413,0.2608473514746139,0.4783052970507719,0.0,0.0015126054494739017,0.010964993672651541,0.011999999999999997,0.0225,0.0225,False
83001,120,120,0,0.2608989008810096,0.2608989008810097,0.47820219823798066,0.0,0.0015000004041666691,0.010965074423110396,0.011999999999999997,4.276297454906642e-05,0.0024999999999999996,False
83001,121,121,0,0.26078543461491294,0.2607854346149127,0.4784291307701743,0.0,0.0014876037067140266,0.01096489791488706,0.011999999999999997,4.187721593972162e-05,0.0024999999999999996,False
83001,122,122,0,0.2606754831920036,0.26067548319200357,0.47864903361599276,0.0,0.0014754102338081184,0.010964731185530664,0.011999999999999997,4.102773889779048e-05,0.0024999999999999996,False
83001,123,123,0,0.2605688857948002,0.26056888579480014,0.4788622284103996,0.0,0.001463415028752739,0.010964573593350287,0.011999999999999997,4.0212484899670656e-05,0.0024999999999999996,False
83001,124,124,0,0.26046549126843077,0.2604654912684309,0.4790690174631383,0.0,0.0014516132947450442,0.010964424546710455,0.011999999999999997,0.0225,0.0225,False
83001,125,125,0,0.2605141565534051,0.26051415655340515,0.4789716868931897,0.0,0.0014400003884799928,0.010964494231904017,0.011999999999999997,0.02249999999999999,0.0225,False
83001,126,126,0,0.26056275952226365,0.26056275952226376,0.4788744809554725,0.0,0.0014285718140589448,0.010964564657546173,0.011999999999999997,4.016587994106223e-05,0.0024999999999999996,False
83001,127,127,0,0.26046111439499875,0.260461114394999,0.47907777121000217,0.0,0.0014173232171864369,0.010964418320085864,0.011999999999999997,0.02249999999999999,0.0225,False
83001,128,128,0,0.2605090021568449,0.2605090021568448,0.4789819956863102,0.0,0.0014062503796386746,0.010964486811818462,0.011999999999999997,3.975808547972524e-05,0.0024999999999999996,False
83001,129,129,0,0.2604096824949751,0.26040968249497515,0.4791806350100497,0.0,0.001395349213989538,0.010964345655819212,0.011999999999999997,3.901013627262905e-05,0.0024999999999999996,False
83001,130,130,0,0.2603132131013062,0.2603132131013061,0.47937357379738765,0.0,0.0013846157585798804,0.010964211865487062,0.011999999999999997,0.02249999999999999,0.0225,False
83001,131,131,0,0.2603597886234447,0.26035978862344467,0.47928042275311056,0.0,0.001374046172717211,0.010964276051763838,0.011999999999999997,3.863707931608361e-05,0.0024999999999999996,False
83001,132,132,0,0.2602654466300508,0.2602654466300509,0.47946910673989823,0.0,0.0013636367320936692,0.010964146828819667,0.011999999999999997,0.02249999999999999,0.0225,False
83001,133,133,0,0.2603113648067966,0.2603113648067968,0.47937727038640654,0.0,0.0013533838244106425,0.010964209334038093,0.011999999999999997,3.827672790438452e-05,0.0024999999999999996,False
83001,134,134,0,0.2602190679258894,0.26021906792588934,0.4795618641482212,0.0,0.0013432839451993641,0.010964084447964324,0.011999999999999997,3.759456573861856e-05,0.0024999999999999996,False
83001,135,135,0,0.2601293074933284,0.26012930749332824,0.4797413850133433,0.0,0.0013333336938271703,0.010963965861876677,0.011999999999999997,3.6937033305983164e-05,0.0024999999999999996,False
83001,136,136,0,0.2600419803741897,0.2600419803741899,0.47991603925162035,0.0,0.0013235297696799248,0.010963853204564222,0.011999999999999997,3.6302893140820896e-05,0.0024999999999999996,False
83001,137,137,0,0.2599569889498916,0.25995698894989167,0.48008602210021667,0.0,0.0013138689685119127,0.010963746130743163,0.011999999999999997,0.005185858243860221,0.0024999999999999996,False
83001,138,138,0,0.2749996951080252,0.24647056594900107,0.4785297389429737,0.0,0.0016278752378282306,0.010965736757742709,0.011999999999999997,0.0225,0.0225,False
83001,139,139,0,0.27496989486284945,0.2465867456564248,0.47844335948072575,0.0,0.001616186380415001,0.010965793301896738,0.011999999999999997,0.02249999999999999,0.0225,False
83001,140,140,0,0.27494078450139897,0.24670213300772184,0.47835708249087905,0.0,0.0016046637811629664,0.010965850563580893,0.011999999999999997,0.02249999999999999,0.0225,False
83001,141,141,0,0.2749123529070264,0.24681673936760062,0.47827090772537284,0.0,0.0015933039372328667,0.01096590853779482,0.011999999999999997,4.2493810597133376e-05,0.0024999999999999996,False
83001,142,142,0,0.274750323284206,0.24679071277338296,0.47845896394241094,0.0,0.0015821001227016448,0.010965754504018425,0.011999999999999997,0.02249999999999999,0.0225,False
83001,143,143,0,0.2747227411271621,0.2469033398635581,0.4783739190092797,0.0,0.0015710563013349016,0.010965811101612315,0.011999999999999997,4.2091864111547426e-05,0.0024999999999999996,False
83001,144,144,0,0.2745639357071573,0.2468779534269576,0.47855811086588507,0.0,0.0015601621275914911,0.010965661936038732,0.011999999999999997,4.1377914867570915e-05,0.0024999999999999996,False
83001,145,145,0,0.27440807326027616,0.24685432871355906,0.47873759802616467,0.0,0.0015494177756103108,0.010965519344964252,0.011999999999999997,0.02249999999999999,0.0225,False
83001,146,146,0,0.2743814903382506,0.2469638776584075,0.4786546320033418,0.0,0.001538824132217555,0.010965572687418748,0.011999999999999997,4.1006226142148105e-05,0.0024999999999999996,False
83001,147,147,0,0.27422865420571063,0.24694079724473783,0.4788305485495515,0.0,0.0015283706997781543,0.010965434464125986,0.011999999999999997,0.02249999999999999,0.0225,False
83001,148,148,0,0.27420286144284484,0.24704850815572557,0.47874863040142956,0.0,0.0015180618573742703,0.010965486596609989,0.011999999999999997,4.064586388335401e-05,0.0024999999999999996,False
83001,149,149,0,0.27405295577233146,0.2470259440231726,0.47892110020449585,0.0,0.001507887687506557,0.010965352545242495,0.011999999999999997,0.02249999999999999,0.0225,False
83001,150,150,0,0.27402792867215875,0.2471318675480915,0.47884020377974973,0.0,0.0014978523161726656,0.010965403511944825,0.011999999999999997,4.029632784742645e-05,0.0024999999999999996,False
83001,151,151,0,0.27388086177609094,0.24710979346673137,0.4790093447571776,0.0,0.0014879463664364157,0.010965273447992623,0.011999999999999997,3.965468467707229e-05,0.0024999999999999996,False
83001,152,152,0,0.2737363872878328,0.24708923082327933,0.47917438188888783,0.0,0.0014781704002549266,0.010965148876412121,0.011999999999999997,0.005756747144900442,0.0024999999999999996,False
83001,153,153,0,0.2611717820136524,0.26117178201365243,0.47765643597269514,0.0,0.0017647061976162782,0.01096551741966406,0.011999999999999997,0.005133502593588088,0.0024999999999999996,False
83001,154,154,0,0.25001528463053224,0.27373630856116216,0.4762484068083055,0.0,0.002043359212926326,0.010967414043117631,0.011999999999999997,0.02249999999999999,0.0225,False
83001,155,155,0,0.2501044315278743,0.27372409189764535,0.4761714765744802,0.0,0.002030192908320333,0.010967482695990873,0.011999999999999997,5.1101867577648825e-05,0.0024999999999999996,False
83001,156,156,0,0.2500541034583741,0.2735786989154881,0.4763671976261378,0.0,0.0020171916685879933,0.010967290277390095,0.011999999999999997,0.02249999999999999,0.0225,False
83001,157,157,0,0.2501419571388529,0.27356687625547244,0.4762911666056745,0.0,0.0020043592727217218,0.010967357402884311,0.011999999999999997,5.0589790282789214e-05,0.0024999999999999996,False
83001,158,158,0,0.250092786701549,0.27342412930919696,0.476483083989254,0.0,0.001991685778914785,0.010967170729212822,0.011999999999999997,4.977408047908336e-05,0.0024999999999999996,False
83001,159,159,0,0.25004551740747966,0.2732839413602811,0.4766705412322392,0.0,0.001979171384126131,0.010966991453763206,0.011999999999999997,4.898372817569864e-05,0.0024999999999999996,False
83001,160,160,0,0.2500000742261549,0.27314623370877694,0.4768536920650682,0.0,0.0019668131172477957,0.010966819216537792,0.011999999999999997,0.022500000000000006,0.0225,False
83001,161,161,0,0.250085098388485,0.27313481295001013,0.4767800886615048,0.0,0.001954611994768953,0.010966881133150884,0.011999999999999997,4.8524785431081995e-05,0.0024999999999999996,False
83001,162,162,0,0.2500406447563313,0.27299952421394325,0.47695983102972545,0.0,0.0019425576132543238,0.010966713825641228,0.011999999999999997,0.022500000000000006,0.0225,False
83001,163,163,0,0.25012447321430575,0.2729884752543505,0.4768870515313437,0.0,0.0019306545752578827,0.010966774433861595,0.011999999999999997,0.004638080913061015,0.0024999999999999996,False
83001,164,164,0,0.24048962384287484,0.2838632157215571,0.47564716043556804,0.0,0.0021876750285321008,0.010969490024895615,0.011999999999999997,0.0042043598566403545,0.0024999999999999996,False
83001,165,165,0,0.23183760967929845,0.2936746563244843,0.4744877339962172,0.0,0.002437784636576942,0.010972907670693689,0.011999999999999997,5.857881449829937e-05,0.0024999999999999996,False
83001,166,166,0,0.23184462169963171,0.2934670293907658,0.47468834890960243,0.0,0.0024231966832538566,0.010972656199794614,0.011999999999999997,5.766117128298216e-05,0.0024999999999999996,False
83001,167,167,0,0.23185322204842165,0.293262224842762,0.4748845531088163,0.0,0.002408781031320592,0.0109724132924575,0.011999999999999997,0.02249999999999999,0.0225,False
83001,168,168,0,0.23200225220449752,0.29318425809244725,0.47481348970305515,0.0,0.0023945693253696774,0.010972458876694628,0.011999999999999997,5.7092427084429774e-05,0.0024999999999999996,False
83001,169,169,0,0.23201121227993876,0.2929826615986217,0.47500612612143955,0.0,0.0023804913795477693,0.010972222536690336,0.011999999999999997,0.0225,0.0225,False
83001,170,170,0,0.2321582204356409,0.29290593912757645,0.4749358404367826,0.0,0.0023666097478480808,0.01097226719713447,0.011999999999999997,0.0225,0.0225,False
83001,171,171,0,0.23230437310112773,0.29282999347177097,0.47486563342710125,0.0,0.0023528871073980454,0.010972312540971935,0.011999999999999997,0.02249999999999999,0.0225,False
83001,172,172,0,0.23244967934494434,0.2927548158407159,0.47479550481433963,0.0,0.0023393208233623243,0.010972358562180493,0.011999999999999997,0.02249999999999999,0.0225,False
83001,173,173,0,0.23259414810357854,0.29268039757262837,0.47472545432379304,0.0,0.0023259083143607876,0.01097240525483114,0.011999999999999997,0.02249999999999999,0.0225,False
83001,174,174,0,0.2327377881838776,0.2926067301320808,0.47465548168404154,0.0,0.0023126470514295548,0.010972452613086096,0.011999999999999997,0.02249999999999999,0.0225,False
83001,175,175,0,0.23288060826541576,0.29253380510769894,0.4745855866268852,0.0,0.0022995345569782506,0.010972500631196928,0.011999999999999997,5.8130316638959885e-05,0.0024999999999999996,False
83001,176,176,0,0.23288437589962604,0.2923374647184415,0.47477815938193235,0.0,0.002286554395867407,0.010972262629883694,0.011999999999999997,0.02249999999999999,0.0225,False
83001,177,177,0,0.23302530702562407,0.29226567728275876,0.4747090156916171,0.0,0.002273734834072598,0.010972309678609507,0.011999999999999997,5.7567049855818265e-05,0.0024999999999999996,False
83001,178,178,0,0.23302949391911215,0.29207234238059915,0.47489816370028864,0.0,0.002261043442170749,0.010972077982755544,0.011999999999999997,5.6709196705575556e-05,0.0024999999999999996,False
83001,179,179,0,0.233035113765672,0.2918815440518682,0.47508334218245973,0.0,0.0022484919163776305,0.010971853872946816,0.011999999999999997,0.02249999999999999,0.0225,False
83001,180,180,0,0.2331731532584893,0.2918112652398673,0.47501558150164336,0.0,0.0022360949713977557,0.010971898464621063,0.011999999999999997,5.617990509309209e-05,0.0024999999999999996,False
83001,181,181,0,0.23317911597622942,0.2916233339139794,0.47519755010979114,0.0,0.0022238181265407803,0.010971680148024573,0.011999999999999997,0.02249999999999999,0.0225,False
83001,182,182,0,0.2333153654920311,0.29155413859671525,0.47513049591125356,0.0,0.0022116906010914562,0.010971723878679576,0.011999999999999997,0.02249999999999999,0.0225,False
83001,183,183,0,0.23345086193416079,0.2914856258656407,0.4750635122001985,0.0,0.00219969333650555,0.01097176821137165,0.011999999999999997,0.02249999999999999,0.0225,False
83001,184,184,0,0.2335856129353596,0.291417788313881,0.47499659875075934,0.0,0.002187824293362547,0.01097181314116533,0.011999999999999997,0.02249999999999999,0.0225,False
83001,185,185,0,0.23371962602203405,0.2913506186383715,0.4749297553395945,0.0,0.002176081472224762,0.01097185866319745,0.011999999999999997,5.656654505993335e-05,0.0024999999999999996,False
83001,186,186,0,0.2337229300256818,0.29116660176182363,0.4751104682124945,0.0,0.002164455572947394,0.01097164159486478,0.011999999999999997,5.575399133411195e-05,0.0024999999999999996,False
83001,187,187,0,0.23372755353208932,0.29098493427310496,0.4752875121948057,0.0,0.002152952346426054,0.010971431431797915,0.011999999999999997,0.0225,0.0225,False
83001,188,188,0,0.23385889459602213,0.2909191434825562,0.4752219619214216,0.0,0.002141580418819314,0.01097147467079362,0.011999999999999997,5.525560539211316e-05,0.0024999999999999996,False
83001,189,189,0,0.23386383026653532,0.29074012658422715,0.47539604314923745,0.0,0.002130318358610691,0.010971269762903895,0.011999999999999997,0.02249999999999999,0.0225,False
83001,190,190,0,0.23399351761236437,0.2906753285960752,0.47533115379156043,0.0,0.0021191833704529454,0.010971312197000538,0.011999999999999997,5.4769677593007714e-05,0.0024999999999999996,False
83001,191,191,0,0.23399874387031172,0.2904988997655676,0.47550235636412064,0.0,0.0021081549755027564,0.010971112355083147,0.011999999999999997,5.401210893394862e-05,0.0024999999999999996,False
83001,192,192,0,0.234005156419263,0.29032465462267104,0.47567018895806584,0.0,0.002097239992444069,0.010970918688762068,0.011999999999999997,0.02249999999999999,0.0225,False
83001,193,193,0,0.23413230693089535,0.29026117364403115,0.4756065194250735,0.0,0.00208644768272895,0.010970959053365311,0.011999999999999997,0.0225,0.0225,False
83001,194,194,0,0.23425878476180764,0.29019830263968105,0.4755429125985112,0.0,0.0020757649086120366,0.01097099995286398,0.011999999999999997,0.02249999999999999,0.0225,False
83001,195,195,0,0.23438459647136797,0.2901360352347902,0.47547936829384174,0.0,0.0020651900443854378,0.010971041383135715,0.011999999999999997,5.411352413421446e-05,0.0024999999999999996,False
83001,196,196,0,0.23438945260034194,0.28996493465164047,0.47564561274801753,0.0,0.002054715638005694,0.010970849877650563,0.011999999999999997,5.338225605775715e-05,0.0024999999999999996,False
83001,197,197,0,0.2343954330830225,0.28979591499500656,0.47580865192197086,0.0,0.0020443462323418153,0.010970664183978199,0.011999999999999997,5.266991896491266e-05,0.0024999999999999996,False
83001,198,198,0,0.23440249346821396,0.28962892875189145,0.47596857777989454,0.0,0.002034080279153097,0.010970484072566573,0.011999999999999997,5.1975832852887855e-05,0.0024999999999999996,False
83001,199,199,0,0.23441059115502572,0.2894639300459848,0.4761254787989894,0.0,0.0020239162595241627,0.010970309324995374,0.011999999999999997,0.02249999999999999,0.0225,False
83001,200,200,0,0.2345322662229031,0.2894035586272576,0.47606417514983923,0.0,0.0020138634537816493,0.010970346440946382,0.011999999999999997,5.156313401318153e-05,0.0024999999999999996,False
83001,201,201,0,0.23454051623216454,0.28924082544982727,0.47621865831800814,0.0,0.0020038999598948563,0.010970175733224913,0.011999999999999997,5.089969909760788e-05,0.0024999999999999996,False
83001,202,202,0,0.2345497332410841,0.2890799916277297,0.4763702751311861,0.0,0.0019940339662235145,0.010970010018234626,0.011999999999999997,5.0252750763825476e-05,0.0024999999999999996,False
83001,203,203,0,0.23455987951745524,0.2889210157212525,0.47651910476129217,0.0,0.001984264066997237,0.01096984910598513,0.011999999999999997,0.02249999999999999,0.0225,False
83001,204,204,0,0.23467844261124013,0.28886216194237113,0.4764593954463887,0.0,0.0019746012731314704,0.010969883452500946,0.011999999999999997,4.987440564745541e-05,0.0024999999999999996,False
83001,205,205,0,0.2346886724786616,0.2887053178285665,0.47660600969277184,0.0,0.001965020421130116,0.010969726140208035,0.011999999999999997,0.02249999999999999,0.0225,False
83001,206,206,0,0.234805829317673,0.28864732131189497,0.476546849370432,0.0,0.001955543442611019,0.010969759930876054,0.011999999999999997,0.02249999999999999,0.0225,False
83001,207,207,0,0.2349223949658107,0.2885898626560088,0.4764877423781805,0.0,0.0019461566678123864,0.010969794183990345,0.011999999999999997,4.9754363262732833e-05,0.0024999999999999996,False
83001,208,208,0,0.23493190923251503,0.2884354073753272,0.4766326833921577,0.0,0.0019368497391535188,0.010969639352593052,0.011999999999999997,0.02249999999999999,0.0225,False
83001,209,209,0,0.2350471063504485,0.28837877937980194,0.4765741142697495,0.0,0.0019276409301061921,0.010969673056183668,0.011999999999999997,4.9389491002207694e-05,0.0024999999999999996,False
83001,210,210,0,0.23505669817944297,0.28822635953933307,0.4767169422812239,0.0,0.0019185098329821543,0.010969521621145928,0.011999999999999997,0.02249999999999999,0.0225,False
83001,211,211,0,0.23517055226049238,0.2881705464512297,0.4766589012882778,0.0,0.0019094739809568362,0.010969554790514518,0.011999999999999997,4.903262001633212e-05,0.0024999999999999996,False
83001,212,212,0,0.23518021191881136,0.28802011891412077,0.47679966916706784,0.0,0.0019005137810807298,0.010969406644070118,0.011999999999999997,0.0225,0.0225,False
83001,213,213,0,0.23529274781527632,0.2879651053592814,0.47674214682544225,0.0,0.001891646063352702,0.010969439293925963,0.011999999999999997,0.0225,0.0225,False
83001,214,214,0,0.23540473060638756,0.28791059484430404,0.4766846745493084,0.0,0.0018828600663916293,0.010969472375958009,0.011999999999999997,0.02249999999999999,0.0225,False
83001,215,215,0,0.2355161653427102,0.2878565824459381,0.4766272522113516,0.0,0.0018741546859872412,0.010969505887165165,0.011999999999999997,0.02249999999999999,0.0225,False
83001,216,216,0,0.23562705701145073,0.2878030633030803,0.47656987968546893,0.0,0.0018655288368908142,0.01096953982458547,0.011999999999999997,0.0225,0.0225,False
83001,217,217,0,0.23573741053745456,0.28775003261579835,0.476512556846747,0.0,0.0018569814524540297,0.010969574185295351,0.011999999999999997,0.02249999999999999,0.0225,False
83001,218,218,0,0.2358472307841843,0.2876974856443715,0.4764552835714442,0.0,0.0018485114842732638,0.010969608966408959,0.011999999999999997,4.9891830453099504e-05,0.0024999999999999996,False
83001,219,219,0,0.23585329687669426,0.287550372459388,0.47659633066391766,0.0,0.0018401151719695326,0.010969459263095662,0.011999999999999997,0.02249999999999999,0.0225,False
83001,220,220,0,0.23596187350091072,0.2874985645435132,0.47653956195557606,0.0,0.0018317979077423407,0.010969493497262336,0.011999999999999997,4.953529379126286e-05,0.0024999999999999996,False
83001,221,221,0,0.2359680549147109,0.28735333559902565,0.4766786094862634,0.0,0.0018235523585248417,0.010969346991961735,0.011999999999999997,0.0225,0.0225,False
83001,222,222,0,0.23607541030412452,0.28730225319226127,0.4766223365036142,0.0,0.0018153837082296367,0.010969380693908279,0.011999999999999997,4.918636354952233e-05,0.0024999999999999996,False
83001,223,223,0,0.23608169731137355,0.287158869567123,0.4767594331215034,0.0,0.0018072848994329298,0.010969237287733125,0.011999999999999997,4.861115539504866e-05,0.0024999999999999996,False
83001,224,224,0,0.2360887633762415,0.2870170436387871,0.4768941929849714,0.0,0.001799257610757191,0.010969097779249072,0.011999999999999997,4.804904860341694e-05,0.0024999999999999996,False
83001,225,225,0,0.2360965805852573,0.28687674399759355,0.47702667541714905,0.0,0.001791300910755117,0.010968962031524816,0.011999999999999997,4.749962781501211e-05,0.0024999999999999996,False
83001,226,226,0,0.23610512206299836,0.28673794018815746,0.47715693774884416,0.0,0.0017834138836452683,0.010968829913528478,0.011999999999999997,0.02249999999999999,0.0225,False
83001,227,227,0,0.2362092518358067,0.28668831725470645,0.4771024309094868,0.0,0.001775601105662769,0.010968860491981862,0.011999999999999997,4.718688032293428e-05,0.0024999999999999996,False
83001,228,228,0,0.2362178305875869,0.28655122724561,0.47723094216680306,0.0,0.0017678514085835637,0.010968731058122756,0.011999999999999997,0.0225,0.0225,False
83001,229,229,0,0.23632081747466113,0.2865022899310489,0.4771768925942899,0.0,0.001760173979219753,0.010968761191282459,0.011999999999999997,0.02249999999999999,0.0225,False
83001,230,230,0,0.23642332678493916,0.2864537866312776,0.4771228865837832,0.0,0.001752562494062833,0.010968791696896836,0.011999999999999997,4.710260864326012e-05,0.0024999999999999996,False
83001,231,231,0,0.23643129089537934,0.2863186156566847,0.4772500934479359,0.0,0.0017450124923220419,0.010968664061583847,0.011999999999999997,4.6580242331488316e-05,0.0024999999999999996,False
83001,232,232,0,0.23643992483985266,0.2861848520637173,0.47737522309643,0.0,0.00173752691317072,0.010968539761742009,0.011999999999999997,4.6069247694268195e-05,0.0024999999999999996,False
83001,233,233,0,0.23644920515586418,0.28605246877683305,0.4774983260673027,0.0,0.00173010494489832,0.010968418684901605,0.011999999999999997,0.02249999999999999,0.0225,False
83001,234,234,0,0.23654933797776326,0.28600510013180186,0.47744556189043486,0.0,0.001722751292693428,0.010968447193604732,0.011999999999999997,4.578324105943826e-05,0.0024999999999999996,False
83001,235,235,0,0.23655862080284504,0.2858743042179153,0.47756707497923956,0.0,0.001715454744860411,0.010968328485544982,0.011999999999999997,0.02249999999999999,0.0225,False
83001,236,236,0,0.2366576798585114,0.2858275807743161,0.4775147393671725,0.0,0.001708224738615073,0.010968356598082384,0.011999999999999997,4.5502825115356396e-05,0.0024999999999999996,False
83001,237,237,0,0.23666696023185646,0.2856983416417706,0.4776346981263729,0.0,0.0017010504597372849,0.010968240191487049,0.011999999999999997,4.5018605510862074e-05,0.0024999999999999996,False
83001,238,238,0,0.23667683403915601,0.2855704045586636,0.4777527614021803,0.0,0.0016939358879685413,0.010968126736527258,0.011999999999999997,0.02249999999999999,0.0225,False
83001,239,239,0,0.2367742371236629,0.28552453985222753,0.4777012230241095,0.0,0.0016868859523035931,0.01096815374749174,0.011999999999999997,4.475119091584527e-05,0.0024999999999999996,False
83001,240,240,0,0.23678408942446683,0.285398104841586,0.47781780573394717,0.0,0.0016798891265476332,0.010968042451707835,0.011999999999999997,4.428447682112158e-05,0.0024999999999999996,False
83001,241,241,0,0.23679450091352397,0.28527292345785105,0.47793257562862496,0.0,0.001672949821283128,0.010967933936922837,0.011999999999999997,4.382740965477215e-05,0.0024999999999999996,False
83001,242,242,0,0.236805452418047,0.2851489728597073,0.4780455747222456,0.0,0.0016660673372796248,0.01096782811365681,0.011999999999999997,0.0225,0.0225,False
83001,243,243,0,0.23690066467234672,0.28510416616811096,0.47799516915954227,0.0,0.0016592474474535826,0.010967853417016908,0.011999999999999997,4.357913222854438e-05,0.0024999999999999996,False
83001,244,244,0,0.23691156474243763,0.2849816426747196,0.4781067925828427,0.0,0.0016524770240022146,0.010967749552895256,0.011999999999999997,0.02249999999999999,0.0225,False
83001,245,245,0,0.2370057859103068,0.28493743580651976,0.4780567782831734,0.0,0.0016457676134444535,0.010967774529980457,0.011999999999999997,4.333544813824266e-05,0.0024999999999999996,False
83001,246,246,0,0.23701663174123133,0.2848163130557564,0.4781670552030122,0.0,0.0016391065364823498,0.010967672572198432,0.011999999999999997,0.0225,0.0225,False
83001,247,247,0,0.23710987828834057,0.2847726956008332,0.4781174261108262,0.0,0.0016325049440917404,0.010967697230428775,0.011999999999999997,0.0225,0.0225,False
83001,248,248,0,0.23720271718211244,0.284729449638364,0.4780678331795235,0.0,0.0016259559694296597,0.01096772220134291,0.011999999999999997,0.0225,0.0225,False
83001,249,249,0,0.23729515178065735,0.2846865718835755,0.4780182763357671,0.0,0.0016194589951741415,0.010967747483103654,0.011999999999999997,4.348765577256263e-05,0.0024999999999999996,False
83001,250,250,0,0.23730484251844072,0.28456723669193446,0.47812792078962474,0.0,0.0016130092566636349,0.010967646128403428,0.011999999999999997,4.3054906408643635e-05,0.0024999999999999996,False
83001,251,251,0,0.23731503021351585,0.2844490430343331,0.478235926752151,0.0,0.00160661045007962,0.010967547220206653,0.011999999999999997,0.02249999999999999,0.0225,False
83001,252,252,0,0.23740598136235777,0.2844069332081833,0.47818708542945887,0.0,0.0016002670103256,0.010967571564012311,0.011999999999999997,0.02249999999999999,0.0225,False
83001,253,253,0,0.2374965416356161,0.28436517936033606,0.4781382790040478,0.0,0.0015939731550552313,0.010967596208052197,0.011999999999999997,4.301413604143701e-05,0.0024999999999999996,False
83001,254,254,0,0.23750614649297547,0.28424850524295364,0.47824534826407084,0.0,0.001587724426774858,0.010967498467176928,0.011999999999999997,4.259383849364085e-05,0.0024999999999999996,False
83001,255,255,0,0.23751622615703763,0.28413293177277194,0.4783508420701904,0.0,0.001581524276753324,0.010967403054190927,0.011999999999999997,0.006200795837775907,0.0024999999999999996,False
83001,256,256,0,0.2463022217688463,0.2763308591268032,0.47736691910435036,0.0,0.0017548284168398109,0.010966777465329288,0.011999999999999997,0.02249999999999999,0.0225,False
83001,257,257,0,0.2463665067622684,0.2763139697480376,0.477319523489694,0.0,0.0017480138772007054,0.010966812896929077,0.011999999999999997,4.629636132610898e-05,0.0024999999999999996,False
83001,258,258,0,0.2463492499782427,0.2762196593286496,0.47743109069310763,0.0,0.0017412500606112386,0.010966711728456757,0.011999999999999997,4.5842010057245936e-05,0.0024999999999999996,False
83001,259,259,0,0.24633262220779528,0.2761263363267961,0.47754104146540854,0.0,0.0017345382921185783,0.010966613056634579,0.011999999999999997,0.0225,0.0225,False
83001,260,260,0,0.24639594072726215,0.27610976127974696,0.4774942979929908,0.0,0.001727880187296337,0.010966647338342007,0.011999999999999997,0.0225,0.0225,False
83001,261,261,0,0.24645903103232739,0.2760933841343624,0.4774475848333101,0.0,0.0017212728758416737,0.010966681828666423,0.011999999999999997,0.02249999999999999,0.0225,False
83001,262,262,0,0.24652189484500928,0.27607720320919366,0.477400901945797,0.0,0.0017147157819373236,0.01096671652681497,0.011999999999999997,4.596473095771316e-05,0.0024999999999999996,False
83001,263,263,0,0.24650480230253904,0.27598501434130573,0.47751018335615514,0.0,0.0017082068093609766,0.010966618292076315,0.011999999999999997,0.02249999999999999,0.0225,False
83001,264,264,0,0.24656708599278523,0.27596908008251325,0.47746383392470143,0.0,0.0017017486703907348,0.010966652531611555,0.011999999999999997,0.02249999999999999,0.0225,False
83001,265,265,0,0.24662914840935724,0.27595333732167315,0.4774175142689696,0.0,0.0016953390655072853,0.010966686975151008,0.011999999999999997,0.005777710959219077,0.0024999999999999996,False
83001,266,266,0,0.2546568906403701,0.2688432610751647,0.4764998482844651,0.0,0.0018602085571788787,0.010966769020671806,0.011999999999999997,4.970314175878404e-05,0.0024999999999999996,False
83001,267,267,0,0.25461670951600135,0.2687686335970074,0.47661465688699123,0.0,0.0018532441377301543,0.010966660909278973,0.011999999999999997,4.921868452618321e-05,0.0024999999999999996,False
83001,268,268,0,0.2545772659623382,0.2686948920286541,0.47672784200900764,0.0,0.001846331650090522,0.010966555450731944,0.011999999999999997,0.0225,0.0225,False
83001,269,269,0,0.2546178190815075,0.2686995146059592,0.47668266631253325,0.0,0.0018394709167324002,0.010966595832475638,0.011999999999999997,0.0225,0.0225,False
83001,270,270,0,0.25465826746809,0.2687042143559675,0.47663751817594247,0.0,0.0018326609547924058,0.01096663637646238,0.011999999999999997,0.0225,0.0225,False
83001,271,271,0,0.2546986118252023,0.2687089906027261,0.4765923975720715,0.0,0.0018259012034263968,0.010966677082302482,0.011999999999999997,0.0225,0.0225,False
83001,272,272,0,0.2547388528489767,0.2687138426772052,0.476547304473818,0.0,0.001819191109998885,0.010966717949607926,0.011999999999999997,0.02249999999999999,0.0225,False
83001,273,273,0,0.2547789912286471,0.26871876991721055,0.4765022388541422,0.0,0.0018125301299343314,0.010966758977992354,0.011999999999999997,4.9693030098100146e-05,0.0024999999999999996,False
83001,274,274,0,0.2547391229145002,0.26864562616678117,0.4766152509187186,0.0,0.0018059175622988516,0.01096665261170131,0.011999999999999997,0.004817236166258467,0.0024999999999999996,False
83001,275,275,0,0.24862528000667217,0.27555538048164374,0.4758193395116841,0.0,0.001961028083806203,0.010968016544041132,0.011999999999999997,5.2623390748608275e-05,0.0024999999999999996,False
83001,276,276,0,0.24859788667040883,0.2754661648523302,0.4759359484772609,0.0,0.001953932780135217,0.010967897156964293,0.011999999999999997,0.0225,0.0225,False
83001,277,277,0,0.2486525990959624,0.2754557398716454,0.4758916610323922,0.0,0.0019468895185475996,0.010967937004902534,0.011999999999999997,5.230908069993701e-05,0.0024999999999999996,False
83001,278,278,0,0.24862559706980247,0.2753674686246843,0.47600693430551316,0.0,0.0019398959676701325,0.010967819718212042,0.011999999999999997,5.181004812779622e-05,0.0024999999999999996,False
83001,279,279,0,0.24859926212988445,0.2752801088669298,0.47612062900318575,0.0,0.0019329524030223765,0.010967705152419068,0.011999999999999997,0.0225,0.0225,False
83001,280,280,0,0.2486532304795402,0.2752698593428186,0.47607691017764114,0.0,0.0019260593664229926,0.010967743811192605,0.011999999999999997,5.150828039837849e-05,0.0024999999999999996,False
83001,281,281,0,0.24862726412496192,0.2751834115506283,0.47618932432440975,0.0,0.0019192143203648733,0.010967631228066939,0.011999999999999997,5.1025344851533004e-05,0.0024999999999999996,False
83001,282,282,0,0.2486019363504851,0.2750978433544558,0.47630022029505903,0.0,0.0019124176820406503,0.0109675212256659,0.011999999999999997,0.02249999999999999,0.0225,False
83001,283,283,0,0.24865517729355469,0.2750877669092199,0.4762570557972254,0.0,0.0019056701146553793,0.010967558744439271,0.011999999999999997,5.073546594744592e-05,0.0024999999999999996,False
83001,284,284,0,0.24863019680173856,0.27500307983742656,0.47636672336083485,0.0,0.0018989688962352221,0.010967450615036862,0.011999999999999997,5.0267858823297734e-05,0.0024999999999999996,False
83001,285,285,0,0.2486058279596532,0.2749192420365262,0.47647493000382063,0.0,0.001892314572728987,0.010967344935276242,0.011999999999999997,0.0225,0.0225,False
83001,286,286,0,0.24865835764810001,0.27490933628349257,0.47643230606840736,0.0,0.0018857079174240173,0.010967381360595673,0.011999999999999997,0.02249999999999999,0.0225,False
83001,287,287,0,0.24871072739177258,0.2748995653168363,0.4763897072913911,0.0,0.001879147148514899,0.01096741794765703,0.011999999999999997,5.0170132960757146e-05,0.0024999999999999996,False
83001,288,288,0,0.24868641681748532,0.2748165957724941,0.4764969874100205,0.0,0.0018726308394803773,0.010967313426855328,0.011999999999999997,4.971524407242602e-05,0.0024999999999999996,False
83001,289,289,0,0.24866269484213974,0.274734447164403,0.4766028579934572,0.0,0.0018661595022673747,0.010967211245442946,0.011999999999999997,4.926836286668957e-05,0.0024999999999999996,False
83001,290,290,0,0.24863954803311294,0.27465310531845055,0.47670734664843645,0.0,0.001859732674330347,0.010967111338631805,0.011999999999999997,4.8829293014049354e-05,0.0024999999999999996,False
83001,291,291,0,0.24861696332449543,0.2745725564101194,0.4768104802653851,0.0,0.0018533498994048605,0.010967013643807318,0.011999999999999997,0.004573577909112191,0.0024999999999999996,False
83001,292,292,0,0.24306575700161298,0.28083686504036504,0.47609737795802193,0.0,0.0019982029893235373,0.010968531876944191,0.011999999999999997,5.1420180643349e-05,0.0024999999999999996,False
83001,293,293,0,0.2430533191776652,0.28074328193465264,0.47620339888768215,0.0,0.0019914010560725852,0.010968422380802726,0.011999999999999997,0.02249999999999999,0.0225,False
83001,294,294,0,0.24311666089662282,0.28072118719365496,0.4761621519097221,0.0,0.0019846485870555343,0.010968454945540322,0.011999999999999997,5.1141870141764676e-05,0.0024999999999999996,False
83001,295,295,0,0.24310444122501787,0.2806285030138673,0.4762670557611147,0.0,0.0019779384632438936,0.010968347209524571,0.011999999999999997,5.069273780214306e-05,0.0024999999999999996,False
83001,296,296,0,0.2430927359038771,0.28053663523063604,0.4763706288654868,0.0,0.0019712734317143305,0.010968241741301888,0.011999999999999997,5.025124621913082e-05,0.0024999999999999996,False
83001,297,297,0,0.24308153276332276,0.2804455708334058,0.4764728964032714,0.0,0.0019646530421564908,0.01096813848069739,0.011999999999999997,0.02249999999999999,0.0225,False
83001,298,298,0,0.24314376287145859,0.28042386171982103,0.47643237540872035,0.0,0.0019580806491157126,0.010968169573580634,0.011999999999999997,4.998896359879386e-05,0.0024999999999999996,False
83001,299,299,0,0.24313275275022286,0.28033365665486887,0.4765335905949082,0.0,0.0019515484324031758,0.010968067935326876,0.011999999999999997,4.9560513333064146e-05,0.0024999999999999996,False
83001,300,300,0,0.24312222385382537,0.28024422997162574,0.4766335461745488,0.0,0.001945059535617593,0.01096796840053889,0.011999999999999997,0.02249999999999999,0.0225,False
83001,301,301,0,0.24318366510663286,0.2802228319738918,0.4765935029194753,0.0,0.0019386174335958124,0.010967998615784257,0.011999999999999997,4.930776950225496e-05,0.0024999999999999996,False
83001,302,302,0,0.24317331501161346,0.28013423932893283,0.4766924456594536,0.0,0.0019322141055887992,0.010967900621703757,0.011999999999999997,0.005936395150991151,0.0024999999999999996,False
83001,303,303,0,0.2500748690563168,0.2740416252830174,0.47588350566066573,0.0,0.0020770416475284297,0.010967783082451022,0.011999999999999997,0.0225,0.0225,False
83001,304,304,0,0.250120475215138,0.2740353623983583,0.4758441623865036,0.0,0.002070217962989102,0.010967819354276695,0.011999999999999997,0.02249999999999999,0.0225,False
83001,305,305,0,0.25016595897367244,0.27402920049921575,0.47580484052711175,0.0,0.0020634388927235673,0.010967855758602794,0.011999999999999997,0.02249999999999999,0.0225,False
83001,306,306,0,0.2502113210635333,0.2740231388756188,0.4757655400608478,0.0,0.0020567040022859743,0.010967892295074203,0.011999999999999997,5.285781436881313e-05,0.0024999999999999996,False
83001,307,307,0,0.25018379194344625,0.2739473162088584,0.4758688918476952,0.0,0.002050011562557604,0.010967786664501235,0.011999999999999997,0.02249999999999999,0.0225,False
83001,308,308,0,0.2502288192859151,0.2739413534116067,0.47582982730247814,0.0,0.0020433638762679517,0.010967822779790286,0.011999999999999997,0.02249999999999999,0.0225,False
83001,309,309,0,0.250273727215497,0.2739354889257488,0.4757907838587541,0.0,0.0020367590960764055,0.0109678590253426,0.011999999999999997,5.2747753155620134e-05,0.0024999999999999996,False
83001,310,310,0,0.2502463200166746,0.27386038023499004,0.4758932997483354,0.0,0.0020301956670800555,0.010967754499281281,0.011999999999999997,0.0225,0.0225,False
83001,311,311,0,0.2502908988168717,0.273854612028627,0.47585448915450124,0.0,0.0020236755853125566,0.010967790329775495,0.011999999999999997,0.0225,0.0225,False
83001,312,312,0,0.2503353604038394,0.27384894021961825,0.4758156993765422,0.0,0.002017197184315031,0.010967826288691664,0.011999999999999997,5.263923569811994e-05,0.0024999999999999996,False
83001,313,313,0,0.25030807403545186,0.27377453365710125,0.4759173923074468,0.0,0.0020107590712468977,0.01096772284661882,0.011999999999999997,0.02249999999999999,0.0225,False
83001,314,314,0,0.2503522119793904,0.27376895565252857,0.475878832368081,0.0,0.0020043629579368353,0.010967758396471678,0.011999999999999997,5.236476551344211e-05,0.0024999999999999996,False
83001,315,315,0,0.25032525001533523,0.2736952416002954,0.4759795083843693,0.0,0.001998006377266191,0.010967656546768338,0.011999999999999997,5.1928561571092506e-05,0.0024999999999999996,False
83001,316,316,0,0.2502988087613047,0.2736222107995427,0.47607898043915253,0.0,0.0019916899420548495,0.01096755677259545,0.011999999999999997,5.1499365914740046e-05,0.0024999999999999996,False
83001,317,317,0,0.25027287767202167,0.27354985232225704,0.4761772700057212,0.0,0.001985413274081526,0.010967459021623594,0.011999999999999997,0.02249999999999999,0.0225,False
83001,318,318,0,0.2503162916157204,0.2735443644374961,0.4761393439467835,0.0,0.001979177211180484,0.010967493141785363,0.011999999999999997,5.123978165609081e-05,0.0024999999999999996,False
83001,319,319,0,0.25029066072893313,0.27347266707801404,0.47623667219305277,0.0,0.0019729790383179084,0.01096739686327655,0.011999999999999997,0.0225,0.0225,False
83001,320,320,0,0.25033376359553855,0.2734672704658464,0.47619896593861494,0.0,0.0019668207031263213,0.010967430605345985,0.011999999999999997,0.02249999999999999,0.0225,False
83001,321,321,0,0.25037675570664597,0.27346196502566805,0.4761612792676859,0.0,0.001960700635488983,0.010967464469021585,0.011999999999999997,5.114561455379345e-05,0.0024999999999999996,False
83001,322,322,0,0.25035122235177054,0.2733909176436973,0.4762578600045321,0.0,0.0019546175107108227,0.010967369137666522,0.011999999999999997,5.0732029040795594e-05,0.0024999999999999996,False
83001,323,323,0,0.25032617382627625,0.27332051259045925,0.47635331358326444,0.0,0.0019485719745723858,0.010967275708379584,0.011999999999999997,5.0324920064228196e-05,0.0024999999999999996,False
83001,324,324,0,0.2503016005220705,0.2732507398522039,0.47644765962572555,0.0,0.0019425636805309276,0.010967184134289945,0.011999999999999997,4.992414633951097e-05,0.0024999999999999996,False
83001,325,325,0,0.25027749306265623,0.27318158963641687,0.47654091730092696,0.0,0.0019365922862705717,0.010967094369925857,0.011999999999999997,4.952957049737549e-05,0.0024999999999999996,False
83001,326,326,0,0.2502538422963791,0.27311305236558486,0.476633105338036,0.0,0.0019306574536385956,0.010967006371165438,0.011999999999999997,4.9141058952898724e-05,0.0024999999999999996,False
83001,327,327,0,0.2502306392899122,0.2730451186711686,0.47672424203891917,0.0,0.001924758848583001,0.010966920095189481,0.011999999999999997,4.875848177965349e-05,0.0024999999999999996,False
83001,328,328,0,0.25020787532196,0.2729777793877808,0.47681434529025923,0.0,0.0019188961410910798,0.010966835500436114,0.011999999999999997,4.838171258873925e-05,0.0024999999999999996,False
83001,329,329,0,0.2501855418771791,0.27291102554756136,0.4769034325752595,0.0,0.0019130690051290542,0.01096675254655732,0.011999999999999997,4.8010628412502464e-05,0.0024999999999999996,False
83001,330,330,0,0.2501636306403048,0.2728448483747369,0.47699152098495834,0.0,0.0019072771185830162,0.010966671194377178,0.011999999999999997,4.764510959270497e-05,0.0024999999999999996,False
83001,331,331,0,0.25014213349047465,0.272779239280363,0.4770786272291623,0.0,0.0019015201632004745,0.01096659140585174,0.011999999999999997,0.02249999999999999,0.0225,False
83001,332,332,0,0.2501831254055924,0.2727740273905307,0.47704284720387685,0.0,0.001895799460687448,0.010966620824743551,0.011999999999999997,0.02249999999999999,0.0225,False
83001,333,333,0,0.2502240147086663,0.2727689005939767,0.477007084697357,0.0,0.0018901130223926556,0.01096665035466083,0.011999999999999997,4.7580673870306305e-05,0.0024999999999999996,False
83001,334,334,0,0.2502025624988648,0.2727038555571965,0.47709358194393864,0.0,0.0018844591023591392,0.010966571263880367,0.011999999999999997,0.02249999999999999,0.0225,False
83001,335,335,0,0.2502431701369534,0.27269881478600944,0.47705801507703705,0.0,0.0018788403729350772,0.010966600488678358,0.011999999999999997,0.02249999999999999,0.0225,False
83001,336,336,0,0.2502836769608085,0.27269385752660047,0.4770224655125909,0.0,0.0018732549986578003,0.010966629823041672,0.011999999999999997,4.751703820080651e-05,0.0024999999999999996,False
83001,337,337,0,0.2502622701014743,0.27262936787255104,0.47710836202597473,0.0,0.0018677013724365855,0.010966551418760509,0.011999999999999997,0.0046527663918632155,0.0024999999999999996,False
83001,338,338,0,0.2454094360371629,0.27809617592105706,0.47649438804177996,0.0,0.0019931371084811193,0.010967749705072916,0.011999999999999997,4.972624141773749e-05,0.0024999999999999996,False
83001,339,339,0,0.2453958537546145,0.27802169405781135,0.4765824521875741,0.0,0.0019872687466073037,0.010967663000159332,0.011999999999999997,0.0225,0.0225,False
83001,340,340,0,0.24544541443059106,0.2780072306294434,0.4765473549399655,0.0,0.0019814379943074913,0.010967690995499584,0.011999999999999997,0.02249999999999999,0.0225,False
83001,341,341,0,0.24549484138214345,0.2779928835650045,0.476512275052852,0.0,0.001975641247350502,0.010967719110190979,0.011999999999999997,4.965059008735909e-05,0.0024999999999999996,False
83001,342,342,0,0.24548122287576934,0.27791905230162245,0.47659972482260815,0.0,0.0019698753869929844,0.010967633189839345,0.011999999999999997,4.928155905398947e-05,0.0024999999999999996,False
83001,343,343,0,0.24546797838103426,0.27784579234189455,0.47668622927707116,0.0,0.001964143016680317,0.010967548833474172,0.011999999999999997,0.0225,0.0225,False
83001,344,344,0,0.24551686147643148,0.2778316307820205,0.47665150774154796,0.0,0.0019584469118621895,0.010967576269045272,0.011999999999999997,0.02249999999999999,0.0225,False
83001,345,345,0,0.24556561391137396,0.27781758291714603,0.47661680317148,0.0,0.0019527836451926405,0.010967603821356555,0.011999999999999997,0.0225,0.0225,False
83001,346,346,0,0.24561423640463717,0.2778036480463575,0.4765821155490053,0.0,0.0019471529356029226,0.010967631490063226,0.011999999999999997,4.935575809441248e-05,0.0024999999999999996,False
83001,347,347,0,0.24560075119703384,0.27773105518388463,0.4766681936190815,0.0,0.0019415520008290604,0.010967547492477268,0.011999999999999997,4.899358700970012e-05,0.0024999999999999996,False
83001,348,348,0,0.24558762975966147,0.2776590184617931,0.4767533517785454,0.0,0.0019359831316099268,0.010967465008394524,0.011999999999999997,4.863659881788515e-05,0.0024999999999999996,False
83001,349,349,0,0.24557486501261697,0.277587530283995,0.476837604703388,0.0,0.0019304460544931346,0.010967384003760393,0.011999999999999997,0.0225,0.0225,False
83001,350,350,0,0.24562275984444168,0.27757380825387035,0.47680343190168795,0.0,0.001924943344646906,0.010967410632921969,0.011999999999999997,4.842726943856657e-05,0.0024999999999999996,False
83001,351,351,0,0.24561014820574886,0.2775028949888351,0.47688695680541593,0.0,0.0019194691518645028,0.010967330702211365,0.011999999999999997,0.004455446556451438,0.0024999999999999996,False
83001,352,352,0,0.24110534516063836,0.28258126727247046,0.4763133875668912,0.0,0.002039039593184219,0.010968654159467565,0.011999999999999997,5.0495004770067374e-05,0.0024999999999999996,False
83001,353,353,0,0.2410993714262715,0.282501846820624,0.47639878175310446,0.0,0.002033280801838174,0.01096856620799473,0.011999999999999997,0.0225,0.0225,False
83001,354,354,0,0.2411549388954084,0.28248006902438877,0.47636499208020283,0.0,0.0020275594985247392,0.010968591024940237,0.011999999999999997,5.027522394319858e-05,0.0024999999999999996,False
83001,355,355,0,0.2411490767837273,0.2824012691576914,0.4764496540585812,0.0,0.0020218652869358348,0.010968504221698533,0.011999999999999997,0.02249999999999999,0.0225,False
83001,356,356,0,0.2412042732458156,0.28237968678473874,0.4764160399694456,0.0,0.0020162078986489273,0.010968528800596202,0.011999999999999997,0.02249999999999999,0.0225,False
83001,357,357,0,0.24125931926214314,0.2823582384525071,0.47638244228534965,0.0,0.0020105819176914827,0.010968553502671223,0.011999999999999997,5.0201012916435346e-05,0.0024999999999999996,False
83001,358,358,0,0.24125334931749745,0.282280110469269,0.47646654021323354,0.0,0.0020049826491991833,0.01096846746839518,0.011999999999999997,0.0225,0.0225,False
83001,359,359,0,0.24130802996936868,0.2822588539188995,0.4764331161117318,0.0,0.001999418999371351,0.010968491934816523,0.011999999999999997,4.99858214582803e-05,0.0024999999999999996,False
83001,360,360,0,0.24130216823797765,0.2821813301643036,0.47651650159771874,0.0,0.001993881653243658,0.010968407010752294,0.011999999999999997,4.9632722748895246e-05,0.0024999999999999996,False
83001,361,361,0,0.2412966239985063,0.28210434515012073,0.4765990308513729,0.0,0.001988374795886928,0.010968323523619122,0.011999999999999997,0.0225,0.0225,False
83001,362,362,0,0.24135073115524516,0.2820833361230254,0.4765659327217294,0.0,0.0019829028599731425,0.010968347410524099,0.011999999999999997,0.0225,0.0225,False
83001,363,363,0,0.2414046927479649,0.2820624567976279,0.4765328504544072,0.0,0.001977460806527057,0.01096837141661543,0.011999999999999997,4.956363970156961e-05,0.0024999999999999996,False
83001,364,364,0,0.24139903923638978,0.2819861187618666,0.47661484200174364,0.0,0.0019720442634406435,0.010968288650995145,0.011999999999999997,0.0225,0.0225,False
83001,365,365,0,0.2414526470219396,0.2819654249378423,0.476581928040218,0.0,0.0019666615196918848,0.010968312432254521,0.011999999999999997,0.0225,0.0225,False
83001,366,366,0,0.24150611157813515,0.28194485867425767,0.4765490297476071,0.0,0.001961307936028226,0.010968336331019634,0.011999999999999997,4.9495320520075385e-05,0.0024999999999999996,False
83001,367,367,0,0.24150035138634515,0.2818691582983101,0.4766304903153447,0.0,0.001955979503590955,0.010968254275747484,0.011999999999999997,4.91520584611076e-05,0.0024999999999999996,False
83001,368,368,0,0.241494895646464,0.2817939765408465,0.4767111278126895,0.0,0.001950679853836223,0.010968173589235656,0.011999999999999997,0.02249999999999999,0.0225,False
83001,369,369,0,0.24154780698892572,0.28177364763945223,0.476678545371622,0.0,0.0019454128591336478,0.010968196931123646,0.011999999999999997,0.004286046677813095,0.0024999999999999996,False
83001,370,370,0,0.23737659907173886,0.28648020048950423,0.4761432004387569,0.0,0.002058493489723049,0.010969594979217592,0.011999999999999997,5.122321967747965e-05,0.0024999999999999996,False
83001,371,371,0,0.23737653755681684,0.28639786647988463,0.4762255959632985,0.0,0.002052968885158178,0.010969506400339567,0.011999999999999997,5.087000585702966e-05,0.0024999999999999996,False
83001,372,372,0,0.23737676655742293,0.2863160641953977,0.47630716924717936,0.0,0.0020474737174292785,0.010969419243414002,0.011999999999999997,0.0225,0.0225,False
83001,373,373,0,0.2374361252617743,0.286288965286355,0.4762749094518706,0.0,0.0020420142975875245,0.010969440554665684,0.011999999999999997,0.02249999999999999,0.0225,False
83001,374,374,0,0.23749532412177102,0.2862620106427414,0.4762426652354875,0.0,0.002036583702637037,0.010969461992474023,0.011999999999999997,0.0225,0.0225,False
83001,375,375,0,0.23755436395035012,0.2862351994725473,0.47621043657710255,0.0,0.0020311817088241213,0.010969483556374279,0.011999999999999997,0.02249999999999999,0.0225,False
83001,376,376,0,0.23761324555474325,0.2862085309893617,0.476178223455895,0.0,0.002025808094607654,0.010969505245905006,0.011999999999999997,5.1072933394554486e-05,0.0024999999999999996,False
83001,377,377,0,0.23761288136321665,0.28612755231120907,0.4762595663255742,0.0,0.0020204575948087225,0.010969418203957922,0.011999999999999997,5.072473719448266e-05,0.0024999999999999996,False
83001,378,378,0,0.2376128015006075,0.2860470923600361,0.4763401061393563,0.0,0.0020151351519735097,0.01096933254659189,0.011999999999999997,5.0381151974723256e-05,0.0024999999999999996,False
83001,379,379,0,0.2376130002905142,0.2859671449630762,0.4764198547464096,0.0,0.002009840548152546,0.010969248245411768,0.011999999999999997,5.004209251623795e-05,0.0024999999999999996,False
83001,380,380,0,0.23761347217826798,0.28588770405792036,0.4764988237638116,0.0,0.0020045735676005897,0.010969165272737554,0.011999999999999997,0.02249999999999999,0.0225,False
83001,381,381,0,0.23767133505455718,0.2858614682707199,0.47646719667472287,0.0,0.001999339968157821,0.010969185831835065,0.011999999999999997,4.984135491115549e-05,0.0024999999999999996,False
83001,382,382,0,0.23767186257965978,0.2857826003913521,0.47654553702898805,0.0,0.001994127814131196,0.010969103859321212,0.011999999999999997,0.0225,0.0225,False
83001,383,383,0,0.23772936093901523,0.2857565748140197,0.47651406424696496,0.0,0.001988948482497947,0.010969124237402839,0.011999999999999997,0.02249999999999999,0.0225,False
83001,384,384,0,0.23778670756931183,0.28573068621371384,0.47648260621697425,0.0,0.0019837957981345073,0.010969144735397306,0.011999999999999997,4.977610293113065e-05,0.0024999999999999996,False
83001,385,385,0,0.23778707969883234,0.28565245572150266,0.47656046457966494,0.0,0.001978664400844356,0.010969063447285777,0.011999999999999997,0.004135038276440014,0.0024999999999999996,False
83001,386,386,0,0.23389533374978216,0.2900459152013568,0.476058751048861,0.0,0.0020864224398662846,0.010970511515435797,0.011999999999999997,0.02249999999999999,0.0225,False
83001,387,387,0,0.23395842545607054,0.2900141387113432,0.4760274358325862,0.0,0.0020810693064758704,0.010970530141836164,0.011999999999999997,5.17215449484692e-05,0.0024999999999999996,False
83001,388,388,0,0.23396336609939997,0.2899298046934696,0.47610682920713043,0.0,0.0020757360081276642,0.01097044147380036,0.011999999999999997,5.137952494835126e-05,0.0024999999999999996,False
83001,389,389,0,0.23396856226272533,0.2898459741481034,0.47618546358917124,0.0,0.002070429807598458,0.010970354140180001,0.011999999999999997,5.1041893001642056e-05,0.0024999999999999996,False
83001,390,390,0,0.23397400875598184,0.2897626414142732,0.47626334982974483,0.0,0.0020651505015745826,0.010970268114661338,0.011999999999999997,5.070857051745653e-05,0.0024999999999999996,False
83001,391,391,0,0.2339797004981784,0.2896798009279412,0.47634049857388033,0.0,0.0020598978887140843,0.010970183371571251,0.011999999999999997,5.0379480695929994e-05,0.0024999999999999996,False
83001,392,392,0,0.23398563251472668,0.28959744721980746,0.47641692026546584,0.0,0.002054671769624502,0.010970099885858746,0.011999999999999997,5.005454847888555e-05,0.0024999999999999996,False
83001,393,393,0,0.2339917999348459,0.28951557491317537,0.4764926251519787,0.0,0.00204947194684075,0.010970017633077067,0.011999999999999997,0.0225,0.0225,False
83001,394,394,0,0.23405340632996544,0.2894844662767852,0.47646212739324934,0.0,0.0020443072563058255,0.0109700347007557,0.011999999999999997,0.02249999999999999,0.0225,False
83001,395,395,0,0.23411485141887792,0.2894535046334862,0.4764316439476358,0.0,0.002039168277035108,0.010970051894280755,0.011999999999999997,0.02249999999999999,0.0225,False
83001,396,396,0,0.2341761359812438,0.2894226892241212,0.47640117479463495,0.0,0.0020340548220106037,0.010970069213173176,0.011999999999999997,0.02249999999999999,0.0225,False
83001,397,397,0,0.2342372607915414,0.28939201929460817,0.4763707199138504,0.0,0.0020289667059166503,0.010970086656957277,0.011999999999999997,0.02249999999999999,0.0225,False
83001,398,398,0,0.2342982266191113,0.28936149409589607,0.47634027928499256,0.0,0.0020239037451239257,0.010970104225160683,0.011999999999999997,5.0380414588093486e-05,0.0024999999999999996,False
83001,399,399,0,0.23430355664593483,0.289280518220758,0.4764159251333071,0.0,0.0020188589386208283,0.010970021842135535,0.011999999999999997,0.0225,0.0225,False
83002,0,0,0,0.3333333333333333,0.3333333333333333,0.3333333333333333,0.0,0.05,0.011999999999999997,0.011999999999999997,0.0024999999999999996,0.0024999999999999996,False
83002,1,1,0,0.25368700899805474,0.2536870089980547,0.4926259820038905,0.0,4.999995000384644e-08,0.010962839982958605,0.011999999999999997,0.0225,0.0225,False
83002,2,2,0,0.2570728403585871,0.2570728403585866,0.4858543192828263,0.0,2.4999987502170677e-08,0.010961615509107707,0.011999999999999997,1.8009025465699746e-05,0.0024999999999999996,False
83002,3,3,0,0.2554151924343957,0.25541519243439575,0.4891696151312085,0.0,1.6666661104985575e-08,0.01096171223326993,0.011999999999999997,1.0556751276553165e-05,0.0024999999999999996,False
83002,4,4,0,0.25484717141425,0.25484717141424984,0.4903056571715001,0.0,1.24999968687505e-08,0.010961967249229142,0.011999999999999997,8.458225458883858e-06,0.0024999999999999996,False
83002,5,5,0,0.25456016907817275,0.25456016907817286,0.49087966184365434,0.0,9.999997999712372e-09,0.010962139166998886,0.011999999999999997,7.486251127748516e-06,0.0024999999999999996,False
83002,6,6,0,0.2543869982600889,0.2543869982600889,0.4912260034798221,0.0,8.333331952154127e-09,0.010962256883695119,0.011999999999999997,6.928471344248418e-06,0.0024999999999999996,False
83002,7,7,0,0.2542711442993185,0.2542711442993182,0.49145771140136324,0.0,7.142856121564088e-09,0.010962341514547825,0.011999999999999997,6.567362505215863e-06,0.0024999999999999996,False
83002,8,8,0,0.2541881913494572,0.2541881913494573,0.49162361730108545,0.0,6.249999217477812e-09,0.010962405005623552,0.011999999999999997,6.314740840680657e-06,0.0024999999999999996,False
83002,9,9,0,0.2541258668508415,0.25412586685084143,0.491748266298317,0.0,5.555554935629942e-09,0.010962454296996643,0.011999999999999997,6.1281998175140835e-06,0.0024999999999999996,False
83002,10,10,0,0.25407732703019986,0.25407732703019975,0.49184534593960033,0.0,4.999999509669242e-09,0.010962493630729365,0.011999999999999997,0.0225,0.0225,False
83002,11,11,0,0.25446404593520416,0.25446404593520416,0.4910719081295916,0.0,4.545454137711523e-09,0.010962203209068377,0.011999999999999997,0.02249999999999999,0.0225,False
83002,12,12,0,0.2548471569305344,0.25484715693053434,0.4903056861389312,0.0,4.166666325410935e-09,0.010961967257175565,0.011999999999999997,8.45817491132196e-06,0.0024999999999999996,False
83002,13,13,0,0.25473259875003385,0.25473259875003423,0.49053480249993187,0.0,3.846153562350707e-09,0.01096203241247043,0.011999999999999997,8.063096734376567e-06,0.0024999999999999996,False
83002,14,14,0,0.25463863021462496,0.2546386302146247,0.4907227395707503,0.0,3.5714283162539876e-09,0.010962089296259133,0.011999999999999997,0.005418198160465998,0.0024999999999999996,False
83002,15,15,0,0.3607048418890054,0.1563792939047065,0.482915864206288,0.0,0.0026411947931308227,0.011009303588140056,0.011999999999999997,0.0017462826965850267,0.0024999999999999996,False
83002,16,16,0,0.397043381929492,0.12468424721598934,0.47827237085451857,0.0,0.004200210082338245,0.011048471295726897,0.011999999999999997,4.2488088145521566e-05,0.0024999999999999996,False
83002,17,17,0,0.39347797791129197,0.12737630243728498,0.47914571965142294,0.0,0.003970590942906415,0.011044031580772783,0.011999999999999997,3.914109079713405e-05,0.0024999999999999996,False
83002,18,18,0,0.3901042988046347,0.1299900498356778,0.47990565135968744,0.0,0.00376386573117122,0.011039976680535257,0.011999999999999997,0.02249999999999999,0.0225,False
83002,19,19,0,0.3874219510767105,0.13335120035229128,0.4792268485709982,0.0,0.0038342443320143957,0.011036934251928072,0.011999999999999997,0.0225,0.0225,False
83002,20,20,0,0.3848738183367146,0.13656225258890856,0.47856392907437684,0.0,0.0037917182143484785,0.011034161170977273,0.011999999999999997,0.0011928633933931006,0.0024999999999999996,False
83002,21,21,0,0.40512749851077096,0.11963115029496227,0.4752413511942667,0.0,0.004871263213748721,0.011059488172097513,0.011999999999999997,5.5169162161707334e-05,0.0024999999999999996,False
83002,22,22,0,0.40239578017081495,0.12145779720117873,0.4761464226280063,0.0,0.004673520236706847,0.01105567121912319,0.011999999999999997,0.02249999999999999,0.0225,False
83002,23,23,0,0.40030501777174177,0.12420023379692097,0.47549474843133716,0.0,0.004663485060135597,0.011053291935361961,0.011999999999999997,0.02249999999999999,0.0225,False
83002,24,24,0,0.3982940035109395,0.12684915029188193,0.47485684619717855,0.0,0.004599300145550359,0.011051093366639139,0.011999999999999997,0.0009309698749649502,0.0024999999999999996,False
83002,25,25,0,0.4119448967444506,0.11591958876014197,0.47213551449540736,0.0,0.005427180636707665,0.011070053156258551,0.011999999999999997,6.987865971920876e-05,0.0024999999999999996,False
83002,26,26,0,0.4096402167984356,0.11723077231038281,0.47312901089118153,0.0,0.00525065327861353,0.011066391277074851,0.011999999999999997,6.498450501176162e-05,0.0024999999999999996,False
83002,27,27,0,0.40742019457598755,0.11856344840266758,0.4740163570213448,0.0,0.005083146366176646,0.01106300859212973,0.011999999999999997,0.02249999999999999,0.0225,False
83002,28,28,0,0.4057610622030844,0.12079821823710962,0.47344071955980593,0.0,0.005049618505574381,0.011061174331938955,0.011999999999999997,0.02249999999999999,0.0225,False
83002,29,29,0,0.4041522950525885,0.12297225022189012,0.47287545472552134,0.0,0.004985390298403255,0.011059460515838313,0.011999999999999997,0.02249999999999999,0.0225,False
83002,30,30,0,0.4025915007191173,0.12508842810524987,0.4723200711756328,0.0,0.00490305313250408,0.011057860109716794,0.011999999999999997,6.89560613749832e-05,0.0024999999999999996,False
83002,31,31,0,0.400556395100094,0.12621995856462043,0.4732236463352856,0.0,0.00476794837706952,0.01105475183803553,0.011999999999999997,0.022500000000000006,0.0225,False
83002,32,32,0,0.3990730999851306,0.12821614102261814,0.47271075899225123,0.0,0.004682819165004333,0.011053257362467933,0.011999999999999997,0.012440091401650238,0.0024999999999999996,False
83002,33,33,0,0.3578351263685313,0.18108314668459088,0.46108172694687766,0.0,0.006267096978507842,0.011026567840937765,0.011999999999999997,0.00013631687796936433,0.0024999999999999996,False
83002,34,34,0,0.35633198395302196,0.18107184732433598,0.462596168722642,0.0,0.006094778518986493,0.011022609489062089,0.011999999999999997,0.00012591419348025542,0.0024999999999999996,False
83002,35,35,0,0.3548958406635145,0.1811375463571809,0.4639666129793045,0.0,0.005930943589373113,0.011019145896052532,0.011999999999999997,0.02249999999999999,0.0225,False
83002,36,36,0,0.35413211296423,0.18224837501036853,0.4636195120254014,0.0,0.0057975610346654586,0.011019129286166907,0.011999999999999997,0.0019149696421452132,0.0024999999999999996,False
83002,37,37,0,0.3696930973976358,0.16937109972306474,0.4609358028792994,0.0,0.006499828284755979,0.011036901548252634,0.011999999999999997,0.0015281899979239834,0.0024999999999999996,False
83002,38,38,0,0.3818434779469959,0.15954028747472376,0.45861623457828027,0.0,0.007061864178030417,0.01105293033973254,0.011999999999999997,0.02249999999999999,0.0225,False
83002,39,39,0,0.3810776881013657,0.16068211924647424,0.45824019265216,0.0,0.006948783442072493,0.011052929000590257,0.011999999999999997,0.0001569493358755839,0.0024999999999999996,False
83002,40,40,0,0.37970902904121207,0.16062482440265358,0.45966614655613425,0.0,0.0067973402953192,0.011048748755501093,0.011999999999999997,0.02249999999999999,0.0225,False
83002,41,41,0,0.37896574076940104,0.1617242408190659,0.45931001841153296,0.0,0.006686105371596688,0.01104870959682449,0.011999999999999997,0.02249999999999999,0.0225,False
83002,42,42,0,0.3782369709589717,0.1628054660199297,0.4589575630210985,0.0,0.006572070233299927,0.011048695965039278,0.011999999999999997,0.00015160334698503886,0.0024999999999999996,False
83002,43,43,0,0.3769318841142448,0.162776075004147,0.46029204088160813,0.0,0.0064383894709743586,0.011044852773900497,0.011999999999999997,0.00014190498156130884,0.0024999999999999996,False
83002,44,44,0,0.3756718839743669,0.1628092697249493,0.46151884630068374,0.0,0.006308896766134915,0.011041403070664084,0.011999999999999997,0.00013327192710273583,0.0024999999999999996,False
83002,45,45,0,0.3744531776322324,0.1628961165392842,0.46265070582848333,0.0,0.006183576076249218,0.011038287281800587,0.011999999999999997,0.0225,0.0225,False
83002,46,46,0,0.3737596908864095,0.16389901634067833,0.46234129277291214,0.0,0.006085098755136952,0.011038153214772344,0.011999999999999997,0.02249999999999999,0.0225,False
83002,47,47,0,0.37307902269109033,0.16488632249890262,0.46203465481000694,0.0,0.005986097939052144,0.011038041208354204,0.011999999999999997,0.00012972306918557932,0.0024999999999999996,False
83002,48,48,0,0.3719128366795614,0.16498216234481333,0.46310500097562524,0.0,0.005874324303190444,0.011035140414889042,0.011999999999999997,0.02249999999999999,0.0225,False
83002,49,49,0,0.37125148079086,0.16593640663092735,0.46281211257821264,0.0,0.0057800817952023175,0.011035013638635491,0.011999999999999997,0.0225,0.0225,False
83002,50,50,0,0.3706019992710829,0.1668763158196917,0.46252168490922535,0.0,0.005686613363225257,0.011034906951359984,0.011999999999999997,0.0015069458333376742,0.0024999999999999996,False
83002,51,51,0,0.3805293358354725,0.15882742821807935,0.46064323594644807,0.0,0.006183509209950492,0.01104772973847924,0.011999999999999997,0.02249999999999999,0.0225,False
83002,52,52,0,0.3798957012337554,0.1597588776071014,0.4603454211591432,0.0,0.006092036655382248,0.011047649154271153,0.011999999999999997,0.0225,0.0225,False
83002,53,53,0,0.3792724097374092,0.1606774361325667,0.46005015413002404,0.0,0.006001135326117466,0.011047587225560644,0.011999999999999997,0.00014363911665313486,0.0024999999999999996,False
83002,54,54,0,0.378172589176196,0.16069891246951493,0.46112849835428904,0.0,0.0059055460058030215,0.011044521056679883,0.011999999999999997,0.0225,0.0225,False
83002,55,55,0,0.37756451249814266,0.1615897390465117,0.46084574845534565,0.0,0.005819078571234318,0.0110444400139159,0.011999999999999997,0.00013797498726198583,0.0024999999999999996,False
83002,56,56,0,0.37650157289815406,0.1616381948494725,0.4618602322523734,0.0,0.005728965532564893,0.011041602229067329,0.011999999999999997,0.02249999999999999,0.0225,False
83002,57,57,0,0.3759082331974283,0.1625027163689155,0.46158905043365617,0.0,0.00564674246128544,0.01104150555659637,0.011999999999999997,0.0001327860941929387,0.0024999999999999996,False
83002,58,58,0,0.3748799595949145,0.1625742501664258,0.4625457902386597,0.0,0.005561684691669843,0.011038870574797056,0.011999999999999997,0.022500000000000006,0.0225,False
83002,59,59,0,0.37430088959098967,0.16341378420849245,0.4622853262005178,0.0,0.005483498144344376,0.011038761186288049,0.011999999999999997,0.02249999999999999,0.0225,False
83002,60,60,0,0.3737307090409094,0.1642424998882618,0.4620267910708288,0.0,0.005406507356605094,0.01103866731011652,0.011999999999999997,0.02249999999999999,0.0225,False
83002,61,61,0,0.37316921677458104,0.1650606378838464,0.46177014534157246,0.0,0.005330828993327068,0.011038588510106775,0.011999999999999997,0.02249999999999999,0.0225,False
83002,62,62,0,0.3726162181467696,0.1658684309792812,0.4615153508739491,0.0,0.005256544588670124,0.01103852436624951,0.011999999999999997,0.00013329613965197215,0.0024999999999999996,False
83002,63,63,0,0.37163491980795815,0.1659216572543305,0.4624434229377113,0.0,0.005183708495132492,0.011035992073582076,0.011999999999999997,0.0225,0.0225,False
83002,64,64,0,0.37109470480869516,0.16670714725024322,0.46219814794106157,0.0,0.005113180501964314,0.011035915472666384,0.011999999999999997,0.0225,0.0225,False
83002,65,65,0,0.3705624741839473,0.16748297550917818,0.4619545503068745,0.0,0.00504403740715384,0.011035852454858178,0.011999999999999997,0.00013027106181169284,0.0024999999999999996,False
83002,66,66,0,0.36961618079913056,0.16754334119465641,0.462840478006213,0.0,0.004977015148681829,0.011033467068858174,0.011999999999999997,0.02249999999999999,0.0225,False
83002,67,67,0,0.36909604383289074,0.1682983249666538,0.46260563120045545,0.0,0.004911312662335054,0.011033393140126212,0.011999999999999997,0.0225,0.0225,False
83002,68,68,0,0.3685834251616574,0.1690442653870466,0.462372309451296,0.0,0.0048469424670657445,0.011033331824789983,0.011999999999999997,0.02249999999999999,0.0225,False
83002,69,69,0,0.36807816749445443,0.16978134776020948,0.46214048474533603,0.0,0.004783906963466765,0.011033282797176889,0.011999999999999997,0.0225,0.0225,False
83002,70,70,0,0.36758011819135583,0.17050975185577727,0.4619101299528668,0.0,0.004722200653064311,0.01103324574267967,0.011999999999999997,0.00013057543801867405,0.0024999999999999996,False
83002,71,71,0,0.3666749378296806,0.17055483671665456,0.4627702254536648,0.0,0.004663858341454643,0.011030950696401353,0.011999999999999997,0.00012474505014938524,0.0024999999999999996,False
83002,72,72,0,0.3657929223637267,0.17062581965329654,0.4635812579829767,0.0,0.004606563943604227,0.011028822887247026,0.011999999999999997,0.02249999999999999,0.0225,False
83002,73,73,0,0.36530970863752127,0.17132543187843585,0.4633648594840428,0.0,0.0045494399514547975,0.011028755212220385,0.011999999999999997,0.0001207920168561533,0.0024999999999999996,False
83002,74,74,0,0.3644534019191377,0.17140983415916422,0.464136763921698,0.0,0.004494751255456184,0.011026758689272697,0.011999999999999997,0.00011575545318072174,0.0024999999999999996,False
83002,75,75,0,0.3636176069172848,0.17151524661394538,0.4648671464687698,0.0,0.004441075223582119,0.011024897447019951,0.011999999999999997,0.0225,0.0225,False
83002,76,76,0,0.3631488199460603,0.17218796677802767,0.464663213275912,0.0,0.004388044769679631,0.01102480662606968,0.011999999999999997,0.00011238196463853126,0.0024999999999999996,False
83002,77,77,0,0.36233628267684614,0.17230313226946098,0.4653605850536929,0.0,0.004336764730544641,0.011023052464071589,0.011999999999999997,0.0225,0.0225,False
83002,78,78,0,0.3618776575732154,0.17295941348252078,0.4651629289442638,0.0,0.004286120050152416,0.011022957305060095,0.011999999999999997,0.0225,0.0225,False
83002,79,79,0,0.3614251678334745,0.173608503482895,0.4649663286836304,0.0,0.004236469557073986,0.011022871944376844,0.011999999999999997,0.02249999999999999,0.0225,False
83002,80,80,0,0.36097869687488826,0.17425053583407057,0.4647707672910411,0.0,0.004187800222865539,0.011022796156578685,0.011999999999999997,0.00011169889535357793,0.0024999999999999996,False
83002,81,81,0,0.360195658534435,0.1743571026425677,0.46544723882299727,0.0,0.004141204992126353,0.011021113177393745,0.011999999999999997,0.00010745039744594886,0.0024999999999999996,False
83002,82,82,0,0.3594300105233007,0.17447974231946545,0.46609024715723374,0.0,0.004095440172269556,0.011019534559922637,0.011999999999999997,0.00010348842040717417,0.0024999999999999996,False
83002,83,83,0,0.3586808531218151,0.1746168996278765,0.4667022472503083,0.0,0.004050502302369801,0.01101805049184202,0.011999999999999997,9.978663043616384e-05,0.0024999999999999996,False
83002,84,84,0,0.3579473628645839,0.17476717849822232,0.46728545863719373,0.0,0.004006385118292003,0.011016652326781791,0.011999999999999997,0.001816105654541358,0.0024999999999999996,False
83002,85,85,0,0.3663131855035645,0.16780721894511919,0.46587959555131625,0.0,0.004385627226499836,0.011025774103838114,0.011999999999999997,0.00010477817997675815,0.0024999999999999996,False
83002,86,86,0,0.3655880772557633,0.1679536490179203,0.4664582737263163,0.0,0.004339844320914168,0.011024318800807361,0.011999999999999997,0.02249999999999999,0.0225,False
83002,87,87,0,0.3651597509125266,0.16855890969089876,0.4662813393965745,0.0,0.004295121290079751,0.011024183480634333,0.011999999999999997,0.02249999999999999,0.0225,False
83002,88,88,0,0.3647365139670778,0.16915821634331496,0.4661052696896072,0.0,0.004251136705330509,0.011024056571805867,0.011999999999999997,0.0225,0.0225,False
83002,89,89,0,0.36431827972791836,0.16975166840162703,0.46593005187045455,0.0,0.004207887403102622,0.011023937900291133,0.011999999999999997,0.0225,0.0225,False
83002,90,90,0,0.36390496357449964,0.1703393628951464,0.46575567353035396,0.0,0.004165368167715062,0.011023827296867707,0.011999999999999997,0.02249999999999999,0.0225,False
83002,91,91,0,0.3634964828909117,0.17092139453361455,0.46558212257547377,0.0,0.004123572112242914,0.011023724596951431,0.011999999999999997,0.0225,0.0225,False
83002,92,92,0,0.36309275700229715,0.17149785578157364,0.4654093872161291,0.0,0.004082490996381413,0.01102362964043365,0.011999999999999997,0.00010768594434873182,0.0024999999999999996,False
83002,93,93,0,0.3624000721855309,0.1716145545964778,0.46598537321799127,0.0,0.0040431841154345526,0.011022195696198037,0.011999999999999997,0.00010412953516074086,0.0024999999999999996,False
83002,94,94,0,0.361720619699201,0.1717429997642198,0.4665363805365792,0.0,0.004004472172721981,0.011020838192874959,0.011999999999999997,0.0001007832444833372,0.0024999999999999996,False
83002,95,95,0,0.3610538063525901,0.17188217153414231,0.4670640221132676,0.0,0.003966354811531697,0.011019550833526511,0.011999999999999997,9.763007754197946e-05,0.0024999999999999996,False
83002,96,96,0,0.360399083040578,0.17203114265236985,0.46756977430705216,0.0,0.003928829871402309,0.011018327981933782,0.011999999999999997,9.46547584645979e-05,0.0024999999999999996,False
83002,97,97,0,0.3597559404083466,0.17218906851216662,0.4680549910794868,0.0,0.003891893698705922,0.011017164580554083,0.011999999999999997,0.009671400612262886,0.0024999999999999996,False
83002,98,98,0,0.34377458529911215,0.192060555897234,0.46416485880365377,0.0,0.004382356670012884,0.011010672159703793,0.011999999999999997,0.00011557416101058632,0.0024999999999999996,False
83002,99,99,0,0.34320754127429587,0.19207561365578005,0.46471684506992406,0.0,0.0043406244992262545,0.011009372450024904,0.011999999999999997,0.0001120410919637767,0.0024999999999999996,False
83002,100,100,0,0.3426515089455622,0.19210125037964199,0.4652472406747957,0.0,0.0042996068812947924,0.011008141917724087,0.011999999999999997,0.00010869788526440119,0.0024999999999999996,False
83002,101,101,0,0.3421060091539758,0.19213669192315416,0.46575729892286993,0.0,0.004259290899064834,0.011006975289981145,0.011999999999999997,0.00010553063193519139,0.0024999999999999996,False
83002,102,102,0,0.3415705958235863,0.19218122648976935,0.46624817768664434,0.0,0.004219663395774614,0.01100586779575427,0.011999999999999997,0.00010252669585250999,0.0024999999999999996,False
83002,103,103,0,0.34104485298547693,0.19223419868488575,0.4667209483296373,0.0,0.004180711068330788,0.011004815109471834,0.011999999999999997,9.967457520708037e-05,0.0024999999999999996,False
83002,104,104,0,0.3405283921226639,0.19229500423113904,0.46717660364619695,0.0,0.004142420544749053,0.011003813301950716,0.011999999999999997,0.02249999999999999,0.0225,False
83002,105,105,0,0.34025487988029385,0.19269497884802653,0.46705014127167954,0.0,0.004105366856587512,0.01100381186259311,0.011999999999999997,0.02249999999999999,0.0225,False
83002,106,106,0,0.3399842575598535,0.19309167102037406,0.46692407141977244,0.0,0.004068898493585515,0.011003814189457154,0.011999999999999997,9.846153462998837e-05,0.0024999999999999996,False
83002,107,107,0,0.3394803542113723,0.19315190824414888,0.4673677375444788,0.0,0.004032649366010182,0.011002848152860501,0.011999999999999997,0.02249999999999999,0.0225,False
83002,108,108,0,0.3392143476283597,0.19354151365436556,0.46724413871727466,0.0,0.003997426789838682,0.01100284832785707,0.011999999999999997,9.656518035358299e-05,0.0024999999999999996,False
83002,109,109,0,0.3387207898109985,0.1936048537022743,0.4676743564867271,0.0,0.003962426272493688,0.011001921674976874,0.011999999999999997,9.40452505692479e-05,0.0024999999999999996,False
83002,110,110,0,0.33823548712228685,0.19367466471707404,0.4680898481606391,0.0,0.003927994025137227,0.011001037200031285,0.011999999999999997,9.164320113699607e-05,0.0024999999999999996,False
83002,111,111,0,0.3377581361175055,0.19375050005741207,0.46849136382508233,0.0,0.0038941187527442036,0.01100019210194163,0.011999999999999997,8.935147382429937e-05,0.0024999999999999996,False
83002,112,112,0,0.3372884514055871,0.19383194527420683,0.46887960332020606,0.0,0.003860789247561204,0.010999383814082733,0.011999999999999997,8.716311805569576e-05,0.0024999999999999996,False
83002,113,113,0,0.3368261642273149,0.19391861538961558,0.46925522038306944,0.0,0.0038279944153187255,0.010998609981043407,0.011999999999999997,8.507173263242655e-05,0.0024999999999999996,False
83002,114,114,0,0.3363710211687505,0.19401015244423542,0.469618826387014,0.0,0.0037957232967031633,0.010997868438028132,0.011999999999999997,0.02249999999999999,0.0225,False
83002,115,115,0,0.33611816954278145,0.19437505030721663,0.4695067801500019,0.0,0.003764618541558948,0.0109978442030437,0.011999999999999997,8.368528111382846e-05,0.0024999999999999996,False
83002,116,116,0,0.33567164910758085,0.1944677240378593,0.46986062685455987,0.0,0.0037334028864518523,0.010997129324295068,0.011999999999999997,8.175436322400708e-05,0.0024999999999999996,False
83002,117,117,0,0.33523180176406514,0.19456467391057314,0.4702035243253616,0.0,0.0037026759024184597,0.010996443150442261,0.011999999999999997,7.990469663663821e-05,0.0024999999999999996,False
83002,118,118,0,0.3347984129070482,0.19466560934306915,0.47053597774988265,0.0,0.0036724275626023465,0.010995783970571599,0.011999999999999997,7.813157464398702e-05,0.0024999999999999996,False
83002,119,119,0,0.3343712792675631,0.1947702591280599,0.4708584616043769,0.0,0.003642648010026156,0.010995150203517198,0.011999999999999997,0.02249999999999999,0.0225,False
83002,120,120,0,0.3341276876925754,0.1951191869125527,0.47075312539487185,0.0,0.0036140355093530066,0.010995115832973603,0.011999999999999997,0.02249999999999999,0.0225,False
83002,121,121,0,0.33388648951730027,0.19546545641706634,0.47064805406563337,0.0,0.0035858202213357804,0.010995084415063569,0.011999999999999997,7.753830571205836e-05,0.0024999999999999996,False
83002,122,122,0,0.3334687155388746,0.19556728935791803,0.4709639951032073,0.0,0.0035574471693998813,0.010994468953590273,0.011999999999999997,0.0225,0.0225,False
83002,123,123,0,0.3332314859458065,0.1959078490439325,0.470860665010261,0.0,0.00353008144262047,0.010994437551559887,0.011999999999999997,7.641907592798035e-05,0.0024999999999999996,False
83002,124,124,0,0.3328211768870967,0.1960099604736399,0.4711688626392634,0.0,0.003502581713721639,0.010993842355899178,0.011999999999999997,0.022500000000000006,0.0225,False
83002,125,125,0,0.3325878241039369,0.1963449585396603,0.4710672173564028,0.0,0.0034760288253869163,0.010993811024612398,0.011999999999999997,7.533953203514746e-05,0.0024999999999999996,False
83002,126,126,0,0.332184764366722,0.19644724809976927,0.4713679875335086,0.0,0.0034493629522629665,0.01099323512351235,0.011999999999999997,0.02249999999999999,0.0225,False
83002,127,127,0,0.3319551992991928,0.19677682742118577,0.47126797327962133,0.0,0.0034235881759829227,0.01099320391183744,0.011999999999999997,0.02249999999999999,0.0225,False
83002,128,128,0,0.331727826871222,0.19710398015889155,0.4711681929698864,0.0,0.003398160705329516,0.010993175351821975,0.011999999999999997,0.02249999999999999,0.0225,False
83002,129,129,0,0.33150261898398115,0.19742873648244405,0.4710686445335748,0.0,0.0033730757149531524,0.01099314940538078,0.011999999999999997,0.0225,0.0225,False
83002,130,130,0,0.33127954802305476,0.19775112603947342,0.47096932593747176,0.0,0.0033483282791816715,0.01099312603519428,0.011999999999999997,0.02249999999999999,0.0225,False
83002,131,131,0,0.33105858684767137,0.19807117796737192,0.47087023518495663,0.0,0.0033239133991387493,0.010993105204688994,0.011999999999999997,0.02249999999999999,0.0225,False
83002,132,132,0,0.3308397087802358,0.1983889209046521,0.47077137031511207,0.0,0.003299826026068211,0.010993086878018591,0.011999999999999997,0.02249999999999999,0.0225,False
83002,133,133,0,0.33062288759614594,0.19870438300199647,0.4706727294018575,0.0,0.003276061081385613,0.010993071020045559,0.011999999999999997,0.02249999999999999,0.0225,False
83002,134,134,0,0.33040809751389055,0.19901759193299812,0.4705743105531113,0.0,0.003252613473902652,0.010993057596323411,0.011999999999999997,7.792840794822636e-05,0.0024999999999999996,False
83002,135,135,0,0.330022138976873,0.19910062224489447,0.4708772387782325,0.0,0.003229353919747405,0.010992481825441113,0.011999999999999997,0.0026003225914197725,0.0024999999999999996,False
83002,136,136,0,0.33753656342879323,0.19264576541963485,0.4698176711515718,0.0,0.0034982743962461856,0.010998381330577319,0.011999999999999997,0.008501996296303388,0.0024999999999999996,False
83002,137,137,0,0.3256477235573741,0.2069560099459218,0.46739626649670407,0.0,0.003837343965423368,0.010994558763906596,0.011999999999999997,9.567030945185461e-05,0.0024999999999999996,False
83002,138,138,0,0.3252912661632174,0.2069703573502011,0.4677383764865814,0.0,0.003810352663959189,0.010993871132624317,0.011999999999999997,9.367311165494039e-05,0.0024999999999999996,False
83002,139,139,0,0.3249399776647307,0.20698884968369569,0.4680711726515736,0.0,0.0037837234132511418,0.010993209965844245,0.011999999999999997,9.17505014261059e-05,0.0024999999999999996,False
83002,140,140,0,0.32459369858226017,0.20701126894621846,0.46839503247152126,0.0,0.003757449706101874,0.010992573838301855,0.011999999999999997,0.0027690633519345882,0.0024999999999999996,False
83002,141,141,0,0.3317239706246766,0.20092007158838418,0.46735595778693917,0.0,0.004013299844809558,0.010998028489475644,0.011999999999999997,9.590701428072877e-05,0.0024999999999999996,False
83002,142,142,0,0.3313683517718835,0.20094979295587007,0.46768185527224637,0.0,0.003986025688017279,0.010997353003975884,0.011999999999999997,0.02249999999999999,0.0225,False
83002,143,143,0,0.33118998587048626,0.20121749264417166,0.467592521485342,0.0,0.003959444508726835,0.010997375526409779,0.011999999999999997,0.008034388803165203,0.0024999999999999996,False
83002,144,144,0,0.3207287726850215,0.21388495830407428,0.4653862690109042,0.0,0.00427807609953913,0.010995219196007409,0.011999999999999997,0.02249999999999999,0.0225,False
83002,145,145,0,0.3205959740961388,0.21410237430827228,0.4653016515955889,0.0,0.004249497410274217,0.01099529727557527,0.011999999999999997,0.00010835778437945088,0.0024999999999999996,False
83002,146,146,0,0.32027541382124314,0.21407278245170874,0.4656518037270481,0.0,0.004221090661989878,0.010994560815980098,0.011999999999999997,0.00010618187284847006,0.0024999999999999996,False
83002,147,147,0,0.31995953767252916,0.21404748856517225,0.46599297376229853,0.0,0.004193048867995566,0.010993852092843173,0.011999999999999997,0.0225,0.0225,False
83002,148,148,0,0.3198289532786933,0.21426065313430234,0.46591039358700426,0.0,0.004165592250345202,0.010993924135049292,0.011999999999999997,0.02249999999999999,0.0225,False
83002,149,149,0,0.31969941623969395,0.21447262896993627,0.46582795479036976,0.0,0.0041384739720359285,0.01099399730605654,0.011999999999999997,0.00010509558064281095,0.0024999999999999996,False
83002,150,150,0,0.31938921724465885,0.214448471476047,0.46616231127929403,0.0,0.004111523955135238,0.010993308130509954,0.011999999999999997,0.02249999999999999,0.0225,False
83002,151,151,0,0.31926127209959376,0.214657806952659,0.4660809209477471,0.0,0.004085094785809719,0.010993379016256714,0.011999999999999997,0.02249999999999999,0.0225,False
83002,152,152,0,0.3191343446358902,0.2148659882948686,0.4659996670692411,0.0,0.004058986680983388,0.010993450995157491,0.011999999999999997,0.0001040420375462197,0.0024999999999999996,False
83002,153,153,0,0.3188296598380355,0.2148428926713837,0.4663274474905807,0.0,0.00403306601644038,0.010992780546911815,0.011999999999999997,0.02249999999999999,0.0225,False
83002,154,154,0,0.3187042803361673,0.2150485074463802,0.46624721221745236,0.0,0.004007609910253102,0.01099285032162542,0.011999999999999997,0.002958132417158428,0.0024999999999999996,False
83002,155,155,0,0.32534699061446914,0.20940877377971767,0.46524423560581313,0.0,0.00424148037592089,0.01099777102752935,0.011999999999999997,0.007599893468058654,0.0024999999999999996,False
83002,156,156,0,0.31620880490248365,0.22055228419092174,0.4632389109065945,0.0,0.004531833173311718,0.010996979411298636,0.011999999999999997,0.02249999999999999,0.0225,False
83002,157,157,0,0.3161066436109946,0.2207316948699299,0.46316166151907545,0.0,0.004503686510024153,0.010997081444774032,0.011999999999999997,0.00012213568638316498,0.0024999999999999996,False
83002,158,158,0,0.31581476392620167,0.22066669207719203,0.4635185439966062,0.0,0.004475771681714013,0.010996286251754434,0.011999999999999997,0.00011978069689147993,0.0024999999999999996,False
83002,159,159,0,0.3155271951004185,0.22060601093172402,0.46386679396785746,0.0,0.004448190623613989,0.01099552000468515,0.011999999999999997,0.0225,0.0225,False
83002,160,160,0,0.31542649683073914,0.22078227203183107,0.46379123113742976,0.0,0.004421071769881573,0.010995615768582443,0.011999999999999997,0.00011799674482887307,0.0024999999999999996,False
83002,161,161,0,0.31514345967208807,0.220724619482493,0.4641319208454189,0.0,0.004394156793554321,0.010994873718617435,0.011999999999999997,0.0225,0.0225,False
83002,162,162,0,0.3150438594105582,0.22089890995131103,0.46405723063813076,0.0,0.004367684814605846,0.010994966917035113,0.011999999999999997,0.0225,0.0225,False
83002,163,163,0,0.3149449993145725,0.22107234992015698,0.46398265076527045,0.0,0.004341517218237829,0.010995060885142002,0.011999999999999997,0.007002057058115702,0.0024999999999999996,False
83002,164,164,0,0.3066206921632983,0.23120667011093013,0.46217263772577155,0.0,0.004611944896627207,0.010995373548648324,0.011999999999999997,0.02249999999999999,0.0225,False
83002,165,165,0,0.3065515144404224,0.23134755003308935,0.4621009355264882,0.0,0.004584419408222462,0.01099549552074727,0.011999999999999997,0.00012927051791706634,0.0024999999999999996,False
83002,166,166,0,0.3062898056195374,0.23125260959734895,0.4624575847831136,0.0,0.0045571657327452345,0.010994688056522647,0.011999999999999997,0.0225,0.0225,False
83002,167,167,0,0.30622133949501634,0.2313920027319014,0.46238665777308224,0.0,0.00453028497698586,0.010994807097494078,0.011999999999999997,0.00012732871621313091,0.0024999999999999996,False
83002,168,168,0,0.3059638993977937,0.2313004144204369,0.4627356861817693,0.0,0.0045036677362677545,0.010994025213517647,0.011999999999999997,0.00012497661759092158,0.0024999999999999996,False
83002,169,169,0,0.3057104292883109,0.23121287154579626,0.4630766991658928,0.0,0.0044773557023706665,0.01099327101852425,0.011999999999999997,0.0001226997130037384,0.0024999999999999996,False
83002,170,170,0,0.30546081025390565,0.23112921954057372,0.46340997020552055,0.0,0.004451343895448952,0.010992543228582265,0.011999999999999997,0.00012049472523248003,0.0024999999999999996,False
83002,171,171,0,0.3052149285274328,0.2310493109983897,0.46373576047417736,0.0,0.004425627430005061,0.01099184063283529,0.011999999999999997,0.00011835855615476091,0.0024999999999999996,False
83002,172,172,0,0.3049726752051409,0.23097300527149725,0.4640543195233618,0.0,0.004400201513633618,0.010991162088591595,0.011999999999999997,0.02249999999999999,0.0225,False
83002,173,173,0,0.30490564142274923,0.23110764959271238,0.46398670898453837,0.0,0.004375148563138145,0.010991265953223929,0.011999999999999997,0.00011672614167878949,0.0024999999999999996,False
83002,174,174,0,0.3046671014554062,0.23103401064744547,0.46429888789714824,0.0,0.004350296991790892,0.010990607542615029,0.011999999999999997,0.0225,0.0225,False
83002,175,175,0,0.3046007610816611,0.23116726827554174,0.4642319706427971,0.0,0.004325804263673033,0.010990709070241852,0.011999999999999997,0.0001151416731687954,0.0024999999999999996,False
83002,176,176,0,0.30436583620970886,0.23109618829081088,0.46453797549948017,0.0,0.004301507849084658,0.010990069952502353,0.011999999999999997,0.000113179966350792,0.0024999999999999996,False
83002,177,177,0,0.3041342444215078,0.23102834133338315,0.46483741424510894,0.0,0.004277478667748142,0.010989451999522427,0.011999999999999997,0.0225,0.0225,False
83002,178,178,0,0.3040687765603189,0.2311594577554979,0.4647717656841831,0.0,0.004253797268187321,0.010989548601390177,0.011999999999999997,0.0001116925643709084,0.0024999999999999996,False
83002,179,179,0,0.30384061547726754,0.2310939572806898,0.46506542724204264,0.0,0.004230296191494049,0.010988948310860554,0.011999999999999997,0.0225,0.0225,False
83002,180,180,0,0.303775823269394,0.23122374304452137,0.46500043368608457,0.0,0.004207130025545136,0.010989042810834786,0.011999999999999997,0.0225,0.0225,False
83002,181,181,0,0.3037115128026285,0.2313529717455,0.46493551545187145,0.0,0.004184210280533958,0.010989137788767223,0.011999999999999997,0.00011065662689633506,0.0024999999999999996,False
83002,182,182,0,0.30348688059145357,0.2312889723421004,0.465224147066446,0.0,0.004161472406675236,0.010988551938335644,0.011999999999999997,0.006498505474646803,0.0024999999999999996,False
83002,183,183,0,0.29605431634318335,0.24021995532407497,0.4637257283327416,0.0,0.004399404288976903,0.010989180329419986,0.011999999999999997,0.00011842405064910555,0.0024999999999999996,False
83002,184,184,0,0.2958463803955316,0.24012959860206604,0.4640240210024023,0.0,0.00437565255188439,0.010988555571342462,0.011999999999999997,0.00011648439583520288,0.0024999999999999996,False
83002,185,185,0,0.29564152242954256,0.24004227985820015,0.4643161977122572,0.0,0.004352153669083631,0.010987950925765665,0.011999999999999997,0.00011460003711396421,0.0024999999999999996,False
83002,186,186,0,0.29543965799578276,0.23995789717027197,0.4646024448339452,0.0,0.004328903706333614,0.010987365555197848,0.011999999999999997,0.00011276882205604986,0.0024999999999999996,False
83002,187,187,0,0.29524070593648616,0.23987635282185363,0.4648829412416602,0.0,0.004305898806580798,0.010986798664861979,0.011999999999999997,0.00011098870342530232,0.0024999999999999996,False
83002,188,188,0,0.2950445882235329,0.23979755309110384,0.4651578586853632,0.0,0.004283135188322307,0.01098624950012302,0.011999999999999997,0.02249999999999999,0.0225,False
83002,189,189,0,0.29500446106343414,0.2398976229524774,0.46509791598408845,0.0,0.004260669429431883,0.010986348085726693,0.011999999999999997,0.00010963399217883724,0.0024999999999999996,False
83002,190,190,0,0.2948111825855259,0.2398209135445989,0.4653679038698752,0.0,0.004238380191408777,0.010985813701617768,0.011999999999999997,0.00010794438741295864,0.0024999999999999996,False
83002,191,191,0,0.29462059318467676,0.239746777804034,0.4656326290112892,0.0,0.00421632118742617,0.010985295707982078,0.011999999999999997,0.003796263066943262,0.0024999999999999996,False
83002,192,192,0,0.30081919491281583,0.23447795871884589,0.46470284636833825,0.0,0.004414795497634626,0.010988655389002653,0.011999999999999997,0.00011213001490474166,0.0024999999999999996,False
83002,193,193,0,0.30061839340802016,0.23441149167979883,0.46497011491218093,0.0,0.004392121369128486,0.010988111351103745,0.011999999999999997,0.00011043835643392261,0.0024999999999999996,False
83002,194,194,0,0.300420188184827,0.23434752228431466,0.46523228953085827,0.0,0.004369676398173434,0.010987583445753114,0.011999999999999997,0.0225,0.0225,False
83002,195,195,0,0.30036895032596084,0.23445681759906933,0.4651742320749698,0.0,0.004347560266441135,0.010987671568125072,0.011999999999999997,0.00010915507004112548,0.0024999999999999996,False
83002,196,196,0,0.30017340357590994,0.23439468466327518,0.46543191176081483,0.0,0.0043255672996711115,0.010987157146363394,0.011999999999999997,0.006349156518160892,0.0024999999999999996,False
83002,197,197,0,0.2934565478977891,0.2424389645769801,0.46410448752523076,0.0,0.004545004259091429,0.010987828094419144,0.011999999999999997,0.00011596390342436829,0.0024999999999999996,False
83002,198,198,0,0.2932746719002117,0.24235554717138227,0.464369780928406,0.0,0.004522167981873974,0.010987282716889563,0.011999999999999997,0.00011425612599808015,0.0024999999999999996,False
83002,199,199,0,0.2930952695138533,0.24227456028890934,0.4646301701972373,0.0,0.0044995585752832246,0.01098675324476341,0.011999999999999997,0.003852861074779049,0.0024999999999999996,False
83002,200,200,0,0.29892396940880167,0.2373370286253674,0.46373900196583084,0.0,0.004688951301367688,0.010989912928949795,0.011999999999999997,0.00011833739805906168,0.0024999999999999996,False
83002,201,201,0,0.29873561393189696,0.23726277334484241,0.46400161272326057,0.0,0.004665798803691034,0.01098935999373107,0.011999999999999997,0.02249999999999999,0.0225,False
83002,202,202,0,0.298693447147849,0.23735985888144065,0.4639466939707103,0.0,0.004642983163562529,0.010989452584316661,0.011999999999999997,0.0225,0.0225,False
83002,203,203,0,0.2986515692316185,0.2374566038915057,0.46389182687687575,0.0,0.00462038447971737,0.010989545464288287,0.011999999999999997,0.00011734201496605603,0.0024999999999999996,False
83002,204,204,0,0.29846576115776513,0.2373837444726206,0.4641504943696142,0.0,0.004597904785838705,0.010989004277515181,0.011999999999999997,0.00011566683485487553,0.0024999999999999996,False
83002,205,205,0,0.29828228748699936,0.23731318612978938,0.46440452638321117,0.0,0.004575640735229642,0.010988478258346857,0.011999999999999997,0.00011403339678031582,0.0024999999999999996,False
83002,206,206,0,0.29810109283952024,0.2372448605839046,0.4646540465765751,0.0,0.0045535893055286296,0.010987966854105692,0.011999999999999997,0.0062136236960614565,0.0024999999999999996,False
83002,207,207,0,0.2919391327370426,0.24463952222222551,0.46342134504073185,0.0,0.004760936901275092,0.010988820585159889,0.011999999999999997,0.00012041981987662728,0.0024999999999999996,False
83002,208,208,0,0.2917693114580296,0.24455342124050913,0.4636772673014612,0.0,0.004738148566009395,0.010988281015995804,0.011999999999999997,0.02249999999999999,0.0225,False
83002,209,209,0,0.29174400980600557,0.24463080372736543,0.463625186466629,0.0,0.004715645829068052,0.010988377645474744,0.011999999999999997,0.0001190814353628761,0.0024999999999999996,False
83002,210,210,0,0.291576437089716,0.2445465475609188,0.4638770153493652,0.0,0.004693288081867986,0.010987851101221333,0.011999999999999997,0.02249999999999999,0.0225,False
83002,211,211,0,0.29155135194287024,0.2446233062490546,0.4638253418080751,0.0,0.0046712067110489305,0.010987946114847207,0.011999999999999997,0.005869553014004773,0.0024999999999999996,False
83002,212,212,0,0.28577671058967946,0.2515548087557793,0.46266848065454125,0.0,0.0048703881580896245,0.010989215629142225,0.011999999999999997,0.0225,0.0225,False
83002,213,213,0,0.28576605029244867,0.25161614493973183,0.4626178047678194,0.0,0.004847611504729145,0.010989319199735378,0.011999999999999997,0.004130656668656784,0.0024999999999999996,False
83002,214,214,0,0.29127227371300324,0.24699166533863168,0.461736060948365,0.0,0.005026187363693677,0.010992147598647573,0.011999999999999997,0.02249999999999999,0.0225,False
83002,215,215,0,0.29125224015413337,0.24706220137164137,0.4616855584742252,0.0,0.005002964157266167,0.01099225145109338,0.011999999999999997,0.00013211967864888127,0.0024999999999999996,False
83002,216,216,0,0.2910841847167101,0.24696534269663578,0.46195047258665406,0.0,0.0049798972898135304,0.010991654819692453,0.011999999999999997,0.00013029898827410658,0.0024999999999999996,False
83002,217,217,0,0.29091835587044146,0.24687076466933994,0.46221087946021855,0.0,0.004957041032768758,0.010991074227037281,0.011999999999999997,0.0225,0.0225,False
83002,218,218,0,0.29089847075525055,0.24694043711468402,0.4621610921300654,0.0,0.004934450553335761,0.010991174552836196,0.011999999999999997,0.00012886046539104583,0.0024999999999999996,False
83002,219,219,0,0.2907348107246272,0.24684775265568376,0.462417436619689,0.0,0.004912008644542211,0.010990607652252902,0.011999999999999997,0.005767745430193008,0.0024999999999999996,False
83002,220,220,0,0.2853739169407998,0.25331818809187456,0.4613078949673256,0.0,0.005102646994416642,0.010992061738577117,0.011999999999999997,0.02249999999999999,0.0225,False
83002,221,221,0,0.28536654646488496,0.25337411777719104,0.46125933575792394,0.0,0.005079639383626772,0.010992167521674787,0.011999999999999997,0.02249999999999999,0.0225,False
83002,222,222,0,0.285359281917953,0.2534299045701496,0.46121081351189736,0.0,0.005056836935628538,0.010992273454347366,0.011999999999999997,0.00013541408895679244,0.0024999999999999996,False
83002,223,223,0,0.2852038462224655,0.253323660246083,0.4614724935314515,0.0,0.005034209716000073,0.01099167662387477,0.011999999999999997,0.02249999999999999,0.0225,False
83002,224,224,0,0.2851966380569691,0.2533790414401115,0.46142432050291937,0.0,0.00501181166021095,0.010991780908712088,0.011999999999999997,0.00013392747437953323,0.0024999999999999996,False
83002,225,225,0,0.28504329528513916,0.25327472308731835,0.4616819816275424,0.0,0.004989584685888225,0.010991197996374057,0.011999999999999997,0.02249999999999999,0.0225,False
83002,226,226,0,0.28503614355562074,0.2533297033841043,0.4616341530602749,0.0,0.004967580380627757,0.010991300671859982,0.011999999999999997,0.0041588513619695705,0.0024999999999999996,False
83002,227,227,0,0.2902006977341548,0.2490100701702613,0.46078923209558387,0.0,0.005135864113510317,0.010994003761906346,0.011999999999999997,0.00013837358876885925,0.0024999999999999996,False
83002,228,228,0,0.29004031173950606,0.248910644705741,0.46104904355475285,0.0,0.005113421188660221,0.010993399420924171,0.011999999999999997,0.02249999999999999,0.0225,False
83002,229,229,0,0.29002487765743906,0.2489734250313379,0.461001697311223,0.0,0.005091218981769063,0.010993500850461243,0.011999999999999997,0.0225,0.0225,False
83002,230,230,0,0.2900095736352163,0.2490360391192218,0.4609543872455618,0.0,0.0050692066792881706,0.010993602434530169,0.011999999999999997,0.000137210388783259,0.0024999999999999996,False
83002,231,231,0,0.2898512191457453,0.24893820091738025,0.46121057993687437,0.0,0.005047342138833374,0.01099301017527218,0.011999999999999997,0.00013541571979502516,0.0024999999999999996,False
83002,232,232,0,0.28969489182295793,0.24884245406228667,0.46146265411475534,0.0,0.005025664493594823,0.010992432971107151,0.011999999999999997,0.02249999999999999,0.0225,False
83002,233,233,0,0.2896796770411474,0.2489043529670578,0.46141596999179474,0.0,0.005004213964077079,0.010992531335107983,0.011999999999999997,0.02249999999999999,0.0225,False
83002,234,234,0,0.28966458972237635,0.24896608937221,0.4613693209054136,0.0,0.004982943891776569,0.010992629850931364,0.011999999999999997,0.02249999999999999,0.0225,False
83002,235,235,0,0.28964962907443764,0.2490276641248533,0.461322706800709,0.0,0.004961852076415083,0.010992728517971407,0.011999999999999997,0.0225,0.0225,False
83002,236,236,0,0.28963479431119726,0.24908907806577954,0.46127612762302317,0.0,0.004940936350116506,0.010992827335625711,0.011999999999999997,0.0001349584462681549,0.0024999999999999996,False
83002,237,237,0,0.28948037365144647,0.24899428773704516,0.4615253386115083,0.0,0.004920163506183046,0.010992258163072777,0.011999999999999997,0.0225,0.0225,False
83002,238,238,0,0.28946564403648534,0.24905527370223907,0.46147908226127554,0.0,0.004899596166507889,0.010992355496241453,0.011999999999999997,0.02249999999999999,0.0225,False
83002,239,239,0,0.2894510382832103,0.24911610148012972,0.4614328602366599,0.0,0.0048791984969540104,0.010992452978109423,0.011999999999999997,0.00013386818425725026,0.0024999999999999996,False
83002,240,240,0,0.2892985225107932,0.24902277475087606,0.46167870273833067,0.0,0.004858941109073602,0.010991894838440423,0.011999999999999997,0.02249999999999999,0.0225,False
83002,241,241,0,0.28928402023199146,0.24908318100584909,0.46163279876215935,0.0,0.004838879072094183,0.010991990868006169,0.011999999999999997,0.02249999999999999,0.0225,False
83002,242,242,0,0.2892696398334946,0.2491434316410005,0.46158692852550487,0.0,0.004818980587942444,0.01099208704438518,0.011999999999999997,0.00013280076540942012,0.0024999999999999996,False
83002,243,243,0,0.2891189892232756,0.2490515301708022,0.4618294806059221,0.0,0.004799219715085395,0.010991539614782896,0.011999999999999997,0.02249999999999999,0.0225,False
83002,244,244,0,0.28910471065164794,0.2491113656070867,0.4617839237412653,0.0,0.004779644717826244,0.01099163437007517,0.011999999999999997,0.02249999999999999,0.0225,False
83002,245,245,0,0.289090552019556,0.24917104793562672,0.46173840004481714,0.0,0.00476022744096492,0.01099172927032336,0.011999999999999997,0.00013175550280173994,0.0024999999999999996,False
83002,246,246,0,0.28894172800829726,0.2490805347209796,0.4619777372707231,0.0,0.004740945057849539,0.01099119224031764,0.011999999999999997,0.0056664520250318574,0.0024999999999999996,False
83002,247,247,0,0.28410756795394826,0.254923513031733,0.4609689190143187,0.0,0.004910492029237591,0.010992638490873237,0.011999999999999997,0.000137108275461973,0.0024999999999999996,False
83002,248,248,0,0.28396548500690616,0.25482245327597686,0.46121206171711704,0.0,0.00489072935195474,0.010992079170122421,0.011999999999999997,0.00013540537406130698,0.0024999999999999996,False
83002,249,249,0,0.28382523699680917,0.2547232677782806,0.46145149522491025,0.0,0.004871124699869772,0.010991533411611805,0.011999999999999997,0.0001337388498355605,0.0024999999999999996,False
83002,250,250,0,0.2836867841063259,0.25462591211952823,0.4616873037741458,0.0,0.004851676196615078,0.010991000793427276,0.011999999999999997,0.0001321076422885122,0.0024999999999999996,False
83002,251,251,0,0.2835500876993888,0.2545303432302948,0.4619195690703164,0.0,0.004832381994987374,0.010990480909737591,0.011999999999999997,0.0001305107297811361,0.0024999999999999996,False
83002,252,252,0,0.2834151102773721,0.2544365193403514,0.4621483703822765,0.0,0.00481324027640265,0.010989973370068816,0.011999999999999997,0.0001289471278245588,0.0024999999999999996,False
83002,253,253,0,0.2832818154372099,0.2543443999304185,0.4623737846323715,0.0,0.004794249250362696,0.010989477798616504,0.011999999999999997,0.0001274158874602047,0.0024999999999999996,False
83002,254,254,0,0.2831501678313541,0.2542539456860459,0.46259588648259997,0.0,0.004775407153932049,0.010988993833593471,0.011999999999999997,0.0225,0.0225,False
83002,255,255,0,0.28314587061428825,0.25430098361858944,0.46255314576712225,0.0,0.004756729018696127,0.010989082779815827,0.011999999999999997,0.0225,0.0225,False
83002,256,256,0,0.2831416501001312,0.25434791672104323,0.4625104331788255,0.0,0.004738195741537758,0.010989171843140095,0.011999999999999997,0.02249999999999999,0.0225,False
83002,257,257,0,0.2831375058238825,0.2543947454921617,0.4624677486839558,0.0,0.004719805665871038,0.010989261023198197,0.011999999999999997,0.02249999999999999,0.0225,False
83002,258,258,0,0.28313343732390395,0.25444147042723225,0.46242509224886374,0.0,0.0047015571593309645,0.010989350319623638,0.011999999999999997,0.0225,0.0225,False
83002,259,259,0,0.2831294441418876,0.25448809201810685,0.4623824638400055,0.0,0.004683448613382831,0.010989439732051506,0.011999999999999997,0.02249999999999999,0.0225,False
83002,260,260,0,0.2831255258228275,0.25453461075323136,0.46233986342394107,0.0,0.004665478442935825,0.010989529260118454,0.011999999999999997,0.02249999999999999,0.0225,False
83002,261,261,0,0.2831216819149902,0.2545810271176763,0.4622972909673334,0.0,0.004647645085961105,0.010989618903462674,0.011999999999999997,0.02249999999999999,0.0225,False
83002,262,262,0,0.2831179119698852,0.2546273415931667,0.46225474643694797,0.0,0.004629947003114338,0.010989708661723906,0.011999999999999997,0.02249999999999999,0.0225,False
83002,263,263,0,0.28311421554223737,0.2546735546581105,0.46221222979965215,0.0,0.004612382677363356,0.010989798534543415,0.011999999999999997,0.022500000000000006,0.0225,False
83002,264,264,0,0.28311059218995716,0.25471966678762914,0.46216974102241365,0.0,0.004594950613620407,0.010989888521563972,0.011999999999999997,0.0225,0.0225,False
83002,265,265,0,0.28310704147411525,0.2547656784535842,0.4621272800723005,0.0,0.0045776493383797865,0.010989978622429855,0.011999999999999997,0.0225,0.0225,False
83002,266,266,0,0.2831035629589115,0.25481159012460786,0.46208484691648066,0.0,0.0045604773993603055,0.01099006883678684,0.011999999999999997,0.0001293802950012034,0.0024999999999999996,False
83002,267,267,0,0.28297301024502225,0.2547203725967679,0.46230661715820975,0.0,0.00454342770179957,0.010989580142232612,0.011999999999999997,0.00012787119990519875,0.0024999999999999996,False
83002,268,268,0,0.28284404950255154,0.2546307627965764,0.462525187700872,0.0,0.004526504696654237,0.010989102687710585,0.011999999999999997,0.0001263925401169387,0.0024999999999999996,False
83002,269,269,0,0.28271664809461144,0.2545427246075184,0.4627406272978701,0.0,0.004509706985315595,0.010988636141896446,0.011999999999999997,0.02249999999999999,0.0225,False
83002,270,270,0,0.2827131103421018,0.2545879551125184,0.46269893454537975,0.0,0.004493040368741582,0.010988722539877514,0.011999999999999997,0.00012522325356448773,0.0024999999999999996,False
83002,271,271,0,0.28258719488075357,0.25450126243197013,0.4629115426872763,0.0,0.004476489600462967,0.010988265324663522,0.011999999999999997,0.02249999999999999,0.0225,False
83002,272,272,0,0.28258368590434135,0.25454620513561826,0.4628701089600403,0.0,0.004460066965479759,0.010988350574427931,0.011999999999999997,0.02249999999999999,0.0225,False
83002,273,273,0,0.28258024695440404,0.25459105151020894,0.46282870153538697,0.0,0.004443763975004708,0.010988435934392925,0.011999999999999997,0.0001243534886590809,0.0024999999999999996,False
83002,274,274,0,0.2824557471672759,0.25450548513074955,0.4630387677019745,0.0,0.00442757376940169,0.010987986554860992,0.011999999999999997,0.00012295194236897446,0.0024999999999999996,False
83002,275,275,0,0.2823327170255954,0.254421392266105,0.46324589070829947,0.0,0.004411500833620658,0.01098754723147652,0.011999999999999997,0.00012157780948436358,0.0024999999999999996,False
83002,276,276,0,0.28221112731594505,0.25433874070443574,0.46345013197961915,0.0,0.00439554390511868,0.0109871176760494,0.011999999999999997,0.0225,0.0225,False
83002,277,277,0,0.2822076366964208,0.25438293146483837,0.4634094318387407,0.0,0.004379708633384368,0.010987199508955669,0.011999999999999997,0.02249999999999999,0.0225,False
83002,278,278,0,0.2822042146164501,0.2544270284185681,0.4633687569649817,0.0,0.004363986665193324,0.010987281449688809,0.011999999999999997,0.02249999999999999,0.0225,False
83002,279,279,0,0.28220086067531236,0.25447103199463783,0.4633281073300498,0.0,0.004348376799433996,0.010987363497933639,0.011999999999999997,0.005425602671680036,0.0024999999999999996,False
83002,280,280,0,0.27781102470476526,0.2597329650326555,0.46245601026257915,0.0,0.0044971249940972315,0.010988724737199178,0.011999999999999997,0.0001268596048863205,0.0024999999999999996,False
83002,281,281,0,0.2776949892511452,0.25964116602571286,0.46266384472314187,0.0,0.004481132584630663,0.0109882747534496,0.011999999999999997,0.00012545896417718945,0.0024999999999999996,False
83002,282,282,0,0.27758037311242834,0.25955079197282693,0.4628688349147446,0.0,0.004465253402391187,0.010987834628377983,0.011999999999999997,0.02249999999999999,0.0225,False
83002,283,283,0,0.27758525617798396,0.2595856302592262,0.4628291135627898,0.0,0.00444948887529712,0.01098791821939342,0.011999999999999997,0.0225,0.0225,False
83002,284,284,0,0.27759017688964044,0.2596204072065829,0.4627894159037766,0.0,0.004433835114603529,0.010988001904172331,0.011999999999999997,0.02249999999999999,0.0225,False
83002,285,285,0,0.2775951350135112,0.2596551230715917,0.46274974191489704,0.0,0.004418290961178122,0.010988085682476265,0.011999999999999997,0.00012488235546660988,0.0024999999999999996,False
83002,286,286,0,0.27748172495533624,0.2595656959893066,0.4629525790553571,0.0,0.004402853404863662,0.010987651696158675,0.011999999999999997,0.00012352602587846088,0.0024999999999999996,False
83002,287,287,0,0.27736968154787184,0.2594776382895062,0.4631526801626219,0.0,0.004387523245977818,0.010987227089508717,0.011999999999999997,0.02249999999999999,0.0225,False
83002,288,288,0,0.2773745539947265,0.25951199721916085,0.4631134487861126,0.0,0.0043723015813626285,0.010987308684538209,0.011999999999999997,0.0225,0.0225,False
83002,289,289,0,0.2773794632378993,0.2595462962957833,0.4630742404663173,0.0,0.004357185029427593,0.010987390371687677,0.011999999999999997,0.00012271605454254182,0.0024999999999999996,False
83002,290,290,0,0.2772686395924121,0.25945928728011847,0.4632720731274694,0.0,0.004342170760549036,0.010986972671293938,0.011999999999999997,0.00012140465511185591,0.0024999999999999996,False
83002,291,291,0,0.2771591317878872,0.25937359394298254,0.46346727426913026,0.0,0.004327259512303523,0.010986563881742979,0.011999999999999997,0.00012011760443942575,0.0024999999999999996,False
83002,292,292,0,0.2770509145500182,0.2592891894073097,0.463659896042672,0.0,0.0043124502303627625,0.010986163760241294,0.011999999999999997,0.02249999999999999,0.0225,False
83002,293,293,0,0.2770556822223414,0.25932299528016756,0.463621322497491,0.0,0.0042977441001664125,0.010986242275777623,0.011999999999999997,0.0225,0.0225,False
83002,294,294,0,0.2770604860064624,0.2593567428406901,0.4635827711528474,0.0,0.004283137799645618,0.010986320881568536,0.011999999999999997,0.00011935931012152917,0.0024999999999999996,False
83002,295,295,0,0.27695341929039174,0.25927331661120245,0.4637732640984057,0.0,0.004268628525846153,0.010985927095685723,0.011999999999999997,0.02249999999999999,0.0225,False
83002,296,296,0,0.276958201133191,0.2593068644462089,0.4637349344206001,0.0,0.004254219074901029,0.01098600474193322,0.011999999999999997,0.00011836394833303561,0.0024999999999999996,False
83002,297,297,0,0.27685232104324586,0.2592245369527713,0.46392314200398277,0.0,0.00423990472106152,0.010985618169458606,0.011999999999999997,0.02249999999999999,0.0225,False
83002,298,298,0,0.27685708139813503,0.2592578870492698,0.4638850315525951,0.0,0.004225688168018153,0.010985694873847478,0.011999999999999997,0.02249999999999999,0.0225,False
83002,299,299,0,0.2768618770547921,0.25929118022137687,0.463846942723831,0.0,0.004211566516249415,0.010985771666899334,0.011999999999999997,0.00011763391953725614,0.0024999999999999996,False
83002,300,300,0,0.2767571054045562,0.2592097902355952,0.46403310435984846,0.0,0.0041975373313145655,0.010985391110617963,0.011999999999999997,0.00011642558237905938,0.0024999999999999996,False
83002,301,301,0,0.2766535336068564,0.25912959369121924,0.4642168727019243,0.0,0.00418360121766644,0.010985018419059831,0.011999999999999997,0.0001152388979307259,0.0024999999999999996,False
83002,302,302,0,0.27655113940745085,0.2590505669909794,0.4643982936015697,0.0,0.004169757254136455,0.010984653384836843,0.011999999999999997,0.02249999999999999,0.0225,False
83002,303,303,0,0.2765558032641729,0.2590833910179753,0.46436080571785177,0.0,0.004156006432020786,0.010984727278689412,0.011999999999999997,0.02249999999999999,0.0225,False
83002,304,304,0,0.27656050176368824,0.259116159558578,0.46432333867773373,0.0,0.00414234589575618,0.010984801259377964,0.011999999999999997,0.02249999999999999,0.0225,False
83002,305,305,0,0.2765652346990315,0.25914887283844956,0.46428589246251895,0.0,0.004128774761771099,0.010984875326700446,0.011999999999999997,0.00011479477294788862,0.0024999999999999996,False
83002,306,306,0,0.27646383397934177,0.25907058766628627,0.4644655783543719,0.0,0.004115290799649024,0.010984514864757253,0.011999999999999997,0.0225,0.0225,False
83002,307,307,0,0.2764685468462173,0.25910311143501213,0.4644283417187705,0.0,0.004101896034775174,0.010984588056121472,0.011999999999999997,0.00011388085855889046,0.0024999999999999996,False
83002,308,308,0,0.2763682296290139,0.2590258202624671,0.4646059501085189,0.0,0.004088586766533768,0.010984233961363794,0.011999999999999997,0.02249999999999999,0.0225,False
83002,309,309,0,0.27637292282948156,0.2590581563716219,0.46456892079889656,0.0,0.004075364955689489,0.010984306292434378,0.011999999999999997,0.02249999999999999,0.0225,False
83002,310,310,0,0.27637764970047235,0.2590904385110617,0.46453191178846587,0.0,0.0040622282870544256,0.010984378708612168,0.011999999999999997,0.02249999999999999,0.0225,False
83002,311,311,0,0.27638241004259395,0.2591226668981066,0.4644949230592994,0.0,0.004049175943173679,0.010984451209702593,0.011999999999999997,0.02249999999999999,0.0225,False
83002,312,312,0,0.27638720365775893,0.25915484174873976,0.46445795459350125,0.0,0.004036207116949654,0.010984523795511627,0.011999999999999997,0.0225,0.0225,False
83002,313,313,0,0.27639203034917303,0.2591869632776184,0.4644210063732085,0.0,0.004023321011481471,0.010984596465845767,0.011999999999999997,0.0225,0.0225,False
83002,314,314,0,0.27639688992132594,0.2592190316980837,0.4643840783805903,0.0,0.004010516839907317,0.01098466922051204,0.011999999999999997,0.02249999999999999,0.0225,False
83002,315,315,0,0.27640178217998024,0.25925104722217157,0.46434717059784814,0.0,0.003997793825249344,0.010984742059317997,0.011999999999999997,0.02249999999999999,0.0225,False
83002,316,316,0,0.2764067069321617,0.25928301006062304,0.4643102830072152,0.0,0.003985151200261531,0.010984814982071708,0.011999999999999997,0.00011463803091225631,0.0024999999999999996,False
83002,317,317,0,0.27630708178689645,0.2592057766393181,0.4644871415737854,0.0,0.0039725879518530405,0.010984460577347192,0.011999999999999997,0.0225,0.0225,False
83002,318,318,0,0.27631198538105045,0.2592375572487326,0.4644504573702169,0.0,0.00396010397222779,0.010984532650574114,0.011999999999999997,0.0001137392983068089,0.0024999999999999996,False
83002,319,319,0,0.2762134103381183,0.25916128805811234,0.46462530160376925,0.0,0.003947697885634175,0.010984184413488411,0.011999999999999997,0.02249999999999999,0.0225,False
83002,320,320,0,0.27621829317325647,0.2591928881942833,0.46458881863246015,0.0,0.003935369584404053,0.010984255652154492,0.011999999999999997,0.02249999999999999,0.0225,False
83002,321,321,0,0.27622320779260157,0.25922443685614294,0.46455235535125544,0.0,0.003923117970364016,0.010984326973311608,0.011999999999999997,0.00011308819600293013,0.0024999999999999996,False
83002,322,322,0,0.27612561230497934,0.25914898593989677,0.4647254017551239,0.0,0.003910942213075636,0.010983983851766275,0.011999999999999997,0.00011198675532036739,0.0024999999999999996,False
83002,323,323,0,0.27602908273295795,0.25907458961841534,0.46489632764862665,0.0,0.003898841731723863,0.010983647505571816,0.011999999999999997,0.005224054803078147,0.0024999999999999996,False
83002,324,324,0,0.2720781221475054,0.26377183822243827,0.4641500396300563,0.0,0.0040272557293302294,0.010984885425748388,0.011999999999999997,0.0225,0.0225,False
83002,325,325,0,0.272089664301311,0.2637960676957041,0.4641142680029849,0.0,0.00401486615978795,0.010984957533478286,0.011999999999999997,0.00011590071848654325,0.0024999999999999996,False
83002,326,326,0,0.2719977654934736,0.2637146468096518,0.46428758769687456,0.0,0.004002552512834991,0.010984607861692312,0.011999999999999997,0.0225,0.0225,False
83002,327,327,0,0.27200924872707294,0.2637387442047044,0.4642520070682226,0.0,0.0039903142359046006,0.01098467915541822,0.011999999999999997,0.02249999999999999,0.0225,False
83002,328,328,0,0.272020741766536,0.2637628132035537,0.4642164450299102,0.0,0.003978150553784619,0.010984750523842117,0.011999999999999997,0.00011524165256676922,0.0024999999999999996,False
83002,329,329,0,0.27192975584471235,0.263682232485844,0.4643880116694436,0.0,0.003966060759427053,0.010984405914126416,0.011999999999999997,0.0225,0.0225,False
83002,330,330,0,0.2719411905866134,0.2637061709568086,0.4643526384565779,0.0,0.003954044263956349,0.010984476481897692,0.011999999999999997,0.00011436609465067034,0.0024999999999999996,False
83002,331,331,0,0.2718511691556309,0.2636265164805976,0.46452231436377145,0.0,0.003942100321661021,0.010984137682749091,0.011999999999999997,0.02249999999999999,0.0225,False
83002,332,332,0,0.27186254626931605,0.26365032567896846,0.46448712805171544,0.0,0.003930228357471776,0.0109842074634435,0.011999999999999997,0.0225,0.0225,False
83002,333,333,0,0.2718739329950467,0.26367410711789135,0.4644519598870619,0.0,0.003918427669805639,0.010984277317624254,0.011999999999999997,0.004683735220243357,0.0024999999999999996,False
83002,334,334,0,0.2761491170754172,0.26007238836057506,0.46377849456400766,0.0,0.004039949645630587,0.010985855463625627,0.011999999999999997,0.0001180797710444655,0.0024999999999999996,False
83002,335,335,0,0.27605348563292237,0.2599963585646561,0.4639501558024215,0.0,0.00402789719728962,0.01098550355234875,0.011999999999999997,0.02249999999999999,0.0225,False
83002,336,336,0,0.276059030113937,0.2600256168571252,0.4639153530289377,0.0,0.004015916489725988,0.010985573690441574,0.011999999999999997,0.00011718915723235762,0.0024999999999999996,False
83002,337,337,0,0.27596436656991197,0.259950487136211,0.464085146293877,0.0,0.004004006782710393,0.010985227630403566,0.011999999999999997,0.02249999999999999,0.0225,False
83002,338,338,0,0.27596988669803885,0.259979588912543,0.4640505243894181,0.0,0.003992167547346811,0.010985296996218422,0.011999999999999997,0.00011631283170082417,0.0024999999999999996,False
83002,339,339,0,0.275876174805412,0.25990534269843224,0.4642184824961557,0.0,0.003980398061167802,0.010984956651871405,0.011999999999999997,0.005188090001828152,0.0024999999999999996,False
83002,340,340,0,0.27216398511548257,0.2643308716089065,0.4635051432756109,0.0,0.00410246522790696,0.010986198310202434,0.011999999999999997,0.0225,0.0225,False
83002,341,341,0,0.27217541692235553,0.2643535970955563,0.46347098598208814,0.0,0.004090436245545065,0.010986269121660602,0.011999999999999997,0.00012009319786087226,0.0024999999999999996,False
83002,342,342,0,0.2720857530382549,0.26427317311397724,0.4636410738477678,0.0,0.004078477583876267,0.010985916374077089,0.011999999999999997,0.02249999999999999,0.0225,False
83002,343,343,0,0.2720971285754364,0.2642957810105011,0.46360709041406245,0.0,0.004066588652013671,0.01098598642008184,0.011999999999999997,0.00011919994813172021,0.0024999999999999996,False
83002,344,344,0,0.2720083885652433,0.26421625057746684,0.4637753608572898,0.0,0.004054768818266608,0.010985639437160407,0.011999999999999997,0.00011810020329176128,0.0024999999999999996,False
83002,345,345,0,0.27192061943293966,0.264137689190454,0.4639416913766063,0.0,0.004043017482276884,0.010985298894663953,0.011999999999999997,0.0225,0.0225,False
83002,346,346,0,0.27193187673199554,0.26416008933394464,0.46390803393405977,0.0,0.004031334096037321,0.010985367380826502,0.011999999999999997,0.0001172367013054484,0.0024999999999999996,False
83002,347,347,0,0.271845000047053,0.2640823895444515,0.46407261040849546,0.0,0.004019718003906902,0.01098503233213707,0.011999999999999997,0.02249999999999999,0.0225,False
83002,348,348,0,0.27185620292383433,0.26410467507614804,0.46403912200001757,0.0,0.004008168693270229,0.010985100089960976,0.011999999999999997,0.00011638662718766543,0.0024999999999999996,False
83002,349,349,0,0.2717702038263544,0.26402782188151885,0.4642019742921267,0.0,0.003996685523699701,0.01098477041164761,0.011999999999999997,0.005011458196138216,0.0024999999999999996,False
83002,350,350,0,0.2682357994431769,0.268235799443177,0.46352840111364607,0.0,0.004114285845387739,0.010986080990176577,0.011999999999999997,0.00011971597727943814,0.0024999999999999996,False
83002,351,351,0,0.2681535130359479,0.2681535130359481,0.46369297392810394,0.0,0.004102564233326023,0.010985740626907497,0.011999999999999997,0.02249999999999999,0.0225,False
83002,352,352,0,0.2681699836721079,0.2681699836721084,0.4636600326557836,0.0,0.004090909221332639,0.010985808564553896,0.011999999999999997,0.02249999999999999,0.0225,False
83002,353,353,0,0.2681864463292955,0.26818644632929534,0.4636271073414091,0.0,0.004079320243401336,0.010985876564439587,0.011999999999999997,0.0001190688588318036,0.0024999999999999996,False
83002,354,354,0,0.26810493938577723,0.26810493938577706,0.46379012122844565,0.0,0.004067796739921469,0.010985540826075547,0.011999999999999997,0.00011800397885855949,0.0024999999999999996,False
83002,355,355,0,0.26802434347606297,0.2680243434760631,0.4639513130478739,0.0,0.0040563381575877775,0.01098521113326277,0.011999999999999997,0.02249999999999999,0.0225,False
83002,356,356,0,0.2680406530992308,0.26804065309923075,0.4639186938015384,0.0,0.004044943949311965,0.01098527766685204,0.011999999999999997,0.02249999999999999,0.0225,False
83002,357,357,0,0.2680569549141176,0.26805695491411746,0.4638860901717649,0.0,0.00403361357413554,0.010985344261888451,0.011999999999999997,0.0225,0.0225,False
83002,358,358,0,0.26807324892621637,0.2680732489262163,0.46385350214756726,0.0,0.0040223464971442845,0.010985410918260458,0.011999999999999997,0.004841101607727671,0.0024999999999999996,False
83002,359,359,0,0.26470308760222505,0.27208724070044865,0.46320967169732624,0.0,0.004136062578897002,0.010986808274350227,0.011999999999999997,0.00012181754309566636,0.0024999999999999996,False
83002,360,360,0,0.26462562189217226,0.27200157134933156,0.4633728067584961,0.0,0.004124574962282498,0.010986466175430927,0.011999999999999997,0.00012073961562754198,0.0024999999999999996,False
83002,361,361,0,0.26454905545186796,0.27191680184602324,0.46353414270210874,0.0,0.004113150969552181,0.010986130144776795,0.011999999999999997,0.00011967828736231522,0.0024999999999999996,False
83002,362,362,0,0.2644733733012401,0.2718329175793342,0.46369370911942565,0.0,0.00410179007382489,0.01098580004499836,0.011999999999999997,0.00011863320817543871,0.0024999999999999996,False
83002,363,363,0,0.264398560787989,0.27174990425550155,0.4638515349565094,0.0,0.004090491754015054,0.01098547574251759,0.011999999999999997,0.00011760403725004145,0.0024999999999999996,False
83002,364,364,0,0.2643246035786955,0.27166774788960046,0.46400764853170395,0.0,0.004079255494753371,0.01098515710744262,0.011999999999999997,0.0225,0.0225,False
83002,365,365,0,0.2643454073430098,0.27167863169776196,0.46397596095922816,0.0,0.004068080878598885,0.010985221418965081,0.011999999999999997,0.02249999999999999,0.0225,False
83002,366,366,0,0.26436619039663367,0.27168952144972264,0.46394428815364364,0.0,0.004056967306764722,0.01098528578915007,0.011999999999999997,0.0001170012921072729,0.0024999999999999996,False
83002,367,367,0,0.2642929153038862,0.2716080971237924,0.4640989875723213,0.0,0.004045914226672074,0.010984971290059507,0.011999999999999997,0.0225,0.0225,False
83002,368,368,0,0.2643135983045979,0.2716189371876506,0.46406746450775144,0.0,0.004034921271482867,0.010985035015859752,0.011999999999999997,0.00011620323962115319,0.0024999999999999996,False
83002,369,369,0,0.26424107305916994,0.2715382886691736,0.4642206382716564,0.0,0.004023987827844866,0.010984725263170275,0.011999999999999997,0.0001152146453118891,0.0024999999999999996,False
83002,370,370,0,0.26416936361897564,0.2714584584173886,0.4643721779636357,0.0,0.004013113467089644,0.010984420839696474,0.011999999999999997,0.00011424075327493565,0.0024999999999999996,False
83002,371,371,0,0.264098456827068,0.2713794335855147,0.46452210958741724,0.0,0.004002297711781525,0.010984121628555301,0.011999999999999997,0.00011328126373145078,0.0024999999999999996,False
83002,372,372,0,0.264028339805149,0.27130120159679594,0.464670458598055,0.0,0.00399154008961028,0.010983827516003878,0.011999999999999997,0.00011233588461045681,0.0024999999999999996,False
83002,373,373,0,0.26395899994625177,0.27122375013742805,0.4648172499163201,0.0,0.00398084013332272,0.010983538391339514,0.011999999999999997,0.0001114043313105606,0.0024999999999999996,False
83002,374,374,0,0.2638904249076518,0.27114706714970654,0.4649625079426416,0.0,0.003970197380655303,0.010983254146803425,0.011999999999999997,0.00011048632647025053,0.0024999999999999996,False
83002,375,375,0,0.26382260260399754,0.2710711408253916,0.46510625657061083,0.0,0.003959611374267933,0.010982974677487968,0.011999999999999997,0.0225,0.0225,False
83002,376,376,0,0.26384272556898386,0.27108161156408245,0.46507566286693364,0.0,0.003949081822699083,0.010983033818978132,0.011999999999999997,0.02249999999999999,0.0225,False
83002,377,377,0,0.2638628289253229,0.2710920882615932,0.4650450828130838,0.0,0.003938608113313324,0.010983093016713588,0.011999999999999997,0.00010996616119897489,0.0024999999999999996,False
83002,378,378,0,0.263795597749978,0.2710168036468893,0.46518759860313263,0.0,0.003928189677671926,0.010982816969363308,0.011999999999999997,0.0001090712961914951,0.0024999999999999996,False
83002,379,379,0,0.2637290969229603,0.270942253717995,0.4653286493590446,0.0,0.0039178262062246035,0.01098254551347613,0.011999999999999997,0.00010818922997412677,0.0024999999999999996,False
83002,380,380,0,0.26366331508213847,0.27086842736702194,0.46546825755083954,0.0,0.003907517265307867,0.010982278551847845,0.011999999999999997,0.00010731971129176344,0.0024999999999999996,False
83002,381,381,0,0.26359824109742785,0.27079531371108756,0.46560644519148453,0.0,0.0038972624258046744,0.010982015989793974,0.011999999999999997,0.00010646249511297201,0.0024999999999999996,False
83002,382,382,0,0.2635338640649114,0.270722902086637,0.4657432338484515,0.0,0.0038870612630851247,0.010981757735072371,0.011999999999999997,0.02249999999999999,0.0225,False
83002,383,383,0,0.263553579394107,0.2707331308704275,0.46571328973546544,0.0,0.003876913549381078,0.01098181394687775,0.011999999999999997,0.0225,0.0225,False
83002,384,384,0,0.2635732757650037,0.27074336559930234,0.4656833586356939,0.0,0.0038668186718321474,0.01098187021342176,0.011999999999999997,0.02249999999999999,0.0225,False
83002,385,385,0,0.26359295323084886,0.27075360622847733,0.46565344054067376,0.0,0.0038567762190479414,0.010981926534614685,0.011999999999999997,0.0001061717532023729,0.0024999999999999996,False
83002,386,386,0,0.2635290462397861,0.27068173792374994,0.4657892158364639,0.0,0.0038467856413116606,0.0109816707478557,0.011999999999999997,0.00010533399777756486,0.0024999999999999996,False
83002,387,387,0,0.263465816527019,0.27061055225400593,0.465923631218975,0.0,0.0038368466816430693,0.010981419115421585,0.011999999999999997,0.0225,0.0225,False
83002,388,388,0,0.26348533189805323,0.2706207003838921,0.46589396771805464,0.0,0.003826959108364111,0.010981474331944668,0.011999999999999997,0.00010468992942153888,0.0024999999999999996,False
83002,389,389,0,0.26342269830084186,0.27055013875990047,0.4660271629392576,0.0,0.0038171222041658522,0.010981226200507906,0.011999999999999997,0.00010387382921601753,0.0024999999999999996,False
83002,390,390,0,0.26336072212231876,0.2704802402853962,0.466159037592285,0.0,0.0038073357333542213,0.010980982061844405,0.011999999999999997,0.02249999999999999,0.0225,False
83002,391,391,0,0.26338007780598655,0.2704902976274402,0.4661296245665732,0.0,0.0037975994840766672,0.010981036204583097,0.011999999999999997,0.004740723313482688,0.0024999999999999996,False
83002,392,392,0,0.26022697642931875,0.2742055129874844,0.4655675105831968,0.0,0.0039016422702860937,0.010982251312692296,0.011999999999999997,0.02249999999999999,0.0225,False
83002,393,393,0,0.2602505811351631,0.2742111792149538,0.46553823964988306,0.0,0.003891719101455344,0.010982306297339272,0.011999999999999997,0.0225,0.0225,False
83002,394,394,0,0.26027415667371595,0.27421686207592877,0.4655089812503552,0.0,0.003881846245032685,0.01098236133549611,0.011999999999999997,0.00010706673369495121,0.0024999999999999996,False
83002,395,395,0,0.26021494940776724,0.2741425907724642,0.4656424598197685,0.0,0.003872022797854425,0.010982107823777959,0.011999999999999997,0.00010623965105125979,0.0024999999999999996,False
83002,396,396,0,0.26015639129063106,0.27406897797634017,0.4657746307330287,0.0,0.0038622489169748545,0.010981858332328061,0.011999999999999997,0.00010542383113144865,0.0024999999999999996,False
83002,397,397,0,0.2600984725587962,0.27399601433140275,0.465905513109801,0.0,0.003852524228661165,0.010981612779967185,0.011999999999999997,0.0225,0.0225,False
83002,398,398,0,0.2601217843931242,0.27400160316770716,0.46587661243916856,0.0,0.003842849019207757,0.010981666214296675,0.011999999999999997,0.02249999999999999,0.0225,False
83002,399,399,0,0.2601450676495872,0.27400720839511505,0.46584772395529767,0.0,0.003833222250947718,0.01098171970121661,0.011999999999999997,0.00010497401631301923,0.0024999999999999996,False
83003,0,0,0,0.3333333333333333,0.3333333333333333,0.3333333333333333,0.0,0.05,0.011999999999999997,0.011999999999999997,0.0024999999999999996,0.0024999999999999996,False
83003,1,1,0,0.25368700899805474,0.2536870089980547,0.4926259820038905,0.0,4.999995000384644e-08,0.010962839982958605,0.011999999999999997,0.0225,0.0225,False
83003,2,2,0,0.2570728403585871,0.2570728403585866,0.4858543192828263,0.0,2.4999987502170677e-08,0.010961615509107707,0.011999999999999997,1.8009025465699746e-05,0.0024999999999999996,False
83003,3,3,0,0.2554151924343957,0.25541519243439575,0.4891696151312085,0.0,1.6666661104985575e-08,0.01096171223326993,0.011999999999999997,1.0556751276553165e-05,0.0024999999999999996,False
83003,4,4,0,0.25484717141425,0.25484717141424984,0.4903056571715001,0.0,1.24999968687505e-08,0.010961967249229142,0.011999999999999997,8.458225458883858e-06,0.0024999999999999996,False
83003,5,5,0,0.25456016907817275,0.25456016907817286,0.49087966184365434,0.0,9.999997999712372e-09,0.010962139166998886,0.011999999999999997,0.0225,0.0225,False
83003,6,6,0,0.25541517637036293,0.25541517637036315,0.48916964725927387,0.0,8.333331935218675e-09,0.010961712238880617,0.011999999999999997,1.055668864396985e-05,0.0024999999999999996,False
83003,7,7,0,0.2550753182806171,0.25507531828061725,0.4898493634387656,0.0,7.142856118112547e-09,0.010961851213035109,0.011999999999999997,9.273188033844069e-06,0.0024999999999999996,False
83003,8,8,0,0.25484716055146356,0.254847160551464,0.4903056788970724,0.0,6.249999218935108e-09,0.010961967255188953,0.011999999999999997,8.458187548200031e-06,0.0024999999999999996,False
83003,9,9,0,0.2546834071453896,0.2546834071453897,0.49063318570922065,0.0,5.555554937429508e-09,0.010962061804009778,0.011999999999999997,0.02249999999999999,0.0225,False
83003,10,10,0,0.2551727060691268,0.2551727060691271,0.48965458786174604,0.0,4.999999506586934e-09,0.010961807245202078,0.011999999999999997,9.632479707929848e-06,0.0024999999999999996,False
83003,11,11,0,0.2549899045021368,0.2549899045021369,0.49002019099572625,0.0,4.5454541353122604e-09,0.01096189251515824,0.011999999999999997,0.02249999999999999,0.0225,False
83003,12,12,0,0.25541516833834427,0.2554151683383441,0.4891696633233116,0.0,4.16666632054645e-09,0.010961712241685996,0.011999999999999997,0.0225,0.0225,False
83003,13,13,0,0.25583602149079904,0.25583602149079904,0.48832795701840187,0.0,3.8461535392587755e-09,0.010961596331916307,0.011999999999999997,0.02249999999999999,0.0225,False
83003,14,14,0,0.25625253162072514,0.25625253162072564,0.48749493675854916,0.0,3.571428321121728e-09,0.010961542827471131,0.011999999999999997,0.02249999999999999,0.0225,False
83003,15,15,0,0.25666476498072216,0.2566647649807218,0.48667047003855596,0.0,3.3333331171716564e-09,0.010961549829482942,0.011999999999999997,1.599087320937303e-05,0.0024999999999999996,False
83003,16,16,0,0.2563445054541797,0.2563445054541795,0.4873109890916407,0.0,3.124999815356005e-09,0.010961539220257993,0.011999999999999997,0.02249999999999999,0.0225,False
83003,17,17,0,0.2567103066570099,0.2567103066570096,0.48657938668598044,0.0,2.941176289205114e-09,0.010961554261829886,0.011999999999999997,1.6210157555199446e-05,0.0024999999999999996,False
83003,18,18,0,0.2564179329472503,0.25641793294725007,0.4871641341054996,0.0,2.7777776283160016e-09,0.010961538471880538,0.011999999999999997,0.0225,0.0225,False
83003,19,19,0,0.25674670262058474,0.2567467026205848,0.4865065947588304,0.0,2.631578824522696e-09,0.010961558327445664,0.011999999999999997,0.0225,0.0225,False
83003,20,20,0,0.25707278491291335,0.25707278491291374,0.48585443017417285,0.0,2.499999876590102e-09,0.010961615496213415,0.011999999999999997,0.0225,0.0225,False
83003,21,21,0,0.257396212293235,0.257396212293235,0.48520757541352993,0.0,2.380952255680636e-09,0.010961709066668518,0.011999999999999997,0.02249999999999999,0.0225,False
83003,22,22,0,0.25771701669907743,0.25771701669907765,0.48456596660184487,0.0,2.2727271591561666e-09,0.010961838149278863,0.011999999999999997,0.02249999999999999,0.0225,False
83003,23,23,0,0.25803522954784514,0.2580352295478457,0.4839295409043091,0.0,2.173912947060856e-09,0.010962001875904438,0.011999999999999997,2.3243368999164504e-05,0.0024999999999999996,False
83003,24,24,0,0.2576588817477992,0.2576588817477988,0.48468223650440195,0.0,2.0833332597513194e-09,0.010961812077486949,0.011999999999999997,0.0225,0.0225,False
83003,25,25,0,0.2579486989178461,0.257948698917846,0.48410260216430784,0.0,1.9999999156572982e-09,0.010961953835877239,0.011999999999999997,2.2745453215164284e-05,0.0024999999999999996,False
83003,26,26,0,0.25761037037616835,0.2576103703761682,0.4847792592476634,0.0,1.923076840974094e-09,0.010961791229543182,0.011999999999999997,0.0225,0.0225,False
83003,27,27,0,0.25787644411883404,0.2578764441188334,0.4842471117623325,0.0,1.8518517927580012e-09,0.010961915735011096,0.011999999999999997,2.233381390455969e-05,0.0024999999999999996,False
83003,28,28,0,0.2575692756412777,0.25756927564127857,0.4848614487174437,0.0,1.7857142275403442e-09,0.010961774215177376,0.011999999999999997,0.0225,0.0225,False
83003,29,29,0,0.25781520152909765,0.25781520152909787,0.4843695969418044,0.0,1.724137874373532e-09,0.01096188487586157,0.011999999999999997,0.005278812894935232,0.0024999999999999996,False
83003,30,30,0,0.19530583324567888,0.3275956140498476,0.47709855270447343,0.0,0.0014459496172122414,0.010985685428306979,0.011999999999999997,4.7202865940679954e-05,0.0024999999999999996,False
83003,31,31,0,0.19627533540425926,0.32562870161665236,0.4780959629790883,0.0,0.0014014401000034338,0.010983982435879827,0.011999999999999997,4.318081540321216e-05,0.0024999999999999996,False
83003,32,32,0,0.1972473011067167,0.3237821720498787,0.4789705268434046,0.0,0.0013594284879309493,0.010982507525231087,0.011999999999999997,3.980148671195694e-05,0.0024999999999999996,False
83003,33,33,0,0.198213618387566,0.3220425838122943,0.47974379780013976,0.0,0.00131974073679116,0.010981214601584851,0.011999999999999997,3.6928235480546124e-05,0.0024999999999999996,False
83003,34,34,0,0.1991686075863326,0.3203988423530406,0.4804325500606267,0.0,0.0012822108627390052,0.010980069568504065,0.011999999999999997,0.02249999999999999,0.0225,False
83003,35,35,0,0.20064471885987953,0.3193108416167462,0.48004443952337417,0.0,0.001246825931868347,0.010979613944524163,0.011999999999999997,3.584019545426436e-05,0.0024999999999999996,False
83003,36,36,0,0.20152207265346728,0.3177958676295533,0.4806820597169794,0.0,0.0012132683977789875,0.01097860025809066,0.011999999999999997,3.3586453510051514e-05,0.0024999999999999996,False
83003,37,37,0,0.20238552419787306,0.3163574066853842,0.4812570691167427,0.0,0.0011814118607730265,0.0109776906674777,0.011999999999999997,0.0225,0.0225,False
83003,38,38,0,0.20369322838958293,0.3153970957881056,0.4809096758223115,0.0,0.0011513424176121056,0.010977300684478416,0.011999999999999997,0.0225,0.0225,False
83003,39,39,0,0.20495588122871786,0.31447950988349405,0.48056460888778796,0.0,0.0011227078021411275,0.010976953136401346,0.011999999999999997,3.399609849161835e-05,0.0024999999999999996,False
83003,40,40,0,0.20570236386429752,0.31317947657069,0.48111815956501247,0.0,0.0010954164333690803,0.01097614566151987,0.011999999999999997,3.208715083910967e-05,0.0024999999999999996,False
83003,41,41,0,0.20643742060874623,0.3119401953072632,0.4816223840839906,0.0,0.001069382623363242,0.010975415572638647,0.011999999999999997,3.03963090080725e-05,0.0024999999999999996,False
83003,42,42,0,0.20715957921621408,0.3107567815077315,0.48208363927605435,0.0,0.001044526563770523,0.010974751720740803,0.011999999999999997,0.02249999999999999,0.0225,False
83003,43,43,0,0.20824764124251197,0.30996804487639595,0.481784313881092,0.0,0.0010209577609017026,0.010974455991007933,0.011999999999999997,0.02249999999999999,0.0225,False
83003,44,44,0,0.20930175015873576,0.30921162091022425,0.48148662893104,0.0,0.0009983915256436293,0.010974190120458482,0.011999999999999997,3.084704175033048e-05,0.0024999999999999996,False
83003,45,45,0,0.20993369032553824,0.3081318870701483,0.4819344226043134,0.0,0.0009767201477176995,0.010973593740180542,0.011999999999999997,0.0225,0.0225,False
83003,46,46,0,0.21091999538109063,0.30742977194884197,0.48165023267006735,0.0,0.0009560402064005197,0.010973358240890251,0.011999999999999997,0.02249999999999999,0.0225,False
83003,47,47,0,0.21187726539493468,0.3067552606323382,0.48136747397272706,0.0,0.0009361922291917263,0.010973147600219758,0.011999999999999997,3.124539235413018e-05,0.0024999999999999996,False
83003,48,48,0,0.21243292979572487,0.3057650098226701,0.481802060381605,0.0,0.0009171302102697834,0.010972606919390544,0.011999999999999997,0.007442533787928343,0.0024999999999999996,False
83003,49,49,0,0.2617577751344379,0.26175777513443793,0.47648444973112414,0.0,0.0018367356768013226,0.01096655705190517,0.011999999999999997,0.02249999999999999,0.0225,False
83003,50,50,0,0.2618822875971401,0.26188228759714033,0.4762354248057195,0.0,0.0018000009639999803,0.010966793480030405,0.011999999999999997,5.082795307481489e-05,0.0024999999999999996,False
83003,51,51,0,0.26157406078327144,0.26157406078327167,0.47685187843345683,0.0,0.0017647068281429988,0.010966218147206747,0.011999999999999997,4.822519788535137e-05,0.0024999999999999996,False
83003,52,52,0,0.2612881769215177,0.2612881769215179,0.47742364615696437,0.0,0.0017307701590236573,0.0109657143275827,0.011999999999999997,4.587225775613534e-05,0.0024999999999999996,False
83003,53,53,0,0.2610222917382918,0.2610222917382917,0.47795541652341644,0.0,0.001698114118903509,0.010965271499200126,0.011999999999999997,0.0225,0.0225,False
83003,54,54,0,0.2611346694853518,0.26113466948535174,0.4777306610292964,0.0,0.0016666675617283762,0.010965455635386135,0.011999999999999997,0.0225,0.0225,False
83003,55,55,0,0.2612467126804097,0.2612467126804098,0.47750657463918045,0.0,0.001636364515702458,0.010965643636312382,0.011999999999999997,0.0225,0.0225,False
83003,56,56,0,0.2613584227932683,0.2613584227932684,0.47728315441346325,0.0,0.0016071437213010067,0.010965835465060681,0.011999999999999997,0.02249999999999999,0.0225,False
83003,57,57,0,0.26146980128501845,0.2614698012850182,0.4770603974299633,0.0,0.0015789482179131879,0.010966031085045083,0.011999999999999997,4.736028294641093e-05,0.0024999999999999996,False
83003,58,58,0,0.26120827281778775,0.2612082728177876,0.4775834543644246,0.0,0.0015517249732461193,0.010965578640272398,0.011999999999999997,4.522513664086488e-05,0.0024999999999999996,False
83003,59,59,0,0.2609637482079514,0.26096374820795126,0.4780725035840973,0.0,0.001525424550416522,0.010965177329003779,0.011999999999999997,4.327335891624814e-05,0.0024999999999999996,False
83003,60,60,0,0.26073462146376764,0.2607346214637678,0.4785307570724645,0.0,0.0015000008083333142,0.010964820334900323,0.011999999999999997,4.148355526933788e-05,0.0024999999999999996,False
83003,61,61,0,0.26051948265097735,0.26051948265097713,0.47896103469804546,0.0,0.0014754106315506615,0.010964501908960658,0.011999999999999997,0.02249999999999999,0.0225,False
83003,62,62,0,0.26061822653942657,0.26061822653942673,0.47876354692114664,0.0,0.001451613686264288,0.010964646042251162,0.011999999999999997,4.058882454333044e-05,0.0024999999999999996,False
83003,63,63,0,0.2604131670908429,0.26041316709084283,0.4791736658183142,0.0,0.0014285721995464659,0.01096435054962085,0.011999999999999997,0.02249999999999999,0.0225,False
83003,64,64,0,0.2605090030630878,0.2605090030630878,0.4789819938738244,0.0,0.0014062507592773475,0.010964486813122239,0.011999999999999997,0.0051620343852452465,0.0024999999999999996,False
83003,65,65,0,0.23426453613433082,0.29002686903452773,0.47570859483114136,0.0,0.002065183047820276,0.010970809711694594,0.011999999999999997,0.02249999999999999,0.0225,False
83003,66,66,0,0.23463734456583543,0.28984283060804,0.47551982482612454,0.0,0.002034094790660276,0.01097093176942554,0.011999999999999997,0.0225,0.0225,False
83003,67,67,0,0.23500438906174595,0.2896640087930464,0.47533160214520764,0.0,0.002003921480019946,0.010971058432984366,0.011999999999999997,0.02249999999999999,0.0225,False
83003,68,68,0,0.23536583310184597,0.2894902447170953,0.4751439221810586,0.0,0.001974623974867678,0.01097118960040222,0.011999999999999997,0.02249999999999999,0.0225,False
83003,69,69,0,0.23572183383126152,0.28932138570525184,0.47495678046348655,0.0,0.0019461652549103874,0.010971325173791232,0.011999999999999997,0.02249999999999999,0.0225,False
83003,70,70,0,0.23607254236672756,0.28915728498084886,0.4747701726524235,0.0,0.0019185102909011138,0.01097146505911768,0.011999999999999997,0.02249999999999999,0.0225,False
83003,71,71,0,0.23641810408515443,0.2889978013834959,0.47458409453134964,0.0,0.0018916259221760184,0.010971609165990222,0.011999999999999997,5.8137142571223405e-05,0.0024999999999999996,False
83003,72,72,0,0.23639766163518927,0.28851128806098364,0.47509105030382703,0.0,0.001865515740995796,0.010971005237535112,0.011999999999999997,5.584101974698257e-05,0.0024999999999999996,False
83003,73,73,0,0.23638760747478677,0.2880421862737563,0.4755702062514569,0.0,0.0018401110584024406,0.010970453452324065,0.011999999999999997,0.006254234414358037,0.0024999999999999996,False
83003,74,74,0,0.2639704448067243,0.26397044480672405,0.4720591103865516,0.0,0.002432433075237372,0.01097156941826602,0.011999999999999997,7.026239811518188e-05,0.0024999999999999996,False
83003,75,75,0,0.2636974348636071,0.2636974348636072,0.47260513027278567,0.0,0.0024000006346666554,0.010970858032740286,0.011999999999999997,0.02249999999999999,0.0225,False
83003,76,76,0,0.26377972992606463,0.26377972992606474,0.47244054014787057,0.0,0.0023684216793628597,0.010971069715590944,0.011999999999999997,6.835714446070187e-05,0.0024999999999999996,False
83003,77,77,0,0.2635189995496393,0.2635189995496394,0.4729620009007212,0.0,0.002337662956653716,0.010970407218731772,0.011999999999999997,6.579480557633391e-05,0.0024999999999999996,False
83003,78,78,0,0.2632713996039768,0.2632713996039769,0.4734572007920463,0.0,0.00230769291913214,0.010969800174218251,0.011999999999999997,6.340681708143731e-05,0.0024999999999999996,False
83003,79,79,0,0.26303596269143237,0.2630359626914323,0.47392807461713526,0.0,0.0022784816167280785,0.010969242908682095,0.011999999999999997,6.11770763852696e-05,0.0024999999999999996,False
83003,80,80,0,0.2628118141561125,0.2628118141561126,0.47437637168777486,0.0,0.002250000596874996,0.010968730441284616,0.011999999999999997,0.0225,0.0225,False
83003,81,81,0,0.26288704793377576,0.2628870479337758,0.47422590413244836,0.0,0.002222222812071331,0.010968900480929529,0.011999999999999997,0.0225,0.0225,False
83003,82,82,0,0.262962127921827,0.2629621279218271,0.47407574415634585,0.0,0.0021951225342058222,0.010969072153601836,0.011999999999999997,6.048603369425116e-05,0.0024999999999999996,False
83003,83,83,0,0.26274538936355485,0.26274538936355507,0.47450922127289,0.0,0.0021686752750762046,0.010968581962662023,0.011999999999999997,5.848018201030342e-05,0.0024999999999999996,False
83003,84,84,0,0.26253854794025305,0.262538547940253,0.4749229041194939,0.0,0.002142857712585039,0.010968129532005409,0.011999999999999997,0.02249999999999999,0.0225,False
83003,85,85,0,0.2626104692428302,0.26261046924283005,0.4747790615143397,0.0,0.00211764762214532,0.010968285144712656,0.011999999999999997,0.02249999999999999,0.0225,False
83003,86,86,0,0.26268225053201116,0.26268225053201133,0.47463549893597745,0.0,0.002093023812871813,0.010968442264789675,0.011999999999999997,5.790221228041201e-05,0.0024999999999999996,False
83003,87,87,0,0.2624818179437132,0.2624818179437131,0.4750363641125736,0.0,0.0020689660681728005,0.010968008068872735,0.011999999999999997,0.0225,0.0225,False
83003,88,88,0,0.26255205554560884,0.2625520555456086,0.4748958889087825,0.0,0.0020454550903925557,0.010968158619295097,0.011999999999999997,5.671947543121697e-05,0.0024999999999999996,False
83003,89,89,0,0.262359008487117,0.262359008487117,0.4752819830257659,0.0,0.0020224724491857025,0.010967748994336689,0.011999999999999997,5.4988232682467094e-05,0.0024999999999999996,False
83003,90,90,0,0.2621741891689427,0.26217418916894264,0.4756516216621146,0.0,0.00200000053333334,0.010967369084147048,0.011999999999999997,5.335591749163255e-05,0.0024999999999999996,False
83003,91,91,0,0.26199708261032134,0.2619970826103213,0.4760058347793573,0.0,0.0019780225057359994,0.010967016277575157,0.011999999999999997,0.02249999999999999,0.0225,False
83003,92,92,0,0.2620632965205565,0.2620632965205563,0.47587340695888714,0.0,0.0019565222613421537,0.010967146890905222,0.011999999999999997,5.2388324259432734e-05,0.0024999999999999996,False
83003,93,93,0,0.26189222577239024,0.2618922257723903,0.4762155484552194,0.0,0.0019354843877904876,0.010966812585447794,0.011999999999999997,0.0225,0.0225,False
83003,94,94,0,0.2619571223431626,0.2619571223431627,0.47608575531367464,0.0,0.0019148941285649632,0.010966938196692887,0.011999999999999997,0.02249999999999999,0.0225,False
83003,95,95,0,0.2620219059287894,0.2620219059287891,0.47595618814242147,0.0,0.0018947373484764403,0.010967065063649419,0.011999999999999997,0.02249999999999999,0.0225,False
83003,96,96,0,0.26208657681952335,0.2620865768195232,0.4758268463609534,0.0,0.0018750005013020777,0.010967193179188171,0.011999999999999997,5.259072211712545e-05,0.0024999999999999996,False
83003,97,97,0,0.2619188936689276,0.2619188936689277,0.47616221266214465,0.0,0.0018556705994260824,0.010966864023859019,0.011999999999999997,5.1141609464833334e-05,0.0024999999999999996,False
83003,98,98,0,0.2617577739543776,0.26175777395437744,0.4764844520912449,0.0,0.001836735185339435,0.010966557049690222,0.011999999999999997,0.02249999999999999,0.0225,False
83003,99,99,0,0.26182008216925656,0.2618200821692568,0.4763598356614866,0.0,0.0018181823048668468,0.010966674682225811,0.011999999999999997,0.0225,0.0225,False
83003,100,100,0,0.261882286421096,0.261882286421096,0.4762354271578079,0.0,0.001800000481999994,0.010966793477771597,0.011999999999999997,5.082794301346675e-05,0.0024999999999999996,False
83003,101,101,0,0.2617252196112826,0.26172521961128253,0.4765495607774348,0.0,0.001782178695225965,0.010966496131875319,0.011999999999999997,0.005109738387236237,0.0024999999999999996,False
83003,102,102,0,0.2454239916701101,0.2802089111738707,0.4743670971560191,0.0,0.0022010879915685365,0.010970102104201181,0.011999999999999997,5.9134113738806717e-05,0.0024999999999999996,False
83003,103,103,0,0.24535553775582875,0.2799367048721926,0.4747077573719787,0.0,0.002179767621240424,0.01096970829574516,0.011999999999999997,5.757277834392294e-05,0.0024999999999999996,False
83003,104,104,0,0.24529233715932808,0.279671741615756,0.4750359212249159,0.0,0.0021588552406375146,0.010969338227186418,0.011999999999999997,0.02249999999999999,0.0225,False
83003,105,105,0,0.24545701767850547,0.27962363150945235,0.47491935081204206,0.0,0.00213834532097936,0.010969446631383675,0.011999999999999997,0.02249999999999999,0.0225,False
83003,106,106,0,0.2456202959824891,0.2795767295168323,0.47480297450067854,0.0,0.002118220271069573,0.010969556318488772,0.011999999999999997,0.005823813043443278,0.0024999999999999996,False
83003,107,107,0,0.26374489822275526,0.2637448982227551,0.4725102035544896,0.0,0.002523364929688173,0.010970979829864308,0.011999999999999997,6.80120017754037e-05,0.0024999999999999996,False
83003,108,108,0,0.2635647439062499,0.2635647439062498,0.47287051218750026,0.0,0.002500000439814804,0.010970521725866933,0.011999999999999997,0.0225,0.0225,False
83003,109,109,0,0.2636203885198339,0.2636203885198338,0.47275922296033224,0.0,0.0024770646561737076,0.010970662005422552,0.011999999999999997,0.0225,0.0225,False
83003,110,110,0,0.2636759480806311,0.2636759480806311,0.47264810383873773,0.0,0.0024545458867768527,0.010970803154879753,0.011999999999999997,6.733136012548244e-05,0.0024999999999999996,False
83003,111,111,0,0.2635004405940022,0.2635004405940022,0.4729991188119956,0.0,0.0024324328609690807,0.010970360971452242,0.011999999999999997,6.561428264358571e-05,0.0024999999999999996,False
83003,112,112,0,0.26333099333935034,0.2633309933393504,0.4733380133212992,0.0,0.002410714710618626,0.010969944314775583,0.011999999999999997,6.39775380289696e-05,0.0024999999999999996,False
83003,113,113,0,0.2631672977934868,0.2631672977934867,0.47366540441302646,0.0,0.00238938095230635,0.010969551371787158,0.011999999999999997,6.241598322564987e-05,0.0024999999999999996,False
83003,114,114,0,0.2630090660233262,0.2630090660233263,0.47398186795334746,0.0,0.002368421470452445,0.010969180484136785,0.011999999999999997,6.092488756773419e-05,0.0024999999999999996,False
83003,115,115,0,0.26285602899665744,0.26285602899665744,0.47428794200668506,0.0,0.002347826501323253,0.010968830132771808,0.011999999999999997,5.949989336264308e-05,0.0024999999999999996,False
83003,116,116,0,0.2627079350565047,0.2627079350565044,0.47458412988699084,0.0,0.002327586617865632,0.010968498924274622,0.011999999999999997,0.02249999999999999,0.0225,False
83003,117,117,0,0.2627587055674673,0.2627587055674672,0.47448258886506545,0.0,0.00230769271531886,0.010968611604114607,0.011999999999999997,5.8602444392634994e-05,0.0024999999999999996,False
83003,118,118,0,0.262614609960104,0.26261460996010405,0.4747707800797919,0.0,0.0022881359975581704,0.01096829415905996,0.011999999999999997,5.728621840040007e-05,0.0024999999999999996,False
83003,119,119,0,0.26247502002507334,0.2624750200250734,0.4750499599498532,0.0,0.0022689079641268106,0.010967993589815442,0.011999999999999997,0.02249999999999999,0.0225,False
83003,120,120,0,0.2625243256267668,0.26252432562676675,0.4749513487464664,0.0,0.0022500003979166643,0.0109680989748769,0.011999999999999997,5.64691436659034e-05,0.0024999999999999996,False
83003,121,121,0,0.26238836369977175,0.26238836369977175,0.47522327260045644,0.0,0.002231405353459454,0.01096781043960571,0.011999999999999997,0.0225,0.0225,False
83003,122,122,0,0.26243693582690725,0.262436935826907,0.47512612834618567,0.0,0.002213115145794133,0.010967912773309295,0.011999999999999997,0.005079258851337817,0.0024999999999999996,False
83003,123,123,0,0.2497087165397535,0.27692973087442085,0.4733615525858256,0.0,0.0025576099096020688,0.010970749355121115,0.011999999999999997,6.386461925739612e-05,0.0024999999999999996,False
83003,124,124,0,0.24962562294159815,0.27672281639396246,0.47365156066443936,0.0,0.002537010981701064,0.010970393837083654,0.011999999999999997,0.0225,0.0225,False
83003,125,125,0,0.2497392850216878,0.27670376825398135,0.4735569467243308,0.0,0.0025167481643147967,0.01097049847238479,0.011999999999999997,0.0225,0.0225,False
83003,126,126,0,0.2498522388431759,0.2766853017024993,0.47346245945432486,0.0,0.002496805745439444,0.01097060385823544,0.011999999999999997,0.005631651217059437,0.0024999999999999996,False
83003,127,127,0,0.2642002393441781,0.26420023934417797,0.4715995213116439,0.0,0.002834646040672078,0.010972188474424903,0.011999999999999997,0.02249999999999999,0.0225,False
83003,128,128,0,0.2642464184194241,0.26424641841942376,0.4715071631611521,0.0,0.0028125003686523494,0.010972315115386913,0.011999999999999997,7.306575760126873e-05,0.0024999999999999996,False
83003,129,129,0,0.264090528918948,0.2640905289189482,0.47181894216210374,0.0,0.0027906980403821897,0.010971890607347724,0.011999999999999997,7.14754818776567e-05,0.0024999999999999996,False
83003,130,130,0,0.2639391747381689,0.26393917473816925,0.4721216505236618,0.0,0.0027692311325443744,0.01097148661080202,0.011999999999999997,6.994821325723625e-05,0.0024999999999999996,False
83003,131,131,0,0.2637921608200123,0.26379216082001267,0.472415678359975,0.0,0.0027480919637550222,0.010971101897519903,0.011999999999999997,0.02249999999999999,0.0225,False
83003,132,132,0,0.2638365764260239,0.2638365764260239,0.4723268471479521,0.0,0.002727273085399435,0.010971217326723851,0.011999999999999997,0.0225,0.0225,False
83003,133,133,0,0.2638809376608177,0.26388093766081794,0.4722381246783643,0.0,0.0027067672728814398,0.010971333305788445,0.011999999999999997,0.0225,0.0225,False
83003,134,134,0,0.263925244622476,0.2639252446224765,0.4721495107550474,0.0,0.0026865675172644135,0.01097144983243259,0.011999999999999997,0.0225,0.0225,False
83003,135,135,0,0.2639694974088433,0.2639694974088436,0.47206100518231303,0.0,0.002666667017283944,0.010971566904383775,0.011999999999999997,7.025286882804654e-05,0.0024999999999999996,False
83003,136,136,0,0.26382448343310516,0.2638244834331052,0.47235103313378957,0.0,0.00264705917171281,0.010971185830330243,0.011999999999999997,6.88018831891923e-05,0.0024999999999999996,False
83003,137,137,0,0.263683502375742,0.26368350237574223,0.4726329952485157,0.0,0.002627737572060315,0.010970822430294926,0.011999999999999997,0.0225,0.0225,False
83003,138,138,0,0.2637266425047565,0.26372664250475664,0.4725467149904868,0.0,0.0026086959955891565,0.010970932889750866,0.011999999999999997,0.0225,0.0225,False
83003,139,139,0,0.26376973141816346,0.26376973141816323,0.47246053716367326,0.0,0.002589928398633599,0.010971043870143256,0.011999999999999997,0.0225,0.0225,False
83003,140,140,0,0.2638127692055711,0.2638127692055714,0.47237446158885743,0.0,0.0025714289102040807,0.010971155369381144,0.011999999999999997,6.868533352549604e-05,0.0024999999999999996,False
83003,141,141,0,0.2636741261051716,0.26367412610517155,0.4726517477896568,0.0,0.0025531918258638923,0.010970798508955257,0.011999999999999997,0.02249999999999999,0.0225,False
83003,142,142,0,0.26371660576987044,0.2637166057698704,0.4725667884602591,0.0,0.002535211601864708,0.01097090713257777,0.011999999999999997,0.0225,0.0225,False
83003,143,143,0,0.2637590357805211,0.26375903578052123,0.4724819284389576,0.0,0.0025174828495280817,0.010971016261508322,0.011999999999999997,0.02249999999999999,0.0225,False
83003,144,144,0,0.2638014162226617,0.2638014162226613,0.472397167554677,0.0,0.0025000003298611064,0.010971125893750336,0.011999999999999997,0.02249999999999999,0.0225,False
83003,145,145,0,0.263843747181631,0.2638437471816309,0.47231250563673804,0.0,0.002482758948394762,0.010971236027314403,0.011999999999999997,6.899376097040931e-05,0.0024999999999999996,False
83003,146,146,0,0.26370687419971917,0.2637068741997191,0.47258625160056167,0.0,0.0024657537502345596,0.010970882192308006,0.011999999999999997,0.02249999999999999,0.0225,False
83003,147,147,0,0.2637486651543395,0.2637486651543394,0.47250266969132104,0.0,0.002448979915313064,0.010970989530166573,0.011999999999999997,6.804928566941327e-05,0.0024999999999999996,False
83003,148,148,0,0.2636149520693191,0.2636149520693194,0.47277009586136143,0.0,0.002432432753834914,0.010970648252277681,0.011999999999999997,0.02249999999999999,0.0225,False
83003,149,149,0,0.2636562164851645,0.2636562164851646,0.47268756702967085,0.0,0.0024161077019053054,0.010970752902553418,0.011999999999999997,6.713720952828463e-05,0.0024999999999999996,False
83003,150,150,0,0.26352554242072335,0.26352554242072335,0.47294891515855325,0.0,0.0024000003173333282,0.010970423551812845,0.011999999999999997,6.585850719892333e-05,0.0024999999999999996,False
83003,151,151,0,0.26339824933916123,0.2633982493391613,0.47320350132167743,0.0,0.0023841062756019497,0.010970108485466572,0.011999999999999997,0.02249999999999999,0.0225,False
83003,152,152,0,0.26343854363542996,0.26343854363542984,0.47312291272914014,0.0,0.0023684213659972294,0.01097020760368004,0.011999999999999997,0.0225,0.0225,False
83003,153,153,0,0.2634787934282231,0.2634787934282235,0.47304241314355333,0.0,0.0023529414878892653,0.01097030718137176,0.011999999999999997,0.0225,0.0225,False
83003,154,154,0,0.2635189987899982,0.26351899878999857,0.4729620024200032,0.0,0.002337662647158027,0.010970407216836339,0.011999999999999997,0.0225,0.0225,False
83003,155,155,0,0.26355915979305367,0.2635591597930536,0.47288168041389267,0.0,0.0023225809527575307,0.010970507708374148,0.011999999999999997,0.0225,0.0225,False
83003,156,156,0,0.2635992765095289,0.26359927650952925,0.4728014469809418,0.0,0.002307692613412217,0.010970608654291308,0.011999999999999997,6.657851576974668e-05,0.0024999999999999996,False
83003,157,157,0,0.2634730120357382,0.2634730120357382,0.47305397592852355,0.0,0.0022929939344395176,0.010970292843276396,0.011999999999999997,6.534793919345289e-05,0.0024999999999999996,False
83003,158,158,0,0.2633499234976355,0.2633499234976355,0.473300153004729,0.0,0.00227848131469315,0.01096999036240274,0.011999999999999997,6.415936466137929e-05,0.0024999999999999996,False
83003,159,159,0,0.26322989257191365,0.2632298925719133,0.473540214856173,0.0,0.0022641512436216878,0.01096970051679819,0.011999999999999997,0.02249999999999999,0.0225,False
83003,160,160,0,0.26326866868565524,0.2632686686856551,0.4734626626286896,0.0,0.0022500002984374937,0.010969793598762316,0.011999999999999997,6.338072472828738e-05,0.0024999999999999996,False
83003,161,161,0,0.2631511687395966,0.2631511687395968,0.47369766252080653,0.0,0.002236025141391134,0.01096951316381855,0.011999999999999997,6.22631661182447e-05,0.0024999999999999996,False
83003,162,162,0,0.26303651537964956,0.26303651537964995,0.47392696924070044,0.0,0.00222222251714677,0.010969244194080081,0.011999999999999997,0.0225,0.0225,False
83003,163,163,0,0.2630744325551652,0.2630744325551653,0.4738511348896694,0.0,0.0022085892502540613,0.01096933263480612,0.011999999999999997,0.0225,0.0225,False
83003,164,164,0,0.26311231052307227,0.26311231052307205,0.47377537895385563,0.0,0.0021951222427126563,0.01096942148793607,0.011999999999999997,6.18957674112489e-05,0.0024999999999999996,False
83003,165,165,0,0.262999609681209,0.26299960968120883,0.4740007806375821,0.0,0.0021818184716253398,0.01096915859721937,0.011999999999999997,6.083634667096124e-05,0.0024999999999999996,False
83003,166,166,0,0.262889571900951,0.26288957190095114,0.4742208561980978,0.0,0.00216867498693569,0.010968906219917966,0.011999999999999997,5.9810782964323637e-05,0.0024999999999999996,False
83003,167,167,0,0.26278210390499984,0.2627821039049995,0.4744357921900006,0.0,0.0021556889092473755,0.010968663838845556,0.011999999999999997,5.881758488575507e-05,0.0024999999999999996,False
83003,168,168,0,0.26267711672144173,0.2626771167214417,0.47464576655711654,0.0,0.0021428574277210844,0.010968430967485523,0.011999999999999997,0.0225,0.0225,False
83003,169,169,0,0.2627134239467019,0.26271342394670166,0.4745731521065964,0.0,0.002130177798046282,0.010968511062672643,0.011999999999999997,0.0225,0.0225,False
83003,170,170,0,0.26274969540437576,0.26274969540437576,0.4745006091912484,0.0,0.002117647340484421,0.010968591540964868,0.011999999999999997,5.851970384556987e-05,0.0024999999999999996,False
83003,171,171,0,0.26264637668510826,0.2626463766851081,0.4747072466297836,0.0,0.0021052634379809137,0.010968363515450923,0.011999999999999997,0.0225,0.0225,False
83003,172,172,0,0.2626822498538554,0.26268224985385547,0.47463550029228907,0.0,0.002093023534342881,0.010968442263296733,0.011999999999999997,0.02249999999999999,0.0225,False
83003,173,173,0,0.262718088119758,0.26271808811975833,0.4745638237604836,0.0,0.0020809251324801973,0.010968521385562093,0.011999999999999997,0.0225,0.0225,False
83003,174,174,0,0.262753891532911,0.2627538915329111,0.4744922169341778,0.0,0.0020689657927070947,0.010968600881041386,0.011999999999999997,5.855822972397376e-05,0.0024999999999999996,False
83003,175,175,0,0.2626518374145631,0.2626518374145631,0.47469632517087373,0.0,0.0020571431311020467,0.01096837547355601,0.011999999999999997,5.7624836387234064e-05,0.0024999999999999996,False
83003,176,176,0,0.26255205488197325,0.2625520548819731,0.4748958902360536,0.0,0.002045454817923549,0.01096815861786445,0.011999999999999997,5.671946943362404e-05,0.0024999999999999996,False
83003,177,177,0,0.26245446893431645,0.26245446893431634,0.47509106213136715,0.0,0.0020338985760796732,0.010967949916172278,0.011999999999999997,0.0225,0.0225,False
83003,178,178,0,0.2624891977178549,0.26248919771785495,0.4750216045642901,0.0,0.0020224721796490287,0.010968023805600885,0.011999999999999997,5.6152821468842006e-05,0.0024999999999999996,False
83003,179,179,0,0.2623934030700424,0.26239340307004233,0.47521319385991523,0.0,0.0020111734524515435,0.010967821018252125,0.011999999999999997,0.0225,0.0225,False
83003,180,180,0,0.2624277663462113,0.26242776634621107,0.4751444673075776,0.0,0.002000000266666663,0.010967893391271504,0.011999999999999997,0.0225,0.0225,False
83003,181,181,0,0.26246209770848317,0.2624620977084832,0.47507580458303356,0.0,0.001988950541497497,0.01096796611097232,0.011999999999999997,5.590939654648188e-05,0.0024999999999999996,False
83003,182,182,0,0.26236771279977095,0.262367712799771,0.475264574400458,0.0,0.0019780222418789976,0.010967767182342547,0.011999999999999997,5.5065715163142935e-05,0.0024999999999999996,False
83003,183,183,0,0.2622753365063141,0.2622753365063143,0.4754493269873715,0.0,0.001967213377228341,0.010967575514914032,0.011999999999999997,0.0225,0.0225,False
83003,184,184,0,0.26230899123902585,0.2623089912390256,0.4753820175219485,0.0,0.0019565220002362932,0.010967644996776275,0.011999999999999997,0.0225,0.0225,False
83003,185,185,0,0.2623426154105155,0.2623426154105153,0.47531476917896914,0.0,0.0019459462056975795,0.010967714812559006,0.011999999999999997,0.02249999999999999,0.0225,False
83003,186,186,0,0.26237620906173637,0.2623762090617365,0.4752475818765271,0.0,0.001935484129379128,0.010967784961265927,0.011999999999999997,0.0225,0.0225,False
83003,187,187,0,0.26240977223356815,0.26240977223356804,0.47518045553286375,0.0,0.001925133946924423,0.010967855441903497,0.011999999999999997,5.5440880880053766e-05,0.0024999999999999996,False
83003,188,188,0,0.26231809061235783,0.26231809061235783,0.4753638187752843,0.0,0.0019148938727931233,0.010967663851158856,0.011999999999999997,0.0225,0.0225,False
83003,189,189,0,0.2623513122245154,0.26235131222451546,0.47529737555096907,0.0,0.001904762159234064,0.010967732934843478,0.011999999999999997,0.02249999999999999,0.0225,False
83003,190,190,0,0.2623845040385431,0.26238450403854324,0.4752309919229136,0.0,0.0018947370952908584,0.010967802343432538,0.011999999999999997,0.0225,0.0225,False
83003,191,191,0,0.26241766609388034,0.2624176660938804,0.4751646678122392,0.0,0.0018848170058386438,0.010967872075967722,0.011999999999999997,0.0225,0.0225,False
83003,192,192,0,0.26245079842989566,0.262450798429896,0.4750984031402083,0.0,0.0018750002506510367,0.010967942131493337,0.011999999999999997,5.580805735508282e-05,0.0024999999999999996,False
83003,193,193,0,0.2623598053238819,0.26235980532388203,0.475280389352236,0.0,0.0018652852234959457,0.010967750658252833,0.011999999999999997,0.0225,0.0225,False
83003,194,194,0,0.2623926047993854,0.26239260479938503,0.4752147904012295,0.0,0.001855670351259433,0.010967819341928144,0.011999999999999997,0.02249999999999999,0.0225,False
83003,195,195,0,0.26242537521163434,0.2624253752116341,0.4751492495767315,0.0,0.0018461540930966554,0.010967888341849627,0.011999999999999997,5.5580381693961905e-05,0.0024999999999999996,False
83003,196,196,0,0.2623356570519504,0.2623356570519508,0.4753286858960988,0.0,0.0018367349396084943,0.010967700331958645,0.011999999999999997,5.478063656520177e-05,0.0024999999999999996,False
83003,197,197,0,0.2622477622933854,0.26224776229338526,0.47550447541322927,0.0,0.001827411412043584,0.010967518882889653,0.011999999999999997,0.0225,0.0225,False
83003,198,198,0,0.2622799156018416,0.2622799156018417,0.4754401687963166,0.0,0.001818182061524339,0.010967584945317412,0.011999999999999997,5.428667778780766e-05,0.0024999999999999996,False
83003,199,199,0,0.2621935028974442,0.2621935028974443,0.47561299420511144,0.0,0.001809045468296245,0.010967408223996451,0.011999999999999997,5.352534464759338e-05,0.0024999999999999996,False
83003,200,200,0,0.2621088107097308,0.26210881070973097,0.4757823785805382,0.0,0.0018000002410000053,0.010967237564492223,0.011999999999999997,0.0225,0.0225,False
83003,201,201,0,0.2621403694918483,0.26214036949184844,0.4757192610163032,0.0,0.0017910450159649308,0.010967300862923794,0.011999999999999997,0.005091948344292698,0.0024999999999999996,False
83003,202,202,0,0.2718151885632307,0.25362801240052313,0.47455679903624615,0.0,0.002003739190773521,0.010968901284317644,0.011999999999999997,5.826208277537694e-05,0.0024999999999999996,False
83003,203,203,0,0.2716984708241477,0.25356729925935273,0.4747342299164995,0.0,0.001993875395225555,0.010968703847637064,0.011999999999999997,0.02249999999999999,0.0225,False
83003,204,204,0,0.2716997804808061,0.25362796126668075,0.4746722582525131,0.0,0.001984107605865873,0.010968769276291448,0.011999999999999997,5.7734505182465135e-05,0.0024999999999999996,False
83003,205,205,0,0.2715848553938661,0.2535683759348957,0.4748467686712382,0.0,0.001974435658255608,0.010968576838884206,0.011999999999999997,5.6941654165038256e-05,0.0024999999999999996,False
83003,206,206,0,0.27147175386967487,0.2535103279077593,0.47501791822256584,0.0,0.0019648574704933456,0.010968390678411669,0.011999999999999997,0.0225,0.0225,False
83003,207,207,0,0.27147307357546896,0.2535698751435682,0.47495705128096277,0.0,0.001955371301750609,0.010968453447453317,0.011999999999999997,5.6443435248989426e-05,0.0024999999999999996,False
83003,208,208,0,0.27136167300893604,0.2535128779693868,0.4751254490216771,0.0,0.0019459767308604408,0.01096827189375892,0.011999999999999997,5.568689577358654e-05,0.0024999999999999996,False
83003,209,209,0,0.2712520036104202,0.2534573302033146,0.47529066618626514,0.0,0.0019366719284850122,0.010968096164075049,0.011999999999999997,5.494960597667235e-05,0.0024999999999999996,False
83003,210,210,0,0.271144020391043,0.2534031875626962,0.4754527920462607,0.0,0.0019274556163334634,0.010967926028074134,0.011999999999999997,5.423088764917084e-05,0.0024999999999999996,False
83003,211,211,0,0.271037679982777,0.25335040745376924,0.4756119125634537,0.0,0.0019183265401781766,0.010967761266431243,0.011999999999999997,5.353009279313644e-05,0.0024999999999999996,False
83003,212,212,0,0.2709329405648337,0.2532989488933137,0.47576811054185253,0.0,0.0019092834692958228,0.010967601670206622,0.011999999999999997,5.2846602004068904e-05,0.0024999999999999996,False
83003,213,213,0,0.27082976179405355,0.2532487724345958,0.4759214657713506,0.0,0.0019003251959238486,0.010967447040268068,0.011999999999999997,0.02249999999999999,0.0225,False
83003,214,214,0,0.2708308276795304,0.25330557269917797,0.47586359962129154,0.0,0.0018914507581680668,0.010967502151451055,0.011999999999999997,5.243092409171855e-05,0.0024999999999999996,False
83003,215,215,0,0.2707291094545818,0.25325623701993805,0.4760146535254801,0.0,0.0018826586509310868,0.010967351098242605,0.011999999999999997,5.177671609524852e-05,0.0024999999999999996,False
83003,216,216,0,0.2706288774975041,0.25320811402679666,0.47616300847569915,0.0,0.0018739478463641725,0.010967204672896335,0.011999999999999997,5.113819484366297e-05,0.0024999999999999996,False
83003,217,217,0,0.2705300954490951,0.2531611683784819,0.476308736172423,0.0,0.0018653172235775753,0.010967062701474194,0.011999999999999997,0.0225,0.0225,False
83003,218,218,0,0.27053113324446215,0.2532165814515902,0.47625228530394753,0.0,0.0018567660952503527,0.010967114568584083,0.011999999999999997,5.075585579565934e-05,0.0024999999999999996,False
83003,219,219,0,0.27043370981075054,0.25317039281165366,0.4763958973775958,0.0,0.001848292648188922,0.010966975776287052,0.011999999999999997,0.005483236948627802,0.0024999999999999996,False
83003,220,220,0,0.2623416298569248,0.26234162985692455,0.4753167402861506,0.0,0.0020454547634297525,0.010967712760552615,0.011999999999999997,5.4833697909120586e-05,0.0024999999999999996,False
83003,221,221,0,0.2622665150006703,0.26226651500067044,0.47546696999865923,0.0,0.002036199312053382,0.010967557368239414,0.011999999999999997,5.4168260494201575e-05,0.0024999999999999996,False
83003,222,222,0,0.2621926926780151,0.26219269267801537,0.4756146146439695,0.0,0.00202702724312148,0.010967406579431425,0.011999999999999997,5.3518231706589494e-05,0.0024999999999999996,False
83003,223,223,0,0.26212012981491734,0.2621201298149172,0.4757597403701654,0.0,0.00201793743489715,0.010967260227367628,0.011999999999999997,0.0225,0.0225,False
83003,224,224,0,0.2621471689515122,0.2621471689515119,0.47570566209697585,0.0,0.002008928785674408,0.010967314546584766,0.011999999999999997,5.311933687316825e-05,0.0024999999999999996,False
83003,225,225,0,0.26207563072925283,0.26207563072925255,0.47584873854149456,0.0,0.0020000002133333263,0.010967171391352056,0.011999999999999997,0.005094720494359456,0.0024999999999999996,False
83003,226,226,0,0.2704508382896661,0.25469203456517486,0.47485712714515893,0.0,0.0021892885406440115,0.010968479848350424,0.011999999999999997,5.6894764985522974e-05,0.0024999999999999996,False
83003,227,227,0,0.27035553534450957,0.25463877991394057,0.4750056847415498,0.0,0.002179648508022761,0.010968318694301767,0.011999999999999997,5.622442157149154e-05,0.0024999999999999996,False
83003,228,228,0,0.2702615589894431,0.25458666268774777,0.4751517783228091,0.0,0.002170092955406015,0.01096816208782175,0.011999999999999997,5.5569070846693816e-05,0.0024999999999999996,False
83003,229,229,0,0.27016887865719363,0.25453565265256844,0.47529546869023787,0.0,0.0021606207783172893,0.010968009870676178,0.011999999999999997,0.02249999999999999,0.0225,False
83003,230,230,0,0.27017283687367366,0.2545837593671666,0.47524340375915974,0.0,0.002151231765009845,0.010968062733378574,0.011999999999999997,5.5160015168878734e-05,0.0024999999999999996,False
83003,231,231,0,0.27008135527441424,0.25453351907429633,0.47538512565128943,0.0,0.002141923172044227,0.010967913731689542,0.011999999999999997,5.453028352825294e-05,0.0024999999999999996,False
83003,232,232,0,0.26999111315759405,0.25448433207610993,0.4755245547662959,0.0,0.0021326947517115113,0.010967768847429678,0.011999999999999997,5.3914267744924084e-05,0.0024999999999999996,False
83003,233,233,0,0.2699020827121022,0.25443617098898397,0.4756617462989138,0.0,0.0021235454737245684,0.01096762794059234,0.011999999999999997,5.331155338965926e-05,0.0024999999999999996,False
83003,234,234,0,0.2698142369892511,0.25438900932431097,0.4757967536864378,0.0,0.0021144743253379114,0.010967490876923364,0.011999999999999997,5.272174189034635e-05,0.0024999999999999996,False
83003,235,235,0,0.26972754986906555,0.25434282145282283,0.4759296286781116,0.0,0.002105480310977645,0.010967357527643162,0.011999999999999997,5.214444980162285e-05,0.0024999999999999996,False
83003,236,236,0,0.2696419960281553,0.2542975825705891,0.4760604214012556,0.0,0.0020965624518805527,0.010967227769184237,0.011999999999999997,0.0225,0.0225,False
83003,237,237,0,0.26964567401629114,0.25434375744882554,0.47601056853488327,0.0,0.00208772094316156,0.010967275054399817,0.011999999999999997,5.179435398175777e-05,0.0024999999999999996,False
83003,238,238,0,0.2695611701279591,0.2542991570839029,0.47613967278813796,0.0,0.0020789525802826377,0.010967147882102162,0.011999999999999997,5.1238369319140983e-05,0.0024999999999999996,False
83003,239,239,0,0.269477752604746,0.25425546165767565,0.4762667857375783,0.0,0.002070257531732772,0.010967024088887702,0.011999999999999997,5.069389133034146e-05,0.0024999999999999996,False
83003,240,240,0,0.26939539829638715,0.25421264859976855,0.47639195310384425,0.0,0.0020616348826360156,0.010966903564774484,0.011999999999999997,5.016058904259788e-05,0.0024999999999999996,False
83003,241,241,0,0.26931408473594787,0.254170696045468,0.4765152192185841,0.0,0.002053083733248854,0.010966786204100973,0.011999999999999997,0.02249999999999999,0.0225,False
83003,242,242,0,0.26931763366985695,0.2542156148694744,0.4764667514606686,0.0,0.0020446044728867872,0.01096683025513304,0.011999999999999997,0.02249999999999999,0.0225,False
83003,243,243,0,0.269321279087484,0.2542604053830887,0.47641831552942726,0.0,0.002036194912137647,0.010966874493715292,0.011999999999999997,5.004862582226844e-05,0.0024999999999999996,False
83003,244,244,0,0.26924087616468445,0.25421874765040675,0.47654037618490874,0.0,0.002027853106603907,0.01096675857513257,0.011999999999999997,4.95318554591038e-05,0.0024999999999999996,False
83003,245,245,0,0.26916147365315884,0.2541779146614265,0.47666061168541474,0.0,0.002019579343631617,0.010966645657748852,0.011999999999999997,4.902543422091027e-05,0.0024999999999999996,False
83003,246,246,0,0.2690830509195895,0.2541378864140875,0.47677906266632286,0.0,0.0020113727947565926,0.010966535646641937,0.011999999999999997,4.8529073758910156e-05,0.0024999999999999996,False
83003,247,247,0,0.2690055879206878,0.2540986435136571,0.4768957685656551,0.0,0.0020032326448880334,0.010966428450510645,0.011999999999999997,4.80424959154593e-05,0.0024999999999999996,False
83003,248,248,0,0.26892906518187465,0.25406016715027313,0.4770107676678521,0.0,0.001995158092040664,0.01096632398151243,0.011999999999999997,0.02249999999999999,0.0225,False
83003,249,249,0,0.268932543438616,0.25410350651973734,0.4769639500416466,0.0,0.0019871496672668027,0.01096636452152316,0.011999999999999997,4.7759363791537484e-05,0.0024999999999999996,False
83003,250,250,0,0.26885689321236006,0.2540655221903899,0.47707758459724997,0.0,0.0019792039949810825,0.01096626196939715,0.011999999999999997,0.02249999999999999,0.0225,False
83003,251,251,0,0.268860413513061,0.25410848526029683,0.4770311012266421,0.0,0.0019713228636560783,0.010966301958079558,0.011999999999999997,4.7481327977468516e-05,0.0024999999999999996,False
83003,252,252,0,0.26878561911785276,0.254070981737192,0.4771433991449552,0.0,0.0019635030107779767,0.010966201271551602,0.011999999999999997,0.0225,0.0225,False
83003,253,253,0,0.2687891805681873,0.25411357412639934,0.4770972453054132,0.0,0.0019557461621913428,0.010966240720643918,0.011999999999999997,0.02249999999999999,0.0225,False
83003,254,254,0,0.26879283063582843,0.25415604917877277,0.47705112018539875,0.0,0.0019480503157218978,0.010966280341344609,0.011999999999999997,4.7398597627051005e-05,0.0024999999999999996,False
83003,255,255,0,0.2687188274884717,0.25411876773943587,0.4771624047720924,0.0,0.0019404136813776797,0.010966180771116812,0.011999999999999997,0.0225,0.0225,False
83003,256,256,0,0.26872251643465694,0.25416087942648663,0.4771166041388563,0.0,0.0019328377784612577,0.010966219861331908,0.011999999999999997,0.02249999999999999,0.0225,False
83003,257,257,0,0.26872629182174856,0.2542028764005575,0.47707083177769394,0.0,0.0019253207615213207,0.010966259120436559,0.011999999999999997,0.005437460337278365,0.0024999999999999996,False
83003,258,258,0,0.26190310540414935,0.26190310540414896,0.47619378919170163,0.0,0.0020930234414999103,0.010966833540495696,0.011999999999999997,0.0225,0.0225,False
83003,259,259,0,0.2619257712729051,0.26192577127290534,0.4761484574541895,0.0,0.0020849422699423087,0.01096687733022558,0.011999999999999997,0.0225,0.0225,False
83003,260,260,0,0.26194842335029256,0.26194842335029245,0.47610315329941494,0.0,0.002076923261242601,0.010966921273469737,0.011999999999999997,5.1395335400813526e-05,0.0024999999999999996,False
83003,261,261,0,0.26188997139249653,0.26188997139249653,0.4762200572150069,0.0,0.002068965700885188,0.010966808248526756,0.011999999999999997,5.089371109717911e-05,0.0024999999999999996,False
83003,262,262,0,0.26183234068870276,0.26183234068870276,0.47633531862259443,0.0,0.002061068885263101,0.010966697985673872,0.011999999999999997,0.02249999999999999,0.0225,False
83003,263,263,0,0.2618546958223818,0.2618546958223817,0.47629060835523646,0.0,0.0020532321214705904,0.01096674061858837,0.011999999999999997,0.02249999999999999,0.0225,False
83003,264,264,0,0.26187703755333325,0.26187703755333286,0.47624592489333384,0.0,0.002045454727100535,0.010966783401198095,0.011999999999999997,0.02249999999999999,0.0225,False
83003,265,265,0,0.2618993658934216,0.26189936589342167,0.47620126821315667,0.0,0.0020377360300462746,0.0109668263332106,0.011999999999999997,5.097416711958956e-05,0.0024999999999999996,False
83003,266,266,0,0.26184212283804237,0.2618421228380423,0.47631575432391526,0.0,0.0020300753683079745,0.010966716619380534,0.011999999999999997,0.02249999999999999,0.0225,False
83003,267,267,0,0.26186429934504224,0.2618642993450422,0.4762714013099155,0.0,0.002022472089803476,0.010966758987089164,0.011999999999999997,5.067417562155674e-05,0.0024999999999999996,False
83003,268,268,0,0.26180771193948704,0.26180771193948665,0.47638457612102625,0.0,0.0020149255521831133,0.01096665121988481,0.011999999999999997,0.005106200948235212,0.0024999999999999996,False
83003,269,269,0,0.26885727967287165,0.2555740018375592,0.47556871848956916,0.0,0.00217402997272955,0.010967651749229685,0.011999999999999997,5.3719876461772766e-05,0.0024999999999999996,False
83003,270,270,0,0.26878380661820456,0.2555305234586385,0.4756856699231568,0.0,0.0021659804751708216,0.010967532298508253,0.011999999999999997,5.320679823771106e-05,0.0024999999999999996,False
83003,271,271,0,0.26871118832823104,0.2554877833621261,0.4758010283096429,0.0,0.0021579903461436327,0.010967415643971558,0.011999999999999997,0.02249999999999999,0.0225,False
83003,272,272,0,0.2687170162864839,0.2555251977852402,0.4757577859282759,0.0,0.002150059740409127,0.010967457963132584,0.011999999999999997,5.2891644878936864e-05,0.0024999999999999996,False
83003,273,273,0,0.2686451794502624,0.2554829770962542,0.4758718434534833,0.0,0.0021421864285957807,0.010967343341196695,0.011999999999999997,0.02249999999999999,0.0225,False
83003,274,274,0,0.2686510123941844,0.25552010161167027,0.47582888599414536,0.0,0.002134371334328309,0.0109673851209201,0.011999999999999997,0.0225,0.0225,False
83003,275,275,0,0.26865690682119414,0.2555571396015388,0.47578595357726705,0.0,0.0021266130240134274,0.010967427044100904,0.011999999999999997,5.276880397460405e-05,0.0024999999999999996,False
83003,276,276,0,0.2685857806247932,0.25551522793148834,0.4758989914437184,0.0,0.002118910208508471,0.010967313731304593,0.011999999999999997,5.227727520869627e-05,0.0024999999999999996,False
83003,277,277,0,0.2685154646506819,0.25547401365983485,0.47601052168948327,0.0,0.002111262974863154,0.01096720302245428,0.011999999999999997,0.004822658109530074,0.0024999999999999996,False
83003,278,278,0,0.275025452390619,0.2497218269700253,0.47525272063935564,0.0,0.0022635841353703403,0.010968499889654823,0.011999999999999997,0.02249999999999999,0.0225,False
83003,279,279,0,0.27501762375864114,0.249771875838791,0.4752105004025678,0.0,0.002255482809964143,0.010968540863075946,0.011999999999999997,5.530673612619795e-05,0.0024999999999999996,False
83003,280,280,0,0.27493311237389384,0.24974140389174798,0.4753254837343581,0.0,0.002247436395067416,0.010968417612309826,0.011999999999999997,5.479485776490818e-05,0.0024999999999999996,False
83003,281,281,0,0.2748494540043564,0.24971158842609034,0.4754389575695531,0.0,0.0022394471199179713,0.010968297094418534,0.011999999999999997,0.005637986007137168,0.0024999999999999996,False
83003,282,282,0,0.2688022777988387,0.2565888331754578,0.47460888902570353,0.0,0.002392980358120577,0.010968639400574014,0.011999999999999997,5.802376648581357e-05,0.0024999999999999996,False
83003,283,283,0,0.2687310246063368,0.256542770654535,0.47472620473912813,0.0,0.0023845267462537334,0.010968509905449942,0.011999999999999997,5.7488825419962106e-05,0.0024999999999999996,False
83003,284,284,0,0.26866057360231627,0.25649742398974784,0.47484200240793584,0.0,0.002376132635716784,0.010968383265173192,0.011999999999999997,5.6963235855807476e-05,0.0024999999999999996,False
83003,285,285,0,0.26859091011265684,0.25645277858016396,0.4749563113071792,0.0,0.002367797400852229,0.010968259402051483,0.011999999999999997,5.644677090086279e-05,0.0024999999999999996,False
83003,286,286,0,0.2685220198309543,0.25640882020501893,0.4750691599640267,0.0,0.002359520424733811,0.010968138240952809,0.011999999999999997,5.5939210640935935e-05,0.0024999999999999996,False
83003,287,287,0,0.26845388880694115,0.2563655350115676,0.4751805761814912,0.0,0.0023513010990150593,0.01096801970920605,0.011999999999999997,0.02249999999999999,0.0225,False
83003,288,288,0,0.26846073350280036,0.25639881239881435,0.47514045409838523,0.0,0.002343139712466036,0.010968061306403303,0.011999999999999997,0.02249999999999999,0.0225,False
83003,289,289,0,0.26846762474415,0.25643202131672527,0.4751003539391247,0.0,0.0023350347581121956,0.010968103026307467,0.011999999999999997,0.005339282421587054,0.0024999999999999996,False
83003,290,290,0,0.26283647473159744,0.26283647473159766,0.47432705053680485,0.0,0.002482758784542197,0.010968785959014286,0.011999999999999997,0.0225,0.0225,False
83003,291,291,0,0.2628563562793643,0.2628563562793642,0.4742872874412714,0.0,0.0024742269674425128,0.010968830873256662,0.011999999999999997,5.950292284150174e-05,0.0024999999999999996,False
83003,292,292,0,0.26279866504766985,0.26279866504767,0.47440266990466007,0.0,0.002465753587446041,0.01096870092628167,0.011999999999999997,0.02249999999999999,0.0225,False
83003,293,293,0,0.2628184263678558,0.2628184263678556,0.4743631472642886,0.0,0.0024573380462206856,0.010968745306245522,0.011999999999999997,0.0225,0.0225,False
83003,294,294,0,0.26283817707250184,0.2628381770725017,0.4743236458549964,0.0,0.0024489797535748926,0.010968789799327501,0.011999999999999997,0.0225,0.0225,False
83003,295,295,0,0.2628579171700217,0.26285791717002177,0.47428416565995646,0.0,0.0024406781273197324,0.010968834405325874,0.011999999999999997,0.02249999999999999,0.0225,False
83003,296,296,0,0.2628776466688203,0.26287764666882013,0.4742447066623595,0.0,0.002432432593133681,0.010968879124039236,0.011999999999999997,5.970016214171166e-05,0.0024999999999999996,False
83003,297,297,0,0.26282024432907786,0.2628202443290777,0.4743595113418444,0.0,0.0024242425844301645,0.010968749395906922,0.011999999999999997,0.02249999999999999,0.0225,False
83003,298,298,0,0.2628398554329164,0.26283985543291655,0.474320289134167,0.0,0.0024161075422278154,0.01096879358653889,0.011999999999999997,0.02249999999999999,0.0225,False
83003,299,299,0,0.2628594560786788,0.2628594560786786,0.47428108784264256,0.0,0.002408026915023314,0.010968837888490197,0.011999999999999997,5.953161983020804e-05,0.0024999999999999996,False
83003,300,300,0,0.2628025530706322,0.26280255307063183,0.4743948938587359,0.0,0.002400000158666658,0.010968709647170751,0.011999999999999997,0.02249999999999999,0.0225,False
83003,301,301,0,0.26282203685342825,0.2628220368534279,0.47435592629314377,0.0,0.002392026736239115,0.010968753429481688,0.011999999999999997,5.918566646544045e-05,0.0024999999999999996,False
83003,302,302,0,0.2627657301568106,0.26276573015681065,0.4744685396863787,0.0,0.0023841061179334148,0.010968627265706781,0.011999999999999997,0.0225,0.0225,False
83003,303,303,0,0.2627850984518945,0.26278509845189446,0.47442980309621097,0.0,0.002376237780936512,0.010968670537778759,0.011999999999999997,5.884514727286889e-05,0.0024999999999999996,False
83003,304,304,0,0.2627293775070275,0.26272937750702724,0.4745412449859452,0.0,0.0023684212093144047,0.010968546403185418,0.011999999999999997,0.02249999999999999,0.0225,False
83003,305,305,0,0.2627486316657244,0.2627486316657247,0.47450273666855086,0.0,0.0023606558938994897,0.010968589174192748,0.011999999999999997,0.02249999999999999,0.0225,False
83003,306,306,0,0.26276787575635946,0.2627678757563598,0.4744642484872807,0.0,0.0023529413321799393,0.010968632052856576,0.011999999999999997,0.02249999999999999,0.0225,False
83003,307,307,0,0.26278710978670056,0.26278710978670056,0.47442578042659883,0.0,0.0023452770281912863,0.01096867503899027,0.011999999999999997,5.8863663610968066e-05,0.0024999999999999996,False
83003,308,308,0,0.262731758925026,0.26273175892502615,0.4745364821499478,0.0,0.00233766249241018,0.010968551686193224,0.011999999999999997,0.02249999999999999,0.0225,False
83003,309,309,0,0.26275088039203776,0.2627508803920374,0.47449823921592477,0.0,0.0023300972416501727,0.010968594177978408,0.011999999999999997,0.02249999999999999,0.0225,False
83003,310,310,0,0.2627699919288573,0.26276999192885725,0.4744600161422854,0.0,0.0023225807989594163,0.01096863677593304,0.011999999999999997,5.870616979070914e-05,0.0024999999999999996,False
83003,311,311,0,0.26271510749310795,0.26271510749310784,0.47456978501378416,0.0,0.0023151126935205286,0.01096851478786801,0.011999999999999997,0.02249999999999999,0.0225,False
83003,312,312,0,0.2627341078873722,0.26273410788737234,0.4745317842252554,0.0,0.0023076924605522527,0.01096855689915052,0.011999999999999997,0.0225,0.0225,False
83003,313,313,0,0.26275309847904005,0.26275309847904005,0.47449380304191985,0.0,0.002300319641213031,0.010968599115325384,0.011999999999999997,5.855094749379382e-05,0.0024999999999999996,False
83003,314,314,0,0.26269867304412303,0.2626986730441229,0.474602653911754,0.0,0.0022929937825063814,0.010968478465788531,0.011999999999999997,5.805226694935274e-05,0.0024999999999999996,False
83003,315,315,0,0.26264489710079875,0.26264489710079875,0.47471020579840245,0.0,0.002285714437188201,0.010968360277205259,0.011999999999999997,0.005070370038506136,0.0024999999999999996,False
83003,316,316,0,0.268418540705141,0.25757434677152113,0.4740071125233378,0.0,0.002420379824031501,0.010969283572696135,0.011999999999999997,6.0806717943697873e-05,0.0024999999999999996,False
83003,317,317,0,0.2683535237778677,0.2575291297541725,0.4741173464679597,0.0,0.0024127461549009054,0.010969156206421273,0.011999999999999997,6.0292057847367126e-05,0.0024999999999999996,False
83003,318,318,0,0.2682891850936971,0.2574845321700605,0.47422628273624234,0.0,0.002405160475093888,0.010969031383676026,0.011999999999999997,5.9785605143290706e-05,0.0024999999999999996,False
83003,319,319,0,0.268225513262379,0.2574405426301057,0.4743339441075153,0.0,0.002397622333718171,0.01096890904156165,0.011999999999999997,0.0225,0.0225,False
83003,320,320,0,0.26823336288772415,0.2574694668454631,0.4742971702668126,0.0,0.002390131721738722,0.010968950041335286,0.011999999999999997,5.945719106638971e-05,0.0024999999999999996,False
83003,321,321,0,0.268170292528065,0.25742594090513543,0.4744037665667995,0.0,0.0023826873453664343,0.010968829568022717,0.011999999999999997,0.02249999999999999,0.0225,False
83003,322,322,0,0.2681781194869752,0.2574546819165715,0.47436719859645327,0.0,0.002375289612162596,0.010968870116827949,0.011999999999999997,5.9133645701429856e-05,0.0024999999999999996,False
83003,323,323,0,0.26811564104066,0.2574116113284008,0.47447274763093916,0.0,0.0023679372621641377,0.01096875147128631,0.011999999999999997,0.02249999999999999,0.0225,False
83003,324,324,0,0.2681234455676822,0.25744017117793716,0.47443638325438064,0.0,0.0023606306910166457,0.01096879157679333,0.011999999999999997,0.004839006284586328,0.0024999999999999996,False
83003,325,325,0,0.2735330238371488,0.2526910324251682,0.47377594373768295,0.0,0.0024903849473349895,0.010969909510827169,0.011999999999999997,0.02249999999999999,0.0225,False
83003,326,326,0,0.2735314385846309,0.25272881259779323,0.47373974881757586,0.0,0.0024827531361400015,0.010969950295079911,0.011999999999999997,0.0225,0.0225,False
83003,327,327,0,0.2735299181876181,0.2527665096435276,0.4737035721688542,0.0,0.0024751678956972142,0.010969991183085401,0.011999999999999997,6.22351905010791e-05,0.0024999999999999996,False
83003,328,328,0,0.2734576033546135,0.2527303971250871,0.47381199952029934,0.0,0.002467627473239044,0.010969861792493527,0.011999999999999997,6.172302322123203e-05,0.0024999999999999996,False
83003,329,329,0,0.27338595722672593,0.25269485198437563,0.47391919078889844,0.0,0.0024601328143438457,0.0109697348794277,0.011999999999999997,0.0225,0.0225,False
83003,330,330,0,0.2733844615034512,0.25273214554936335,0.4738833929471854,0.0,0.0024526849733505474,0.010969774785557489,0.011999999999999997,0.02249999999999999,0.0225,False
83003,331,331,0,0.2733830292219521,0.2527693578232795,0.4738476129547684,0.0,0.002445282033214481,0.01096981479335439,0.011999999999999997,0.0225,0.0225,False
83003,332,332,0,0.2733816599852527,0.25280648921865534,0.4738118507960919,0.0,0.0024379235903513752,0.010969854902593296,0.011999999999999997,6.172372428535336e-05,0.0024999999999999996,False
83003,333,333,0,0.27331061387210837,0.2527710267398131,0.4739183593880786,0.0,0.002430608085717471,0.010969728818772388,0.011999999999999997,0.0055009948697357595,0.0024999999999999996,False
83003,334,334,0,0.26840857624105724,0.2583805242217625,0.4732108995371802,0.0,0.0025594240494036568,0.0109702125468058,0.011999999999999997,0.02249999999999999,0.0225,False
83003,335,335,0,0.268417086509981,0.2584072848640756,0.47317562862594337,0.0,0.0025517856666956115,0.010970255423069834,0.011999999999999997,0.02249999999999999,0.0225,False
83003,336,336,0,0.26842562125047464,0.2584340038980061,0.4731403748515193,0.0,0.0025441927269166413,0.010970298389621696,0.011999999999999997,6.492955168052079e-05,0.0024999999999999996,False
83003,337,337,0,0.26836249895164266,0.2583875893350607,0.47324991171329656,0.0,0.002536644565292576,0.010970163598776372,0.011999999999999997,6.440105010117827e-05,0.0024999999999999996,False
83003,338,338,0,0.2683000108546347,0.2583417652160583,0.473358223929307,0.0,0.002529141049980806,0.010970031347596509,0.011999999999999997,0.0225,0.0225,False
83003,339,339,0,0.26830846147592985,0.25836820920664294,0.47332332931742715,0.0,0.002521682079703606,0.010970073318962423,0.011999999999999997,6.404802828357966e-05,0.0024999999999999996,False
83003,340,340,0,0.2682465441721164,0.2583228499180078,0.47343060590987573,0.0,0.002514266693091086,0.010969943018633842,0.011999999999999997,6.353394320846933e-05,0.0024999999999999996,False
83003,341,341,0,0.2681852415660315,0.25827806176810997,0.4735366966658585,0.0,0.0025068947819123816,0.010969815149311774,0.011999999999999997,6.302757810193064e-05,0.0024999999999999996,False
83003,342,342,0,0.26812454390142293,0.25823383496015484,0.47364162113842223,0.0,0.002499565965112796,0.01096968965464574,0.011999999999999997,6.252877225894236e-05,0.0024999999999999996,False
83003,343,343,0,0.26806444163252224,0.2581901599143423,0.4737453984531354,0.0,0.0024922798660738815,0.010969566479871282,0.011999999999999997,6.20373692146162e-05,0.0024999999999999996,False
83003,344,344,0,0.26800492541835425,0.25814702726194044,0.47384804731970526,0.0,0.002485036112549009,0.010969445571757278,0.011999999999999997,0.0225,0.0225,False
83003,345,345,0,0.2680131398043044,0.2581728642003972,0.47381399599529833,0.0,0.002477834681825204,0.010969485066498256,0.011999999999999997,6.171361251608235e-05,0.0024999999999999996,False
83003,346,346,0,0.26795415031294584,0.2581301542360175,0.4739156954510366,0.0,0.002470674533641924,0.010969365884803059,0.011999999999999997,6.123518494227622e-05,0.0024999999999999996,False
83003,347,347,0,0.26789572938138323,0.2580879694208401,0.4740163011977766,0.0,0.0024635556394895894,0.010969248875498506,0.011999999999999997,0.005266928748503914,0.0024999999999999996,False
83003,348,348,0,0.26331791250349723,0.26331791250349706,0.47336417499300565,0.0,0.002586207032798243,0.010969912569117746,0.011999999999999997,6.385204564229022e-05,0.0024999999999999996,False
83003,349,349,0,0.26326647142138826,0.263266471421388,0.4734670571572237,0.0,0.0025787966974819554,0.010969788310129399,0.011999999999999997,0.02249999999999999,0.0225,False
83003,350,350,0,0.2632831414387151,0.26328314143871534,0.4734337171225695,0.0,0.00257142870693878,0.01096982847582029,0.011999999999999997,6.351906473312915e-05,0.0024999999999999996,False
83003,351,351,0,0.26323216991365705,0.2632321699136567,0.47353566017268617,0.0,0.0025641026992475552,0.010969705968963763,0.011999999999999997,0.02249999999999999,0.0225,False
83003,352,352,0,0.263248755414781,0.263248755414781,0.47350248917043797,0.0,0.002556818316599934,0.010969745731083884,0.011999999999999997,6.319062721464792e-05,0.0024999999999999996,False
83003,353,353,0,0.26319824624104615,0.2631982462410461,0.4736035075179077,0.0,0.0025495752052419815,0.01096962494098144,0.011999999999999997,6.270973338214395e-05,0.0024999999999999996,False
83003,354,354,0,0.2631482678311508,0.2631482678311506,0.47370346433769855,0.0,0.0025423730154170167,0.01096950630157133,0.011999999999999997,6.223570090548212e-05,0.0024999999999999996,False
83003,355,355,0,0.2630988118636318,0.2630988118636316,0.4738023762727365,0.0,0.002535211401309258,0.010969389765384741,0.011999999999999997,6.176839400597504e-05,0.0024999999999999996,False
83003,356,356,0,0.26304987019005455,0.26304987019005466,0.47390025961989074,0.0,0.00252809002098852,0.010969275286224388,0.011999999999999997,6.130768031181922e-05,0.0024999999999999996,False
83003,357,357,0,0.2630014348305399,0.2630014348305399,0.47399713033892016,0.0,0.0025210085363557076,0.010969162819124346,0.011999999999999997,0.0050551487903144525,0.0024999999999999996,False
83003,358,358,0,0.25868562252542604,0.26792719695603645,0.47338718051853745,0.0,0.00263926466001071,0.010969980785421588,0.011999999999999997,6.374179446776203e-05,0.0024999999999999996,False
83003,359,359,0,0.25864334850771825,0.2678706199765043,0.4734860315157774,0.0,0.0026319140195139173,0.010969861280086177,0.011999999999999997,6.326914723041137e-05,0.0024999999999999996,False
83003,360,360,0,0.2586015623594806,0.26781456575758794,0.4735838718829314,0.0,0.002624604203518884,0.010969743839037458,0.011999999999999997,6.280306422276444e-05,0.0024999999999999996,False
83003,361,361,0,0.25856025635564744,0.2677590266054963,0.4736807170388562,0.0,0.0026173348729774852,0.010969628417978543,0.011999999999999997,6.234341900298764e-05,0.0024999999999999996,False
83003,362,362,0,0.2585194229294245,0.2677039949802001,0.4737765820903754,0.0,0.002610105692583034,0.010969514973767,0.011999999999999997,0.005248158219210435,0.0024999999999999996,False
83003,363,363,0,0.26341816069088486,0.2634181606908847,0.4731636786182304,0.0,0.0027272728575006336,0.01097015739332079,0.011999999999999997,0.02249999999999999,0.0225,False
83003,364,364,0,0.26343390089301744,0.26343390089301766,0.47313219821396485,0.0,0.0027197803496709456,0.010970196154147908,0.011999999999999997,6.496908955323045e-05,0.0024999999999999996,False
83003,365,365,0,0.26338490069664594,0.26338490069664583,0.4732301986067082,0.0,0.0027123288966785885,0.010970075775381213,0.011999999999999997,0.005038803469650246,0.0024999999999999996,False
83003,366,366,0,0.268069012614071,0.25929280633986135,0.4726381810460676,0.0,0.002827481586059251,0.010970902461560487,0.011999999999999997,6.738022228209972e-05,0.0024999999999999996,False
83003,367,367,0,0.26801269169095343,0.2592493030973918,0.4727380052116547,0.0,0.0028197782774772398,0.010970775270253176,0.011999999999999997,0.02249999999999999,0.0225,False
83003,368,368,0,0.2680212328737769,0.2592718009257674,0.47270696620045566,0.0,0.0028121172706206655,0.01097081437142836,0.011999999999999997,6.704187245847615e-05,0.0024999999999999996,False
83003,369,369,0,0.2679653766896931,0.25922869178466607,0.47280593152564077,0.0,0.0028044973408202583,0.01097068886801562,0.011999999999999997,0.02249999999999999,0.0225,False
83003,370,370,0,0.26797388779687664,0.2592510732184864,0.4727750389846369,0.0,0.0027969190253010075,0.010970727601576542,0.011999999999999997,6.670786520592352e-05,0.0024999999999999996,False
83003,371,371,0,0.267918489917621,0.25920835223985444,0.4728731578425245,0.0,0.0027893811278808414,0.01097060375406703,0.011999999999999997,6.622790088929296e-05,0.0024999999999999996,False
83003,372,372,0,0.26786358868483423,0.2591660997967792,0.47297031151838653,0.0,0.002781883745975907,0.01097048195566701,0.011999999999999997,6.575436534717587e-05,0.0024999999999999996,False
83003,373,373,0,0.26780917703809975,0.25912430877890213,0.47306651418299805,0.0,0.0027744265539044375,0.01097036216414056,0.011999999999999997,0.0225,0.0225,False
83003,374,374,0,0.2678175695080269,0.2591464031369101,0.47303602735506295,0.0,0.002767009674316041,0.010970399692678923,0.011999999999999997,0.02249999999999999,0.0225,False
83003,375,375,0,0.2678259770873545,0.25916846958344053,0.4730055533292049,0.0,0.002759632333097659,0.010970437288113921,0.011999999999999997,0.0225,0.0225,False
83003,376,376,0,0.2678343996789562,0.2591905082238175,0.4729750920972262,0.0,0.002752294215147772,0.010970474950345158,0.011999999999999997,0.02249999999999999,0.0225,False
83003,377,377,0,0.2678428371863352,0.25921251916272786,0.47294464365093686,0.0,0.002744995008698548,0.010970512679272435,0.011999999999999997,6.58793076457309e-05,0.0024999999999999996,False
83003,378,378,0,0.2677887329703903,0.2591708437536719,0.47304042327593776,0.0,0.0027377340356952383,0.010970393201548842,0.011999999999999997,6.541368994265377e-05,0.0024999999999999996,False
83003,379,379,0,0.26773510639356524,0.2591296184096586,0.4731352751967761,0.0,0.0027305113690774614,0.010970275672948029,0.011999999999999997,6.49542094877655e-05,0.0024999999999999996,False
83003,380,380,0,0.2676819507701565,0.25908883640399677,0.4732292128258467,0.0,0.0027233267065918795,0.010970160053885307,0.011999999999999997,6.450075413314277e-05,0.0024999999999999996,False
83003,381,381,0,0.2676292595412886,0.2590484911404458,0.47332224931826555,0.0,0.002716179749154789,0.010970046305753229,0.011999999999999997,0.0225,0.0225,False
83003,382,382,0,0.2676375388803821,0.2590701408026701,0.47329232031694773,0.0,0.0027090706056066803,0.010970082479964168,0.011999999999999997,6.419701386472687e-05,0.0024999999999999996,False
83003,383,383,0,0.2675852634392123,0.259030143879349,0.4733845926814387,0.0,0.002701998181784814,0.010969970174004043,0.011999999999999997,6.375419160596318e-05,0.0024999999999999996,False
83003,384,384,0,0.2675334400621302,0.2589905714667102,0.47347598847115957,0.0,0.0026949625841744935,0.010969859670064534,0.011999999999999997,0.005227699017774862,0.0024999999999999996,False
83003,385,385,0,0.2635492393603825,0.26354923936038244,0.472901521279235,0.0,0.002805194927778789,0.010970482832650626,0.011999999999999997,6.608947940817783e-05,0.0024999999999999996,False
83003,386,386,0,0.26350267097451163,0.26350267097451163,0.4729946580509767,0.0,0.0027979275834251168,0.010970366522972105,0.011999999999999997,0.0225,0.0225,False
83003,387,387,0,0.26351736075537013,0.26351736075537,0.4729652784892598,0.0,0.0027906977964065175,0.010970403130134705,0.011999999999999997,6.577885504469498e-05,0.0024999999999999996,False
83003,388,388,0,0.2634711702841556,0.26347117028415556,0.47305765943168876,0.0,0.002783505276331238,0.010970288278119387,0.011999999999999997,0.0225,0.0225,False
83003,389,389,0,0.2634857944366319,0.2634857944366318,0.47302841112673627,0.0,0.0027763497357935164,0.010970324559871111,0.011999999999999997,0.02249999999999999,0.0225,False
83003,390,390,0,0.26350041271954316,0.2635004127195432,0.47299917456091356,0.0,0.002769230890335377,0.010970360902082475,0.011999999999999997,0.0225,0.0225,False
83003,391,391,0,0.26351502513636343,0.26351502513636343,0.4729699497272731,0.0,0.0027621484584089027,0.010970397304671793,0.011999999999999997,0.02249999999999999,0.0225,False
83003,392,392,0,0.2635296316905641,0.26352963169056415,0.4729407366188717,0.0,0.0027551021613391098,0.010970433767557478,0.011999999999999997,6.589833612563446e-05,0.0024999999999999996,False
83003,393,393,0,0.26348363660136315,0.263483636601363,0.4730327267972738,0.0,0.0027480917232873647,0.010970319201674513,0.011999999999999997,6.545104415914246e-05,0.0024999999999999996,False
83003,394,394,0,0.26343806934326053,0.26343806934326064,0.4731238613134788,0.0,0.0027411168712155186,0.010970206433674499,0.011999999999999997,6.500941476274086e-05,0.0024999999999999996,False
83003,395,395,0,0.2633929239752535,0.2633929239752536,0.47321415204949285,0.0,0.0027341773348502564,0.010970095428468194,0.011999999999999997,0.02249999999999999,0.0225,False
83003,396,396,0,0.26340734897468027,0.2634073489746801,0.4731853020506396,0.0,0.00272727284664839,0.010970130819452783,0.011999999999999997,0.02249999999999999,0.0225,False
83003,397,397,0,0.2634217682696255,0.26342176826962527,0.4731564634607492,0.0,0.0027204031417623013,0.0109701662694347,0.011999999999999997,6.485179085406841e-05,0.0024999999999999996,False
83003,398,398,0,0.2633769237053873,0.2633769237053873,0.47324615258922537,0.0,0.0027135679580061996,0.010970056258075244,0.011999999999999997,0.0225,0.0225,False
83003,399,399,0,0.26339127974539556,0.26339127974539567,0.4732174405092087,0.0,0.00270676703582273,0.01097009139907287,0.011999999999999997,0.02249999999999999,0.0225,False
