arm,slot,prediction,label_for_retrospective_scoring,version,theta_0,theta_1,worker_launched,deployed_now,active_complete_slot,gradient_steps_so_far
frozen,0,0.5422659723981941,1.0,0,2.9926735337503287,-1.4993730489120252,False,False,,0
frozen,1,0.24351121667115896,0.0,0,2.9926735337503287,-1.4993730489120252,False,False,,0
frozen,2,0.5405775578749235,1.0,0,2.9926735337503287,-1.4993730489120252,False,False,,0
frozen,3,0.9555095081097421,1.0,0,2.9926735337503287,-1.4993730489120252,False,False,,0
frozen,4,0.07922891089520283,0.0,0,2.9926735337503287,-1.4993730489120252,False,False,,0
frozen,5,0.0006516103188520898,0.0,0,2.9926735337503287,-1.4993730489120252,False,False,,0
frozen,6,0.04709681562676283,0.0,0,2.9926735337503287,-1.4993730489120252,False,False,,0
frozen,7,0.04874475211930763,0.0,0,2.9926735337503287,-1.4993730489120252,False,False,,0
frozen,8,0.5331455781692549,1.0,0,2.9926735337503287,-1.4993730489120252,False,False,,0
frozen,9,0.34408508588143,0.0,0,2.9926735337503287,-1.4993730489120252,False,False,,0
frozen,10,0.845191834099526,1.0,0,2.9926735337503287,-1.4993730489120252,False,False,,0
frozen,11,0.07555996411758413,0.0,0,2.9926735337503287,-1.4993730489120252,False,False,,0
frozen,12,0.2360174657487626,0.0,0,2.9926735337503287,-1.4993730489120252,False,False,,0
frozen,13,0.00282592206026716,0.0,0,2.9926735337503287,-1.4993730489120252,False,False,,0
frozen,14,0.22001863000119629,0.0,0,2.9926735337503287,-1.4993730489120252,False,False,,0
frozen,15,0.2138726333161951,0.0,0,2.9926735337503287,-1.4993730489120252,False,False,,0
frozen,16,0.9937074545395018,1.0,0,2.9926735337503287,-1.4993730489120252,False,False,,0
frozen,17,0.04790195245049742,0.0,0,2.9926735337503287,-1.4993730489120252,False,False,,0
frozen,18,0.06480405037367817,0.0,0,2.9926735337503287,-1.4993730489120252,False,False,,0
frozen,19,0.6286586451241368,1.0,0,2.9926735337503287,-1.4993730489120252,False,False,,0
frozen,20,0.8597367796706022,1.0,0,2.9926735337503287,-1.4993730489120252,False,False,,0
frozen,21,0.00048658697478445997,0.0,0,2.9926735337503287,-1.4993730489120252,False,False,,0
frozen,22,0.9860589929860574,1.0,0,2.9926735337503287,-1.4993730489120252,False,False,,0
frozen,23,0.9512188851485573,1.0,0,2.9926735337503287,-1.4993730489120252,False,False,,0
frozen,24,0.4501001806633892,0.0,0,2.9926735337503287,-1.4993730489120252,False,False,,0
frozen,25,0.5018529906126665,1.0,0,2.9926735337503287,-1.4993730489120252,False,False,,0
frozen,26,0.017581324959210186,0.0,0,2.9926735337503287,-1.4993730489120252,False,False,,0
frozen,27,0.770935295160475,1.0,0,2.9926735337503287,-1.4993730489120252,False,False,,0
frozen,28,0.9330148260970287,1.0,0,2.9926735337503287,-1.4993730489120252,False,False,,0
frozen,29,0.05609196192275301,0.0,0,2.9926735337503287,-1.4993730489120252,False,False,,0
frozen,30,0.22595911509971414,0.0,0,2.9926735337503287,-1.4993730489120252,False,False,,0
frozen,31,0.9529156932575432,1.0,0,2.9926735337503287,-1.4993730489120252,False,False,,0
frozen,32,0.9999812006932636,1.0,0,2.9926735337503287,-1.4993730489120252,False,False,,0
frozen,33,0.45985550719386636,0.0,0,2.9926735337503287,-1.4993730489120252,False,False,,0
frozen,34,0.14274609540377498,0.0,0,2.9926735337503287,-1.4993730489120252,False,False,,0
frozen,35,0.7281710684482333,1.0,0,2.9926735337503287,-1.4993730489120252,False,False,,0
frozen,36,0.9852024736072866,1.0,0,2.9926735337503287,-1.4993730489120252,False,False,,0
frozen,37,0.42176407406404803,0.0,0,2.9926735337503287,-1.4993730489120252,False,False,,0
frozen,38,0.49848786077281376,0.0,0,2.9926735337503287,-1.4993730489120252,False,False,,0
frozen,39,0.07005421989108086,0.0,0,2.9926735337503287,-1.4993730489120252,False,False,,0
frozen,40,0.023257181109821366,0.0,0,2.9926735337503287,-1.4993730489120252,False,False,,0
frozen,41,0.463424498823839,0.0,0,2.9926735337503287,-1.4993730489120252,False,False,,0
frozen,42,0.15210108951352977,0.0,0,2.9926735337503287,-1.4993730489120252,False,False,,0
frozen,43,0.9992082932327295,1.0,0,2.9926735337503287,-1.4993730489120252,False,False,,0
frozen,44,0.4457839361699498,0.0,0,2.9926735337503287,-1.4993730489120252,False,False,,0
frozen,45,0.5616317644770701,1.0,0,2.9926735337503287,-1.4993730489120252,False,False,,0
frozen,46,0.9631646932071389,1.0,0,2.9926735337503287,-1.4993730489120252,False,False,,0
frozen,47,0.9891834396273036,1.0,0,2.9926735337503287,-1.4993730489120252,False,False,,0
frozen,48,0.03464071879989832,0.0,0,2.9926735337503287,-1.4993730489120252,False,False,,0
frozen,49,0.996872963194042,1.0,0,2.9926735337503287,-1.4993730489120252,False,False,,0
frozen,50,0.059945201791607956,0.0,0,2.9926735337503287,-1.4993730489120252,False,False,,0
frozen,51,0.05658895176650741,0.0,0,2.9926735337503287,-1.4993730489120252,False,False,,0
frozen,52,0.8234909084733729,1.0,0,2.9926735337503287,-1.4993730489120252,False,False,,0
frozen,53,0.03557452682619659,0.0,0,2.9926735337503287,-1.4993730489120252,False,False,,0
frozen,54,0.05016130813434933,0.0,0,2.9926735337503287,-1.4993730489120252,False,False,,0
frozen,55,0.7152773551804874,1.0,0,2.9926735337503287,-1.4993730489120252,False,False,,0
frozen,56,0.9994581456116225,1.0,0,2.9926735337503287,-1.4993730489120252,False,False,,0
frozen,57,0.017475690720841385,0.0,0,2.9926735337503287,-1.4993730489120252,False,False,,0
frozen,58,0.9918809382451684,1.0,0,2.9926735337503287,-1.4993730489120252,False,False,,0
frozen,59,0.6074561484233886,1.0,0,2.9926735337503287,-1.4993730489120252,False,False,,0
frozen,60,0.7060877790534638,1.0,0,2.9926735337503287,-1.4993730489120252,False,False,,0
frozen,61,0.9865445625103626,1.0,0,2.9926735337503287,-1.4993730489120252,False,False,,0
frozen,62,0.03811459782629544,0.0,0,2.9926735337503287,-1.4993730489120252,False,False,,0
frozen,63,0.5220481011231621,1.0,0,2.9926735337503287,-1.4993730489120252,False,False,,0
frozen,64,0.05689103451389277,0.0,0,2.9926735337503287,-1.4993730489120252,False,False,,0
frozen,65,0.9507529780891577,1.0,0,2.9926735337503287,-1.4993730489120252,False,False,,0
frozen,66,0.9509146165751063,1.0,0,2.9926735337503287,-1.4993730489120252,False,False,,0
frozen,67,0.02091294438146931,0.0,0,2.9926735337503287,-1.4993730489120252,False,False,,0
frozen,68,0.6507348526201119,1.0,0,2.9926735337503287,-1.4993730489120252,False,False,,0
frozen,69,0.8692453786157129,1.0,0,2.9926735337503287,-1.4993730489120252,False,False,,0
frozen,70,0.055024435392277624,0.0,0,2.9926735337503287,-1.4993730489120252,False,False,,0
frozen,71,0.6797180123727761,1.0,0,2.9926735337503287,-1.4993730489120252,False,False,,0
frozen,72,0.3637863929211653,0.0,0,2.9926735337503287,-1.4993730489120252,False,False,,0
frozen,73,8.837457681680271e-05,0.0,0,2.9926735337503287,-1.4993730489120252,False,False,,0
frozen,74,0.010792216409341826,0.0,0,2.9926735337503287,-1.4993730489120252,False,False,,0
frozen,75,0.18145605779069604,0.0,0,2.9926735337503287,-1.4993730489120252,False,False,,0
frozen,76,0.9843272914039107,1.0,0,2.9926735337503287,-1.4993730489120252,False,False,,0
frozen,77,0.9530047652161261,1.0,0,2.9926735337503287,-1.4993730489120252,False,False,,0
frozen,78,0.9146637233311067,1.0,0,2.9926735337503287,-1.4993730489120252,False,False,,0
frozen,79,0.06530210261824965,0.0,0,2.9926735337503287,-1.4993730489120252,False,False,,0
frozen,80,0.9633882715470773,1.0,0,2.9926735337503287,-1.4993730489120252,False,False,,0
frozen,81,0.04510492689336364,0.0,0,2.9926735337503287,-1.4993730489120252,False,False,,0
frozen,82,0.8800273678229492,1.0,0,2.9926735337503287,-1.4993730489120252,False,False,,0
frozen,83,0.5842273319962181,1.0,0,2.9926735337503287,-1.4993730489120252,False,False,,0
frozen,84,0.553777469108462,1.0,0,2.9926735337503287,-1.4993730489120252,False,False,,0
frozen,85,0.21881256061061644,0.0,0,2.9926735337503287,-1.4993730489120252,False,False,,0
frozen,86,0.6566354695675481,1.0,0,2.9926735337503287,-1.4993730489120252,False,False,,0
frozen,87,0.9998611774482363,1.0,0,2.9926735337503287,-1.4993730489120252,False,False,,0
frozen,88,0.9506749621272077,1.0,0,2.9926735337503287,-1.4993730489120252,False,False,,0
frozen,89,0.1875893690153628,0.0,0,2.9926735337503287,-1.4993730489120252,False,False,,0
frozen,90,0.7165691746588354,1.0,0,2.9926735337503287,-1.4993730489120252,False,False,,0
frozen,91,0.9703367491051625,1.0,0,2.9926735337503287,-1.4993730489120252,False,False,,0
frozen,92,0.005277701167593347,0.0,0,2.9926735337503287,-1.4993730489120252,False,False,,0
frozen,93,0.9627298311230974,1.0,0,2.9926735337503287,-1.4993730489120252,False,False,,0
frozen,94,0.999675096726658,1.0,0,2.9926735337503287,-1.4993730489120252,False,False,,0
frozen,95,0.9841604059051431,1.0,0,2.9926735337503287,-1.4993730489120252,False,False,,0
frozen,96,0.03740932108642553,0.0,0,2.9926735337503287,-1.4993730489120252,False,False,,0
frozen,97,0.0004786523656688104,0.0,0,2.9926735337503287,-1.4993730489120252,False,False,,0
frozen,98,0.7862040048277285,1.0,0,2.9926735337503287,-1.4993730489120252,False,False,,0
frozen,99,0.9885340170542989,1.0,0,2.9926735337503287,-1.4993730489120252,False,False,,0
frozen,100,0.43746716862177953,0.0,0,2.9926735337503287,-1.4993730489120252,False,False,,0
frozen,101,0.4591029875406927,0.0,0,2.9926735337503287,-1.4993730489120252,False,False,,0
frozen,102,0.3929389088587894,0.0,0,2.9926735337503287,-1.4993730489120252,False,False,,0
frozen,103,0.038153831304735805,0.0,0,2.9926735337503287,-1.4993730489120252,False,False,,0
frozen,104,0.0011892296408241786,0.0,0,2.9926735337503287,-1.4993730489120252,False,False,,0
frozen,105,0.030987957010157913,0.0,0,2.9926735337503287,-1.4993730489120252,False,False,,0
frozen,106,0.018459401211235033,0.0,0,2.9926735337503287,-1.4993730489120252,False,False,,0
frozen,107,0.9975744934923485,1.0,0,2.9926735337503287,-1.4993730489120252,False,False,,0
frozen,108,0.4752529236905369,0.0,0,2.9926735337503287,-1.4993730489120252,False,False,,0
frozen,109,0.21287448448013555,0.0,0,2.9926735337503287,-1.4993730489120252,False,False,,0
frozen,110,0.9832156525469316,1.0,0,2.9926735337503287,-1.4993730489120252,False,False,,0
frozen,111,0.012771577300010653,0.0,0,2.9926735337503287,-1.4993730489120252,False,False,,0
frozen,112,0.5382225235911262,1.0,0,2.9926735337503287,-1.4993730489120252,False,False,,0
frozen,113,0.7842833254282817,1.0,0,2.9926735337503287,-1.4993730489120252,False,False,,0
frozen,114,0.490847729076759,0.0,0,2.9926735337503287,-1.4993730489120252,False,False,,0
frozen,115,0.6336112510695455,1.0,0,2.9926735337503287,-1.4993730489120252,False,False,,0
frozen,116,0.9949324888750629,1.0,0,2.9926735337503287,-1.4993730489120252,False,False,,0
frozen,117,0.9990928897787351,1.0,0,2.9926735337503287,-1.4993730489120252,False,False,,0
frozen,118,0.9051535998148701,1.0,0,2.9926735337503287,-1.4993730489120252,False,False,,0
frozen,119,0.9066558314766013,1.0,0,2.9926735337503287,-1.4993730489120252,False,False,,0
frozen,120,0.8837445079769837,1.0,0,2.9926735337503287,-1.4993730489120252,False,False,,0
frozen,121,0.9935081773568699,1.0,0,2.9926735337503287,-1.4993730489120252,False,False,,0
frozen,122,0.9457092735602897,1.0,0,2.9926735337503287,-1.4993730489120252,False,False,,0
frozen,123,0.7297028331801881,1.0,0,2.9926735337503287,-1.4993730489120252,False,False,,0
frozen,124,0.013110077451905715,0.0,0,2.9926735337503287,-1.4993730489120252,False,False,,0
frozen,125,0.24265526384769256,0.0,0,2.9926735337503287,-1.4993730489120252,False,False,,0
frozen,126,0.8283808729534984,1.0,0,2.9926735337503287,-1.4993730489120252,False,False,,0
frozen,127,0.7496569439923182,1.0,0,2.9926735337503287,-1.4993730489120252,False,False,,0
frozen,128,0.8789981353302476,1.0,0,2.9926735337503287,-1.4993730489120252,False,False,,0
frozen,129,0.3104124585992835,0.0,0,2.9926735337503287,-1.4993730489120252,False,False,,0
frozen,130,0.955298156485126,1.0,0,2.9926735337503287,-1.4993730489120252,False,False,,0
frozen,131,0.9752543227830826,1.0,0,2.9926735337503287,-1.4993730489120252,False,False,,0
frozen,132,0.9773651801967143,1.0,0,2.9926735337503287,-1.4993730489120252,False,False,,0
frozen,133,0.9989288940500868,1.0,0,2.9926735337503287,-1.4993730489120252,False,False,,0
frozen,134,0.5583049733650879,1.0,0,2.9926735337503287,-1.4993730489120252,False,False,,0
frozen,135,0.8969659381767756,1.0,0,2.9926735337503287,-1.4993730489120252,False,False,,0
frozen,136,0.025634570117682585,0.0,0,2.9926735337503287,-1.4993730489120252,False,False,,0
frozen,137,0.0017072930750894656,0.0,0,2.9926735337503287,-1.4993730489120252,False,False,,0
frozen,138,0.9995518428659678,1.0,0,2.9926735337503287,-1.4993730489120252,False,False,,0
frozen,139,0.11547297233313009,0.0,0,2.9926735337503287,-1.4993730489120252,False,False,,0
frozen,140,0.3134691091226732,0.0,0,2.9926735337503287,-1.4993730489120252,False,False,,0
frozen,141,0.276346909142294,0.0,0,2.9926735337503287,-1.4993730489120252,False,False,,0
frozen,142,0.9732491008889669,1.0,0,2.9926735337503287,-1.4993730489120252,False,False,,0
frozen,143,0.4174658675604388,0.0,0,2.9926735337503287,-1.4993730489120252,False,False,,0
frozen,144,0.37828101502657935,0.0,0,2.9926735337503287,-1.4993730489120252,False,False,,0
frozen,145,0.024620573101165368,0.0,0,2.9926735337503287,-1.4993730489120252,False,False,,0
frozen,146,0.4122226131879288,0.0,0,2.9926735337503287,-1.4993730489120252,False,False,,0
frozen,147,0.08437720825277197,0.0,0,2.9926735337503287,-1.4993730489120252,False,False,,0
frozen,148,0.9895536183521765,1.0,0,2.9926735337503287,-1.4993730489120252,False,False,,0
frozen,149,0.025069149172600974,0.0,0,2.9926735337503287,-1.4993730489120252,False,False,,0
frozen,150,0.5194758194574267,1.0,0,2.9926735337503287,-1.4993730489120252,False,False,,0
frozen,151,0.1698826545525287,0.0,0,2.9926735337503287,-1.4993730489120252,False,False,,0
frozen,152,0.5282667130337,1.0,0,2.9926735337503287,-1.4993730489120252,False,False,,0
frozen,153,0.9701973204186787,1.0,0,2.9926735337503287,-1.4993730489120252,False,False,,0
frozen,154,0.6612289022094616,1.0,0,2.9926735337503287,-1.4993730489120252,False,False,,0
frozen,155,0.5545664478648188,1.0,0,2.9926735337503287,-1.4993730489120252,False,False,,0
frozen,156,0.8593233372610538,1.0,0,2.9926735337503287,-1.4993730489120252,False,False,,0
frozen,157,0.4349722484355662,0.0,0,2.9926735337503287,-1.4993730489120252,False,False,,0
frozen,158,0.18065406331901565,0.0,0,2.9926735337503287,-1.4993730489120252,False,False,,0
frozen,159,0.7510141503486739,1.0,0,2.9926735337503287,-1.4993730489120252,False,False,,0
frozen,160,0.9714897085588775,1.0,0,2.9926735337503287,-1.4993730489120252,False,False,,0
frozen,161,0.932580032046709,1.0,0,2.9926735337503287,-1.4993730489120252,False,False,,0
frozen,162,0.009295974765478587,0.0,0,2.9926735337503287,-1.4993730489120252,False,False,,0
frozen,163,0.6597427025122355,1.0,0,2.9926735337503287,-1.4993730489120252,False,False,,0
frozen,164,0.5797420960789109,1.0,0,2.9926735337503287,-1.4993730489120252,False,False,,0
frozen,165,0.03350008964534477,0.0,0,2.9926735337503287,-1.4993730489120252,False,False,,0
frozen,166,0.7434885322362951,1.0,0,2.9926735337503287,-1.4993730489120252,False,False,,0
frozen,167,0.258020270766212,0.0,0,2.9926735337503287,-1.4993730489120252,False,False,,0
frozen,168,0.0024314114896604572,0.0,0,2.9926735337503287,-1.4993730489120252,False,False,,0
frozen,169,0.2219380718020177,0.0,0,2.9926735337503287,-1.4993730489120252,False,False,,0
frozen,170,0.08913863423345228,0.0,0,2.9926735337503287,-1.4993730489120252,False,False,,0
frozen,171,0.016705550463829235,0.0,0,2.9926735337503287,-1.4993730489120252,False,False,,0
frozen,172,0.0018021171566942305,0.0,0,2.9926735337503287,-1.4993730489120252,False,False,,0
frozen,173,0.1044344418682141,0.0,0,2.9926735337503287,-1.4993730489120252,False,False,,0
frozen,174,0.810809534103015,1.0,0,2.9926735337503287,-1.4993730489120252,False,False,,0
frozen,175,0.19880652067195054,0.0,0,2.9926735337503287,-1.4993730489120252,False,False,,0
frozen,176,0.997792599244785,1.0,0,2.9926735337503287,-1.4993730489120252,False,False,,0
frozen,177,0.4354843649005321,0.0,0,2.9926735337503287,-1.4993730489120252,False,False,,0
frozen,178,0.04350546352049204,0.0,0,2.9926735337503287,-1.4993730489120252,False,False,,0
frozen,179,0.14591334760195693,0.0,0,2.9926735337503287,-1.4993730489120252,False,False,,0
frozen,180,0.5609754065736448,1.0,0,2.9926735337503287,-1.4993730489120252,False,False,,0
frozen,181,0.9950024566978787,1.0,0,2.9926735337503287,-1.4993730489120252,False,False,,0
frozen,182,0.44479689406221357,0.0,0,2.9926735337503287,-1.4993730489120252,False,False,,0
frozen,183,0.32579168870658276,0.0,0,2.9926735337503287,-1.4993730489120252,False,False,,0
frozen,184,0.8216482348978236,1.0,0,2.9926735337503287,-1.4993730489120252,False,False,,0
frozen,185,0.9933581009810205,1.0,0,2.9926735337503287,-1.4993730489120252,False,False,,0
frozen,186,0.10350755790232564,0.0,0,2.9926735337503287,-1.4993730489120252,False,False,,0
frozen,187,0.1315871363187055,0.0,0,2.9926735337503287,-1.4993730489120252,False,False,,0
frozen,188,0.7585716343964379,1.0,0,2.9926735337503287,-1.4993730489120252,False,False,,0
frozen,189,0.7094374546706869,1.0,0,2.9926735337503287,-1.4993730489120252,False,False,,0
frozen,190,0.9457808290692544,1.0,0,2.9926735337503287,-1.4993730489120252,False,False,,0
frozen,191,0.1891020850610386,0.0,0,2.9926735337503287,-1.4993730489120252,False,False,,0
frozen,192,0.046068334723204665,0.0,0,2.9926735337503287,-1.4993730489120252,False,False,,0
frozen,193,0.6946402057762731,1.0,0,2.9926735337503287,-1.4993730489120252,False,False,,0
frozen,194,0.04000897112672037,0.0,0,2.9926735337503287,-1.4993730489120252,False,False,,0
frozen,195,8.088989301892384e-05,0.0,0,2.9926735337503287,-1.4993730489120252,False,False,,0
frozen,196,0.9288472686248265,1.0,0,2.9926735337503287,-1.4993730489120252,False,False,,0
frozen,197,0.4938767570804823,0.0,0,2.9926735337503287,-1.4993730489120252,False,False,,0
frozen,198,0.38498962268174114,0.0,0,2.9926735337503287,-1.4993730489120252,False,False,,0
frozen,199,0.168034018001518,0.0,0,2.9926735337503287,-1.4993730489120252,False,False,,0
frozen,200,0.9238325864881319,1.0,0,2.9926735337503287,-1.4993730489120252,False,False,,0
frozen,201,0.47077936756084326,0.0,0,2.9926735337503287,-1.4993730489120252,False,False,,0
frozen,202,0.7405879737689612,1.0,0,2.9926735337503287,-1.4993730489120252,False,False,,0
frozen,203,0.0027280749782466794,0.0,0,2.9926735337503287,-1.4993730489120252,False,False,,0
frozen,204,0.9990842228762595,1.0,0,2.9926735337503287,-1.4993730489120252,False,False,,0
frozen,205,0.8478613876298333,1.0,0,2.9926735337503287,-1.4993730489120252,False,False,,0
frozen,206,0.13318290899973106,0.0,0,2.9926735337503287,-1.4993730489120252,False,False,,0
frozen,207,0.2420122023168309,0.0,0,2.9926735337503287,-1.4993730489120252,False,False,,0
frozen,208,0.9752342696657242,1.0,0,2.9926735337503287,-1.4993730489120252,False,False,,0
frozen,209,0.8385480978517186,1.0,0,2.9926735337503287,-1.4993730489120252,False,False,,0
frozen,210,0.8938512380978859,1.0,0,2.9926735337503287,-1.4993730489120252,False,False,,0
frozen,211,0.889847139539208,1.0,0,2.9926735337503287,-1.4993730489120252,False,False,,0
frozen,212,0.012826637260967938,0.0,0,2.9926735337503287,-1.4993730489120252,False,False,,0
frozen,213,0.0806806030261821,0.0,0,2.9926735337503287,-1.4993730489120252,False,False,,0
frozen,214,0.8956776871149341,1.0,0,2.9926735337503287,-1.4993730489120252,False,False,,0
frozen,215,0.6274599814037609,1.0,0,2.9926735337503287,-1.4993730489120252,False,False,,0
frozen,216,0.703883670325315,1.0,0,2.9926735337503287,-1.4993730489120252,False,False,,0
frozen,217,0.007915690618289856,0.0,0,2.9926735337503287,-1.4993730489120252,False,False,,0
frozen,218,0.026914930414996714,0.0,0,2.9926735337503287,-1.4993730489120252,False,False,,0
frozen,219,0.6672296826842208,1.0,0,2.9926735337503287,-1.4993730489120252,False,False,,0
frozen,220,0.03809669975374335,0.0,0,2.9926735337503287,-1.4993730489120252,False,False,,0
frozen,221,0.8191472931256912,1.0,0,2.9926735337503287,-1.4993730489120252,False,False,,0
frozen,222,0.011111728234624224,0.0,0,2.9926735337503287,-1.4993730489120252,False,False,,0
frozen,223,0.8818777192150246,1.0,0,2.9926735337503287,-1.4993730489120252,False,False,,0
frozen,224,0.19545301516873223,0.0,0,2.9926735337503287,-1.4993730489120252,False,False,,0
frozen,225,0.015504050048621994,0.0,0,2.9926735337503287,-1.4993730489120252,False,False,,0
frozen,226,0.9976392854997551,1.0,0,2.9926735337503287,-1.4993730489120252,False,False,,0
frozen,227,0.6640887334579088,1.0,0,2.9926735337503287,-1.4993730489120252,False,False,,0
frozen,228,0.9513460556641776,1.0,0,2.9926735337503287,-1.4993730489120252,False,False,,0
frozen,229,0.5026995057056453,1.0,0,2.9926735337503287,-1.4993730489120252,False,False,,0
frozen,230,0.8705475277544675,1.0,0,2.9926735337503287,-1.4993730489120252,False,False,,0
frozen,231,0.013601283274960586,0.0,0,2.9926735337503287,-1.4993730489120252,False,False,,0
frozen,232,0.0006070651740319316,0.0,0,2.9926735337503287,-1.4993730489120252,False,False,,0
frozen,233,0.9455111865701076,1.0,0,2.9926735337503287,-1.4993730489120252,False,False,,0
frozen,234,0.7006592969586244,1.0,0,2.9926735337503287,-1.4993730489120252,False,False,,0
frozen,235,0.08450955404606385,0.0,0,2.9926735337503287,-1.4993730489120252,False,False,,0
frozen,236,0.0016032509103879376,0.0,0,2.9926735337503287,-1.4993730489120252,False,False,,0
frozen,237,0.9246515511955468,1.0,0,2.9926735337503287,-1.4993730489120252,False,False,,0
frozen,238,0.5211910505904297,1.0,0,2.9926735337503287,-1.4993730489120252,False,False,,0
frozen,239,0.20783817215794714,0.0,0,2.9926735337503287,-1.4993730489120252,False,False,,0
frozen,240,0.7097560746097188,1.0,0,2.9926735337503287,-1.4993730489120252,False,False,,0
frozen,241,0.019451296078638942,0.0,0,2.9926735337503287,-1.4993730489120252,False,False,,0
frozen,242,0.9960496582129352,1.0,0,2.9926735337503287,-1.4993730489120252,False,False,,0
frozen,243,0.9268099247566374,1.0,0,2.9926735337503287,-1.4993730489120252,False,False,,0
frozen,244,0.018236216290205144,0.0,0,2.9926735337503287,-1.4993730489120252,False,False,,0
frozen,245,0.8078204885065593,1.0,0,2.9926735337503287,-1.4993730489120252,False,False,,0
frozen,246,0.26089011384706917,0.0,0,2.9926735337503287,-1.4993730489120252,False,False,,0
frozen,247,0.9856805095041621,1.0,0,2.9926735337503287,-1.4993730489120252,False,False,,0
frozen,248,0.43523881852883306,0.0,0,2.9926735337503287,-1.4993730489120252,False,False,,0
frozen,249,0.5417349497482039,1.0,0,2.9926735337503287,-1.4993730489120252,False,False,,0
frozen,250,0.49593481058553,0.0,0,2.9926735337503287,-1.4993730489120252,False,False,,0
frozen,251,0.0016966319726838743,0.0,0,2.9926735337503287,-1.4993730489120252,False,False,,0
frozen,252,0.9519687786280816,1.0,0,2.9926735337503287,-1.4993730489120252,False,False,,0
frozen,253,0.4167790161880622,0.0,0,2.9926735337503287,-1.4993730489120252,False,False,,0
frozen,254,0.9902683406626855,1.0,0,2.9926735337503287,-1.4993730489120252,False,False,,0
frozen,255,0.06937700040978272,0.0,0,2.9926735337503287,-1.4993730489120252,False,False,,0
frozen,256,0.21523571519932486,0.0,0,2.9926735337503287,-1.4993730489120252,False,False,,0
frozen,257,0.10853832327253259,0.0,0,2.9926735337503287,-1.4993730489120252,False,False,,0
frozen,258,0.8185339000403395,1.0,0,2.9926735337503287,-1.4993730489120252,False,False,,0
frozen,259,0.9775466596532905,1.0,0,2.9926735337503287,-1.4993730489120252,False,False,,0
frozen,260,0.710435608794451,1.0,0,2.9926735337503287,-1.4993730489120252,False,False,,0
frozen,261,0.04019864208283079,0.0,0,2.9926735337503287,-1.4993730489120252,False,False,,0
frozen,262,0.05836973153438572,0.0,0,2.9926735337503287,-1.4993730489120252,False,False,,0
frozen,263,0.01776271702142115,0.0,0,2.9926735337503287,-1.4993730489120252,False,False,,0
frozen,264,0.7251842885037008,1.0,0,2.9926735337503287,-1.4993730489120252,False,False,,0
frozen,265,0.8478818253547281,1.0,0,2.9926735337503287,-1.4993730489120252,False,False,,0
frozen,266,0.5876419489865317,1.0,0,2.9926735337503287,-1.4993730489120252,False,False,,0
frozen,267,0.9606931491461632,1.0,0,2.9926735337503287,-1.4993730489120252,False,False,,0
frozen,268,0.9995394293807477,1.0,0,2.9926735337503287,-1.4993730489120252,False,False,,0
frozen,269,0.14737828209176035,0.0,0,2.9926735337503287,-1.4993730489120252,False,False,,0
frozen,270,0.35881235133030953,0.0,0,2.9926735337503287,-1.4993730489120252,False,False,,0
frozen,271,0.7903879181335425,1.0,0,2.9926735337503287,-1.4993730489120252,False,False,,0
frozen,272,0.9535708592604868,1.0,0,2.9926735337503287,-1.4993730489120252,False,False,,0
frozen,273,0.9964433655726471,1.0,0,2.9926735337503287,-1.4993730489120252,False,False,,0
frozen,274,0.6185401770082455,1.0,0,2.9926735337503287,-1.4993730489120252,False,False,,0
frozen,275,0.2257270789993186,0.0,0,2.9926735337503287,-1.4993730489120252,False,False,,0
frozen,276,0.04424869481616478,0.0,0,2.9926735337503287,-1.4993730489120252,False,False,,0
frozen,277,0.6173468597556949,1.0,0,2.9926735337503287,-1.4993730489120252,False,False,,0
frozen,278,0.9719734240138352,1.0,0,2.9926735337503287,-1.4993730489120252,False,False,,0
frozen,279,0.00954278275918448,0.0,0,2.9926735337503287,-1.4993730489120252,False,False,,0
frozen,280,0.4948351103092838,0.0,0,2.9926735337503287,-1.4993730489120252,False,False,,0
frozen,281,0.7929182292557884,1.0,0,2.9926735337503287,-1.4993730489120252,False,False,,0
frozen,282,0.014111004162028502,0.0,0,2.9926735337503287,-1.4993730489120252,False,False,,0
frozen,283,0.711195667915603,1.0,0,2.9926735337503287,-1.4993730489120252,False,False,,0
frozen,284,0.42977820928043664,0.0,0,2.9926735337503287,-1.4993730489120252,False,False,,0
frozen,285,0.9910088309438345,1.0,0,2.9926735337503287,-1.4993730489120252,False,False,,0
frozen,286,0.05554838810335302,0.0,0,2.9926735337503287,-1.4993730489120252,False,False,,0
frozen,287,0.0068678376913336985,0.0,0,2.9926735337503287,-1.4993730489120252,False,False,,0
frozen,288,0.1345234155334507,0.0,0,2.9926735337503287,-1.4993730489120252,False,False,,0
frozen,289,0.10291756586634448,0.0,0,2.9926735337503287,-1.4993730489120252,False,False,,0
frozen,290,0.9888089365765308,1.0,0,2.9926735337503287,-1.4993730489120252,False,False,,0
frozen,291,0.9602649111717327,1.0,0,2.9926735337503287,-1.4993730489120252,False,False,,0
frozen,292,0.7530934949906913,1.0,0,2.9926735337503287,-1.4993730489120252,False,False,,0
frozen,293,0.02272034727418833,0.0,0,2.9926735337503287,-1.4993730489120252,False,False,,0
frozen,294,0.09968258427353568,0.0,0,2.9926735337503287,-1.4993730489120252,False,False,,0
frozen,295,0.13578345565409342,0.0,0,2.9926735337503287,-1.4993730489120252,False,False,,0
frozen,296,0.02188410130665833,0.0,0,2.9926735337503287,-1.4993730489120252,False,False,,0
frozen,297,0.8541644521559925,1.0,0,2.9926735337503287,-1.4993730489120252,False,False,,0
frozen,298,0.8400498245523919,1.0,0,2.9926735337503287,-1.4993730489120252,False,False,,0
frozen,299,0.15525448415704637,0.0,0,2.9926735337503287,-1.4993730489120252,False,False,,0
frozen,300,0.5793251966194,1.0,0,2.9926735337503287,-1.4993730489120252,False,False,,0
frozen,301,0.03680217833429064,0.0,0,2.9926735337503287,-1.4993730489120252,False,False,,0
frozen,302,0.9994835047567262,1.0,0,2.9926735337503287,-1.4993730489120252,False,False,,0
frozen,303,0.9963860843525563,1.0,0,2.9926735337503287,-1.4993730489120252,False,False,,0
frozen,304,0.01740467059004194,0.0,0,2.9926735337503287,-1.4993730489120252,False,False,,0
frozen,305,0.0003204506859330694,0.0,0,2.9926735337503287,-1.4993730489120252,False,False,,0
frozen,306,0.9399449931230611,1.0,0,2.9926735337503287,-1.4993730489120252,False,False,,0
frozen,307,0.3016348581064,0.0,0,2.9926735337503287,-1.4993730489120252,False,False,,0
frozen,308,0.5824627997411286,1.0,0,2.9926735337503287,-1.4993730489120252,False,False,,0
frozen,309,0.5727286190503135,1.0,0,2.9926735337503287,-1.4993730489120252,False,False,,0
frozen,310,0.93280237483768,1.0,0,2.9926735337503287,-1.4993730489120252,False,False,,0
frozen,311,0.17245727164819605,0.0,0,2.9926735337503287,-1.4993730489120252,False,False,,0
frozen,312,0.3374398062493521,0.0,0,2.9926735337503287,-1.4993730489120252,False,False,,0
frozen,313,0.9019276881206447,1.0,0,2.9926735337503287,-1.4993730489120252,False,False,,0
frozen,314,0.938776335457559,1.0,0,2.9926735337503287,-1.4993730489120252,False,False,,0
frozen,315,0.0977863588657096,0.0,0,2.9926735337503287,-1.4993730489120252,False,False,,0
frozen,316,0.43472006000541397,0.0,0,2.9926735337503287,-1.4993730489120252,False,False,,0
frozen,317,0.024594850146253896,0.0,0,2.9926735337503287,-1.4993730489120252,False,False,,0
frozen,318,0.027816050779196685,0.0,0,2.9926735337503287,-1.4993730489120252,False,False,,0
frozen,319,0.9994760756582912,1.0,0,2.9926735337503287,-1.4993730489120252,False,False,,0
frozen,320,0.00032781054954944067,0.0,0,2.9926735337503287,-1.4993730489120252,False,False,,0
frozen,321,0.05790195127510025,0.0,0,2.9926735337503287,-1.4993730489120252,False,False,,0
frozen,322,0.03210507876659651,0.0,0,2.9926735337503287,-1.4993730489120252,False,False,,0
frozen,323,0.8025055280111154,1.0,0,2.9926735337503287,-1.4993730489120252,False,False,,0
frozen,324,0.966619132123187,1.0,0,2.9926735337503287,-1.4993730489120252,False,False,,0
frozen,325,0.8536279925054387,1.0,0,2.9926735337503287,-1.4993730489120252,False,False,,0
frozen,326,0.9951481737904158,1.0,0,2.9926735337503287,-1.4993730489120252,False,False,,0
frozen,327,0.6503017246846605,1.0,0,2.9926735337503287,-1.4993730489120252,False,False,,0
frozen,328,0.800384789884655,1.0,0,2.9926735337503287,-1.4993730489120252,False,False,,0
frozen,329,0.9158254125017499,1.0,0,2.9926735337503287,-1.4993730489120252,False,False,,0
frozen,330,0.9981861610141263,1.0,0,2.9926735337503287,-1.4993730489120252,False,False,,0
frozen,331,0.9997328836154888,1.0,0,2.9926735337503287,-1.4993730489120252,False,False,,0
frozen,332,0.05323506287546762,0.0,0,2.9926735337503287,-1.4993730489120252,False,False,,0
frozen,333,0.99191491692899,1.0,0,2.9926735337503287,-1.4993730489120252,False,False,,0
frozen,334,0.26557447628791186,0.0,0,2.9926735337503287,-1.4993730489120252,False,False,,0
frozen,335,0.004575066847645818,0.0,0,2.9926735337503287,-1.4993730489120252,False,False,,0
frozen,336,0.997702300841487,1.0,0,2.9926735337503287,-1.4993730489120252,False,False,,0
frozen,337,0.905532993320011,1.0,0,2.9926735337503287,-1.4993730489120252,False,False,,0
frozen,338,0.8786347468927486,1.0,0,2.9926735337503287,-1.4993730489120252,False,False,,0
frozen,339,0.7408087404839377,1.0,0,2.9926735337503287,-1.4993730489120252,False,False,,0
frozen,340,0.027204617950011462,0.0,0,2.9926735337503287,-1.4993730489120252,False,False,,0
frozen,341,0.8921955754716129,1.0,0,2.9926735337503287,-1.4993730489120252,False,False,,0
frozen,342,0.2283254943200479,0.0,0,2.9926735337503287,-1.4993730489120252,False,False,,0
frozen,343,0.7594487160273545,1.0,0,2.9926735337503287,-1.4993730489120252,False,False,,0
frozen,344,0.8868626028631396,1.0,0,2.9926735337503287,-1.4993730489120252,False,False,,0
frozen,345,0.06701266263432575,0.0,0,2.9926735337503287,-1.4993730489120252,False,False,,0
frozen,346,0.8824778241474771,1.0,0,2.9926735337503287,-1.4993730489120252,False,False,,0
frozen,347,0.19651950449079503,0.0,0,2.9926735337503287,-1.4993730489120252,False,False,,0
frozen,348,0.8564129707047577,1.0,0,2.9926735337503287,-1.4993730489120252,False,False,,0
frozen,349,0.9304394261064578,1.0,0,2.9926735337503287,-1.4993730489120252,False,False,,0
frozen,350,0.28075320792771385,0.0,0,2.9926735337503287,-1.4993730489120252,False,False,,0
frozen,351,0.9985588559974555,1.0,0,2.9926735337503287,-1.4993730489120252,False,False,,0
frozen,352,0.12403141861087366,0.0,0,2.9926735337503287,-1.4993730489120252,False,False,,0
frozen,353,0.998748716200837,1.0,0,2.9926735337503287,-1.4993730489120252,False,False,,0
frozen,354,0.2378849905009525,0.0,0,2.9926735337503287,-1.4993730489120252,False,False,,0
frozen,355,0.32003428011687246,0.0,0,2.9926735337503287,-1.4993730489120252,False,False,,0
frozen,356,0.6655831757468523,1.0,0,2.9926735337503287,-1.4993730489120252,False,False,,0
frozen,357,0.9917464441888995,1.0,0,2.9926735337503287,-1.4993730489120252,False,False,,0
frozen,358,0.9711994077878511,1.0,0,2.9926735337503287,-1.4993730489120252,False,False,,0
frozen,359,0.0495343910747207,0.0,0,2.9926735337503287,-1.4993730489120252,False,False,,0
frozen,360,0.9753765716936814,1.0,0,2.9926735337503287,-1.4993730489120252,False,False,,0
frozen,361,0.9727320141886812,1.0,0,2.9926735337503287,-1.4993730489120252,False,False,,0
frozen,362,0.36189533544772023,0.0,0,2.9926735337503287,-1.4993730489120252,False,False,,0
frozen,363,0.03437885737353067,0.0,0,2.9926735337503287,-1.4993730489120252,False,False,,0
frozen,364,0.9112625810578915,1.0,0,2.9926735337503287,-1.4993730489120252,False,False,,0
frozen,365,0.9682076882210015,1.0,0,2.9926735337503287,-1.4993730489120252,False,False,,0
frozen,366,0.9638393197201269,1.0,0,2.9926735337503287,-1.4993730489120252,False,False,,0
frozen,367,0.9156609010377568,1.0,0,2.9926735337503287,-1.4993730489120252,False,False,,0
frozen,368,0.003865836299070483,0.0,0,2.9926735337503287,-1.4993730489120252,False,False,,0
frozen,369,0.8921428346583273,1.0,0,2.9926735337503287,-1.4993730489120252,False,False,,0
frozen,370,0.5491077632632121,1.0,0,2.9926735337503287,-1.4993730489120252,False,False,,0
frozen,371,0.6216760545321988,1.0,0,2.9926735337503287,-1.4993730489120252,False,False,,0
frozen,372,0.877675797104022,1.0,0,2.9926735337503287,-1.4993730489120252,False,False,,0
frozen,373,0.38823513146336647,0.0,0,2.9926735337503287,-1.4993730489120252,False,False,,0
frozen,374,0.042079929922696276,0.0,0,2.9926735337503287,-1.4993730489120252,False,False,,0
frozen,375,0.5144189228280558,1.0,0,2.9926735337503287,-1.4993730489120252,False,False,,0
frozen,376,0.17509989370764234,0.0,0,2.9926735337503287,-1.4993730489120252,False,False,,0
frozen,377,0.9748008106811896,1.0,0,2.9926735337503287,-1.4993730489120252,False,False,,0
frozen,378,0.99950513849124,1.0,0,2.9926735337503287,-1.4993730489120252,False,False,,0
frozen,379,0.003655357389354445,0.0,0,2.9926735337503287,-1.4993730489120252,False,False,,0
frozen,380,0.3803567414675675,0.0,0,2.9926735337503287,-1.4993730489120252,False,False,,0
frozen,381,0.20653336632694472,0.0,0,2.9926735337503287,-1.4993730489120252,False,False,,0
frozen,382,0.8757306872708771,1.0,0,2.9926735337503287,-1.4993730489120252,False,False,,0
frozen,383,0.041840245996547315,0.0,0,2.9926735337503287,-1.4993730489120252,False,False,,0
frozen,384,0.0050996458073722896,0.0,0,2.9926735337503287,-1.4993730489120252,False,False,,0
frozen,385,0.7485457400407735,1.0,0,2.9926735337503287,-1.4993730489120252,False,False,,0
frozen,386,0.9710909890857188,1.0,0,2.9926735337503287,-1.4993730489120252,False,False,,0
frozen,387,0.9610659516850922,1.0,0,2.9926735337503287,-1.4993730489120252,False,False,,0
frozen,388,0.011726650412018758,0.0,0,2.9926735337503287,-1.4993730489120252,False,False,,0
frozen,389,0.35769960266584555,0.0,0,2.9926735337503287,-1.4993730489120252,False,False,,0
frozen,390,0.39600645336812257,0.0,0,2.9926735337503287,-1.4993730489120252,False,False,,0
frozen,391,0.9906705641970037,1.0,0,2.9926735337503287,-1.4993730489120252,False,False,,0
frozen,392,0.9997302888541387,1.0,0,2.9926735337503287,-1.4993730489120252,False,False,,0
frozen,393,0.45739161838166015,0.0,0,2.9926735337503287,-1.4993730489120252,False,False,,0
frozen,394,0.0054638074008323,0.0,0,2.9926735337503287,-1.4993730489120252,False,False,,0
frozen,395,0.9318480797183536,1.0,0,2.9926735337503287,-1.4993730489120252,False,False,,0
frozen,396,0.9998597575152536,1.0,0,2.9926735337503287,-1.4993730489120252,False,False,,0
frozen,397,0.009132745966371312,0.0,0,2.9926735337503287,-1.4993730489120252,False,False,,0
frozen,398,0.9221527104830836,1.0,0,2.9926735337503287,-1.4993730489120252,False,False,,0
frozen,399,0.9525339670892694,1.0,0,2.9926735337503287,-1.4993730489120252,False,False,,0
frozen,400,0.0017443362672346207,0.0,0,2.9926735337503287,-1.4993730489120252,False,False,,0
frozen,401,0.017095923950341502,0.0,0,2.9926735337503287,-1.4993730489120252,False,False,,0
frozen,402,0.041365515465367306,0.0,0,2.9926735337503287,-1.4993730489120252,False,False,,0
frozen,403,0.9738459761138255,1.0,0,2.9926735337503287,-1.4993730489120252,False,False,,0
frozen,404,0.45831686895628787,0.0,0,2.9926735337503287,-1.4993730489120252,False,False,,0
frozen,405,0.9980088987344551,1.0,0,2.9926735337503287,-1.4993730489120252,False,False,,0
frozen,406,0.9993044472652683,1.0,0,2.9926735337503287,-1.4993730489120252,False,False,,0
frozen,407,0.27321081383373164,0.0,0,2.9926735337503287,-1.4993730489120252,False,False,,0
frozen,408,0.4848670002739271,0.0,0,2.9926735337503287,-1.4993730489120252,False,False,,0
frozen,409,0.8988015507149901,1.0,0,2.9926735337503287,-1.4993730489120252,False,False,,0
frozen,410,0.6681963858178086,1.0,0,2.9926735337503287,-1.4993730489120252,False,False,,0
frozen,411,0.6980861933547781,1.0,0,2.9926735337503287,-1.4993730489120252,False,False,,0
frozen,412,0.08596988540238791,0.0,0,2.9926735337503287,-1.4993730489120252,False,False,,0
frozen,413,0.39401569437845874,0.0,0,2.9926735337503287,-1.4993730489120252,False,False,,0
frozen,414,0.8492284376918207,1.0,0,2.9926735337503287,-1.4993730489120252,False,False,,0
frozen,415,0.8850865374806103,1.0,0,2.9926735337503287,-1.4993730489120252,False,False,,0
frozen,416,0.2663502744443846,0.0,0,2.9926735337503287,-1.4993730489120252,False,False,,0
frozen,417,0.2634393206025308,0.0,0,2.9926735337503287,-1.4993730489120252,False,False,,0
frozen,418,0.9599820767953516,1.0,0,2.9926735337503287,-1.4993730489120252,False,False,,0
frozen,419,0.9917020405364386,1.0,0,2.9926735337503287,-1.4993730489120252,False,False,,0
frozen,420,0.4177331731705565,0.0,0,2.9926735337503287,-1.4993730489120252,False,False,,0
frozen,421,0.9975072929633292,1.0,0,2.9926735337503287,-1.4993730489120252,False,False,,0
frozen,422,0.9157345061234882,1.0,0,2.9926735337503287,-1.4993730489120252,False,False,,0
frozen,423,0.8621269337176026,1.0,0,2.9926735337503287,-1.4993730489120252,False,False,,0
frozen,424,0.14361230403540237,0.0,0,2.9926735337503287,-1.4993730489120252,False,False,,0
frozen,425,0.13160682764060266,0.0,0,2.9926735337503287,-1.4993730489120252,False,False,,0
frozen,426,0.9370368121509838,1.0,0,2.9926735337503287,-1.4993730489120252,False,False,,0
frozen,427,0.9995894224001748,1.0,0,2.9926735337503287,-1.4993730489120252,False,False,,0
frozen,428,0.035291356759934736,0.0,0,2.9926735337503287,-1.4993730489120252,False,False,,0
frozen,429,0.5192420148278312,1.0,0,2.9926735337503287,-1.4993730489120252,False,False,,0
frozen,430,0.9952927548476296,1.0,0,2.9926735337503287,-1.4993730489120252,False,False,,0
frozen,431,0.1493763932126629,0.0,0,2.9926735337503287,-1.4993730489120252,False,False,,0
frozen,432,0.425822070322592,0.0,0,2.9926735337503287,-1.4993730489120252,False,False,,0
frozen,433,0.06643604080470164,0.0,0,2.9926735337503287,-1.4993730489120252,False,False,,0
frozen,434,0.3545787334848158,0.0,0,2.9926735337503287,-1.4993730489120252,False,False,,0
frozen,435,0.3176494892054897,0.0,0,2.9926735337503287,-1.4993730489120252,False,False,,0
frozen,436,0.9653584643906987,1.0,0,2.9926735337503287,-1.4993730489120252,False,False,,0
frozen,437,0.002146164877302591,0.0,0,2.9926735337503287,-1.4993730489120252,False,False,,0
frozen,438,0.6146648878714283,1.0,0,2.9926735337503287,-1.4993730489120252,False,False,,0
frozen,439,0.5919460437434291,1.0,0,2.9926735337503287,-1.4993730489120252,False,False,,0
frozen,440,0.05540060605682225,0.0,0,2.9926735337503287,-1.4993730489120252,False,False,,0
frozen,441,0.9937614129964476,1.0,0,2.9926735337503287,-1.4993730489120252,False,False,,0
frozen,442,0.540113203405865,1.0,0,2.9926735337503287,-1.4993730489120252,False,False,,0
frozen,443,0.8902837692357826,1.0,0,2.9926735337503287,-1.4993730489120252,False,False,,0
frozen,444,0.9960753501736929,1.0,0,2.9926735337503287,-1.4993730489120252,False,False,,0
frozen,445,0.004489236992896976,0.0,0,2.9926735337503287,-1.4993730489120252,False,False,,0
frozen,446,0.48192970304168903,0.0,0,2.9926735337503287,-1.4993730489120252,False,False,,0
frozen,447,0.22330040904149123,0.0,0,2.9926735337503287,-1.4993730489120252,False,False,,0
frozen,448,0.9451436630650617,1.0,0,2.9926735337503287,-1.4993730489120252,False,False,,0
frozen,449,0.04763449423067328,0.0,0,2.9926735337503287,-1.4993730489120252,False,False,,0
frozen,450,0.027651059101590193,0.0,0,2.9926735337503287,-1.4993730489120252,False,False,,0
frozen,451,0.7755863111428902,1.0,0,2.9926735337503287,-1.4993730489120252,False,False,,0
frozen,452,0.014058218899573422,0.0,0,2.9926735337503287,-1.4993730489120252,False,False,,0
frozen,453,0.07746566046919913,0.0,0,2.9926735337503287,-1.4993730489120252,False,False,,0
frozen,454,0.993025181392754,1.0,0,2.9926735337503287,-1.4993730489120252,False,False,,0
frozen,455,0.0015562251075549691,0.0,0,2.9926735337503287,-1.4993730489120252,False,False,,0
frozen,456,0.1510542793272465,0.0,0,2.9926735337503287,-1.4993730489120252,False,False,,0
frozen,457,0.6357299406820308,1.0,0,2.9926735337503287,-1.4993730489120252,False,False,,0
frozen,458,0.00549210533824614,0.0,0,2.9926735337503287,-1.4993730489120252,False,False,,0
frozen,459,0.6482612699879451,1.0,0,2.9926735337503287,-1.4993730489120252,False,False,,0
frozen,460,0.07358079966155165,0.0,0,2.9926735337503287,-1.4993730489120252,False,False,,0
frozen,461,0.8709866613610197,1.0,0,2.9926735337503287,-1.4993730489120252,False,False,,0
frozen,462,0.9721806216460908,1.0,0,2.9926735337503287,-1.4993730489120252,False,False,,0
frozen,463,0.03764224156391411,0.0,0,2.9926735337503287,-1.4993730489120252,False,False,,0
frozen,464,0.9481151020361568,1.0,0,2.9926735337503287,-1.4993730489120252,False,False,,0
frozen,465,0.46474896542492156,0.0,0,2.9926735337503287,-1.4993730489120252,False,False,,0
frozen,466,0.9223194332942996,1.0,0,2.9926735337503287,-1.4993730489120252,False,False,,0
frozen,467,0.2877927285105595,0.0,0,2.9926735337503287,-1.4993730489120252,False,False,,0
frozen,468,0.9001834870293915,1.0,0,2.9926735337503287,-1.4993730489120252,False,False,,0
frozen,469,0.90319313041826,1.0,0,2.9926735337503287,-1.4993730489120252,False,False,,0
frozen,470,0.1853432588011984,0.0,0,2.9926735337503287,-1.4993730489120252,False,False,,0
frozen,471,0.9866904342725695,1.0,0,2.9926735337503287,-1.4993730489120252,False,False,,0
frozen,472,0.028282049256775153,0.0,0,2.9926735337503287,-1.4993730489120252,False,False,,0
frozen,473,0.056273296309092315,0.0,0,2.9926735337503287,-1.4993730489120252,False,False,,0
frozen,474,0.5948086397854366,1.0,0,2.9926735337503287,-1.4993730489120252,False,False,,0
frozen,475,0.8902972314026408,1.0,0,2.9926735337503287,-1.4993730489120252,False,False,,0
frozen,476,0.7818984345551211,1.0,0,2.9926735337503287,-1.4993730489120252,False,False,,0
frozen,477,0.4920820849588264,0.0,0,2.9926735337503287,-1.4993730489120252,False,False,,0
frozen,478,0.8168910278468968,1.0,0,2.9926735337503287,-1.4993730489120252,False,False,,0
frozen,479,0.9996621318877148,1.0,0,2.9926735337503287,-1.4993730489120252,False,False,,0
frozen,480,0.113527201126045,0.0,0,2.9926735337503287,-1.4993730489120252,False,False,,0
frozen,481,0.7522267287399768,1.0,0,2.9926735337503287,-1.4993730489120252,False,False,,0
frozen,482,0.4782451467486847,0.0,0,2.9926735337503287,-1.4993730489120252,False,False,,0
frozen,483,0.5573728563990916,1.0,0,2.9926735337503287,-1.4993730489120252,False,False,,0
frozen,484,0.9702990046135695,1.0,0,2.9926735337503287,-1.4993730489120252,False,False,,0
frozen,485,0.5557636413073251,1.0,0,2.9926735337503287,-1.4993730489120252,False,False,,0
frozen,486,0.997268855122039,1.0,0,2.9926735337503287,-1.4993730489120252,False,False,,0
frozen,487,0.010707992612784878,0.0,0,2.9926735337503287,-1.4993730489120252,False,False,,0
frozen,488,0.867399654177196,1.0,0,2.9926735337503287,-1.4993730489120252,False,False,,0
frozen,489,0.9742575279162329,1.0,0,2.9926735337503287,-1.4993730489120252,False,False,,0
frozen,490,0.03299692328036195,0.0,0,2.9926735337503287,-1.4993730489120252,False,False,,0
frozen,491,0.132949893806165,0.0,0,2.9926735337503287,-1.4993730489120252,False,False,,0
frozen,492,0.9366393303108187,1.0,0,2.9926735337503287,-1.4993730489120252,False,False,,0
frozen,493,0.0010163804114991012,0.0,0,2.9926735337503287,-1.4993730489120252,False,False,,0
frozen,494,0.8561948099821145,1.0,0,2.9926735337503287,-1.4993730489120252,False,False,,0
frozen,495,0.019833518737995774,0.0,0,2.9926735337503287,-1.4993730489120252,False,False,,0
frozen,496,0.6784539631733073,1.0,0,2.9926735337503287,-1.4993730489120252,False,False,,0
frozen,497,0.7897236637299434,1.0,0,2.9926735337503287,-1.4993730489120252,False,False,,0
frozen,498,0.7671309633277335,1.0,0,2.9926735337503287,-1.4993730489120252,False,False,,0
frozen,499,0.9899793957572952,1.0,0,2.9926735337503287,-1.4993730489120252,False,False,,0
frozen,500,0.19556948312716552,0.0,0,2.9926735337503287,-1.4993730489120252,False,False,,0
frozen,501,0.8232598802517708,1.0,0,2.9926735337503287,-1.4993730489120252,False,False,,0
frozen,502,0.10721855064202969,0.0,0,2.9926735337503287,-1.4993730489120252,False,False,,0
frozen,503,0.9732545621345906,1.0,0,2.9926735337503287,-1.4993730489120252,False,False,,0
frozen,504,0.9574697431573974,1.0,0,2.9926735337503287,-1.4993730489120252,False,False,,0
frozen,505,0.48162268926922347,0.0,0,2.9926735337503287,-1.4993730489120252,False,False,,0
frozen,506,0.02844022150030145,0.0,0,2.9926735337503287,-1.4993730489120252,False,False,,0
frozen,507,0.0002641986164293712,0.0,0,2.9926735337503287,-1.4993730489120252,False,False,,0
frozen,508,0.9725647138823491,1.0,0,2.9926735337503287,-1.4993730489120252,False,False,,0
frozen,509,0.5606074009162287,1.0,0,2.9926735337503287,-1.4993730489120252,False,False,,0
frozen,510,0.9876908846473229,1.0,0,2.9926735337503287,-1.4993730489120252,False,False,,0
frozen,511,0.9990998745924692,1.0,0,2.9926735337503287,-1.4993730489120252,False,False,,0
frozen,512,0.005103792625946834,0.0,0,2.9926735337503287,-1.4993730489120252,False,False,,0
frozen,513,0.8412753519711763,1.0,0,2.9926735337503287,-1.4993730489120252,False,False,,0
frozen,514,0.9563451963832618,1.0,0,2.9926735337503287,-1.4993730489120252,False,False,,0
frozen,515,0.044939027270226375,0.0,0,2.9926735337503287,-1.4993730489120252,False,False,,0
frozen,516,0.5859916129795174,1.0,0,2.9926735337503287,-1.4993730489120252,False,False,,0
frozen,517,0.25947650778319736,0.0,0,2.9926735337503287,-1.4993730489120252,False,False,,0
frozen,518,0.9835727752728661,1.0,0,2.9926735337503287,-1.4993730489120252,False,False,,0
frozen,519,0.10945721896656042,0.0,0,2.9926735337503287,-1.4993730489120252,False,False,,0
frozen,520,0.0009710771209278862,0.0,0,2.9926735337503287,-1.4993730489120252,False,False,,0
frozen,521,0.9894898667925474,1.0,0,2.9926735337503287,-1.4993730489120252,False,False,,0
frozen,522,0.0057406014514219525,0.0,0,2.9926735337503287,-1.4993730489120252,False,False,,0
frozen,523,0.7467132221443791,1.0,0,2.9926735337503287,-1.4993730489120252,False,False,,0
frozen,524,0.06439127280685004,0.0,0,2.9926735337503287,-1.4993730489120252,False,False,,0
frozen,525,0.995597075829702,1.0,0,2.9926735337503287,-1.4993730489120252,False,False,,0
frozen,526,0.6501218130666835,1.0,0,2.9926735337503287,-1.4993730489120252,False,False,,0
frozen,527,0.9964207931706994,1.0,0,2.9926735337503287,-1.4993730489120252,False,False,,0
frozen,528,0.43831954018958863,0.0,0,2.9926735337503287,-1.4993730489120252,False,False,,0
frozen,529,0.008475491479567752,0.0,0,2.9926735337503287,-1.4993730489120252,False,False,,0
frozen,530,0.1431451057247652,0.0,0,2.9926735337503287,-1.4993730489120252,False,False,,0
frozen,531,0.04227139483313809,0.0,0,2.9926735337503287,-1.4993730489120252,False,False,,0
frozen,532,0.49330330890949087,0.0,0,2.9926735337503287,-1.4993730489120252,False,False,,0
frozen,533,0.1751829463612319,0.0,0,2.9926735337503287,-1.4993730489120252,False,False,,0
frozen,534,0.6783350947413284,1.0,0,2.9926735337503287,-1.4993730489120252,False,False,,0
frozen,535,0.3412122706049017,0.0,0,2.9926735337503287,-1.4993730489120252,False,False,,0
frozen,536,0.9549054517810607,1.0,0,2.9926735337503287,-1.4993730489120252,False,False,,0
frozen,537,0.918311510763555,1.0,0,2.9926735337503287,-1.4993730489120252,False,False,,0
frozen,538,0.8447609006176764,1.0,0,2.9926735337503287,-1.4993730489120252,False,False,,0
frozen,539,0.011128353732936759,0.0,0,2.9926735337503287,-1.4993730489120252,False,False,,0
frozen,540,0.35655666001409847,0.0,0,2.9926735337503287,-1.4993730489120252,False,False,,0
frozen,541,0.025669501825625326,0.0,0,2.9926735337503287,-1.4993730489120252,False,False,,0
frozen,542,0.7912215919509988,1.0,0,2.9926735337503287,-1.4993730489120252,False,False,,0
frozen,543,0.20618231014588334,0.0,0,2.9926735337503287,-1.4993730489120252,False,False,,0
frozen,544,0.8635755101393511,1.0,0,2.9926735337503287,-1.4993730489120252,False,False,,0
frozen,545,0.09340622362412461,0.0,0,2.9926735337503287,-1.4993730489120252,False,False,,0
frozen,546,0.9793082227168359,1.0,0,2.9926735337503287,-1.4993730489120252,False,False,,0
frozen,547,0.012441029926192155,0.0,0,2.9926735337503287,-1.4993730489120252,False,False,,0
frozen,548,0.3941103252364566,0.0,0,2.9926735337503287,-1.4993730489120252,False,False,,0
frozen,549,0.9881570767169298,1.0,0,2.9926735337503287,-1.4993730489120252,False,False,,0
frozen,550,0.0008884993846496182,0.0,0,2.9926735337503287,-1.4993730489120252,False,False,,0
frozen,551,0.1351342610031653,0.0,0,2.9926735337503287,-1.4993730489120252,False,False,,0
frozen,552,0.8594505858842294,1.0,0,2.9926735337503287,-1.4993730489120252,False,False,,0
frozen,553,0.6446690080148023,1.0,0,2.9926735337503287,-1.4993730489120252,False,False,,0
frozen,554,0.002456489765415814,0.0,0,2.9926735337503287,-1.4993730489120252,False,False,,0
frozen,555,0.9994939264268372,1.0,0,2.9926735337503287,-1.4993730489120252,False,False,,0
frozen,556,0.050770600117911124,0.0,0,2.9926735337503287,-1.4993730489120252,False,False,,0
frozen,557,0.8946573049334112,1.0,0,2.9926735337503287,-1.4993730489120252,False,False,,0
frozen,558,0.5172834424250684,1.0,0,2.9926735337503287,-1.4993730489120252,False,False,,0
frozen,559,0.9733491242257655,1.0,0,2.9926735337503287,-1.4993730489120252,False,False,,0
frozen,560,0.020641964021348186,0.0,0,2.9926735337503287,-1.4993730489120252,False,False,,0
frozen,561,0.058133692055260665,0.0,0,2.9926735337503287,-1.4993730489120252,False,False,,0
frozen,562,0.49711863929704014,0.0,0,2.9926735337503287,-1.4993730489120252,False,False,,0
frozen,563,0.20085517437287628,0.0,0,2.9926735337503287,-1.4993730489120252,False,False,,0
frozen,564,0.8595650442657818,1.0,0,2.9926735337503287,-1.4993730489120252,False,False,,0
frozen,565,0.3885734002651549,0.0,0,2.9926735337503287,-1.4993730489120252,False,False,,0
frozen,566,0.6083516020825851,1.0,0,2.9926735337503287,-1.4993730489120252,False,False,,0
frozen,567,0.8679743057121575,1.0,0,2.9926735337503287,-1.4993730489120252,False,False,,0
frozen,568,0.009820920688823266,0.0,0,2.9926735337503287,-1.4993730489120252,False,False,,0
frozen,569,0.36966552042098416,0.0,0,2.9926735337503287,-1.4993730489120252,False,False,,0
frozen,570,0.6963780264967845,1.0,0,2.9926735337503287,-1.4993730489120252,False,False,,0
frozen,571,0.9813177030816809,1.0,0,2.9926735337503287,-1.4993730489120252,False,False,,0
frozen,572,0.09768932119153202,0.0,0,2.9926735337503287,-1.4993730489120252,False,False,,0
frozen,573,0.9380422795225096,1.0,0,2.9926735337503287,-1.4993730489120252,False,False,,0
frozen,574,0.5893430919422068,1.0,0,2.9926735337503287,-1.4993730489120252,False,False,,0
frozen,575,0.45893836876286803,0.0,0,2.9926735337503287,-1.4993730489120252,False,False,,0
frozen,576,0.042360186290514745,0.0,0,2.9926735337503287,-1.4993730489120252,False,False,,0
frozen,577,0.004750496091336661,0.0,0,2.9926735337503287,-1.4993730489120252,False,False,,0
frozen,578,0.24666429926879027,0.0,0,2.9926735337503287,-1.4993730489120252,False,False,,0
frozen,579,0.6302360188035326,1.0,0,2.9926735337503287,-1.4993730489120252,False,False,,0
frozen,580,0.7625017503508525,1.0,0,2.9926735337503287,-1.4993730489120252,False,False,,0
frozen,581,0.31564062154937766,0.0,0,2.9926735337503287,-1.4993730489120252,False,False,,0
frozen,582,0.9509293985287665,1.0,0,2.9926735337503287,-1.4993730489120252,False,False,,0
frozen,583,0.0025026378281318364,0.0,0,2.9926735337503287,-1.4993730489120252,False,False,,0
frozen,584,0.2779195253819905,0.0,0,2.9926735337503287,-1.4993730489120252,False,False,,0
frozen,585,0.7252658004842392,1.0,0,2.9926735337503287,-1.4993730489120252,False,False,,0
frozen,586,0.1600380824682642,0.0,0,2.9926735337503287,-1.4993730489120252,False,False,,0
frozen,587,0.20360917137317855,0.0,0,2.9926735337503287,-1.4993730489120252,False,False,,0
frozen,588,0.6757755663649994,1.0,0,2.9926735337503287,-1.4993730489120252,False,False,,0
frozen,589,0.12350176616641424,0.0,0,2.9926735337503287,-1.4993730489120252,False,False,,0
frozen,590,0.548793536895716,1.0,0,2.9926735337503287,-1.4993730489120252,False,False,,0
frozen,591,0.9172397841275388,1.0,0,2.9926735337503287,-1.4993730489120252,False,False,,0
frozen,592,0.9460993581888227,1.0,0,2.9926735337503287,-1.4993730489120252,False,False,,0
frozen,593,0.031510256415676216,0.0,0,2.9926735337503287,-1.4993730489120252,False,False,,0
frozen,594,0.5224204233328199,1.0,0,2.9926735337503287,-1.4993730489120252,False,False,,0
frozen,595,0.5058132120339655,1.0,0,2.9926735337503287,-1.4993730489120252,False,False,,0
frozen,596,0.5888755603406208,1.0,0,2.9926735337503287,-1.4993730489120252,False,False,,0
frozen,597,0.21531670041804574,0.0,0,2.9926735337503287,-1.4993730489120252,False,False,,0
frozen,598,0.9973089451325245,1.0,0,2.9926735337503287,-1.4993730489120252,False,False,,0
frozen,599,0.9551281247583865,1.0,0,2.9926735337503287,-1.4993730489120252,False,False,,0
frozen,600,0.17964912251026044,1.0,0,2.9926735337503287,-1.4993730489120252,False,False,,0
frozen,601,0.10067783687673595,1.0,0,2.9926735337503287,-1.4993730489120252,False,False,,0
frozen,602,0.06695989109685876,1.0,0,2.9926735337503287,-1.4993730489120252,False,False,,0
frozen,603,0.38061666281110557,1.0,0,2.9926735337503287,-1.4993730489120252,False,False,,0
frozen,604,0.8918315491269742,0.0,0,2.9926735337503287,-1.4993730489120252,False,False,,0
frozen,605,0.6323838535743469,0.0,0,2.9926735337503287,-1.4993730489120252,False,False,,0
frozen,606,0.40552960852937203,1.0,0,2.9926735337503287,-1.4993730489120252,False,False,,0
frozen,607,0.8770253449169733,0.0,0,2.9926735337503287,-1.4993730489120252,False,False,,0
frozen,608,0.9807398442532801,0.0,0,2.9926735337503287,-1.4993730489120252,False,False,,0
frozen,609,0.034213834211865676,1.0,0,2.9926735337503287,-1.4993730489120252,False,False,,0
frozen,610,0.06103533049313673,1.0,0,2.9926735337503287,-1.4993730489120252,False,False,,0
frozen,611,0.7544581296663683,0.0,0,2.9926735337503287,-1.4993730489120252,False,False,,0
frozen,612,0.9473235317442541,0.0,0,2.9926735337503287,-1.4993730489120252,False,False,,0
frozen,613,0.9707148658115312,0.0,0,2.9926735337503287,-1.4993730489120252,False,False,,0
frozen,614,0.11228536475187059,1.0,0,2.9926735337503287,-1.4993730489120252,False,False,,0
frozen,615,0.6928103222071578,0.0,0,2.9926735337503287,-1.4993730489120252,False,False,,0
frozen,616,0.6908121466011681,0.0,0,2.9926735337503287,-1.4993730489120252,False,False,,0
frozen,617,0.5325026727081045,0.0,0,2.9926735337503287,-1.4993730489120252,False,False,,0
frozen,618,0.9991221377005959,0.0,0,2.9926735337503287,-1.4993730489120252,False,False,,0
frozen,619,0.6471324643534678,0.0,0,2.9926735337503287,-1.4993730489120252,False,False,,0
frozen,620,0.021604256942865968,1.0,0,2.9926735337503287,-1.4993730489120252,False,False,,0
frozen,621,0.12659247127025863,1.0,0,2.9926735337503287,-1.4993730489120252,False,False,,0
frozen,622,0.5334226192934605,0.0,0,2.9926735337503287,-1.4993730489120252,False,False,,0
frozen,623,0.0003283271361396473,1.0,0,2.9926735337503287,-1.4993730489120252,False,False,,0
frozen,624,0.7141452378475348,0.0,0,2.9926735337503287,-1.4993730489120252,False,False,,0
frozen,625,0.022830418249267768,1.0,0,2.9926735337503287,-1.4993730489120252,False,False,,0
frozen,626,0.040432507476646194,1.0,0,2.9926735337503287,-1.4993730489120252,False,False,,0
frozen,627,0.23618789426924275,1.0,0,2.9926735337503287,-1.4993730489120252,False,False,,0
frozen,628,0.4856084606001077,1.0,0,2.9926735337503287,-1.4993730489120252,False,False,,0
frozen,629,0.13817223026591582,1.0,0,2.9926735337503287,-1.4993730489120252,False,False,,0
frozen,630,0.8316014362711291,0.0,0,2.9926735337503287,-1.4993730489120252,False,False,,0
frozen,631,0.5456496326217787,0.0,0,2.9926735337503287,-1.4993730489120252,False,False,,0
frozen,632,0.008058749701927178,1.0,0,2.9926735337503287,-1.4993730489120252,False,False,,0
frozen,633,0.04840455003391048,1.0,0,2.9926735337503287,-1.4993730489120252,False,False,,0
frozen,634,0.9570032442253271,0.0,0,2.9926735337503287,-1.4993730489120252,False,False,,0
frozen,635,0.05340181065877728,1.0,0,2.9926735337503287,-1.4993730489120252,False,False,,0
frozen,636,0.4978790742842617,1.0,0,2.9926735337503287,-1.4993730489120252,False,False,,0
frozen,637,0.0035051059777463475,1.0,0,2.9926735337503287,-1.4993730489120252,False,False,,0
frozen,638,0.9618830802258307,0.0,0,2.9926735337503287,-1.4993730489120252,False,False,,0
frozen,639,0.9990262883563502,0.0,0,2.9926735337503287,-1.4993730489120252,False,False,,0
frozen,640,0.35925533472752963,1.0,0,2.9926735337503287,-1.4993730489120252,False,False,,0
frozen,641,0.05661399338028275,1.0,0,2.9926735337503287,-1.4993730489120252,False,False,,0
frozen,642,0.9955273564258953,0.0,0,2.9926735337503287,-1.4993730489120252,False,False,,0
frozen,643,0.9055606729590061,0.0,0,2.9926735337503287,-1.4993730489120252,False,False,,0
frozen,644,0.1604122140247147,1.0,0,2.9926735337503287,-1.4993730489120252,False,False,,0
frozen,645,0.9909617393733752,0.0,0,2.9926735337503287,-1.4993730489120252,False,False,,0
frozen,646,0.21138677099939138,1.0,0,2.9926735337503287,-1.4993730489120252,False,False,,0
frozen,647,0.6609905161429478,0.0,0,2.9926735337503287,-1.4993730489120252,False,False,,0
frozen,648,0.9080120675535084,0.0,0,2.9926735337503287,-1.4993730489120252,False,False,,0
frozen,649,0.3168461087818824,1.0,0,2.9926735337503287,-1.4993730489120252,False,False,,0
frozen,650,0.8777230591031355,0.0,0,2.9926735337503287,-1.4993730489120252,False,False,,0
frozen,651,0.33359458383853413,1.0,0,2.9926735337503287,-1.4993730489120252,False,False,,0
frozen,652,0.038364327034520626,1.0,0,2.9926735337503287,-1.4993730489120252,False,False,,0
frozen,653,0.12867152149816963,1.0,0,2.9926735337503287,-1.4993730489120252,False,False,,0
frozen,654,0.03605198477868915,1.0,0,2.9926735337503287,-1.4993730489120252,False,False,,0
frozen,655,0.9643632827155375,0.0,0,2.9926735337503287,-1.4993730489120252,False,False,,0
frozen,656,0.006791042427764573,1.0,0,2.9926735337503287,-1.4993730489120252,False,False,,0
frozen,657,0.8817039819444932,0.0,0,2.9926735337503287,-1.4993730489120252,False,False,,0
frozen,658,0.9556443729615568,0.0,0,2.9926735337503287,-1.4993730489120252,False,False,,0
frozen,659,0.1775978719469989,1.0,0,2.9926735337503287,-1.4993730489120252,False,False,,0
frozen,660,0.59956992424581,0.0,0,2.9926735337503287,-1.4993730489120252,False,False,,0
frozen,661,0.559801370519797,0.0,0,2.9926735337503287,-1.4993730489120252,False,False,,0
frozen,662,0.9962802506715769,0.0,0,2.9926735337503287,-1.4993730489120252,False,False,,0
frozen,663,0.5574367260000391,0.0,0,2.9926735337503287,-1.4993730489120252,False,False,,0
frozen,664,0.12131718744108888,1.0,0,2.9926735337503287,-1.4993730489120252,False,False,,0
frozen,665,0.9179316493700843,0.0,0,2.9926735337503287,-1.4993730489120252,False,False,,0
frozen,666,0.1649873687475294,1.0,0,2.9926735337503287,-1.4993730489120252,False,False,,0
frozen,667,0.9844080809190434,0.0,0,2.9926735337503287,-1.4993730489120252,False,False,,0
frozen,668,0.019351567231661922,1.0,0,2.9926735337503287,-1.4993730489120252,False,False,,0
frozen,669,0.9946946022217199,0.0,0,2.9926735337503287,-1.4993730489120252,False,False,,0
frozen,670,0.0373568635442848,1.0,0,2.9926735337503287,-1.4993730489120252,False,False,,0
frozen,671,0.8580500532171056,0.0,0,2.9926735337503287,-1.4993730489120252,False,False,,0
frozen,672,0.0044673146172996715,1.0,0,2.9926735337503287,-1.4993730489120252,False,False,,0
frozen,673,0.24840405479160557,1.0,0,2.9926735337503287,-1.4993730489120252,False,False,,0
frozen,674,0.29891709141421474,1.0,0,2.9926735337503287,-1.4993730489120252,False,False,,0
frozen,675,0.043574525118476364,1.0,0,2.9926735337503287,-1.4993730489120252,False,False,,0
frozen,676,0.9822124763674108,0.0,0,2.9926735337503287,-1.4993730489120252,False,False,,0
frozen,677,0.8539773858611333,0.0,0,2.9926735337503287,-1.4993730489120252,False,False,,0
frozen,678,0.9920469300717515,0.0,0,2.9926735337503287,-1.4993730489120252,False,False,,0
frozen,679,0.668569364356053,0.0,0,2.9926735337503287,-1.4993730489120252,False,False,,0
frozen,680,0.9985543556515221,0.0,0,2.9926735337503287,-1.4993730489120252,False,False,,0
frozen,681,0.3427756518667743,1.0,0,2.9926735337503287,-1.4993730489120252,False,False,,0
frozen,682,0.9220858093186265,0.0,0,2.9926735337503287,-1.4993730489120252,False,False,,0
frozen,683,0.022877873361112896,1.0,0,2.9926735337503287,-1.4993730489120252,False,False,,0
frozen,684,0.18502622788424758,1.0,0,2.9926735337503287,-1.4993730489120252,False,False,,0
frozen,685,0.9420754917233213,0.0,0,2.9926735337503287,-1.4993730489120252,False,False,,0
frozen,686,0.8851992003800542,0.0,0,2.9926735337503287,-1.4993730489120252,False,False,,0
frozen,687,0.06496856255858403,1.0,0,2.9926735337503287,-1.4993730489120252,False,False,,0
frozen,688,0.0813135266680497,1.0,0,2.9926735337503287,-1.4993730489120252,False,False,,0
frozen,689,0.026004806198768122,1.0,0,2.9926735337503287,-1.4993730489120252,False,False,,0
frozen,690,0.3092180105177236,1.0,0,2.9926735337503287,-1.4993730489120252,False,False,,0
frozen,691,0.25652201889620435,1.0,0,2.9926735337503287,-1.4993730489120252,False,False,,0
frozen,692,0.5614934902676806,0.0,0,2.9926735337503287,-1.4993730489120252,False,False,,0
frozen,693,0.4004753616425206,1.0,0,2.9926735337503287,-1.4993730489120252,False,False,,0
frozen,694,0.0013270715642112216,1.0,0,2.9926735337503287,-1.4993730489120252,False,False,,0
frozen,695,0.6624936718851833,0.0,0,2.9926735337503287,-1.4993730489120252,False,False,,0
frozen,696,0.010825497312915641,1.0,0,2.9926735337503287,-1.4993730489120252,False,False,,0
frozen,697,0.9877817865261187,0.0,0,2.9926735337503287,-1.4993730489120252,False,False,,0
frozen,698,0.08600965840505789,1.0,0,2.9926735337503287,-1.4993730489120252,False,False,,0
frozen,699,0.030414175842103115,1.0,0,2.9926735337503287,-1.4993730489120252,False,False,,0
frozen,700,0.19552603545269984,1.0,0,2.9926735337503287,-1.4993730489120252,False,False,,0
frozen,701,0.024700556644195067,1.0,0,2.9926735337503287,-1.4993730489120252,False,False,,0
frozen,702,0.9898672568406208,0.0,0,2.9926735337503287,-1.4993730489120252,False,False,,0
frozen,703,0.9284698584735706,0.0,0,2.9926735337503287,-1.4993730489120252,False,False,,0
frozen,704,0.9894768636765413,0.0,0,2.9926735337503287,-1.4993730489120252,False,False,,0
frozen,705,0.04559695372789141,1.0,0,2.9926735337503287,-1.4993730489120252,False,False,,0
frozen,706,0.29153002901850705,1.0,0,2.9926735337503287,-1.4993730489120252,False,False,,0
frozen,707,0.1547362382454752,1.0,0,2.9926735337503287,-1.4993730489120252,False,False,,0
frozen,708,0.9103600632777552,0.0,0,2.9926735337503287,-1.4993730489120252,False,False,,0
frozen,709,0.02312279028875296,1.0,0,2.9926735337503287,-1.4993730489120252,False,False,,0
frozen,710,0.8420544933801167,0.0,0,2.9926735337503287,-1.4993730489120252,False,False,,0
frozen,711,0.06556417713425149,1.0,0,2.9926735337503287,-1.4993730489120252,False,False,,0
frozen,712,0.24494768694069874,1.0,0,2.9926735337503287,-1.4993730489120252,False,False,,0
frozen,713,0.004882268268510706,1.0,0,2.9926735337503287,-1.4993730489120252,False,False,,0
frozen,714,0.20804797098998254,1.0,0,2.9926735337503287,-1.4993730489120252,False,False,,0
frozen,715,0.434073344451442,1.0,0,2.9926735337503287,-1.4993730489120252,False,False,,0
frozen,716,0.7480909821005117,0.0,0,2.9926735337503287,-1.4993730489120252,False,False,,0
frozen,717,0.5396653378361203,0.0,0,2.9926735337503287,-1.4993730489120252,False,False,,0
frozen,718,0.7917523300349432,0.0,0,2.9926735337503287,-1.4993730489120252,False,False,,0
frozen,719,0.018571241989131387,1.0,0,2.9926735337503287,-1.4993730489120252,False,False,,0
frozen,720,0.7919603975082516,0.0,0,2.9926735337503287,-1.4993730489120252,False,False,,0
frozen,721,0.018537050781143413,1.0,0,2.9926735337503287,-1.4993730489120252,False,False,,0
frozen,722,0.0386499685229429,1.0,0,2.9926735337503287,-1.4993730489120252,False,False,,0
frozen,723,0.7165101471106639,0.0,0,2.9926735337503287,-1.4993730489120252,False,False,,0
frozen,724,0.0367806004477697,1.0,0,2.9926735337503287,-1.4993730489120252,False,False,,0
frozen,725,0.5920153401661423,0.0,0,2.9926735337503287,-1.4993730489120252,False,False,,0
frozen,726,0.18470898897290997,1.0,0,2.9926735337503287,-1.4993730489120252,False,False,,0
frozen,727,0.2654985692655897,1.0,0,2.9926735337503287,-1.4993730489120252,False,False,,0
frozen,728,0.9096382916537817,0.0,0,2.9926735337503287,-1.4993730489120252,False,False,,0
frozen,729,0.003932566307204484,1.0,0,2.9926735337503287,-1.4993730489120252,False,False,,0
frozen,730,0.07010561111783281,1.0,0,2.9926735337503287,-1.4993730489120252,False,False,,0
frozen,731,0.20301275903743968,1.0,0,2.9926735337503287,-1.4993730489120252,False,False,,0
frozen,732,0.8093984530429126,0.0,0,2.9926735337503287,-1.4993730489120252,False,False,,0
frozen,733,0.9947866895446607,0.0,0,2.9926735337503287,-1.4993730489120252,False,False,,0
frozen,734,0.1113010563029016,1.0,0,2.9926735337503287,-1.4993730489120252,False,False,,0
frozen,735,0.9705905860106119,0.0,0,2.9926735337503287,-1.4993730489120252,False,False,,0
frozen,736,0.005364185234602098,1.0,0,2.9926735337503287,-1.4993730489120252,False,False,,0
frozen,737,0.05812992052421876,1.0,0,2.9926735337503287,-1.4993730489120252,False,False,,0
frozen,738,0.0002488780136562541,1.0,0,2.9926735337503287,-1.4993730489120252,False,False,,0
frozen,739,0.9490951328434597,0.0,0,2.9926735337503287,-1.4993730489120252,False,False,,0
frozen,740,0.9808154822870533,0.0,0,2.9926735337503287,-1.4993730489120252,False,False,,0
frozen,741,0.035124796331127556,1.0,0,2.9926735337503287,-1.4993730489120252,False,False,,0
frozen,742,0.02021831557882975,1.0,0,2.9926735337503287,-1.4993730489120252,False,False,,0
frozen,743,0.6943006056944748,0.0,0,2.9926735337503287,-1.4993730489120252,False,False,,0
frozen,744,0.001461313647926733,1.0,0,2.9926735337503287,-1.4993730489120252,False,False,,0
frozen,745,0.5746369589864856,0.0,0,2.9926735337503287,-1.4993730489120252,False,False,,0
frozen,746,0.8029530871161078,0.0,0,2.9926735337503287,-1.4993730489120252,False,False,,0
frozen,747,0.2602206734208585,1.0,0,2.9926735337503287,-1.4993730489120252,False,False,,0
frozen,748,0.019803154047142925,1.0,0,2.9926735337503287,-1.4993730489120252,False,False,,0
frozen,749,0.00745495638800242,1.0,0,2.9926735337503287,-1.4993730489120252,False,False,,0
frozen,750,0.11268512564048702,1.0,0,2.9926735337503287,-1.4993730489120252,False,False,,0
frozen,751,0.00325496875483796,1.0,0,2.9926735337503287,-1.4993730489120252,False,False,,0
frozen,752,0.8980451448217008,0.0,0,2.9926735337503287,-1.4993730489120252,False,False,,0
frozen,753,0.9872729734449498,0.0,0,2.9926735337503287,-1.4993730489120252,False,False,,0
frozen,754,0.022064199935823446,1.0,0,2.9926735337503287,-1.4993730489120252,False,False,,0
frozen,755,0.5777542922555787,0.0,0,2.9926735337503287,-1.4993730489120252,False,False,,0
frozen,756,0.11441292012313786,1.0,0,2.9926735337503287,-1.4993730489120252,False,False,,0
frozen,757,0.08625859644221294,1.0,0,2.9926735337503287,-1.4993730489120252,False,False,,0
frozen,758,0.9095495451216731,0.0,0,2.9926735337503287,-1.4993730489120252,False,False,,0
frozen,759,0.02198563611565489,1.0,0,2.9926735337503287,-1.4993730489120252,False,False,,0
frozen,760,0.7050926046595303,0.0,0,2.9926735337503287,-1.4993730489120252,False,False,,0
frozen,761,0.8704788667373622,0.0,0,2.9926735337503287,-1.4993730489120252,False,False,,0
frozen,762,0.18486365840540184,1.0,0,2.9926735337503287,-1.4993730489120252,False,False,,0
frozen,763,0.14945358828010677,1.0,0,2.9926735337503287,-1.4993730489120252,False,False,,0
frozen,764,0.5378038154861449,0.0,0,2.9926735337503287,-1.4993730489120252,False,False,,0
frozen,765,0.47086026118396723,1.0,0,2.9926735337503287,-1.4993730489120252,False,False,,0
frozen,766,0.5149950573894628,0.0,0,2.9926735337503287,-1.4993730489120252,False,False,,0
frozen,767,0.9817812656241907,0.0,0,2.9926735337503287,-1.4993730489120252,False,False,,0
frozen,768,0.8216537001774489,0.0,0,2.9926735337503287,-1.4993730489120252,False,False,,0
frozen,769,0.6514048908632809,0.0,0,2.9926735337503287,-1.4993730489120252,False,False,,0
frozen,770,0.05184865603022737,1.0,0,2.9926735337503287,-1.4993730489120252,False,False,,0
frozen,771,0.0839471448354654,1.0,0,2.9926735337503287,-1.4993730489120252,False,False,,0
frozen,772,0.2507250133012973,1.0,0,2.9926735337503287,-1.4993730489120252,False,False,,0
frozen,773,0.0064470142743140784,1.0,0,2.9926735337503287,-1.4993730489120252,False,False,,0
frozen,774,0.7722679405510556,0.0,0,2.9926735337503287,-1.4993730489120252,False,False,,0
frozen,775,0.277599444416442,1.0,0,2.9926735337503287,-1.4993730489120252,False,False,,0
frozen,776,0.016369803917545975,1.0,0,2.9926735337503287,-1.4993730489120252,False,False,,0
frozen,777,0.006387353769764126,1.0,0,2.9926735337503287,-1.4993730489120252,False,False,,0
frozen,778,0.019861424463431615,1.0,0,2.9926735337503287,-1.4993730489120252,False,False,,0
frozen,779,0.8559765280301076,0.0,0,2.9926735337503287,-1.4993730489120252,False,False,,0
frozen,780,0.9160830343065736,0.0,0,2.9926735337503287,-1.4993730489120252,False,False,,0
frozen,781,0.9890686605652698,0.0,0,2.9926735337503287,-1.4993730489120252,False,False,,0
frozen,782,0.023000576286865866,1.0,0,2.9926735337503287,-1.4993730489120252,False,False,,0
frozen,783,0.35203483711763,1.0,0,2.9926735337503287,-1.4993730489120252,False,False,,0
frozen,784,0.333910605224433,1.0,0,2.9926735337503287,-1.4993730489120252,False,False,,0
frozen,785,0.05452473345957876,1.0,0,2.9926735337503287,-1.4993730489120252,False,False,,0
frozen,786,0.13896896884072207,1.0,0,2.9926735337503287,-1.4993730489120252,False,False,,0
frozen,787,0.6641765843939725,0.0,0,2.9926735337503287,-1.4993730489120252,False,False,,0
frozen,788,0.38420925783704135,1.0,0,2.9926735337503287,-1.4993730489120252,False,False,,0
frozen,789,0.060490303063847776,1.0,0,2.9926735337503287,-1.4993730489120252,False,False,,0
frozen,790,0.6271235422624268,0.0,0,2.9926735337503287,-1.4993730489120252,False,False,,0
frozen,791,0.052440857619526896,1.0,0,2.9926735337503287,-1.4993730489120252,False,False,,0
frozen,792,0.10902009715459332,1.0,0,2.9926735337503287,-1.4993730489120252,False,False,,0
frozen,793,0.8379951363045757,0.0,0,2.9926735337503287,-1.4993730489120252,False,False,,0
frozen,794,0.11029753348546188,1.0,0,2.9926735337503287,-1.4993730489120252,False,False,,0
frozen,795,0.6913245007570104,0.0,0,2.9926735337503287,-1.4993730489120252,False,False,,0
frozen,796,0.00562823701279297,1.0,0,2.9926735337503287,-1.4993730489120252,False,False,,0
frozen,797,0.9999767566320268,0.0,0,2.9926735337503287,-1.4993730489120252,False,False,,0
frozen,798,0.028108767525154968,1.0,0,2.9926735337503287,-1.4993730489120252,False,False,,0
frozen,799,0.25214271398878224,1.0,0,2.9926735337503287,-1.4993730489120252,False,False,,0
frozen,800,0.799357245121337,0.0,0,2.9926735337503287,-1.4993730489120252,False,False,,0
frozen,801,0.0684267141438374,1.0,0,2.9926735337503287,-1.4993730489120252,False,False,,0
frozen,802,0.9824594110502827,0.0,0,2.9926735337503287,-1.4993730489120252,False,False,,0
frozen,803,0.8716682693263811,0.0,0,2.9926735337503287,-1.4993730489120252,False,False,,0
frozen,804,0.4438673053476277,1.0,0,2.9926735337503287,-1.4993730489120252,False,False,,0
frozen,805,0.9345269238475987,0.0,0,2.9926735337503287,-1.4993730489120252,False,False,,0
frozen,806,0.32279716526915464,1.0,0,2.9926735337503287,-1.4993730489120252,False,False,,0
frozen,807,0.9843891098314969,0.0,0,2.9926735337503287,-1.4993730489120252,False,False,,0
frozen,808,0.5311321929438557,0.0,0,2.9926735337503287,-1.4993730489120252,False,False,,0
frozen,809,0.0033310199174310024,1.0,0,2.9926735337503287,-1.4993730489120252,False,False,,0
frozen,810,0.8025900837468606,0.0,0,2.9926735337503287,-1.4993730489120252,False,False,,0
frozen,811,0.9241820596043738,0.0,0,2.9926735337503287,-1.4993730489120252,False,False,,0
frozen,812,0.16016849477162426,1.0,0,2.9926735337503287,-1.4993730489120252,False,False,,0
frozen,813,0.0003124102223988319,1.0,0,2.9926735337503287,-1.4993730489120252,False,False,,0
frozen,814,0.9871082814443051,0.0,0,2.9926735337503287,-1.4993730489120252,False,False,,0
frozen,815,0.7087592659774302,0.0,0,2.9926735337503287,-1.4993730489120252,False,False,,0
frozen,816,0.9818993233423831,0.0,0,2.9926735337503287,-1.4993730489120252,False,False,,0
frozen,817,0.0068557965301788825,1.0,0,2.9926735337503287,-1.4993730489120252,False,False,,0
frozen,818,0.11799951132854812,1.0,0,2.9926735337503287,-1.4993730489120252,False,False,,0
frozen,819,0.02725832858527027,1.0,0,2.9926735337503287,-1.4993730489120252,False,False,,0
frozen,820,0.204107355335889,1.0,0,2.9926735337503287,-1.4993730489120252,False,False,,0
frozen,821,0.9751389249826259,0.0,0,2.9926735337503287,-1.4993730489120252,False,False,,0
frozen,822,0.0210046929869069,1.0,0,2.9926735337503287,-1.4993730489120252,False,False,,0
frozen,823,0.029740231827418282,1.0,0,2.9926735337503287,-1.4993730489120252,False,False,,0
frozen,824,0.9843461906218436,0.0,0,2.9926735337503287,-1.4993730489120252,False,False,,0
frozen,825,5.2672165284042475e-05,1.0,0,2.9926735337503287,-1.4993730489120252,False,False,,0
frozen,826,0.43827860247247546,1.0,0,2.9926735337503287,-1.4993730489120252,False,False,,0
frozen,827,0.009513631999747146,1.0,0,2.9926735337503287,-1.4993730489120252,False,False,,0
frozen,828,0.7426973377479463,0.0,0,2.9926735337503287,-1.4993730489120252,False,False,,0
frozen,829,0.6349154704582634,0.0,0,2.9926735337503287,-1.4993730489120252,False,False,,0
frozen,830,0.9569661169033069,0.0,0,2.9926735337503287,-1.4993730489120252,False,False,,0
frozen,831,0.15080419337695575,1.0,0,2.9926735337503287,-1.4993730489120252,False,False,,0
frozen,832,0.6869536748680678,0.0,0,2.9926735337503287,-1.4993730489120252,False,False,,0
frozen,833,0.1213522469690996,1.0,0,2.9926735337503287,-1.4993730489120252,False,False,,0
frozen,834,0.32478605281059325,1.0,0,2.9926735337503287,-1.4993730489120252,False,False,,0
frozen,835,0.45987886605961886,1.0,0,2.9926735337503287,-1.4993730489120252,False,False,,0
frozen,836,0.8894867877019886,0.0,0,2.9926735337503287,-1.4993730489120252,False,False,,0
frozen,837,0.07235359622704778,1.0,0,2.9926735337503287,-1.4993730489120252,False,False,,0
frozen,838,0.9691057506607612,0.0,0,2.9926735337503287,-1.4993730489120252,False,False,,0
frozen,839,0.6751278673373186,0.0,0,2.9926735337503287,-1.4993730489120252,False,False,,0
frozen,840,0.07520053602071158,1.0,0,2.9926735337503287,-1.4993730489120252,False,False,,0
frozen,841,0.13205846348359382,1.0,0,2.9926735337503287,-1.4993730489120252,False,False,,0
frozen,842,0.4702105707915756,1.0,0,2.9926735337503287,-1.4993730489120252,False,False,,0
frozen,843,0.07787933911139475,1.0,0,2.9926735337503287,-1.4993730489120252,False,False,,0
frozen,844,0.5778020776560014,0.0,0,2.9926735337503287,-1.4993730489120252,False,False,,0
frozen,845,0.16348090855781638,1.0,0,2.9926735337503287,-1.4993730489120252,False,False,,0
frozen,846,0.9418058619479592,0.0,0,2.9926735337503287,-1.4993730489120252,False,False,,0
frozen,847,0.21085304796987914,1.0,0,2.9926735337503287,-1.4993730489120252,False,False,,0
frozen,848,0.9989019881226155,0.0,0,2.9926735337503287,-1.4993730489120252,False,False,,0
frozen,849,0.9995464799428345,0.0,0,2.9926735337503287,-1.4993730489120252,False,False,,0
frozen,850,0.9997482374951682,0.0,0,2.9926735337503287,-1.4993730489120252,False,False,,0
frozen,851,0.003968087016743566,1.0,0,2.9926735337503287,-1.4993730489120252,False,False,,0
frozen,852,0.009061853359666732,1.0,0,2.9926735337503287,-1.4993730489120252,False,False,,0
frozen,853,0.7572483804674096,0.0,0,2.9926735337503287,-1.4993730489120252,False,False,,0
frozen,854,0.39180654674169074,1.0,0,2.9926735337503287,-1.4993730489120252,False,False,,0
frozen,855,0.9157337954876975,0.0,0,2.9926735337503287,-1.4993730489120252,False,False,,0
frozen,856,0.9980751058609495,0.0,0,2.9926735337503287,-1.4993730489120252,False,False,,0
frozen,857,0.025574805752983248,1.0,0,2.9926735337503287,-1.4993730489120252,False,False,,0
frozen,858,0.4755512970985043,1.0,0,2.9926735337503287,-1.4993730489120252,False,False,,0
frozen,859,0.637319254844739,0.0,0,2.9926735337503287,-1.4993730489120252,False,False,,0
frozen,860,0.9608996579667247,0.0,0,2.9926735337503287,-1.4993730489120252,False,False,,0
frozen,861,0.008431984628283751,1.0,0,2.9926735337503287,-1.4993730489120252,False,False,,0
frozen,862,0.01694736172834698,1.0,0,2.9926735337503287,-1.4993730489120252,False,False,,0
frozen,863,0.08326397243236457,1.0,0,2.9926735337503287,-1.4993730489120252,False,False,,0
frozen,864,0.9031516242406459,0.0,0,2.9926735337503287,-1.4993730489120252,False,False,,0
frozen,865,0.1258144026419461,1.0,0,2.9926735337503287,-1.4993730489120252,False,False,,0
frozen,866,0.14892988354005002,1.0,0,2.9926735337503287,-1.4993730489120252,False,False,,0
frozen,867,0.24781117121290414,1.0,0,2.9926735337503287,-1.4993730489120252,False,False,,0
frozen,868,0.9974288100471645,0.0,0,2.9926735337503287,-1.4993730489120252,False,False,,0
frozen,869,0.08233845430900645,1.0,0,2.9926735337503287,-1.4993730489120252,False,False,,0
frozen,870,0.969359091135264,0.0,0,2.9926735337503287,-1.4993730489120252,False,False,,0
frozen,871,0.648984688484406,0.0,0,2.9926735337503287,-1.4993730489120252,False,False,,0
frozen,872,0.9683567002080442,0.0,0,2.9926735337503287,-1.4993730489120252,False,False,,0
frozen,873,0.8381397109841829,0.0,0,2.9926735337503287,-1.4993730489120252,False,False,,0
frozen,874,0.675959150829061,0.0,0,2.9926735337503287,-1.4993730489120252,False,False,,0
frozen,875,0.7241753068642375,0.0,0,2.9926735337503287,-1.4993730489120252,False,False,,0
frozen,876,0.018800060500703836,1.0,0,2.9926735337503287,-1.4993730489120252,False,False,,0
frozen,877,0.003932609857654587,1.0,0,2.9926735337503287,-1.4993730489120252,False,False,,0
frozen,878,0.05503075683009611,1.0,0,2.9926735337503287,-1.4993730489120252,False,False,,0
frozen,879,0.6906309583801111,0.0,0,2.9926735337503287,-1.4993730489120252,False,False,,0
frozen,880,0.018935537275127423,1.0,0,2.9926735337503287,-1.4993730489120252,False,False,,0
frozen,881,0.006754756124948571,1.0,0,2.9926735337503287,-1.4993730489120252,False,False,,0
frozen,882,0.07589686045666572,1.0,0,2.9926735337503287,-1.4993730489120252,False,False,,0
frozen,883,0.008465752708354885,1.0,0,2.9926735337503287,-1.4993730489120252,False,False,,0
frozen,884,0.18523555969627445,1.0,0,2.9926735337503287,-1.4993730489120252,False,False,,0
frozen,885,0.7306588494034725,0.0,0,2.9926735337503287,-1.4993730489120252,False,False,,0
frozen,886,0.3728903599612473,1.0,0,2.9926735337503287,-1.4993730489120252,False,False,,0
frozen,887,0.1761623547974136,1.0,0,2.9926735337503287,-1.4993730489120252,False,False,,0
frozen,888,0.07538877553407966,1.0,0,2.9926735337503287,-1.4993730489120252,False,False,,0
frozen,889,0.9365998389124995,0.0,0,2.9926735337503287,-1.4993730489120252,False,False,,0
frozen,890,0.9780740707834656,0.0,0,2.9926735337503287,-1.4993730489120252,False,False,,0
frozen,891,0.687055023322638,0.0,0,2.9926735337503287,-1.4993730489120252,False,False,,0
frozen,892,0.9380893667151322,0.0,0,2.9926735337503287,-1.4993730489120252,False,False,,0
frozen,893,0.8854227087307253,0.0,0,2.9926735337503287,-1.4993730489120252,False,False,,0
frozen,894,0.7318795372750323,0.0,0,2.9926735337503287,-1.4993730489120252,False,False,,0
frozen,895,0.03835903533143574,1.0,0,2.9926735337503287,-1.4993730489120252,False,False,,0
frozen,896,0.0016452411076667412,1.0,0,2.9926735337503287,-1.4993730489120252,False,False,,0
frozen,897,0.31500817583121715,1.0,0,2.9926735337503287,-1.4993730489120252,False,False,,0
frozen,898,0.998802611320704,0.0,0,2.9926735337503287,-1.4993730489120252,False,False,,0
frozen,899,0.45240118704080434,1.0,0,2.9926735337503287,-1.4993730489120252,False,False,,0
frozen,900,0.2593432857729439,1.0,0,2.9926735337503287,-1.4993730489120252,False,False,,0
frozen,901,0.029069388497041042,1.0,0,2.9926735337503287,-1.4993730489120252,False,False,,0
frozen,902,0.013658792880193555,1.0,0,2.9926735337503287,-1.4993730489120252,False,False,,0
frozen,903,0.002188483543328534,1.0,0,2.9926735337503287,-1.4993730489120252,False,False,,0
frozen,904,0.9953177592443774,0.0,0,2.9926735337503287,-1.4993730489120252,False,False,,0
frozen,905,0.7475703921116811,0.0,0,2.9926735337503287,-1.4993730489120252,False,False,,0
frozen,906,0.027406354329223608,1.0,0,2.9926735337503287,-1.4993730489120252,False,False,,0
frozen,907,0.1578967770436315,1.0,0,2.9926735337503287,-1.4993730489120252,False,False,,0
frozen,908,0.7583346511938871,0.0,0,2.9926735337503287,-1.4993730489120252,False,False,,0
frozen,909,0.41549830826088063,1.0,0,2.9926735337503287,-1.4993730489120252,False,False,,0
frozen,910,0.6873182404268071,0.0,0,2.9926735337503287,-1.4993730489120252,False,False,,0
frozen,911,0.2296057630861658,1.0,0,2.9926735337503287,-1.4993730489120252,False,False,,0
frozen,912,0.4716439010987759,1.0,0,2.9926735337503287,-1.4993730489120252,False,False,,0
frozen,913,0.9721477719736801,0.0,0,2.9926735337503287,-1.4993730489120252,False,False,,0
frozen,914,0.9995089255902766,0.0,0,2.9926735337503287,-1.4993730489120252,False,False,,0
frozen,915,0.014177144260023712,1.0,0,2.9926735337503287,-1.4993730489120252,False,False,,0
frozen,916,0.9930087824553046,0.0,0,2.9926735337503287,-1.4993730489120252,False,False,,0
frozen,917,0.05093519344626634,1.0,0,2.9926735337503287,-1.4993730489120252,False,False,,0
frozen,918,0.8216227931850429,0.0,0,2.9926735337503287,-1.4993730489120252,False,False,,0
frozen,919,0.25168027708880686,1.0,0,2.9926735337503287,-1.4993730489120252,False,False,,0
frozen,920,0.783251704257654,0.0,0,2.9926735337503287,-1.4993730489120252,False,False,,0
frozen,921,0.9891797919754218,0.0,0,2.9926735337503287,-1.4993730489120252,False,False,,0
frozen,922,0.9091027455236702,0.0,0,2.9926735337503287,-1.4993730489120252,False,False,,0
frozen,923,0.05206947303725492,1.0,0,2.9926735337503287,-1.4993730489120252,False,False,,0
frozen,924,0.8799384796333011,0.0,0,2.9926735337503287,-1.4993730489120252,False,False,,0
frozen,925,0.9753123400909279,0.0,0,2.9926735337503287,-1.4993730489120252,False,False,,0
frozen,926,0.1439558371320964,1.0,0,2.9926735337503287,-1.4993730489120252,False,False,,0
frozen,927,0.4175680725610645,1.0,0,2.9926735337503287,-1.4993730489120252,False,False,,0
frozen,928,0.06206179803976498,1.0,0,2.9926735337503287,-1.4993730489120252,False,False,,0
frozen,929,0.9662664927719921,0.0,0,2.9926735337503287,-1.4993730489120252,False,False,,0
frozen,930,0.15581631218018152,1.0,0,2.9926735337503287,-1.4993730489120252,False,False,,0
frozen,931,0.2789123822276175,1.0,0,2.9926735337503287,-1.4993730489120252,False,False,,0
frozen,932,0.00036102897950188265,1.0,0,2.9926735337503287,-1.4993730489120252,False,False,,0
frozen,933,0.9792059830810402,0.0,0,2.9926735337503287,-1.4993730489120252,False,False,,0
frozen,934,0.5995878744619642,0.0,0,2.9926735337503287,-1.4993730489120252,False,False,,0
frozen,935,0.9983651480926229,0.0,0,2.9926735337503287,-1.4993730489120252,False,False,,0
frozen,936,0.9704364871770682,0.0,0,2.9926735337503287,-1.4993730489120252,False,False,,0
frozen,937,0.8183755564132265,0.0,0,2.9926735337503287,-1.4993730489120252,False,False,,0
frozen,938,0.007459875565615242,1.0,0,2.9926735337503287,-1.4993730489120252,False,False,,0
frozen,939,0.6882472093018857,0.0,0,2.9926735337503287,-1.4993730489120252,False,False,,0
frozen,940,0.9450790060042948,0.0,0,2.9926735337503287,-1.4993730489120252,False,False,,0
frozen,941,0.8181581809710065,0.0,0,2.9926735337503287,-1.4993730489120252,False,False,,0
frozen,942,0.022810660233855917,1.0,0,2.9926735337503287,-1.4993730489120252,False,False,,0
frozen,943,0.21236650492146383,1.0,0,2.9926735337503287,-1.4993730489120252,False,False,,0
frozen,944,0.9906058349528083,0.0,0,2.9926735337503287,-1.4993730489120252,False,False,,0
frozen,945,0.15901404093212104,1.0,0,2.9926735337503287,-1.4993730489120252,False,False,,0
frozen,946,0.9544861548494148,0.0,0,2.9926735337503287,-1.4993730489120252,False,False,,0
frozen,947,0.0016665085726279153,1.0,0,2.9926735337503287,-1.4993730489120252,False,False,,0
frozen,948,0.32482525146984226,1.0,0,2.9926735337503287,-1.4993730489120252,False,False,,0
frozen,949,0.7546912482812659,0.0,0,2.9926735337503287,-1.4993730489120252,False,False,,0
frozen,950,0.9518769679658423,0.0,0,2.9926735337503287,-1.4993730489120252,False,False,,0
frozen,951,0.9409243758409834,0.0,0,2.9926735337503287,-1.4993730489120252,False,False,,0
frozen,952,0.11647360794992824,1.0,0,2.9926735337503287,-1.4993730489120252,False,False,,0
frozen,953,0.22651882486728483,1.0,0,2.9926735337503287,-1.4993730489120252,False,False,,0
frozen,954,0.9846853869475709,0.0,0,2.9926735337503287,-1.4993730489120252,False,False,,0
frozen,955,0.8641477184591677,0.0,0,2.9926735337503287,-1.4993730489120252,False,False,,0
frozen,956,0.28371804366575626,1.0,0,2.9926735337503287,-1.4993730489120252,False,False,,0
frozen,957,0.9720537395895266,0.0,0,2.9926735337503287,-1.4993730489120252,False,False,,0
frozen,958,0.2803816503275832,1.0,0,2.9926735337503287,-1.4993730489120252,False,False,,0
frozen,959,0.7084472524949103,0.0,0,2.9926735337503287,-1.4993730489120252,False,False,,0
frozen,960,0.9971741169013917,0.0,0,2.9926735337503287,-1.4993730489120252,False,False,,0
frozen,961,0.5551366540047218,0.0,0,2.9926735337503287,-1.4993730489120252,False,False,,0
frozen,962,0.0002399124097241864,1.0,0,2.9926735337503287,-1.4993730489120252,False,False,,0
frozen,963,0.9148745991805838,0.0,0,2.9926735337503287,-1.4993730489120252,False,False,,0
frozen,964,0.8235732973738512,0.0,0,2.9926735337503287,-1.4993730489120252,False,False,,0
frozen,965,0.40761938058539804,1.0,0,2.9926735337503287,-1.4993730489120252,False,False,,0
frozen,966,0.0018500104467629047,1.0,0,2.9926735337503287,-1.4993730489120252,False,False,,0
frozen,967,0.8890910742940847,0.0,0,2.9926735337503287,-1.4993730489120252,False,False,,0
frozen,968,0.8063819568131637,0.0,0,2.9926735337503287,-1.4993730489120252,False,False,,0
frozen,969,0.9087758577972328,0.0,0,2.9926735337503287,-1.4993730489120252,False,False,,0
frozen,970,0.9740371242398158,0.0,0,2.9926735337503287,-1.4993730489120252,False,False,,0
frozen,971,0.04872375748201343,1.0,0,2.9926735337503287,-1.4993730489120252,False,False,,0
frozen,972,0.2909503928667788,1.0,0,2.9926735337503287,-1.4993730489120252,False,False,,0
frozen,973,0.9699220464406525,0.0,0,2.9926735337503287,-1.4993730489120252,False,False,,0
frozen,974,0.5687321265182749,0.0,0,2.9926735337503287,-1.4993730489120252,False,False,,0
frozen,975,0.38866610328791423,1.0,0,2.9926735337503287,-1.4993730489120252,False,False,,0
frozen,976,0.8757685049277335,0.0,0,2.9926735337503287,-1.4993730489120252,False,False,,0
frozen,977,0.9382259295821144,0.0,0,2.9926735337503287,-1.4993730489120252,False,False,,0
frozen,978,0.4689382355274508,1.0,0,2.9926735337503287,-1.4993730489120252,False,False,,0
frozen,979,0.03683119937858492,1.0,0,2.9926735337503287,-1.4993730489120252,False,False,,0
frozen,980,0.002343448367486191,1.0,0,2.9926735337503287,-1.4993730489120252,False,False,,0
frozen,981,0.5235743077795914,0.0,0,2.9926735337503287,-1.4993730489120252,False,False,,0
frozen,982,0.8116694684827643,0.0,0,2.9926735337503287,-1.4993730489120252,False,False,,0
frozen,983,0.9539150089458057,0.0,0,2.9926735337503287,-1.4993730489120252,False,False,,0
frozen,984,0.9994332840806273,0.0,0,2.9926735337503287,-1.4993730489120252,False,False,,0
frozen,985,0.8759300688174801,0.0,0,2.9926735337503287,-1.4993730489120252,False,False,,0
frozen,986,0.9183191842226838,0.0,0,2.9926735337503287,-1.4993730489120252,False,False,,0
frozen,987,0.004110176929652899,1.0,0,2.9926735337503287,-1.4993730489120252,False,False,,0
frozen,988,0.03995005754263693,1.0,0,2.9926735337503287,-1.4993730489120252,False,False,,0
frozen,989,0.17654214744230556,1.0,0,2.9926735337503287,-1.4993730489120252,False,False,,0
frozen,990,0.0555099516131924,1.0,0,2.9926735337503287,-1.4993730489120252,False,False,,0
frozen,991,0.42835587252099844,1.0,0,2.9926735337503287,-1.4993730489120252,False,False,,0
frozen,992,0.19887777353128405,1.0,0,2.9926735337503287,-1.4993730489120252,False,False,,0
frozen,993,0.16101142680152702,1.0,0,2.9926735337503287,-1.4993730489120252,False,False,,0
frozen,994,0.5016629816163988,0.0,0,2.9926735337503287,-1.4993730489120252,False,False,,0
frozen,995,0.11302021096661445,1.0,0,2.9926735337503287,-1.4993730489120252,False,False,,0
frozen,996,0.9517203115914922,0.0,0,2.9926735337503287,-1.4993730489120252,False,False,,0
frozen,997,0.9345521596726701,0.0,0,2.9926735337503287,-1.4993730489120252,False,False,,0
frozen,998,0.00015050866466438632,1.0,0,2.9926735337503287,-1.4993730489120252,False,False,,0
frozen,999,0.08307776314642633,1.0,0,2.9926735337503287,-1.4993730489120252,False,False,,0
frozen,1000,0.7279508993830514,0.0,0,2.9926735337503287,-1.4993730489120252,False,False,,0
frozen,1001,0.6414680360130283,0.0,0,2.9926735337503287,-1.4993730489120252,False,False,,0
frozen,1002,0.6827305975928017,0.0,0,2.9926735337503287,-1.4993730489120252,False,False,,0
frozen,1003,0.6999070455748854,0.0,0,2.9926735337503287,-1.4993730489120252,False,False,,0
frozen,1004,0.010802576158490755,1.0,0,2.9926735337503287,-1.4993730489120252,False,False,,0
frozen,1005,0.7387097795800259,0.0,0,2.9926735337503287,-1.4993730489120252,False,False,,0
frozen,1006,0.469674103057344,1.0,0,2.9926735337503287,-1.4993730489120252,False,False,,0
frozen,1007,0.04259428492247914,1.0,0,2.9926735337503287,-1.4993730489120252,False,False,,0
frozen,1008,0.005659159703282422,1.0,0,2.9926735337503287,-1.4993730489120252,False,False,,0
frozen,1009,0.4557822156763359,1.0,0,2.9926735337503287,-1.4993730489120252,False,False,,0
frozen,1010,0.015542858826663696,1.0,0,2.9926735337503287,-1.4993730489120252,False,False,,0
frozen,1011,0.09107141670589035,1.0,0,2.9926735337503287,-1.4993730489120252,False,False,,0
frozen,1012,0.8671611474722946,0.0,0,2.9926735337503287,-1.4993730489120252,False,False,,0
frozen,1013,0.19639862830713745,1.0,0,2.9926735337503287,-1.4993730489120252,False,False,,0
frozen,1014,0.99716401370512,0.0,0,2.9926735337503287,-1.4993730489120252,False,False,,0
frozen,1015,0.17319817246916205,1.0,0,2.9926735337503287,-1.4993730489120252,False,False,,0
frozen,1016,0.43021198837312136,1.0,0,2.9926735337503287,-1.4993730489120252,False,False,,0
frozen,1017,0.03838383052633945,1.0,0,2.9926735337503287,-1.4993730489120252,False,False,,0
frozen,1018,0.982221577745348,0.0,0,2.9926735337503287,-1.4993730489120252,False,False,,0
frozen,1019,0.505851952354225,0.0,0,2.9926735337503287,-1.4993730489120252,False,False,,0
frozen,1020,0.8916013823836713,0.0,0,2.9926735337503287,-1.4993730489120252,False,False,,0
frozen,1021,0.24443056979367403,1.0,0,2.9926735337503287,-1.4993730489120252,False,False,,0
frozen,1022,0.07373073757928009,1.0,0,2.9926735337503287,-1.4993730489120252,False,False,,0
frozen,1023,0.38028188521029577,1.0,0,2.9926735337503287,-1.4993730489120252,False,False,,0
frozen,1024,0.8164134848344681,0.0,0,2.9926735337503287,-1.4993730489120252,False,False,,0
frozen,1025,0.9839783838946503,0.0,0,2.9926735337503287,-1.4993730489120252,False,False,,0
frozen,1026,0.8124787596950005,0.0,0,2.9926735337503287,-1.4993730489120252,False,False,,0
frozen,1027,0.015883943283809085,1.0,0,2.9926735337503287,-1.4993730489120252,False,False,,0
frozen,1028,0.003296655017584615,1.0,0,2.9926735337503287,-1.4993730489120252,False,False,,0
frozen,1029,0.9835178348862655,0.0,0,2.9926735337503287,-1.4993730489120252,False,False,,0
frozen,1030,0.9995882125425091,0.0,0,2.9926735337503287,-1.4993730489120252,False,False,,0
frozen,1031,0.8823413904377706,0.0,0,2.9926735337503287,-1.4993730489120252,False,False,,0
frozen,1032,0.04658520180663648,1.0,0,2.9926735337503287,-1.4993730489120252,False,False,,0
frozen,1033,0.9939352881156328,0.0,0,2.9926735337503287,-1.4993730489120252,False,False,,0
frozen,1034,0.9197431086646737,0.0,0,2.9926735337503287,-1.4993730489120252,False,False,,0
frozen,1035,0.6509978728850133,0.0,0,2.9926735337503287,-1.4993730489120252,False,False,,0
frozen,1036,0.07433724362363454,1.0,0,2.9926735337503287,-1.4993730489120252,False,False,,0
frozen,1037,0.6754725067683487,0.0,0,2.9926735337503287,-1.4993730489120252,False,False,,0
frozen,1038,0.9797351059514239,0.0,0,2.9926735337503287,-1.4993730489120252,False,False,,0
frozen,1039,0.993493055380234,0.0,0,2.9926735337503287,-1.4993730489120252,False,False,,0
frozen,1040,0.017959108815226815,1.0,0,2.9926735337503287,-1.4993730489120252,False,False,,0
frozen,1041,0.3537471127062774,1.0,0,2.9926735337503287,-1.4993730489120252,False,False,,0
frozen,1042,0.23954207056463564,1.0,0,2.9926735337503287,-1.4993730489120252,False,False,,0
frozen,1043,0.05377745460049567,1.0,0,2.9926735337503287,-1.4993730489120252,False,False,,0
frozen,1044,0.06463678157965969,1.0,0,2.9926735337503287,-1.4993730489120252,False,False,,0
frozen,1045,0.2845588171352286,1.0,0,2.9926735337503287,-1.4993730489120252,False,False,,0
frozen,1046,0.26452833563577327,1.0,0,2.9926735337503287,-1.4993730489120252,False,False,,0
frozen,1047,0.0287034198476993,1.0,0,2.9926735337503287,-1.4993730489120252,False,False,,0
frozen,1048,0.9303830208467113,0.0,0,2.9926735337503287,-1.4993730489120252,False,False,,0
frozen,1049,0.8391799748545397,0.0,0,2.9926735337503287,-1.4993730489120252,False,False,,0
frozen,1050,0.6598949013625713,0.0,0,2.9926735337503287,-1.4993730489120252,False,False,,0
frozen,1051,0.8483094815957797,0.0,0,2.9926735337503287,-1.4993730489120252,False,False,,0
frozen,1052,0.6798705987299448,0.0,0,2.9926735337503287,-1.4993730489120252,False,False,,0
frozen,1053,0.8023649101758569,0.0,0,2.9926735337503287,-1.4993730489120252,False,False,,0
frozen,1054,0.6366949051874894,0.0,0,2.9926735337503287,-1.4993730489120252,False,False,,0
frozen,1055,0.9425332787083419,0.0,0,2.9926735337503287,-1.4993730489120252,False,False,,0
frozen,1056,0.581478454144193,0.0,0,2.9926735337503287,-1.4993730489120252,False,False,,0
frozen,1057,0.15382371270810072,1.0,0,2.9926735337503287,-1.4993730489120252,False,False,,0
frozen,1058,0.9271765455620183,0.0,0,2.9926735337503287,-1.4993730489120252,False,False,,0
frozen,1059,0.7137420792109294,0.0,0,2.9926735337503287,-1.4993730489120252,False,False,,0
frozen,1060,0.27171091745425396,1.0,0,2.9926735337503287,-1.4993730489120252,False,False,,0
frozen,1061,0.010698665494615532,1.0,0,2.9926735337503287,-1.4993730489120252,False,False,,0
frozen,1062,0.03223240865508869,1.0,0,2.9926735337503287,-1.4993730489120252,False,False,,0
frozen,1063,0.9559432336586251,0.0,0,2.9926735337503287,-1.4993730489120252,False,False,,0
frozen,1064,0.6960412187882695,0.0,0,2.9926735337503287,-1.4993730489120252,False,False,,0
frozen,1065,0.6503852070246475,0.0,0,2.9926735337503287,-1.4993730489120252,False,False,,0
frozen,1066,0.6739178380273197,0.0,0,2.9926735337503287,-1.4993730489120252,False,False,,0
frozen,1067,0.8668369436406207,0.0,0,2.9926735337503287,-1.4993730489120252,False,False,,0
frozen,1068,0.0626467301019662,1.0,0,2.9926735337503287,-1.4993730489120252,False,False,,0
frozen,1069,0.037244951500326175,1.0,0,2.9926735337503287,-1.4993730489120252,False,False,,0
frozen,1070,0.021720769861690355,1.0,0,2.9926735337503287,-1.4993730489120252,False,False,,0
frozen,1071,0.10190136419550547,1.0,0,2.9926735337503287,-1.4993730489120252,False,False,,0
frozen,1072,0.9914282767036454,0.0,0,2.9926735337503287,-1.4993730489120252,False,False,,0
frozen,1073,0.25057463536491353,1.0,0,2.9926735337503287,-1.4993730489120252,False,False,,0
frozen,1074,0.007141231102285408,1.0,0,2.9926735337503287,-1.4993730489120252,False,False,,0
frozen,1075,0.8610012254535896,0.0,0,2.9926735337503287,-1.4993730489120252,False,False,,0
frozen,1076,0.9999891314644398,0.0,0,2.9926735337503287,-1.4993730489120252,False,False,,0
frozen,1077,0.005078268066900245,1.0,0,2.9926735337503287,-1.4993730489120252,False,False,,0
frozen,1078,0.3590050864521759,1.0,0,2.9926735337503287,-1.4993730489120252,False,False,,0
frozen,1079,0.1464528356607072,1.0,0,2.9926735337503287,-1.4993730489120252,False,False,,0
frozen,1080,0.6996641488212401,0.0,0,2.9926735337503287,-1.4993730489120252,False,False,,0
frozen,1081,0.017229173661556036,1.0,0,2.9926735337503287,-1.4993730489120252,False,False,,0
frozen,1082,0.9882358679813149,0.0,0,2.9926735337503287,-1.4993730489120252,False,False,,0
frozen,1083,0.000558797399863389,1.0,0,2.9926735337503287,-1.4993730489120252,False,False,,0
frozen,1084,0.5366283891740946,0.0,0,2.9926735337503287,-1.4993730489120252,False,False,,0
frozen,1085,0.9940290478533499,0.0,0,2.9926735337503287,-1.4993730489120252,False,False,,0
frozen,1086,0.8137156195918803,0.0,0,2.9926735337503287,-1.4993730489120252,False,False,,0
frozen,1087,0.9227655708824789,0.0,0,2.9926735337503287,-1.4993730489120252,False,False,,0
frozen,1088,0.19247040331872092,1.0,0,2.9926735337503287,-1.4993730489120252,False,False,,0
frozen,1089,0.3403681221622777,1.0,0,2.9926735337503287,-1.4993730489120252,False,False,,0
frozen,1090,0.8974762559651505,0.0,0,2.9926735337503287,-1.4993730489120252,False,False,,0
frozen,1091,0.8869205218729818,0.0,0,2.9926735337503287,-1.4993730489120252,False,False,,0
frozen,1092,0.07435227155788088,1.0,0,2.9926735337503287,-1.4993730489120252,False,False,,0
frozen,1093,0.9909674014212098,0.0,0,2.9926735337503287,-1.4993730489120252,False,False,,0
frozen,1094,0.7268217319429505,0.0,0,2.9926735337503287,-1.4993730489120252,False,False,,0
frozen,1095,0.9996967100202521,0.0,0,2.9926735337503287,-1.4993730489120252,False,False,,0
frozen,1096,0.26260964976053536,1.0,0,2.9926735337503287,-1.4993730489120252,False,False,,0
frozen,1097,0.02481177380488428,1.0,0,2.9926735337503287,-1.4993730489120252,False,False,,0
frozen,1098,0.8493504490861762,0.0,0,2.9926735337503287,-1.4993730489120252,False,False,,0
frozen,1099,0.49913589247822476,0.0,0,2.9926735337503287,-1.4993730489120252,False,False,,0
frozen,1100,0.7662322061686615,0.0,0,2.9926735337503287,-1.4993730489120252,False,False,,0
frozen,1101,0.41523604130188585,1.0,0,2.9926735337503287,-1.4993730489120252,False,False,,0
frozen,1102,0.3749821269205765,1.0,0,2.9926735337503287,-1.4993730489120252,False,False,,0
frozen,1103,0.7813177094180931,0.0,0,2.9926735337503287,-1.4993730489120252,False,False,,0
frozen,1104,0.4652863119571638,1.0,0,2.9926735337503287,-1.4993730489120252,False,False,,0
frozen,1105,0.11486261645469172,1.0,0,2.9926735337503287,-1.4993730489120252,False,False,,0
frozen,1106,0.20693122137917905,1.0,0,2.9926735337503287,-1.4993730489120252,False,False,,0
frozen,1107,0.9820237804660593,0.0,0,2.9926735337503287,-1.4993730489120252,False,False,,0
frozen,1108,0.691165655997317,0.0,0,2.9926735337503287,-1.4993730489120252,False,False,,0
frozen,1109,0.04387812706379957,1.0,0,2.9926735337503287,-1.4993730489120252,False,False,,0
frozen,1110,0.9965808439635016,0.0,0,2.9926735337503287,-1.4993730489120252,False,False,,0
frozen,1111,0.7817659479630982,0.0,0,2.9926735337503287,-1.4993730489120252,False,False,,0
frozen,1112,0.975919485421908,0.0,0,2.9926735337503287,-1.4993730489120252,False,False,,0
frozen,1113,0.42169740004148787,1.0,0,2.9926735337503287,-1.4993730489120252,False,False,,0
frozen,1114,0.941422988603567,0.0,0,2.9926735337503287,-1.4993730489120252,False,False,,0
frozen,1115,0.0018256596227522448,1.0,0,2.9926735337503287,-1.4993730489120252,False,False,,0
frozen,1116,0.489775392979256,1.0,0,2.9926735337503287,-1.4993730489120252,False,False,,0
frozen,1117,0.6037505274555692,0.0,0,2.9926735337503287,-1.4993730489120252,False,False,,0
frozen,1118,0.720988801556823,0.0,0,2.9926735337503287,-1.4993730489120252,False,False,,0
frozen,1119,0.9912167475532404,0.0,0,2.9926735337503287,-1.4993730489120252,False,False,,0
frozen,1120,0.18235685360299794,1.0,0,2.9926735337503287,-1.4993730489120252,False,False,,0
frozen,1121,0.9357174436356761,0.0,0,2.9926735337503287,-1.4993730489120252,False,False,,0
frozen,1122,0.6447068561134558,0.0,0,2.9926735337503287,-1.4993730489120252,False,False,,0
frozen,1123,0.9574614167626322,0.0,0,2.9926735337503287,-1.4993730489120252,False,False,,0
frozen,1124,0.9548465030795462,0.0,0,2.9926735337503287,-1.4993730489120252,False,False,,0
frozen,1125,0.8399159721446178,0.0,0,2.9926735337503287,-1.4993730489120252,False,False,,0
frozen,1126,0.6999037424560648,0.0,0,2.9926735337503287,-1.4993730489120252,False,False,,0
frozen,1127,0.36174588733400725,1.0,0,2.9926735337503287,-1.4993730489120252,False,False,,0
frozen,1128,0.21027180407749763,1.0,0,2.9926735337503287,-1.4993730489120252,False,False,,0
frozen,1129,0.38619942803765944,1.0,0,2.9926735337503287,-1.4993730489120252,False,False,,0
frozen,1130,0.6997091620307461,0.0,0,2.9926735337503287,-1.4993730489120252,False,False,,0
frozen,1131,0.4514768546048701,1.0,0,2.9926735337503287,-1.4993730489120252,False,False,,0
frozen,1132,0.7363960019094271,0.0,0,2.9926735337503287,-1.4993730489120252,False,False,,0
frozen,1133,0.02622751267092337,1.0,0,2.9926735337503287,-1.4993730489120252,False,False,,0
frozen,1134,0.28078446447545824,1.0,0,2.9926735337503287,-1.4993730489120252,False,False,,0
frozen,1135,0.9718523981292939,0.0,0,2.9926735337503287,-1.4993730489120252,False,False,,0
frozen,1136,0.018892098930247077,1.0,0,2.9926735337503287,-1.4993730489120252,False,False,,0
frozen,1137,0.10724399619042148,1.0,0,2.9926735337503287,-1.4993730489120252,False,False,,0
frozen,1138,0.8013848592635359,0.0,0,2.9926735337503287,-1.4993730489120252,False,False,,0
frozen,1139,0.36787614043763445,1.0,0,2.9926735337503287,-1.4993730489120252,False,False,,0
frozen,1140,0.7410098902171957,0.0,0,2.9926735337503287,-1.4993730489120252,False,False,,0
frozen,1141,0.21450995013021695,1.0,0,2.9926735337503287,-1.4993730489120252,False,False,,0
frozen,1142,0.5698383244425833,0.0,0,2.9926735337503287,-1.4993730489120252,False,False,,0
frozen,1143,0.9983698567156435,0.0,0,2.9926735337503287,-1.4993730489120252,False,False,,0
frozen,1144,0.35320855020681624,1.0,0,2.9926735337503287,-1.4993730489120252,False,False,,0
frozen,1145,0.8532338406091061,0.0,0,2.9926735337503287,-1.4993730489120252,False,False,,0
frozen,1146,0.7221252068888634,0.0,0,2.9926735337503287,-1.4993730489120252,False,False,,0
frozen,1147,0.9996610421264832,0.0,0,2.9926735337503287,-1.4993730489120252,False,False,,0
frozen,1148,0.9851313412027426,0.0,0,2.9926735337503287,-1.4993730489120252,False,False,,0
frozen,1149,0.8515891256476461,0.0,0,2.9926735337503287,-1.4993730489120252,False,False,,0
frozen,1150,0.07450102553884692,1.0,0,2.9926735337503287,-1.4993730489120252,False,False,,0
frozen,1151,0.6928388566866469,0.0,0,2.9926735337503287,-1.4993730489120252,False,False,,0
frozen,1152,0.49033477814462295,1.0,0,2.9926735337503287,-1.4993730489120252,False,False,,0
frozen,1153,0.8586756483053742,0.0,0,2.9926735337503287,-1.4993730489120252,False,False,,0
frozen,1154,0.9794288267062138,0.0,0,2.9926735337503287,-1.4993730489120252,False,False,,0
frozen,1155,0.08633705158879137,1.0,0,2.9926735337503287,-1.4993730489120252,False,False,,0
frozen,1156,0.9939720433356364,0.0,0,2.9926735337503287,-1.4993730489120252,False,False,,0
frozen,1157,0.6552207831825081,0.0,0,2.9926735337503287,-1.4993730489120252,False,False,,0
frozen,1158,0.9826614690862487,0.0,0,2.9926735337503287,-1.4993730489120252,False,False,,0
frozen,1159,0.9880956196062045,0.0,0,2.9926735337503287,-1.4993730489120252,False,False,,0
frozen,1160,0.2867384440786993,1.0,0,2.9926735337503287,-1.4993730489120252,False,False,,0
frozen,1161,0.9404781110609058,0.0,0,2.9926735337503287,-1.4993730489120252,False,False,,0
frozen,1162,0.08034633435693757,1.0,0,2.9926735337503287,-1.4993730489120252,False,False,,0
frozen,1163,0.46100899076516944,1.0,0,2.9926735337503287,-1.4993730489120252,False,False,,0
frozen,1164,0.991522124068107,0.0,0,2.9926735337503287,-1.4993730489120252,False,False,,0
frozen,1165,0.6213741773326021,0.0,0,2.9926735337503287,-1.4993730489120252,False,False,,0
frozen,1166,0.04652492481939377,1.0,0,2.9926735337503287,-1.4993730489120252,False,False,,0
frozen,1167,0.9030346134917284,0.0,0,2.9926735337503287,-1.4993730489120252,False,False,,0
frozen,1168,0.20859143213407347,1.0,0,2.9926735337503287,-1.4993730489120252,False,False,,0
frozen,1169,0.02000018158916192,1.0,0,2.9926735337503287,-1.4993730489120252,False,False,,0
frozen,1170,0.07589978410380628,1.0,0,2.9926735337503287,-1.4993730489120252,False,False,,0
frozen,1171,0.9826458112886922,0.0,0,2.9926735337503287,-1.4993730489120252,False,False,,0
frozen,1172,0.9821919328124102,0.0,0,2.9926735337503287,-1.4993730489120252,False,False,,0
frozen,1173,0.968357092722807,0.0,0,2.9926735337503287,-1.4993730489120252,False,False,,0
frozen,1174,0.9928084706399785,0.0,0,2.9926735337503287,-1.4993730489120252,False,False,,0
frozen,1175,0.7421288662091493,0.0,0,2.9926735337503287,-1.4993730489120252,False,False,,0
frozen,1176,0.9371792493857704,0.0,0,2.9926735337503287,-1.4993730489120252,False,False,,0
frozen,1177,0.40188543973749286,1.0,0,2.9926735337503287,-1.4993730489120252,False,False,,0
frozen,1178,0.06047027807963542,1.0,0,2.9926735337503287,-1.4993730489120252,False,False,,0
frozen,1179,0.9197213067421265,0.0,0,2.9926735337503287,-1.4993730489120252,False,False,,0
frozen,1180,0.6412930072688631,0.0,0,2.9926735337503287,-1.4993730489120252,False,False,,0
frozen,1181,0.9958038376169522,0.0,0,2.9926735337503287,-1.4993730489120252,False,False,,0
frozen,1182,0.08074916299230156,1.0,0,2.9926735337503287,-1.4993730489120252,False,False,,0
frozen,1183,0.29735870155613564,1.0,0,2.9926735337503287,-1.4993730489120252,False,False,,0
frozen,1184,0.9015347102176154,0.0,0,2.9926735337503287,-1.4993730489120252,False,False,,0
frozen,1185,0.07895622435999759,1.0,0,2.9926735337503287,-1.4993730489120252,False,False,,0
frozen,1186,0.011753232130426136,1.0,0,2.9926735337503287,-1.4993730489120252,False,False,,0
frozen,1187,0.10353835166375285,1.0,0,2.9926735337503287,-1.4993730489120252,False,False,,0
frozen,1188,0.02987401096281689,1.0,0,2.9926735337503287,-1.4993730489120252,False,False,,0
frozen,1189,0.0013143558570564648,1.0,0,2.9926735337503287,-1.4993730489120252,False,False,,0
frozen,1190,0.008150084106275072,1.0,0,2.9926735337503287,-1.4993730489120252,False,False,,0
frozen,1191,0.9829782429687604,0.0,0,2.9926735337503287,-1.4993730489120252,False,False,,0
frozen,1192,0.9680898653269626,0.0,0,2.9926735337503287,-1.4993730489120252,False,False,,0
frozen,1193,0.4040903801127083,1.0,0,2.9926735337503287,-1.4993730489120252,False,False,,0
frozen,1194,0.854291652919114,0.0,0,2.9926735337503287,-1.4993730489120252,False,False,,0
frozen,1195,0.5004235955776101,0.0,0,2.9926735337503287,-1.4993730489120252,False,False,,0
frozen,1196,0.3959200719279392,1.0,0,2.9926735337503287,-1.4993730489120252,False,False,,0
frozen,1197,0.04002338579384618,1.0,0,2.9926735337503287,-1.4993730489120252,False,False,,0
frozen,1198,0.9892340645076415,0.0,0,2.9926735337503287,-1.4993730489120252,False,False,,0
frozen,1199,0.2705095334176655,1.0,0,2.9926735337503287,-1.4993730489120252,False,False,,0
periodic_worker,0,0.5422659723981941,1.0,0,2.9926735337503287,-1.4993730489120252,False,False,,0
periodic_worker,1,0.24351121667115896,0.0,0,2.9926735337503287,-1.4993730489120252,False,False,,0
periodic_worker,2,0.5405775578749235,1.0,0,2.9926735337503287,-1.4993730489120252,False,False,,0
periodic_worker,3,0.9555095081097421,1.0,0,2.9926735337503287,-1.4993730489120252,False,False,,0
periodic_worker,4,0.07922891089520283,0.0,0,2.9926735337503287,-1.4993730489120252,False,False,,0
periodic_worker,5,0.0006516103188520898,0.0,0,2.9926735337503287,-1.4993730489120252,False,False,,0
periodic_worker,6,0.04709681562676283,0.0,0,2.9926735337503287,-1.4993730489120252,False,False,,0
periodic_worker,7,0.04874475211930763,0.0,0,2.9926735337503287,-1.4993730489120252,False,False,,0
periodic_worker,8,0.5331455781692549,1.0,0,2.9926735337503287,-1.4993730489120252,False,False,,0
periodic_worker,9,0.34408508588143,0.0,0,2.9926735337503287,-1.4993730489120252,False,False,,0
periodic_worker,10,0.845191834099526,1.0,0,2.9926735337503287,-1.4993730489120252,False,False,,0
periodic_worker,11,0.07555996411758413,0.0,0,2.9926735337503287,-1.4993730489120252,False,False,,0
periodic_worker,12,0.2360174657487626,0.0,0,2.9926735337503287,-1.4993730489120252,False,False,,0
periodic_worker,13,0.00282592206026716,0.0,0,2.9926735337503287,-1.4993730489120252,False,False,,0
periodic_worker,14,0.22001863000119629,0.0,0,2.9926735337503287,-1.4993730489120252,False,False,,0
periodic_worker,15,0.2138726333161951,0.0,0,2.9926735337503287,-1.4993730489120252,False,False,,0
periodic_worker,16,0.9937074545395018,1.0,0,2.9926735337503287,-1.4993730489120252,False,False,,0
periodic_worker,17,0.04790195245049742,0.0,0,2.9926735337503287,-1.4993730489120252,False,False,,0
periodic_worker,18,0.06480405037367817,0.0,0,2.9926735337503287,-1.4993730489120252,False,False,,0
periodic_worker,19,0.6286586451241368,1.0,0,2.9926735337503287,-1.4993730489120252,False,False,,0
periodic_worker,20,0.8597367796706022,1.0,0,2.9926735337503287,-1.4993730489120252,False,False,,0
periodic_worker,21,0.00048658697478445997,0.0,0,2.9926735337503287,-1.4993730489120252,False,False,,0
periodic_worker,22,0.9860589929860574,1.0,0,2.9926735337503287,-1.4993730489120252,False,False,,0
periodic_worker,23,0.9512188851485573,1.0,0,2.9926735337503287,-1.4993730489120252,False,False,,0
periodic_worker,24,0.4501001806633892,0.0,0,2.9926735337503287,-1.4993730489120252,False,False,,0
periodic_worker,25,0.5018529906126665,1.0,0,2.9926735337503287,-1.4993730489120252,False,False,,0
periodic_worker,26,0.017581324959210186,0.0,0,2.9926735337503287,-1.4993730489120252,False,False,,0
periodic_worker,27,0.770935295160475,1.0,0,2.9926735337503287,-1.4993730489120252,False,False,,0
periodic_worker,28,0.9330148260970287,1.0,0,2.9926735337503287,-1.4993730489120252,False,False,,0
periodic_worker,29,0.05609196192275301,0.0,0,2.9926735337503287,-1.4993730489120252,False,False,,0
periodic_worker,30,0.22595911509971414,0.0,0,2.9926735337503287,-1.4993730489120252,False,False,,0
periodic_worker,31,0.9529156932575432,1.0,0,2.9926735337503287,-1.4993730489120252,False,False,,0
periodic_worker,32,0.9999812006932636,1.0,0,2.9926735337503287,-1.4993730489120252,False,False,,0
periodic_worker,33,0.45985550719386636,0.0,0,2.9926735337503287,-1.4993730489120252,False,False,,0
periodic_worker,34,0.14274609540377498,0.0,0,2.9926735337503287,-1.4993730489120252,False,False,,0
periodic_worker,35,0.7281710684482333,1.0,0,2.9926735337503287,-1.4993730489120252,False,False,,0
periodic_worker,36,0.9852024736072866,1.0,0,2.9926735337503287,-1.4993730489120252,False,False,,0
periodic_worker,37,0.42176407406404803,0.0,0,2.9926735337503287,-1.4993730489120252,False,False,,0
periodic_worker,38,0.49848786077281376,0.0,0,2.9926735337503287,-1.4993730489120252,False,False,,0
periodic_worker,39,0.07005421989108086,0.0,0,2.9926735337503287,-1.4993730489120252,False,False,,0
periodic_worker,40,0.023257181109821366,0.0,0,2.9926735337503287,-1.4993730489120252,False,False,,0
periodic_worker,41,0.463424498823839,0.0,0,2.9926735337503287,-1.4993730489120252,False,False,,0
periodic_worker,42,0.15210108951352977,0.0,0,2.9926735337503287,-1.4993730489120252,False,False,,0
periodic_worker,43,0.9992082932327295,1.0,0,2.9926735337503287,-1.4993730489120252,False,False,,0
periodic_worker,44,0.4457839361699498,0.0,0,2.9926735337503287,-1.4993730489120252,False,False,,0
periodic_worker,45,0.5616317644770701,1.0,0,2.9926735337503287,-1.4993730489120252,False,False,,0
periodic_worker,46,0.9631646932071389,1.0,0,2.9926735337503287,-1.4993730489120252,False,False,,0
periodic_worker,47,0.9891834396273036,1.0,0,2.9926735337503287,-1.4993730489120252,False,False,,0
periodic_worker,48,0.03464071879989832,0.0,0,2.9926735337503287,-1.4993730489120252,False,False,,0
periodic_worker,49,0.996872963194042,1.0,0,2.9926735337503287,-1.4993730489120252,False,False,,0
periodic_worker,50,0.059945201791607956,0.0,0,2.9926735337503287,-1.4993730489120252,False,False,,0
periodic_worker,51,0.05658895176650741,0.0,0,2.9926735337503287,-1.4993730489120252,False,False,,0
periodic_worker,52,0.8234909084733729,1.0,0,2.9926735337503287,-1.4993730489120252,False,False,,0
periodic_worker,53,0.03557452682619659,0.0,0,2.9926735337503287,-1.4993730489120252,False,False,,0
periodic_worker,54,0.05016130813434933,0.0,0,2.9926735337503287,-1.4993730489120252,False,False,,0
periodic_worker,55,0.7152773551804874,1.0,0,2.9926735337503287,-1.4993730489120252,False,False,,0
periodic_worker,56,0.9994581456116225,1.0,0,2.9926735337503287,-1.4993730489120252,False,False,,0
periodic_worker,57,0.017475690720841385,0.0,0,2.9926735337503287,-1.4993730489120252,False,False,,0
periodic_worker,58,0.9918809382451684,1.0,0,2.9926735337503287,-1.4993730489120252,False,False,,0
periodic_worker,59,0.6074561484233886,1.0,0,2.9926735337503287,-1.4993730489120252,False,False,,0
periodic_worker,60,0.7060877790534638,1.0,0,2.9926735337503287,-1.4993730489120252,False,False,,0
periodic_worker,61,0.9865445625103626,1.0,0,2.9926735337503287,-1.4993730489120252,False,False,,0
periodic_worker,62,0.03811459782629544,0.0,0,2.9926735337503287,-1.4993730489120252,False,False,,0
periodic_worker,63,0.5220481011231621,1.0,0,2.9926735337503287,-1.4993730489120252,False,False,,0
periodic_worker,64,0.05689103451389277,0.0,0,2.9926735337503287,-1.4993730489120252,False,False,,0
periodic_worker,65,0.9507529780891577,1.0,0,2.9926735337503287,-1.4993730489120252,False,False,,0
periodic_worker,66,0.9509146165751063,1.0,0,2.9926735337503287,-1.4993730489120252,False,False,,0
periodic_worker,67,0.02091294438146931,0.0,0,2.9926735337503287,-1.4993730489120252,False,False,,0
periodic_worker,68,0.6507348526201119,1.0,0,2.9926735337503287,-1.4993730489120252,False,False,,0
periodic_worker,69,0.8692453786157129,1.0,0,2.9926735337503287,-1.4993730489120252,False,False,,0
periodic_worker,70,0.055024435392277624,0.0,0,2.9926735337503287,-1.4993730489120252,False,False,,0
periodic_worker,71,0.6797180123727761,1.0,0,2.9926735337503287,-1.4993730489120252,False,False,,0
periodic_worker,72,0.3637863929211653,0.0,0,2.9926735337503287,-1.4993730489120252,False,False,,0
periodic_worker,73,8.837457681680271e-05,0.0,0,2.9926735337503287,-1.4993730489120252,False,False,,0
periodic_worker,74,0.010792216409341826,0.0,0,2.9926735337503287,-1.4993730489120252,False,False,,0
periodic_worker,75,0.18145605779069604,0.0,0,2.9926735337503287,-1.4993730489120252,False,False,,0
periodic_worker,76,0.9843272914039107,1.0,0,2.9926735337503287,-1.4993730489120252,False,False,,0
periodic_worker,77,0.9530047652161261,1.0,0,2.9926735337503287,-1.4993730489120252,False,False,,0
periodic_worker,78,0.9146637233311067,1.0,0,2.9926735337503287,-1.4993730489120252,False,False,,0
periodic_worker,79,0.06530210261824965,0.0,0,2.9926735337503287,-1.4993730489120252,False,False,,0
periodic_worker,80,0.9633882715470773,1.0,0,2.9926735337503287,-1.4993730489120252,False,False,,0
periodic_worker,81,0.04510492689336364,0.0,0,2.9926735337503287,-1.4993730489120252,False,False,,0
periodic_worker,82,0.8800273678229492,1.0,0,2.9926735337503287,-1.4993730489120252,False,False,,0
periodic_worker,83,0.5842273319962181,1.0,0,2.9926735337503287,-1.4993730489120252,False,False,,0
periodic_worker,84,0.553777469108462,1.0,0,2.9926735337503287,-1.4993730489120252,False,False,,0
periodic_worker,85,0.21881256061061644,0.0,0,2.9926735337503287,-1.4993730489120252,False,False,,0
periodic_worker,86,0.6566354695675481,1.0,0,2.9926735337503287,-1.4993730489120252,False,False,,0
periodic_worker,87,0.9998611774482363,1.0,0,2.9926735337503287,-1.4993730489120252,False,False,,0
periodic_worker,88,0.9506749621272077,1.0,0,2.9926735337503287,-1.4993730489120252,False,False,,0
periodic_worker,89,0.1875893690153628,0.0,0,2.9926735337503287,-1.4993730489120252,False,False,,0
periodic_worker,90,0.7165691746588354,1.0,0,2.9926735337503287,-1.4993730489120252,False,False,,0
periodic_worker,91,0.9703367491051625,1.0,0,2.9926735337503287,-1.4993730489120252,False,False,,0
periodic_worker,92,0.005277701167593347,0.0,0,2.9926735337503287,-1.4993730489120252,False,False,,0
periodic_worker,93,0.9627298311230974,1.0,0,2.9926735337503287,-1.4993730489120252,False,False,,0
periodic_worker,94,0.999675096726658,1.0,0,2.9926735337503287,-1.4993730489120252,False,False,,0
periodic_worker,95,0.9841604059051431,1.0,0,2.9926735337503287,-1.4993730489120252,False,False,,0
periodic_worker,96,0.03740932108642553,0.0,0,2.9926735337503287,-1.4993730489120252,True,False,104,32
periodic_worker,97,0.0004786523656688104,0.0,0,2.9926735337503287,-1.4993730489120252,False,False,104,32
periodic_worker,98,0.7862040048277285,1.0,0,2.9926735337503287,-1.4993730489120252,False,False,104,32
periodic_worker,99,0.9885340170542989,1.0,0,2.9926735337503287,-1.4993730489120252,False,False,104,32
periodic_worker,100,0.43746716862177953,0.0,0,2.9926735337503287,-1.4993730489120252,False,False,104,32
periodic_worker,101,0.4591029875406927,0.0,0,2.9926735337503287,-1.4993730489120252,False,False,104,32
periodic_worker,102,0.3929389088587894,0.0,0,2.9926735337503287,-1.4993730489120252,False,False,104,32
periodic_worker,103,0.038153831304735805,0.0,0,2.9926735337503287,-1.4993730489120252,False,False,104,32
periodic_worker,104,0.0006305820763730807,0.0,1,3.2687597043932533,-1.6477493569405524,False,True,,32
periodic_worker,105,0.022904190720006375,0.0,1,3.2687597043932533,-1.6477493569405524,False,False,,32
periodic_worker,106,0.01275476373972622,0.0,1,3.2687597043932533,-1.6477493569405524,False,False,,32
periodic_worker,107,0.9986204296854099,1.0,1,3.2687597043932533,-1.6477493569405524,False,False,,32
periodic_worker,108,0.47429866268421084,0.0,1,3.2687597043932533,-1.6477493569405524,False,False,,32
periodic_worker,109,0.19300548698422215,0.0,1,3.2687597043932533,-1.6477493569405524,False,False,,32
periodic_worker,110,0.9883932603865139,1.0,1,3.2687597043932533,-1.6477493569405524,False,False,,32
periodic_worker,111,0.008484158527294193,0.0,1,3.2687597043932533,-1.6477493569405524,False,False,,32
periodic_worker,112,0.5446989173186746,1.0,1,3.2687597043932533,-1.6477493569405524,False,False,,32
periodic_worker,113,0.8044072693177449,1.0,1,3.2687597043932533,-1.6477493569405524,False,False,,32
periodic_worker,114,0.49190548763023495,0.0,1,3.2687597043932533,-1.6477493569405524,False,False,,32
periodic_worker,115,0.6478796268173351,1.0,1,3.2687597043932533,-1.6477493569405524,False,False,,32
periodic_worker,116,0.9968561417458219,1.0,1,3.2687597043932533,-1.6477493569405524,False,False,,32
periodic_worker,117,0.9995274222124603,1.0,1,3.2687597043932533,-1.6477493569405524,False,False,,32
periodic_worker,118,0.9225148270173744,1.0,1,3.2687597043932533,-1.6477493569405524,False,False,,32
periodic_worker,119,0.9241317435110848,1.0,1,3.2687597043932533,-1.6477493569405524,False,False,,32
periodic_worker,120,0.901993474368005,1.0,1,3.2687597043932533,-1.6477493569405524,False,False,,32
periodic_worker,121,0.9959893880893843,1.0,1,3.2687597043932533,-1.6477493569405524,False,False,,32
periodic_worker,122,0.9573997387904716,1.0,1,3.2687597043932533,-1.6477493569405524,False,False,,32
periodic_worker,123,0.7471897360545088,1.0,1,3.2687597043932533,-1.6477493569405524,False,False,,32
periodic_worker,124,0.008811745176685554,0.0,1,3.2687597043932533,-1.6477493569405524,False,False,,32
periodic_worker,125,0.22302537484798085,0.0,1,3.2687597043932533,-1.6477493569405524,False,False,,32
periodic_worker,126,0.8494584910971879,1.0,1,3.2687597043932533,-1.6477493569405524,False,False,,32
periodic_worker,127,0.7672043314484086,1.0,1,3.2687597043932533,-1.6477493569405524,False,False,,32
periodic_worker,128,0.8963532424287842,1.0,1,3.2687597043932533,-1.6477493569405524,False,False,,32
periodic_worker,129,0.29369303718145995,0.0,1,3.2687597043932533,-1.6477493569405524,False,False,,32
periodic_worker,130,0.9660031434134835,1.0,1,3.2687597043932533,-1.6477493569405524,False,False,,32
periodic_worker,131,0.9823462571186439,1.0,1,3.2687597043932533,-1.6477493569405524,False,False,,32
periodic_worker,132,0.9837959855495649,1.0,1,3.2687597043932533,-1.6477493569405524,False,False,,32
periodic_worker,133,0.9994424478780883,1.0,1,3.2687597043932533,-1.6477493569405524,False,False,,32
periodic_worker,134,0.5614621329916402,1.0,1,3.2687597043932533,-1.6477493569405524,False,False,,32
periodic_worker,135,0.9145169471213461,1.0,1,3.2687597043932533,-1.6477493569405524,False,False,,32
periodic_worker,136,0.018142933854741243,0.0,1,3.2687597043932533,-1.6477493569405524,False,False,,32
periodic_worker,137,0.0009537391883661531,0.0,1,3.2687597043932533,-1.6477493569405524,False,False,,32
periodic_worker,138,0.9997830430687372,1.0,1,3.2687597043932533,-1.6477493569405524,False,False,,32
periodic_worker,139,0.0990903917701156,0.0,1,3.2687597043932533,-1.6477493569405524,False,False,,32
periodic_worker,140,0.3005315767405839,0.0,1,3.2687597043932533,-1.6477493569405524,False,False,,32
periodic_worker,141,0.25851458040611947,0.0,1,3.2687597043932533,-1.6477493569405524,False,False,,32
periodic_worker,142,0.9803718513908338,1.0,1,3.2687597043932533,-1.6477493569405524,False,False,,32
periodic_worker,143,0.4110882638042801,0.0,1,3.2687597043932533,-1.6477493569405524,False,False,,32
periodic_worker,144,0.3668647952605368,0.0,1,3.2687597043932533,-1.6477493569405524,False,False,,32
periodic_worker,145,0.017673933523732678,0.0,1,3.2687597043932533,-1.6477493569405524,False,False,,32
periodic_worker,146,0.406507854832311,0.0,1,3.2687597043932533,-1.6477493569405524,False,False,,32
periodic_worker,147,0.0681201987825304,0.0,1,3.2687597043932533,-1.6477493569405524,False,False,,32
periodic_worker,148,0.9930815630272092,1.0,1,3.2687597043932533,-1.6477493569405524,False,False,,32
periodic_worker,149,0.01777397531913922,0.0,1,3.2687597043932533,-1.6477493569405524,False,False,,32
periodic_worker,150,0.5230022316590595,1.0,1,3.2687597043932533,-1.6477493569405524,False,False,,32
periodic_worker,151,0.14931638761464214,0.0,1,3.2687597043932533,-1.6477493569405524,False,False,,32
periodic_worker,152,0.5303555438933927,1.0,1,3.2687597043932533,-1.6477493569405524,False,False,,32
periodic_worker,153,0.9787075519467957,1.0,1,3.2687597043932533,-1.6477493569405524,False,False,,32
periodic_worker,154,0.6763046154097264,1.0,1,3.2687597043932533,-1.6477493569405524,False,False,,32
periodic_worker,155,0.564405032200705,1.0,1,3.2687597043932533,-1.6477493569405524,False,False,,32
periodic_worker,156,0.880331330147018,1.0,1,3.2687597043932533,-1.6477493569405524,False,False,,32
periodic_worker,157,0.4315871629909754,0.0,1,3.2687597043932533,-1.6477493569405524,False,False,,32
periodic_worker,158,0.1602859694397811,0.0,1,3.2687597043932533,-1.6477493569405524,False,False,,32
periodic_worker,159,0.7705041451711785,1.0,1,3.2687597043932533,-1.6477493569405524,False,False,,32
periodic_worker,160,0.979148369090192,1.0,1,3.2687597043932533,-1.6477493569405524,False,False,,32
periodic_worker,161,0.9469526270159575,1.0,1,3.2687597043932533,-1.6477493569405524,False,False,,32
periodic_worker,162,0.006060046662803302,0.0,1,3.2687597043932533,-1.6477493569405524,False,False,,32
periodic_worker,163,0.6711103721061895,1.0,1,3.2687597043932533,-1.6477493569405524,False,False,,32
periodic_worker,164,0.587474757180516,1.0,1,3.2687597043932533,-1.6477493569405524,False,False,,32
periodic_worker,165,0.024755963805723133,0.0,1,3.2687597043932533,-1.6477493569405524,False,False,,32
periodic_worker,166,0.7615261485815855,1.0,1,3.2687597043932533,-1.6477493569405524,False,False,,32
periodic_worker,167,0.2406858896604214,0.0,1,3.2687597043932533,-1.6477493569405524,False,False,,32
periodic_worker,168,0.0013727564011821328,0.0,1,3.2687597043932533,-1.6477493569405524,False,False,,32
periodic_worker,169,0.2019060818094551,0.0,1,3.2687597043932533,-1.6477493569405524,False,False,,32
periodic_worker,170,0.07303798841251714,0.0,1,3.2687597043932533,-1.6477493569405524,False,False,,32
periodic_worker,171,0.011511892583563834,0.0,1,3.2687597043932533,-1.6477493569405524,False,False,,32
periodic_worker,172,0.0010181440763394772,0.0,1,3.2687597043932533,-1.6477493569405524,False,False,,32
periodic_worker,173,0.0866867622096524,0.0,1,3.2687597043932533,-1.6477493569405524,False,False,,32
periodic_worker,174,0.831087548012803,1.0,1,3.2687597043932533,-1.6477493569405524,False,False,,32
periodic_worker,175,0.18046798179241408,0.0,1,3.2687597043932533,-1.6477493569405524,False,False,,32
periodic_worker,176,0.9987495666914363,1.0,1,3.2687597043932533,-1.6477493569405524,False,False,,32
periodic_worker,177,0.4313804272119478,0.0,1,3.2687597043932533,-1.6477493569405524,False,False,,32
periodic_worker,178,0.03311211252969658,0.0,1,3.2687597043932533,-1.6477493569405524,False,False,,32
periodic_worker,179,0.12594220566828981,0.0,1,3.2687597043932533,-1.6477493569405524,False,False,,32
periodic_worker,180,0.5638142663240584,1.0,1,3.2687597043932533,-1.6477493569405524,False,False,,32
periodic_worker,181,0.9969196338610765,1.0,1,3.2687597043932533,-1.6477493569405524,False,False,,32
periodic_worker,182,0.4377755839478167,0.0,1,3.2687597043932533,-1.6477493569405524,False,False,,32
periodic_worker,183,0.3103408384784983,0.0,1,3.2687597043932533,-1.6477493569405524,False,False,,32
periodic_worker,184,0.8395127524174167,1.0,1,3.2687597043932533,-1.6477493569405524,False,False,,32
periodic_worker,185,0.9958019927566419,1.0,1,3.2687597043932533,-1.6477493569405524,False,False,,32
periodic_worker,186,0.08504400021459041,0.0,1,3.2687597043932533,-1.6477493569405524,False,False,,32
periodic_worker,187,0.11399343158249883,0.0,1,3.2687597043932533,-1.6477493569405524,False,False,,32
periodic_worker,188,0.7777708892342715,1.0,1,3.2687597043932533,-1.6477493569405524,False,False,,32
periodic_worker,189,0.7294295209581183,1.0,1,3.2687597043932533,-1.6477493569405524,False,False,,32
periodic_worker,190,0.9574763299001302,1.0,1,3.2687597043932533,-1.6477493569405524,False,False,,32
periodic_worker,191,0.16907331708829404,0.0,1,3.2687597043932533,-1.6477493569405524,False,False,,32
periodic_worker,192,0.035133155736248894,0.0,1,3.2687597043932533,-1.6477493569405524,True,False,200,64
periodic_worker,193,0.7091647321641762,1.0,1,3.2687597043932533,-1.6477493569405524,False,False,200,64
periodic_worker,194,0.030059392326659586,0.0,1,3.2687597043932533,-1.6477493569405524,False,False,200,64
periodic_worker,195,3.3148554980337174e-05,0.0,1,3.2687597043932533,-1.6477493569405524,False,False,200,64
periodic_worker,196,0.9430847075902102,1.0,1,3.2687597043932533,-1.6477493569405524,False,False,200,64
periodic_worker,197,0.49214184456382865,0.0,1,3.2687597043932533,-1.6477493569405524,False,False,200,64
periodic_worker,198,0.37521526898328994,0.0,1,3.2687597043932533,-1.6477493569405524,False,False,200,64
periodic_worker,199,0.14610407926823893,0.0,1,3.2687597043932533,-1.6477493569405524,False,False,200,64
periodic_worker,200,0.9497894316842896,1.0,2,3.530496551914855,-1.7653835409936254,False,True,,64
periodic_worker,201,0.46596287487597765,0.0,2,3.530496551914855,-1.7653835409936254,False,False,,64
periodic_worker,202,0.7753457700128183,1.0,2,3.530496551914855,-1.7653835409936254,False,False,,64
periodic_worker,203,0.0009461162912665887,0.0,2,3.530496551914855,-1.7653835409936254,False,False,,64
periodic_worker,204,0.9997377963567229,1.0,2,3.530496551914855,-1.7653835409936254,False,False,,64
periodic_worker,205,0.8834477804560399,1.0,2,3.530496551914855,-1.7653835409936254,False,False,,64
periodic_worker,206,0.0990880911373638,0.0,2,3.530496551914855,-1.7653835409936254,False,False,,64
periodic_worker,207,0.2072889339324441,0.0,2,3.530496551914855,-1.7653835409936254,False,False,,64
periodic_worker,208,0.9870129925584407,1.0,2,3.530496551914855,-1.7653835409936254,False,False,,64
periodic_worker,209,0.8740721540088315,1.0,2,3.530496551914855,-1.7653835409936254,False,False,,64
periodic_worker,210,0.9248918887506161,1.0,2,3.530496551914855,-1.7653835409936254,False,False,,64
periodic_worker,211,0.9218238085617736,1.0,2,3.530496551914855,-1.7653835409936254,False,False,,64
periodic_worker,212,0.005935007000522016,0.0,2,3.530496551914855,-1.7653835409936254,False,False,,64
periodic_worker,213,0.053765768803514705,0.0,2,3.530496551914855,-1.7653835409936254,False,False,,64
periodic_worker,214,0.9266520499680275,1.0,2,3.530496551914855,-1.7653835409936254,False,False,,64
periodic_worker,215,0.6482059949967749,1.0,2,3.530496551914855,-1.7653835409936254,False,False,,64
periodic_worker,216,0.7360460586966944,1.0,2,3.530496551914855,-1.7653835409936254,False,False,,64
periodic_worker,217,0.003350005684452388,0.0,2,3.530496551914855,-1.7653835409936254,False,False,,64
periodic_worker,218,0.014277440730883306,0.0,2,3.530496551914855,-1.7653835409936254,False,False,,64
periodic_worker,219,0.693903429707435,1.0,2,3.530496551914855,-1.7653835409936254,False,False,,64
periodic_worker,220,0.021640748379382044,0.0,2,3.530496551914855,-1.7653835409936254,False,False,,64
periodic_worker,221,0.8562329467656391,1.0,2,3.530496551914855,-1.7653835409936254,False,False,,64
periodic_worker,222,0.005031396806281175,0.0,2,3.530496551914855,-1.7653835409936254,False,False,,64
periodic_worker,223,0.9143150226927683,1.0,2,3.530496551914855,-1.7653835409936254,False,False,,64
periodic_worker,224,0.1581429817537178,0.0,2,3.530496551914855,-1.7653835409936254,False,False,,64
periodic_worker,225,0.007383003356768613,0.0,2,3.530496551914855,-1.7653835409936254,False,False,,64
periodic_worker,226,0.9991990506034372,1.0,2,3.530496551914855,-1.7653835409936254,False,False,,64
periodic_worker,227,0.6892568141079211,1.0,2,3.530496551914855,-1.7653835409936254,False,False,,64
periodic_worker,228,0.9709740000038135,1.0,2,3.530496551914855,-1.7653835409936254,False,False,,64
periodic_worker,229,0.5033839942219277,1.0,2,3.530496551914855,-1.7653835409936254,False,False,,64
periodic_worker,230,0.904755946590646,1.0,2,3.530496551914855,-1.7653835409936254,False,False,,64
periodic_worker,231,0.0063637364591397315,0.0,2,3.530496551914855,-1.7653835409936254,False,False,,64
periodic_worker,232,0.00016048883283351005,0.0,2,3.530496551914855,-1.7653835409936254,False,False,,64
periodic_worker,233,0.9664979758390788,1.0,2,3.530496551914855,-1.7653835409936254,False,False,,64
periodic_worker,234,0.7319352970091723,1.0,2,3.530496551914855,-1.7653835409936254,False,False,,64
periodic_worker,235,0.05705280989359689,0.0,2,3.530496551914855,-1.7653835409936254,False,False,,64
periodic_worker,236,0.0005062104171716325,0.0,2,3.530496551914855,-1.7653835409936254,False,False,,64
periodic_worker,237,0.9507480074157627,1.0,2,3.530496551914855,-1.7653835409936254,False,False,,64
periodic_worker,238,0.5235628544148153,1.0,2,3.530496551914855,-1.7653835409936254,False,False,,64
periodic_worker,239,0.17168869089068642,0.0,2,3.530496551914855,-1.7653835409936254,False,False,,64
periodic_worker,240,0.7410287991033826,1.0,2,3.530496551914855,-1.7653835409936254,False,False,,64
periodic_worker,241,0.009719843428232235,0.0,2,3.530496551914855,-1.7653835409936254,False,False,,64
periodic_worker,242,0.9985342407873836,1.0,2,3.530496551914855,-1.7653835409936254,False,False,,64
periodic_worker,243,0.9522494210359173,1.0,2,3.530496551914855,-1.7653835409936254,False,False,,64
periodic_worker,244,0.00903993168232581,0.0,2,3.530496551914855,-1.7653835409936254,False,False,,64
periodic_worker,245,0.8442947607924665,1.0,2,3.530496551914855,-1.7653835409936254,False,False,,64
periodic_worker,246,0.22640640824587077,0.0,2,3.530496551914855,-1.7653835409936254,False,False,,64
periodic_worker,247,0.9932433030426266,1.0,2,3.530496551914855,-1.7653835409936254,False,False,,64
periodic_worker,248,0.4242155363706055,0.0,2,3.530496551914855,-1.7653835409936254,False,False,,64
periodic_worker,249,0.5494556870630003,1.0,2,3.530496551914855,-1.7653835409936254,False,False,,64
periodic_worker,250,0.49552444833612985,0.0,2,3.530496551914855,-1.7653835409936254,False,False,,64
periodic_worker,251,0.0005419233774801196,0.0,2,3.530496551914855,-1.7653835409936254,False,False,,64
periodic_worker,252,0.9713199756147984,1.0,2,3.530496551914855,-1.7653835409936254,False,False,,64
periodic_worker,253,0.4017779001232817,0.0,2,3.530496551914855,-1.7653835409936254,False,False,,64
periodic_worker,254,0.9957240260205705,1.0,2,3.530496551914855,-1.7653835409936254,False,False,,64
periodic_worker,255,0.04457604575413779,0.0,2,3.530496551914855,-1.7653835409936254,False,False,,64
periodic_worker,256,0.17798643129664662,0.0,2,3.530496551914855,-1.7653835409936254,False,False,,64
periodic_worker,257,0.07674620611681421,0.0,2,3.530496551914855,-1.7653835409936254,False,False,,64
periodic_worker,258,0.8554840013506377,1.0,2,3.530496551914855,-1.7653835409936254,False,False,,64
periodic_worker,259,0.9884581377433059,1.0,2,3.530496551914855,-1.7653835409936254,False,False,,64
periodic_worker,260,0.7418228170560279,1.0,2,3.530496551914855,-1.7653835409936254,False,False,,64
periodic_worker,261,0.023187301103141444,0.0,2,3.530496551914855,-1.7653835409936254,False,False,,64
periodic_worker,262,0.036320141891513606,0.0,2,3.530496551914855,-1.7653835409936254,False,False,,64
periodic_worker,263,0.008749407959325654,0.0,2,3.530496551914855,-1.7653835409936254,False,False,,64
periodic_worker,264,0.757962239143918,1.0,2,3.530496551914855,-1.7653835409936254,False,False,,64
periodic_worker,265,0.8831772197319994,1.0,2,3.530496551914855,-1.7653835409936254,False,False,,64
periodic_worker,266,0.604498621361529,1.0,2,3.530496551914855,-1.7653835409936254,False,False,,64
periodic_worker,267,0.9775246978344644,1.0,2,3.530496551914855,-1.7653835409936254,False,False,,64
periodic_worker,268,0.9998842020152362,1.0,2,3.530496551914855,-1.7653835409936254,False,False,,64
periodic_worker,269,0.11173543517909168,0.0,2,3.530496551914855,-1.7653835409936254,False,False,,64
periodic_worker,270,0.33523045927901846,0.0,2,3.530496551914855,-1.7653835409936254,False,False,,64
periodic_worker,271,0.826917503978497,1.0,2,3.530496551914855,-1.7653835409936254,False,False,,64
periodic_worker,272,0.9724745418460773,1.0,2,3.530496551914855,-1.7653835409936254,False,False,,64
periodic_worker,273,0.9987058952729077,1.0,2,3.530496551914855,-1.7653835409936254,False,False,,64
periodic_worker,274,0.638315731244299,1.0,2,3.530496551914855,-1.7653835409936254,False,False,,64
periodic_worker,275,0.18935251119032237,0.0,2,3.530496551914855,-1.7653835409936254,False,False,,64
periodic_worker,276,0.02590546935202475,0.0,2,3.530496551914855,-1.7653835409936254,False,False,,64
periodic_worker,277,0.6373694515685682,1.0,2,3.530496551914855,-1.7653835409936254,False,False,,64
periodic_worker,278,0.9849712124483277,1.0,2,3.530496551914855,-1.7653835409936254,False,False,,64
periodic_worker,279,0.0041781711496599525,0.0,2,3.530496551914855,-1.7653835409936254,False,False,,64
periodic_worker,280,0.49455603141522825,0.0,2,3.530496551914855,-1.7653835409936254,False,False,,64
periodic_worker,281,0.8294242463757915,1.0,2,3.530496551914855,-1.7653835409936254,False,False,,64
periodic_worker,282,0.006647225507084269,0.0,2,3.530496551914855,-1.7653835409936254,False,False,,64
periodic_worker,283,0.7439592709843396,1.0,2,3.530496551914855,-1.7653835409936254,False,False,,64
periodic_worker,284,0.41622951563159916,0.0,2,3.530496551914855,-1.7653835409936254,False,False,,64
periodic_worker,285,0.9960974523476421,1.0,2,3.530496551914855,-1.7653835409936254,False,False,,64
periodic_worker,286,0.03412301300253662,0.0,2,3.530496551914855,-1.7653835409936254,False,False,,64
periodic_worker,287,0.002831694013640359,0.0,2,3.530496551914855,-1.7653835409936254,False,False,,64
periodic_worker,288,0.0998499437888371,0.0,2,3.530496551914855,-1.7653835409936254,True,False,296,96
periodic_worker,289,0.07218348713851944,0.0,2,3.530496551914855,-1.7653835409936254,False,False,296,96
periodic_worker,290,0.9949549798176756,1.0,2,3.530496551914855,-1.7653835409936254,False,False,296,96
periodic_worker,291,0.977168121836126,1.0,2,3.530496551914855,-1.7653835409936254,False,False,296,96
periodic_worker,292,0.788459890976722,1.0,2,3.530496551914855,-1.7653835409936254,False,False,296,96
periodic_worker,293,0.011731421786784112,0.0,2,3.530496551914855,-1.7653835409936254,False,False,296,96
periodic_worker,294,0.06931326692892333,0.0,2,3.530496551914855,-1.7653835409936254,False,False,296,96
periodic_worker,295,0.10152663579082633,0.0,2,3.530496551914855,-1.7653835409936254,False,False,296,96
periodic_worker,296,0.009203780774639174,0.0,3,3.727146438434413,-1.965033170791212,False,True,,96
periodic_worker,297,0.9129621177970473,1.0,3,3.727146438434413,-1.965033170791212,False,False,,96
periodic_worker,298,0.8844623670951559,1.0,3,3.727146438434413,-1.965033170791212,False,False,,96
periodic_worker,299,0.10325472942114523,0.0,3,3.727146438434413,-1.965033170791212,False,False,,96
periodic_worker,300,0.6057777995325921,1.0,3,3.727146438434413,-1.965033170791212,False,False,,96
periodic_worker,301,0.01652685767428312,0.0,3,3.727146438434413,-1.965033170791212,False,False,,96
periodic_worker,302,0.9999235288063882,1.0,3,3.727146438434413,-1.965033170791212,False,False,,96
periodic_worker,303,0.9990857619628154,1.0,3,3.727146438434413,-1.965033170791212,False,False,,96
periodic_worker,304,0.006692954260716498,0.0,3,3.727146438434413,-1.965033170791212,False,False,,96
periodic_worker,305,4.6975176019529115e-05,0.0,3,3.727146438434413,-1.965033170791212,False,False,,96
periodic_worker,306,0.9723518587755128,1.0,3,3.727146438434413,-1.965033170791212,False,False,,96
periodic_worker,307,0.2685888319394045,0.0,3,3.727146438434413,-1.965033170791212,False,False,,96
periodic_worker,308,0.6183701325334954,1.0,3,3.727146438434413,-1.965033170791212,False,False,,96
periodic_worker,309,0.6409044243302601,1.0,3,3.727146438434413,-1.965033170791212,False,False,,96
periodic_worker,310,0.9664263789968015,1.0,3,3.727146438434413,-1.965033170791212,False,False,,96
periodic_worker,311,0.11022277501445833,0.0,3,3.727146438434413,-1.965033170791212,False,False,,96
periodic_worker,312,0.3102551421959258,0.0,3,3.727146438434413,-1.965033170791212,False,False,,96
periodic_worker,313,0.9428245543071375,1.0,3,3.727146438434413,-1.965033170791212,False,False,,96
periodic_worker,314,0.9646602136768462,1.0,3,3.727146438434413,-1.965033170791212,False,False,,96
periodic_worker,315,0.05517715457482938,0.0,3,3.727146438434413,-1.965033170791212,False,False,,96
periodic_worker,316,0.3891192508882871,0.0,3,3.727146438434413,-1.965033170791212,False,False,,96
periodic_worker,317,0.00972463227843082,0.0,3,3.727146438434413,-1.965033170791212,False,False,,96
periodic_worker,318,0.010708796538700544,0.0,3,3.727146438434413,-1.965033170791212,False,False,,96
periodic_worker,319,0.9999324320978059,1.0,3,3.727146438434413,-1.965033170791212,False,False,,96
periodic_worker,320,4.4244223248859224e-05,0.0,3,3.727146438434413,-1.965033170791212,False,False,,96
periodic_worker,321,0.02946559629059018,0.0,3,3.727146438434413,-1.965033170791212,False,False,,96
periodic_worker,322,0.012568643606113674,0.0,3,3.727146438434413,-1.965033170791212,False,False,,96
periodic_worker,323,0.8584130275144682,1.0,3,3.727146438434413,-1.965033170791212,False,False,,96
periodic_worker,324,0.9858649278237369,1.0,3,3.727146438434413,-1.965033170791212,False,False,,96
periodic_worker,325,0.9087690764784235,1.0,3,3.727146438434413,-1.965033170791212,False,False,,96
periodic_worker,326,0.9986947981458454,1.0,3,3.727146438434413,-1.965033170791212,False,False,,96
periodic_worker,327,0.6802971324914076,1.0,3,3.727146438434413,-1.965033170791212,False,False,,96
periodic_worker,328,0.8535081021862067,1.0,3,3.727146438434413,-1.965033170791212,False,False,,96
periodic_worker,329,0.95027659213209,1.0,3,3.727146438434413,-1.965033170791212,False,False,,96
periodic_worker,330,0.9996565246403036,1.0,3,3.727146438434413,-1.965033170791212,False,False,,96
periodic_worker,331,0.9999660765521082,1.0,3,3.727146438434413,-1.965033170791212,False,False,,96
periodic_worker,332,0.02383139203588975,0.0,3,3.727146438434413,-1.965033170791212,False,False,,96
periodic_worker,333,0.9979483709775349,1.0,3,3.727146438434413,-1.965033170791212,False,False,,96
periodic_worker,334,0.21330725796528122,0.0,3,3.727146438434413,-1.965033170791212,False,False,,96
periodic_worker,335,0.0011648757619935573,0.0,3,3.727146438434413,-1.965033170791212,False,False,,96
periodic_worker,336,0.9995444475616482,1.0,3,3.727146438434413,-1.965033170791212,False,False,,96
periodic_worker,337,0.9503678222899957,1.0,3,3.727146438434413,-1.965033170791212,False,False,,96
periodic_worker,338,0.915530260022971,1.0,3,3.727146438434413,-1.965033170791212,False,False,,96
periodic_worker,339,0.7804752014284151,1.0,3,3.727146438434413,-1.965033170791212,False,False,,96
periodic_worker,340,0.011412381377139605,0.0,3,3.727146438434413,-1.965033170791212,False,False,,96
periodic_worker,341,0.9282694440230327,1.0,3,3.727146438434413,-1.965033170791212,False,False,,96
periodic_worker,342,0.17912788368029542,0.0,3,3.727146438434413,-1.965033170791212,False,False,,96
periodic_worker,343,0.7933597633738515,1.0,3,3.727146438434413,-1.965033170791212,False,False,,96
periodic_worker,344,0.9267751967159108,1.0,3,3.727146438434413,-1.965033170791212,False,False,,96
periodic_worker,345,0.03265546373756872,0.0,3,3.727146438434413,-1.965033170791212,False,False,,96
periodic_worker,346,0.9316528824444457,1.0,3,3.727146438434413,-1.965033170791212,False,False,,96
periodic_worker,347,0.13429822672617256,0.0,3,3.727146438434413,-1.965033170791212,False,False,,96
periodic_worker,348,0.9022870600759569,1.0,3,3.727146438434413,-1.965033170791212,False,False,,96
periodic_worker,349,0.9619747136731032,1.0,3,3.727146438434413,-1.965033170791212,False,False,,96
periodic_worker,350,0.24615084377255006,0.0,3,3.727146438434413,-1.965033170791212,False,False,,96
periodic_worker,351,0.9997142373284654,1.0,3,3.727146438434413,-1.965033170791212,False,False,,96
periodic_worker,352,0.07727327780792578,0.0,3,3.727146438434413,-1.965033170791212,False,False,,96
periodic_worker,353,0.9997659178638166,1.0,3,3.727146438434413,-1.965033170791212,False,False,,96
periodic_worker,354,0.20142754795767998,0.0,3,3.727146438434413,-1.965033170791212,False,False,,96
periodic_worker,355,0.2983682869035471,0.0,3,3.727146438434413,-1.965033170791212,False,False,,96
periodic_worker,356,0.7435868983226096,1.0,3,3.727146438434413,-1.965033170791212,False,False,,96
periodic_worker,357,0.9975227388421334,1.0,3,3.727146438434413,-1.965033170791212,False,False,,96
periodic_worker,358,0.9895343781328666,1.0,3,3.727146438434413,-1.965033170791212,False,False,,96
periodic_worker,359,0.02409552189819007,0.0,3,3.727146438434413,-1.965033170791212,False,False,,96
periodic_worker,360,0.9908961336162152,1.0,3,3.727146438434413,-1.965033170791212,False,False,,96
periodic_worker,361,0.9904462814882063,1.0,3,3.727146438434413,-1.965033170791212,False,False,,96
periodic_worker,362,0.37498027877432694,0.0,3,3.727146438434413,-1.965033170791212,False,False,,96
periodic_worker,363,0.015174299213595917,0.0,3,3.727146438434413,-1.965033170791212,False,False,,96
periodic_worker,364,0.9487566124778808,1.0,3,3.727146438434413,-1.965033170791212,False,False,,96
periodic_worker,365,0.9869882910277844,1.0,3,3.727146438434413,-1.965033170791212,False,False,,96
periodic_worker,366,0.9830992507640955,1.0,3,3.727146438434413,-1.965033170791212,False,False,,96
periodic_worker,367,0.9546313112808215,1.0,3,3.727146438434413,-1.965033170791212,False,False,,96
periodic_worker,368,0.0009364537219901036,0.0,3,3.727146438434413,-1.965033170791212,False,False,,96
periodic_worker,369,0.9219059214308144,1.0,3,3.727146438434413,-1.965033170791212,False,False,,96
periodic_worker,370,0.5628326080756967,1.0,3,3.727146438434413,-1.965033170791212,False,False,,96
periodic_worker,371,0.6804610951869259,1.0,3,3.727146438434413,-1.965033170791212,False,False,,96
periodic_worker,372,0.916985126556133,1.0,3,3.727146438434413,-1.965033170791212,False,False,,96
periodic_worker,373,0.3427624314989947,0.0,3,3.727146438434413,-1.965033170791212,False,False,,96
periodic_worker,374,0.01902800040032821,0.0,3,3.727146438434413,-1.965033170791212,False,False,,96
periodic_worker,375,0.5076610941129843,1.0,3,3.727146438434413,-1.965033170791212,False,False,,96
periodic_worker,376,0.11928244042057824,0.0,3,3.727146438434413,-1.965033170791212,False,False,,96
periodic_worker,377,0.9906090648202763,1.0,3,3.727146438434413,-1.965033170791212,False,False,,96
periodic_worker,378,0.9999312488525879,1.0,3,3.727146438434413,-1.965033170791212,False,False,,96
periodic_worker,379,0.0008155092136988688,0.0,3,3.727146438434413,-1.965033170791212,False,False,,96
periodic_worker,380,0.37272221774511183,0.0,3,3.727146438434413,-1.965033170791212,False,False,,96
periodic_worker,381,0.15063285297833476,0.0,3,3.727146438434413,-1.965033170791212,False,False,,96
periodic_worker,382,0.9236967765516051,1.0,3,3.727146438434413,-1.965033170791212,False,False,,96
periodic_worker,383,0.020157515276385454,0.0,3,3.727146438434413,-1.965033170791212,False,False,,96
periodic_worker,384,0.0012498106121016871,0.0,3,3.727146438434413,-1.965033170791212,True,False,392,128
periodic_worker,385,0.7805298325995429,1.0,3,3.727146438434413,-1.965033170791212,False,False,392,128
periodic_worker,386,0.9887955098879213,1.0,3,3.727146438434413,-1.965033170791212,False,False,392,128
periodic_worker,387,0.981816948896521,1.0,3,3.727146438434413,-1.965033170791212,False,False,392,128
periodic_worker,388,0.0035222261998615425,0.0,3,3.727146438434413,-1.965033170791212,False,False,392,128
periodic_worker,389,0.32179011397973944,0.0,3,3.727146438434413,-1.965033170791212,False,False,392,128
periodic_worker,390,0.36538817497866716,0.0,3,3.727146438434413,-1.965033170791212,False,False,392,128
periodic_worker,391,0.9975414367186815,1.0,3,3.727146438434413,-1.965033170791212,False,False,392,128
periodic_worker,392,0.9999791254274722,1.0,4,3.9247020188723996,-2.094929448372771,False,True,,128
periodic_worker,393,0.45155750514512594,0.0,4,3.9247020188723996,-2.094929448372771,False,False,,128
periodic_worker,394,0.0010387285242514548,0.0,4,3.9247020188723996,-2.094929448372771,False,False,,128
periodic_worker,395,0.95946159882934,1.0,4,3.9247020188723996,-2.094929448372771,False,False,,128
periodic_worker,396,0.9999898716414607,1.0,4,3.9247020188723996,-2.094929448372771,False,False,,128
periodic_worker,397,0.0017226218672780442,0.0,4,3.9247020188723996,-2.094929448372771,False,False,,128
periodic_worker,398,0.9695727776613894,1.0,4,3.9247020188723996,-2.094929448372771,False,False,,128
periodic_worker,399,0.9861751779337811,1.0,4,3.9247020188723996,-2.094929448372771,False,False,,128
periodic_worker,400,0.00022032368805245694,0.0,4,3.9247020188723996,-2.094929448372771,False,False,,128
periodic_worker,401,0.004833511668180206,0.0,4,3.9247020188723996,-2.094929448372771,False,False,,128
periodic_worker,402,0.01784288511575554,0.0,4,3.9247020188723996,-2.094929448372771,False,False,,128
periodic_worker,403,0.993507873998891,1.0,4,3.9247020188723996,-2.094929448372771,False,False,,128
periodic_worker,404,0.515399683085365,0.0,4,3.9247020188723996,-2.094929448372771,False,False,,128
periodic_worker,405,0.999704609009353,1.0,4,3.9247020188723996,-2.094929448372771,False,False,,128
periodic_worker,406,0.9999280608834726,1.0,4,3.9247020188723996,-2.094929448372771,False,False,,128
periodic_worker,407,0.2251372412996052,0.0,4,3.9247020188723996,-2.094929448372771,False,False,,128
periodic_worker,408,0.4118488926934627,0.0,4,3.9247020188723996,-2.094929448372771,False,False,,128
periodic_worker,409,0.9533531850053364,1.0,4,3.9247020188723996,-2.094929448372771,False,False,,128
periodic_worker,410,0.7026903561670709,1.0,4,3.9247020188723996,-2.094929448372771,False,False,,128
periodic_worker,411,0.7508767765918711,1.0,4,3.9247020188723996,-2.094929448372771,False,False,,128
periodic_worker,412,0.03238005279602666,0.0,4,3.9247020188723996,-2.094929448372771,False,False,,128
periodic_worker,413,0.4011086607287506,0.0,4,3.9247020188723996,-2.094929448372771,False,False,,128
periodic_worker,414,0.9169905081251584,1.0,4,3.9247020188723996,-2.094929448372771,False,False,,128
periodic_worker,415,0.9373496157183859,1.0,4,3.9247020188723996,-2.094929448372771,False,False,,128
periodic_worker,416,0.21062378472912172,0.0,4,3.9247020188723996,-2.094929448372771,False,False,,128
periodic_worker,417,0.22005826302027864,0.0,4,3.9247020188723996,-2.094929448372771,False,False,,128
periodic_worker,418,0.9870719786326054,1.0,4,3.9247020188723996,-2.094929448372771,False,False,,128
periodic_worker,419,0.9983380798599107,1.0,4,3.9247020188723996,-2.094929448372771,False,False,,128
periodic_worker,420,0.400387962591469,0.0,4,3.9247020188723996,-2.094929448372771,False,False,,128
periodic_worker,421,0.9996371790877302,1.0,4,3.9247020188723996,-2.094929448372771,False,False,,128
periodic_worker,422,0.9585524216507947,1.0,4,3.9247020188723996,-2.094929448372771,False,False,,128
periodic_worker,423,0.9364271448154595,1.0,4,3.9247020188723996,-2.094929448372771,False,False,,128
periodic_worker,424,0.07555995287543872,0.0,4,3.9247020188723996,-2.094929448372771,False,False,,128
periodic_worker,425,0.07829542844374408,0.0,4,3.9247020188723996,-2.094929448372771,False,False,,128
periodic_worker,426,0.9772254667694555,1.0,4,3.9247020188723996,-2.094929448372771,False,False,,128
periodic_worker,427,0.9999640083638198,1.0,4,3.9247020188723996,-2.094929448372771,False,False,,128
periodic_worker,428,0.015595134642776004,0.0,4,3.9247020188723996,-2.094929448372771,False,False,,128
periodic_worker,429,0.5767473017021704,1.0,4,3.9247020188723996,-2.094929448372771,False,False,,128
periodic_worker,430,0.9990888745972385,1.0,4,3.9247020188723996,-2.094929448372771,False,False,,128
periodic_worker,431,0.09031618740358101,0.0,4,3.9247020188723996,-2.094929448372771,False,False,,128
periodic_worker,432,0.4144884068352841,0.0,4,3.9247020188723996,-2.094929448372771,False,False,,128
periodic_worker,433,0.028436415983341415,0.0,4,3.9247020188723996,-2.094929448372771,False,False,,128
periodic_worker,434,0.28576974071361916,0.0,4,3.9247020188723996,-2.094929448372771,False,False,,128
periodic_worker,435,0.28239202188236245,0.0,4,3.9247020188723996,-2.094929448372771,False,False,,128
periodic_worker,436,0.9881167907490797,1.0,4,3.9247020188723996,-2.094929448372771,False,False,,128
periodic_worker,437,0.000274088664891973,0.0,4,3.9247020188723996,-2.094929448372771,False,False,,128
periodic_worker,438,0.6619730849061577,1.0,4,3.9247020188723996,-2.094929448372771,False,False,,128
periodic_worker,439,0.594581747888542,1.0,4,3.9247020188723996,-2.094929448372771,False,False,,128
periodic_worker,440,0.02236664834609143,0.0,4,3.9247020188723996,-2.094929448372771,False,False,,128
periodic_worker,441,0.9987677224350506,1.0,4,3.9247020188723996,-2.094929448372771,False,False,,128
periodic_worker,442,0.5802793270836943,1.0,4,3.9247020188723996,-2.094929448372771,False,False,,128
periodic_worker,443,0.9356995751934651,1.0,4,3.9247020188723996,-2.094929448372771,False,False,,128
periodic_worker,444,0.9994090137533537,1.0,4,3.9247020188723996,-2.094929448372771,False,False,,128
periodic_worker,445,0.0006951211265781255,0.0,4,3.9247020188723996,-2.094929448372771,False,False,,128
periodic_worker,446,0.49548643934280373,0.0,4,3.9247020188723996,-2.094929448372771,False,False,,128
periodic_worker,447,0.16050662275760005,0.0,4,3.9247020188723996,-2.094929448372771,False,False,,128
periodic_worker,448,0.9729368764446082,1.0,4,3.9247020188723996,-2.094929448372771,False,False,,128
periodic_worker,449,0.01879681883668541,0.0,4,3.9247020188723996,-2.094929448372771,False,False,,128
periodic_worker,450,0.01007221609976146,0.0,4,3.9247020188723996,-2.094929448372771,False,False,,128
periodic_worker,451,0.8221003978323017,1.0,4,3.9247020188723996,-2.094929448372771,False,False,,128
periodic_worker,452,0.0029673665633822444,0.0,4,3.9247020188723996,-2.094929448372771,False,False,,128
periodic_worker,453,0.03831214235797364,0.0,4,3.9247020188723996,-2.094929448372771,False,False,,128
periodic_worker,454,0.9986664867917473,1.0,4,3.9247020188723996,-2.094929448372771,False,False,,128
periodic_worker,455,0.00017295673540867153,0.0,4,3.9247020188723996,-2.094929448372771,False,False,,128
periodic_worker,456,0.09651370564454649,0.0,4,3.9247020188723996,-2.094929448372771,False,False,,128
periodic_worker,457,0.6846440043469777,1.0,4,3.9247020188723996,-2.094929448372771,False,False,,128
periodic_worker,458,0.001034272078228345,0.0,4,3.9247020188723996,-2.094929448372771,False,False,,128
periodic_worker,459,0.6879045735990139,1.0,4,3.9247020188723996,-2.094929448372771,False,False,,128
periodic_worker,460,0.032817548342779064,0.0,4,3.9247020188723996,-2.094929448372771,False,False,,128
periodic_worker,461,0.9246620741505034,1.0,4,3.9247020188723996,-2.094929448372771,False,False,,128
periodic_worker,462,0.9906237731186752,1.0,4,3.9247020188723996,-2.094929448372771,False,False,,128
periodic_worker,463,0.01329841588899837,0.0,4,3.9247020188723996,-2.094929448372771,False,False,,128
periodic_worker,464,0.9794787226156407,1.0,4,3.9247020188723996,-2.094929448372771,False,False,,128
periodic_worker,465,0.4456628864208733,0.0,4,3.9247020188723996,-2.094929448372771,False,False,,128
periodic_worker,466,0.9644145111618437,1.0,4,3.9247020188723996,-2.094929448372771,False,False,,128
periodic_worker,467,0.2437382837540287,0.0,4,3.9247020188723996,-2.094929448372771,False,False,,128
periodic_worker,468,0.9504824188789489,1.0,4,3.9247020188723996,-2.094929448372771,False,False,,128
periodic_worker,469,0.9524189197764901,1.0,4,3.9247020188723996,-2.094929448372771,False,False,,128
periodic_worker,470,0.1131021473568687,0.0,4,3.9247020188723996,-2.094929448372771,False,False,,128
periodic_worker,471,0.9966917131739802,1.0,4,3.9247020188723996,-2.094929448372771,False,False,,128
periodic_worker,472,0.00902764615813627,0.0,4,3.9247020188723996,-2.094929448372771,False,False,,128
periodic_worker,473,0.021826469971230843,0.0,4,3.9247020188723996,-2.094929448372771,False,False,,128
periodic_worker,474,0.6822792479201005,1.0,4,3.9247020188723996,-2.094929448372771,False,False,,128
periodic_worker,475,0.9392158803394915,1.0,4,3.9247020188723996,-2.094929448372771,False,False,,128
periodic_worker,476,0.8590273186801994,1.0,4,3.9247020188723996,-2.094929448372771,False,False,,128
periodic_worker,477,0.5071636041946439,0.0,4,3.9247020188723996,-2.094929448372771,False,False,,128
periodic_worker,478,0.884258710999235,1.0,4,3.9247020188723996,-2.094929448372771,False,False,,128
periodic_worker,479,0.9999761399175559,1.0,4,3.9247020188723996,-2.094929448372771,False,False,,128
periodic_worker,480,0.05300278783031372,0.0,4,3.9247020188723996,-2.094929448372771,True,False,488,160
periodic_worker,481,0.81070005574687,1.0,4,3.9247020188723996,-2.094929448372771,False,False,488,160
periodic_worker,482,0.444855526949178,0.0,4,3.9247020188723996,-2.094929448372771,False,False,488,160
periodic_worker,483,0.5856050665462791,1.0,4,3.9247020188723996,-2.094929448372771,False,False,488,160
periodic_worker,484,0.9920695244858054,1.0,4,3.9247020188723996,-2.094929448372771,False,False,488,160
periodic_worker,485,0.5941908311395995,1.0,4,3.9247020188723996,-2.094929448372771,False,False,488,160
periodic_worker,486,0.9996667419883329,1.0,4,3.9247020188723996,-2.094929448372771,False,False,488,160
periodic_worker,487,0.0026553540887333054,0.0,4,3.9247020188723996,-2.094929448372771,False,False,488,160
periodic_worker,488,0.9406331042466509,1.0,5,4.119798973066016,-2.1454164530057453,False,True,,160
periodic_worker,489,0.9942845367862949,1.0,5,4.119798973066016,-2.1454164530057453,False,False,,160
periodic_worker,490,0.008702557100823587,0.0,5,4.119798973066016,-2.1454164530057453,False,False,,160
periodic_worker,491,0.07247868600422967,0.0,5,4.119798973066016,-2.1454164530057453,False,False,,160
periodic_worker,492,0.9781030213727595,1.0,5,4.119798973066016,-2.1454164530057453,False,False,,160
periodic_worker,493,5.8291585726720985e-05,0.0,5,4.119798973066016,-2.1454164530057453,False,False,,160
periodic_worker,494,0.9246313654928736,1.0,5,4.119798973066016,-2.1454164530057453,False,False,,160
periodic_worker,495,0.004106433025514371,0.0,5,4.119798973066016,-2.1454164530057453,False,False,,160
periodic_worker,496,0.7562404650631888,1.0,5,4.119798973066016,-2.1454164530057453,False,False,,160
periodic_worker,497,0.8699855707846363,1.0,5,4.119798973066016,-2.1454164530057453,False,False,,160
periodic_worker,498,0.8369855349089735,1.0,5,4.119798973066016,-2.1454164530057453,False,False,,160
periodic_worker,499,0.9983053212934884,1.0,5,4.119798973066016,-2.1454164530057453,False,False,,160
periodic_worker,500,0.12791445769485324,0.0,5,4.119798973066016,-2.1454164530057453,False,False,,160
periodic_worker,501,0.8838503889620103,1.0,5,4.119798973066016,-2.1454164530057453,False,False,,160
periodic_worker,502,0.04411195826082708,0.0,5,4.119798973066016,-2.1454164530057453,False,False,,160
periodic_worker,503,0.9938957041136556,1.0,5,4.119798973066016,-2.1454164530057453,False,False,,160
periodic_worker,504,0.9862850169830675,1.0,5,4.119798973066016,-2.1454164530057453,False,False,,160
periodic_worker,505,0.4712744454776292,0.0,5,4.119798973066016,-2.1454164530057453,False,False,,160
periodic_worker,506,0.007202961343826107,0.0,5,4.119798973066016,-2.1454164530057453,False,False,,160
periodic_worker,507,1.1235790942723722e-05,0.0,5,4.119798973066016,-2.1454164530057453,False,False,,160
periodic_worker,508,0.9934917261872546,1.0,5,4.119798973066016,-2.1454164530057453,False,False,,160
periodic_worker,509,0.6010392435318416,1.0,5,4.119798973066016,-2.1454164530057453,False,False,,160
periodic_worker,510,0.9976458266915667,1.0,5,4.119798973066016,-2.1454164530057453,False,False,,160
periodic_worker,511,0.999940219866806,1.0,5,4.119798973066016,-2.1454164530057453,False,False,,160
periodic_worker,512,0.0007277007126483601,0.0,5,4.119798973066016,-2.1454164530057453,False,False,,160
periodic_worker,513,0.913707599008332,1.0,5,4.119798973066016,-2.1454164530057453,False,False,,160
periodic_worker,514,0.9857722786839427,1.0,5,4.119798973066016,-2.1454164530057453,False,False,,160
periodic_worker,515,0.012367061440752313,0.0,5,4.119798973066016,-2.1454164530057453,False,False,,160
periodic_worker,516,0.6198800713049669,1.0,5,4.119798973066016,-2.1454164530057453,False,False,,160
periodic_worker,517,0.17063040504770205,0.0,5,4.119798973066016,-2.1454164530057453,False,False,,160
periodic_worker,518,0.9967659510364417,1.0,5,4.119798973066016,-2.1454164530057453,False,False,,160
periodic_worker,519,0.05574170129785916,0.0,5,4.119798973066016,-2.1454164530057453,False,False,,160
periodic_worker,520,6.587720679927202e-05,0.0,5,4.119798973066016,-2.1454164530057453,False,False,,160
periodic_worker,521,0.9982573525139112,1.0,5,4.119798973066016,-2.1454164530057453,False,False,,160
periodic_worker,522,0.0008046850452632484,0.0,5,4.119798973066016,-2.1454164530057453,False,False,,160
periodic_worker,523,0.7878396361026272,1.0,5,4.119798973066016,-2.1454164530057453,False,False,,160
periodic_worker,524,0.021973161376967174,0.0,5,4.119798973066016,-2.1454164530057453,False,False,,160
periodic_worker,525,0.9994705951116911,1.0,5,4.119798973066016,-2.1454164530057453,False,False,,160
periodic_worker,526,0.7123900880365633,1.0,5,4.119798973066016,-2.1454164530057453,False,False,,160
periodic_worker,527,0.9995972440113444,1.0,5,4.119798973066016,-2.1454164530057453,False,False,,160
periodic_worker,528,0.44315404960017707,0.0,5,4.119798973066016,-2.1454164530057453,False,False,,160
periodic_worker,529,0.0013227169512314068,0.0,5,4.119798973066016,-2.1454164530057453,False,False,,160
periodic_worker,530,0.07171524912456487,0.0,5,4.119798973066016,-2.1454164530057453,False,False,,160
periodic_worker,531,0.01427248897947967,0.0,5,4.119798973066016,-2.1454164530057453,False,False,,160
periodic_worker,532,0.4832828538425158,0.0,5,4.119798973066016,-2.1454164530057453,False,False,,160
periodic_worker,533,0.10304637230515964,0.0,5,4.119798973066016,-2.1454164530057453,False,False,,160
periodic_worker,534,0.7095529873929071,1.0,5,4.119798973066016,-2.1454164530057453,False,False,,160
periodic_worker,535,0.3104659524243501,0.0,5,4.119798973066016,-2.1454164530057453,False,False,,160
periodic_worker,536,0.9866091496902654,1.0,5,4.119798973066016,-2.1454164530057453,False,False,,160
periodic_worker,537,0.9657630735783754,1.0,5,4.119798973066016,-2.1454164530057453,False,False,,160
periodic_worker,538,0.9095641899241945,1.0,5,4.119798973066016,-2.1454164530057453,False,False,,160
periodic_worker,539,0.0022620014174320993,0.0,5,4.119798973066016,-2.1454164530057453,False,False,,160
periodic_worker,540,0.2942745617899871,0.0,5,4.119798973066016,-2.1454164530057453,False,False,,160
periodic_worker,541,0.006055439728475041,0.0,5,4.119798973066016,-2.1454164530057453,False,False,,160
periodic_worker,542,0.8667524909695211,1.0,5,4.119798973066016,-2.1454164530057453,False,False,,160
periodic_worker,543,0.13331429812271497,0.0,5,4.119798973066016,-2.1454164530057453,False,False,,160
periodic_worker,544,0.9297198491572302,1.0,5,4.119798973066016,-2.1454164530057453,False,False,,160
periodic_worker,545,0.04179566421212093,0.0,5,4.119798973066016,-2.1454164530057453,False,False,,160
periodic_worker,546,0.9953688314673751,1.0,5,4.119798973066016,-2.1454164530057453,False,False,,160
periodic_worker,547,0.002477549452852878,0.0,5,4.119798973066016,-2.1454164530057453,False,False,,160
periodic_worker,548,0.36196161943330873,0.0,5,4.119798973066016,-2.1454164530057453,False,False,,160
periodic_worker,549,0.9979175328497707,1.0,5,4.119798973066016,-2.1454164530057453,False,False,,160
periodic_worker,550,6.726278695319579e-05,0.0,5,4.119798973066016,-2.1454164530057453,False,False,,160
periodic_worker,551,0.06800718653568161,0.0,5,4.119798973066016,-2.1454164530057453,False,False,,160
periodic_worker,552,0.9190012320827262,1.0,5,4.119798973066016,-2.1454164530057453,False,False,,160
periodic_worker,553,0.6732726542367812,1.0,5,4.119798973066016,-2.1454164530057453,False,False,,160
periodic_worker,554,0.0002148934187955526,0.0,5,4.119798973066016,-2.1454164530057453,False,False,,160
periodic_worker,555,0.9999724970506082,1.0,5,4.119798973066016,-2.1454164530057453,False,False,,160
periodic_worker,556,0.015340252190832574,0.0,5,4.119798973066016,-2.1454164530057453,False,False,,160
periodic_worker,557,0.9520703058845814,1.0,5,4.119798973066016,-2.1454164530057453,False,False,,160
periodic_worker,558,0.5160144113708054,1.0,5,4.119798973066016,-2.1454164530057453,False,False,,160
periodic_worker,559,0.9930928071174294,1.0,5,4.119798973066016,-2.1454164530057453,False,False,,160
periodic_worker,560,0.004684325315905414,0.0,5,4.119798973066016,-2.1454164530057453,False,False,,160
periodic_worker,561,0.0200942672164999,0.0,5,4.119798973066016,-2.1454164530057453,False,False,,160
periodic_worker,562,0.46151941827191556,0.0,5,4.119798973066016,-2.1454164530057453,False,False,,160
periodic_worker,563,0.14017189287897808,0.0,5,4.119798973066016,-2.1454164530057453,False,False,,160
periodic_worker,564,0.91725158150866,1.0,5,4.119798973066016,-2.1454164530057453,False,False,,160
periodic_worker,565,0.3533986044279995,0.0,5,4.119798973066016,-2.1454164530057453,False,False,,160
periodic_worker,566,0.6507401585634007,1.0,5,4.119798973066016,-2.1454164530057453,False,False,,160
periodic_worker,567,0.9347411944513706,1.0,5,4.119798973066016,-2.1454164530057453,False,False,,160
periodic_worker,568,0.0017050057372150968,0.0,5,4.119798973066016,-2.1454164530057453,False,False,,160
periodic_worker,569,0.318009778973031,0.0,5,4.119798973066016,-2.1454164530057453,False,False,,160
periodic_worker,570,0.7568626819222701,1.0,5,4.119798973066016,-2.1454164530057453,False,False,,160
periodic_worker,571,0.9958768739636636,1.0,5,4.119798973066016,-2.1454164530057453,False,False,,160
periodic_worker,572,0.044815443835195104,0.0,5,4.119798973066016,-2.1454164530057453,False,False,,160
periodic_worker,573,0.9757560499583936,1.0,5,4.119798973066016,-2.1454164530057453,False,False,,160
periodic_worker,574,0.6103556185379908,1.0,5,4.119798973066016,-2.1454164530057453,False,False,,160
periodic_worker,575,0.46563316734338245,0.0,5,4.119798973066016,-2.1454164530057453,False,False,,160
periodic_worker,576,0.012333636772109658,0.0,5,4.119798973066016,-2.1454164530057453,True,False,584,192
periodic_worker,577,0.0005897686142875053,0.0,5,4.119798973066016,-2.1454164530057453,False,False,584,192
periodic_worker,578,0.1618102638965958,0.0,5,4.119798973066016,-2.1454164530057453,False,False,584,192
periodic_worker,579,0.6774546293990773,1.0,5,4.119798973066016,-2.1454164530057453,False,False,584,192
periodic_worker,580,0.84624555665625,1.0,5,4.119798973066016,-2.1454164530057453,False,False,584,192
periodic_worker,581,0.23641020592344975,0.0,5,4.119798973066016,-2.1454164530057453,False,False,584,192
periodic_worker,582,0.9846284673797151,1.0,5,4.119798973066016,-2.1454164530057453,False,False,584,192
periodic_worker,583,0.000247793339315964,0.0,5,4.119798973066016,-2.1454164530057453,False,False,584,192
periodic_worker,584,0.21049927091510043,0.0,6,4.2818304418531286,-2.2454786904584547,False,True,,192
periodic_worker,585,0.8027646025616502,1.0,6,4.2818304418531286,-2.2454786904584547,False,False,,192
periodic_worker,586,0.09161211778817159,0.0,6,4.2818304418531286,-2.2454786904584547,False,False,,192
periodic_worker,587,0.1115595982627543,0.0,6,4.2818304418531286,-2.2454786904584547,False,False,,192
periodic_worker,588,0.7728731235956955,1.0,6,4.2818304418531286,-2.2454786904584547,False,False,,192
periodic_worker,589,0.05498439733787591,0.0,6,4.2818304418531286,-2.2454786904584547,False,False,,192
periodic_worker,590,0.5703110647560252,1.0,6,4.2818304418531286,-2.2454786904584547,False,False,,192
periodic_worker,591,0.9727752584159493,1.0,6,4.2818304418531286,-2.2454786904584547,False,False,,192
periodic_worker,592,0.9829747624685389,1.0,6,4.2818304418531286,-2.2454786904584547,False,False,,192
periodic_worker,593,0.007120847128856184,0.0,6,4.2818304418531286,-2.2454786904584547,False,False,,192
periodic_worker,594,0.5385455700343398,1.0,6,4.2818304418531286,-2.2454786904584547,False,False,,192
periodic_worker,595,0.4864268605606596,1.0,6,4.2818304418531286,-2.2454786904584547,False,False,,192
periodic_worker,596,0.6348054302333866,1.0,6,4.2818304418531286,-2.2454786904584547,False,False,,192
periodic_worker,597,0.1478897270739354,0.0,6,4.2818304418531286,-2.2454786904584547,False,False,,192
periodic_worker,598,0.9997654476027078,1.0,6,4.2818304418531286,-2.2454786904584547,False,False,,192
periodic_worker,599,0.9887458053825227,1.0,6,4.2818304418531286,-2.2454786904584547,False,False,,192
periodic_worker,600,0.1145954932896962,1.0,6,4.2818304418531286,-2.2454786904584547,False,False,,192
periodic_worker,601,0.034902817907631715,1.0,6,4.2818304418531286,-2.2454786904584547,False,False,,192
periodic_worker,602,0.020792660354085328,1.0,6,4.2818304418531286,-2.2454786904584547,False,False,,192
periodic_worker,603,0.3360216344907016,1.0,6,4.2818304418531286,-2.2454786904584547,False,False,,192
periodic_worker,604,0.9565064278118846,0.0,6,4.2818304418531286,-2.2454786904584547,False,False,,192
periodic_worker,605,0.7174455419245761,0.0,6,4.2818304418531286,-2.2454786904584547,False,False,,192
periodic_worker,606,0.353404455933101,1.0,6,4.2818304418531286,-2.2454786904584547,False,False,,192
periodic_worker,607,0.9409029218283931,0.0,6,4.2818304418531286,-2.2454786904584547,False,False,,192
periodic_worker,608,0.9964111182704819,0.0,6,4.2818304418531286,-2.2454786904584547,False,False,,192
periodic_worker,609,0.008686118105638267,1.0,6,4.2818304418531286,-2.2454786904584547,False,False,,192
periodic_worker,610,0.018416846930551088,1.0,6,4.2818304418531286,-2.2454786904584547,False,False,,192
periodic_worker,611,0.8357375381514115,0.0,6,4.2818304418531286,-2.2454786904584547,False,False,,192
periodic_worker,612,0.9826479195590172,0.0,6,4.2818304418531286,-2.2454786904584547,False,False,,192
periodic_worker,613,0.9946854967383583,0.0,6,4.2818304418531286,-2.2454786904584547,False,False,,192
periodic_worker,614,0.054032195164756804,1.0,6,4.2818304418531286,-2.2454786904584547,False,False,,192
periodic_worker,615,0.7649236590351668,0.0,6,4.2818304418531286,-2.2454786904584547,False,False,,192
periodic_worker,616,0.7840526388674591,0.0,6,4.2818304418531286,-2.2454786904584547,False,False,,192
periodic_worker,617,0.5471438935247233,0.0,6,4.2818304418531286,-2.2454786904584547,False,False,,192
periodic_worker,618,0.9999643006901408,0.0,6,4.2818304418531286,-2.2454786904584547,False,False,,192
periodic_worker,619,0.7058146610343096,0.0,6,4.2818304418531286,-2.2454786904584547,False,False,,192
periodic_worker,620,0.0039052245339188923,1.0,6,4.2818304418531286,-2.2454786904584547,False,False,,192
periodic_worker,621,0.05007042436444469,1.0,6,4.2818304418531286,-2.2454786904584547,False,False,,192
periodic_worker,622,0.5357744197493658,0.0,6,4.2818304418531286,-2.2454786904584547,False,False,,192
periodic_worker,623,9.024453319508652e-06,1.0,6,4.2818304418531286,-2.2454786904584547,False,False,,192
periodic_worker,624,0.7877363711572017,0.0,6,4.2818304418531286,-2.2454786904584547,False,False,,192
periodic_worker,625,0.004466027575635284,1.0,6,4.2818304418531286,-2.2454786904584547,False,False,,192
periodic_worker,626,0.010942483244742214,1.0,6,4.2818304418531286,-2.2454786904584547,False,False,,192
periodic_worker,627,0.15323443162764955,1.0,6,4.2818304418531286,-2.2454786904584547,False,False,,192
periodic_worker,628,0.48781119386226457,1.0,6,4.2818304418531286,-2.2454786904584547,False,False,,192
periodic_worker,629,0.06531689760975394,1.0,6,4.2818304418531286,-2.2454786904584547,False,False,,192
periodic_worker,630,0.9123293285341406,0.0,6,4.2818304418531286,-2.2454786904584547,False,False,,192
periodic_worker,631,0.5607858287739272,0.0,6,4.2818304418531286,-2.2454786904584547,False,False,,192
periodic_worker,632,0.0009354511883438344,1.0,6,4.2818304418531286,-2.2454786904584547,False,False,,192
periodic_worker,633,0.013486986973420278,1.0,6,4.2818304418531286,-2.2454786904584547,False,False,,192
periodic_worker,634,0.9904674135620244,0.0,6,4.2818304418531286,-2.2454786904584547,False,False,,192
periodic_worker,635,0.013665482563779929,1.0,6,4.2818304418531286,-2.2454786904584547,False,False,,192
periodic_worker,636,0.4676142761853505,1.0,6,4.2818304418531286,-2.2454786904584547,False,False,,192
periodic_worker,637,0.0002797285263499764,1.0,6,4.2818304418531286,-2.2454786904584547,False,False,,192
periodic_worker,638,0.9920482740763079,0.0,6,4.2818304418531286,-2.2454786904584547,False,False,,192
periodic_worker,639,0.9999532502561788,0.0,6,4.2818304418531286,-2.2454786904584547,False,False,,192
periodic_worker,640,0.31778711206770055,1.0,6,4.2818304418531286,-2.2454786904584547,False,False,,192
periodic_worker,641,0.017504909146650188,1.0,6,4.2818304418531286,-2.2454786904584547,False,False,,192
periodic_worker,642,0.9996278701111083,0.0,6,4.2818304418531286,-2.2454786904584547,False,False,,192
periodic_worker,643,0.959762226017636,0.0,6,4.2818304418531286,-2.2454786904584547,False,False,,192
periodic_worker,644,0.08107296481193799,1.0,6,4.2818304418531286,-2.2454786904584547,False,False,,192
periodic_worker,645,0.9987878627079122,0.0,6,4.2818304418531286,-2.2454786904584547,False,False,,192
periodic_worker,646,0.1446760223031808,1.0,6,4.2818304418531286,-2.2454786904584547,False,False,,192
periodic_worker,647,0.7303231852606811,0.0,6,4.2818304418531286,-2.2454786904584547,False,False,,192
periodic_worker,648,0.9637866485891389,0.0,6,4.2818304418531286,-2.2454786904584547,False,False,,192
periodic_worker,649,0.2129354102172566,1.0,6,4.2818304418531286,-2.2454786904584547,False,False,,192
periodic_worker,650,0.9476335924106944,0.0,6,4.2818304418531286,-2.2454786904584547,False,False,,192
periodic_worker,651,0.3047851866791741,1.0,6,4.2818304418531286,-2.2454786904584547,False,False,,192
periodic_worker,652,0.008037631136284395,1.0,6,4.2818304418531286,-2.2454786904584547,False,False,,192
periodic_worker,653,0.06608261142136143,1.0,6,4.2818304418531286,-2.2454786904584547,False,False,,192
periodic_worker,654,0.008312031551305981,1.0,6,4.2818304418531286,-2.2454786904584547,False,False,,192
periodic_worker,655,0.9923875819664414,0.0,6,4.2818304418531286,-2.2454786904584547,False,False,,192
periodic_worker,656,0.0008292003973283314,1.0,6,4.2818304418531286,-2.2454786904584547,False,False,,192
periodic_worker,657,0.9480749796912238,0.0,6,4.2818304418531286,-2.2454786904584547,False,False,,192
periodic_worker,658,0.9902853201689945,0.0,6,4.2818304418531286,-2.2454786904584547,False,False,,192
periodic_worker,659,0.1049456444570499,1.0,6,4.2818304418531286,-2.2454786904584547,False,False,,192
periodic_worker,660,0.6112724219638204,0.0,6,4.2818304418531286,-2.2454786904584547,False,False,,192
periodic_worker,661,0.6163020111224216,0.0,6,4.2818304418531286,-2.2454786904584547,False,False,,192
periodic_worker,662,0.9996816430041934,0.0,6,4.2818304418531286,-2.2454786904584547,False,False,,192
periodic_worker,663,0.5944169063416096,0.0,6,4.2818304418531286,-2.2454786904584547,False,False,,192
periodic_worker,664,0.05679983980304223,1.0,6,4.2818304418531286,-2.2454786904584547,False,False,,192
periodic_worker,665,0.9722365972659758,0.0,6,4.2818304418531286,-2.2454786904584547,False,False,,192
periodic_worker,666,0.08508329569975315,1.0,6,4.2818304418531286,-2.2454786904584547,False,False,,192
periodic_worker,667,0.997615714564582,0.0,6,4.2818304418531286,-2.2454786904584547,False,False,,192
periodic_worker,668,0.003145798075204214,1.0,6,4.2818304418531286,-2.2454786904584547,False,False,,192
periodic_worker,669,0.9995647680375911,0.0,6,4.2818304418531286,-2.2454786904584547,False,False,,192
periodic_worker,670,0.008753418164132038,1.0,6,4.2818304418531286,-2.2454786904584547,False,False,,192
periodic_worker,671,0.9291078072564664,0.0,6,4.2818304418531286,-2.2454786904584547,False,False,,192
periodic_worker,672,0.0004105108028866246,1.0,6,4.2818304418531286,-2.2454786904584547,True,False,680,224
periodic_worker,673,0.1584777227484476,1.0,6,4.2818304418531286,-2.2454786904584547,False,False,680,224
periodic_worker,674,0.23158173252366399,1.0,6,4.2818304418531286,-2.2454786904584547,False,False,680,224
periodic_worker,675,0.013316981947716518,1.0,6,4.2818304418531286,-2.2454786904584547,False,False,680,224
periodic_worker,676,0.9969265447470259,0.0,6,4.2818304418531286,-2.2454786904584547,False,False,680,224
periodic_worker,677,0.9284811774266974,0.0,6,4.2818304418531286,-2.2454786904584547,False,False,680,224
periodic_worker,678,0.9991610417907644,0.0,6,4.2818304418531286,-2.2454786904584547,False,False,680,224
periodic_worker,679,0.7167805849802592,0.0,6,4.2818304418531286,-2.2454786904584547,False,False,680,224
periodic_worker,680,0.9389754233996505,0.0,7,1.2835465804525592,-0.06701947089336657,False,True,,224
periodic_worker,681,0.5128445211182392,1.0,7,1.2835465804525592,-0.06701947089336657,False,False,,224
periodic_worker,682,0.7444985857326972,0.0,7,1.2835465804525592,-0.06701947089336657,False,False,,224
periodic_worker,683,0.07773403797499998,1.0,7,1.2835465804525592,-0.06701947089336657,False,False,,224
periodic_worker,684,0.49898091845917864,1.0,7,1.2835465804525592,-0.06701947089336657,False,False,,224
periodic_worker,685,0.7545526236605868,0.0,7,1.2835465804525592,-0.06701947089336657,False,False,,224
periodic_worker,686,0.6854893401136615,0.0,7,1.2835465804525592,-0.06701947089336657,False,False,,224
periodic_worker,687,0.30210690295358555,1.0,7,1.2835465804525592,-0.06701947089336657,False,False,,224
periodic_worker,688,0.07937050382956846,1.0,7,1.2835465804525592,-0.06701947089336657,False,False,,224
periodic_worker,689,0.3574646585450694,1.0,7,1.2835465804525592,-0.06701947089336657,False,False,,224
periodic_worker,690,0.42223071421939196,1.0,7,1.2835465804525592,-0.06701947089336657,False,False,,224
periodic_worker,691,0.2561985122641123,1.0,7,1.2835465804525592,-0.06701947089336657,False,False,,224
periodic_worker,692,0.5121241001655328,0.0,7,1.2835465804525592,-0.06701947089336657,False,False,,224
periodic_worker,693,0.5806335703596587,1.0,7,1.2835465804525592,-0.06701947089336657,False,False,,224
periodic_worker,694,0.06370600524932302,1.0,7,1.2835465804525592,-0.06701947089336657,False,False,,224
periodic_worker,695,0.6864925375896824,0.0,7,1.2835465804525592,-0.06701947089336657,False,False,,224
periodic_worker,696,0.10809569427695812,1.0,7,1.2835465804525592,-0.06701947089336657,False,False,,224
periodic_worker,697,0.7446594005232832,0.0,7,1.2835465804525592,-0.06701947089336657,False,False,,224
periodic_worker,698,0.2687885187569507,1.0,7,1.2835465804525592,-0.06701947089336657,False,False,,224
periodic_worker,699,0.3229861514769324,1.0,7,1.2835465804525592,-0.06701947089336657,False,False,,224
periodic_worker,700,0.5960681158598169,1.0,7,1.2835465804525592,-0.06701947089336657,False,False,,224
periodic_worker,701,0.1856694309703699,1.0,7,1.2835465804525592,-0.06701947089336657,False,False,,224
periodic_worker,702,0.9068925620448531,0.0,7,1.2835465804525592,-0.06701947089336657,False,False,,224
periodic_worker,703,0.6109271992553641,0.0,7,1.2835465804525592,-0.06701947089336657,False,False,,224
periodic_worker,704,0.7379693357045404,0.0,7,1.2835465804525592,-0.06701947089336657,False,False,,224
periodic_worker,705,0.32483178331245655,1.0,7,1.2835465804525592,-0.06701947089336657,False,False,,224
periodic_worker,706,0.517903864246176,1.0,7,1.2835465804525592,-0.06701947089336657,False,False,,224
periodic_worker,707,0.4781341021662741,1.0,7,1.2835465804525592,-0.06701947089336657,False,False,,224
periodic_worker,708,0.6930828518451823,0.0,7,1.2835465804525592,-0.06701947089336657,False,False,,224
periodic_worker,709,0.13939039412295665,1.0,7,1.2835465804525592,-0.06701947089336657,False,False,,224
periodic_worker,710,0.5757204035616174,0.0,7,1.2835465804525592,-0.06701947089336657,False,False,,224
periodic_worker,711,0.3068292221747131,1.0,7,1.2835465804525592,-0.06701947089336657,False,False,,224
periodic_worker,712,0.5996862420995118,1.0,7,1.2835465804525592,-0.06701947089336657,False,False,,224
periodic_worker,713,0.2310407979206475,1.0,7,1.2835465804525592,-0.06701947089336657,False,False,,224
periodic_worker,714,0.1643270200075067,1.0,7,1.2835465804525592,-0.06701947089336657,False,False,,224
periodic_worker,715,0.4434854342325308,1.0,7,1.2835465804525592,-0.06701947089336657,False,False,,224
periodic_worker,716,0.6846841465145493,0.0,7,1.2835465804525592,-0.06701947089336657,False,False,,224
periodic_worker,717,0.5775630509547407,0.0,7,1.2835465804525592,-0.06701947089336657,False,False,,224
periodic_worker,718,0.6653281247883464,0.0,7,1.2835465804525592,-0.06701947089336657,False,False,,224
periodic_worker,719,0.2611683335328645,1.0,7,1.2835465804525592,-0.06701947089336657,False,False,,224
periodic_worker,720,0.5662552467974719,0.0,7,1.2835465804525592,-0.06701947089336657,False,False,,224
periodic_worker,721,0.18814038646863088,1.0,7,1.2835465804525592,-0.06701947089336657,False,False,,224
periodic_worker,722,0.20016460772280625,1.0,7,1.2835465804525592,-0.06701947089336657,False,False,,224
periodic_worker,723,0.5481496526721122,0.0,7,1.2835465804525592,-0.06701947089336657,False,False,,224
periodic_worker,724,0.3117345956625647,1.0,7,1.2835465804525592,-0.06701947089336657,False,False,,224
periodic_worker,725,0.6464436492608496,0.0,7,1.2835465804525592,-0.06701947089336657,False,False,,224
periodic_worker,726,0.3074830028839598,1.0,7,1.2835465804525592,-0.06701947089336657,False,False,,224
periodic_worker,727,0.47531859905083484,1.0,7,1.2835465804525592,-0.06701947089336657,False,False,,224
periodic_worker,728,0.851762183574435,0.0,7,1.2835465804525592,-0.06701947089336657,False,False,,224
periodic_worker,729,0.0649543110906245,1.0,7,1.2835465804525592,-0.06701947089336657,False,False,,224
periodic_worker,730,0.2943197247251819,1.0,7,1.2835465804525592,-0.06701947089336657,False,False,,224
periodic_worker,731,0.4427014050434673,1.0,7,1.2835465804525592,-0.06701947089336657,False,False,,224
periodic_worker,732,0.5844335241593634,0.0,7,1.2835465804525592,-0.06701947089336657,False,False,,224
periodic_worker,733,0.8678119564516774,0.0,7,1.2835465804525592,-0.06701947089336657,False,False,,224
periodic_worker,734,0.22832071626700348,1.0,7,1.2835465804525592,-0.06701947089336657,False,False,,224
periodic_worker,735,0.7460246385872585,0.0,7,1.2835465804525592,-0.06701947089336657,False,False,,224
periodic_worker,736,0.08394412053208739,1.0,7,1.2835465804525592,-0.06701947089336657,False,False,,224
periodic_worker,737,0.20701413561523066,1.0,7,1.2835465804525592,-0.06701947089336657,False,False,,224
periodic_worker,738,0.03730662993354409,1.0,7,1.2835465804525592,-0.06701947089336657,False,False,,224
periodic_worker,739,0.3949219741921586,0.0,7,1.2835465804525592,-0.06701947089336657,False,False,,224
periodic_worker,740,0.7431989716834914,0.0,7,1.2835465804525592,-0.06701947089336657,False,False,,224
periodic_worker,741,0.26592640957120484,1.0,7,1.2835465804525592,-0.06701947089336657,False,False,,224
periodic_worker,742,0.19134644657729916,1.0,7,1.2835465804525592,-0.06701947089336657,False,False,,224
periodic_worker,743,0.580446171367642,0.0,7,1.2835465804525592,-0.06701947089336657,False,False,,224
periodic_worker,744,0.07635829654982063,1.0,7,1.2835465804525592,-0.06701947089336657,False,False,,224
periodic_worker,745,0.5497321263734514,0.0,7,1.2835465804525592,-0.06701947089336657,False,False,,224
periodic_worker,746,0.7207672163066067,0.0,7,1.2835465804525592,-0.06701947089336657,False,False,,224
periodic_worker,747,0.5924057887826706,1.0,7,1.2835465804525592,-0.06701947089336657,False,False,,224
periodic_worker,748,0.34430511028850097,1.0,7,1.2835465804525592,-0.06701947089336657,False,False,,224
periodic_worker,749,0.13441474845687407,1.0,7,1.2835465804525592,-0.06701947089336657,False,False,,224
periodic_worker,750,0.39641953642822714,1.0,7,1.2835465804525592,-0.06701947089336657,False,False,,224
periodic_worker,751,0.06466456977838689,1.0,7,1.2835465804525592,-0.06701947089336657,False,False,,224
periodic_worker,752,0.6623232816849549,0.0,7,1.2835465804525592,-0.06701947089336657,False,False,,224
periodic_worker,753,0.8882681357762291,0.0,7,1.2835465804525592,-0.06701947089336657,False,False,,224
periodic_worker,754,0.21713907556801043,1.0,7,1.2835465804525592,-0.06701947089336657,False,False,,224
periodic_worker,755,0.6492988177087258,0.0,7,1.2835465804525592,-0.06701947089336657,False,False,,224
periodic_worker,756,0.34151672125459986,1.0,7,1.2835465804525592,-0.06701947089336657,False,False,,224
periodic_worker,757,0.2454807959927523,1.0,7,1.2835465804525592,-0.06701947089336657,False,False,,224
periodic_worker,758,0.536533254984255,0.0,7,1.2835465804525592,-0.06701947089336657,False,False,,224
periodic_worker,759,0.22213147744371342,1.0,7,1.2835465804525592,-0.06701947089336657,False,False,,224
periodic_worker,760,0.5870646600837103,0.0,7,1.2835465804525592,-0.06701947089336657,False,False,,224
periodic_worker,761,0.7665765344223381,0.0,7,1.2835465804525592,-0.06701947089336657,False,False,,224
periodic_worker,762,0.32128387354367866,1.0,7,1.2835465804525592,-0.06701947089336657,False,False,,224
periodic_worker,763,0.622171133556686,1.0,7,1.2835465804525592,-0.06701947089336657,False,False,,224
periodic_worker,764,0.4745954338153306,0.0,7,1.2835465804525592,-0.06701947089336657,False,False,,224
periodic_worker,765,0.5771294065389362,1.0,7,1.2835465804525592,-0.06701947089336657,False,False,,224
periodic_worker,766,0.4863268758169363,0.0,7,1.2835465804525592,-0.06701947089336657,False,False,,224
periodic_worker,767,0.8639383943968246,0.0,7,1.2835465804525592,-0.06701947089336657,False,False,,224
periodic_worker,768,0.7212174838601311,0.0,7,1.2835465804525592,-0.06701947089336657,True,False,776,256
periodic_worker,769,0.6203902218367069,0.0,7,1.2835465804525592,-0.06701947089336657,False,False,776,256
periodic_worker,770,0.36051624898742357,1.0,7,1.2835465804525592,-0.06701947089336657,False,False,776,256
periodic_worker,771,0.18928215489750083,1.0,7,1.2835465804525592,-0.06701947089336657,False,False,776,256
periodic_worker,772,0.3696474608119467,1.0,7,1.2835465804525592,-0.06701947089336657,False,False,776,256
periodic_worker,773,0.14114289592943244,1.0,7,1.2835465804525592,-0.06701947089336657,False,False,776,256
periodic_worker,774,0.45972568489588805,0.0,7,1.2835465804525592,-0.06701947089336657,False,False,776,256
periodic_worker,775,0.40029255137880415,1.0,7,1.2835465804525592,-0.06701947089336657,False,False,776,256
periodic_worker,776,0.8589061605282174,1.0,8,-1.2237281610065807,0.6776886289775105,False,True,,256
periodic_worker,777,0.8841019658125769,1.0,8,-1.2237281610065807,0.6776886289775105,False,False,,256
periodic_worker,778,0.8391993130652375,1.0,8,-1.2237281610065807,0.6776886289775105,False,False,,256
periodic_worker,779,0.3144932524758814,0.0,8,-1.2237281610065807,0.6776886289775105,False,False,,256
periodic_worker,780,0.2751927145222364,0.0,8,-1.2237281610065807,0.6776886289775105,False,False,,256
periodic_worker,781,0.13687363870948807,0.0,8,-1.2237281610065807,0.6776886289775105,False,False,,256
periodic_worker,782,0.8387680680652387,1.0,8,-1.2237281610065807,0.6776886289775105,False,False,,256
periodic_worker,783,0.5842824175006202,1.0,8,-1.2237281610065807,0.6776886289775105,False,False,,256
periodic_worker,784,0.5671033911580937,1.0,8,-1.2237281610065807,0.6776886289775105,False,False,,256
periodic_worker,785,0.7709889291782753,1.0,8,-1.2237281610065807,0.6776886289775105,False,False,,256
periodic_worker,786,0.6926026434526072,1.0,8,-1.2237281610065807,0.6776886289775105,False,False,,256
periodic_worker,787,0.44311606271718235,0.0,8,-1.2237281610065807,0.6776886289775105,False,False,,256
periodic_worker,788,0.5335004209475693,1.0,8,-1.2237281610065807,0.6776886289775105,False,False,,256
periodic_worker,789,0.7751263985655371,1.0,8,-1.2237281610065807,0.6776886289775105,False,False,,256
periodic_worker,790,0.4593398720416116,0.0,8,-1.2237281610065807,0.6776886289775105,False,False,,256
periodic_worker,791,0.7693961060222606,1.0,8,-1.2237281610065807,0.6776886289775105,False,False,,256
periodic_worker,792,0.7052961289086521,1.0,8,-1.2237281610065807,0.6776886289775105,False,False,,256
periodic_worker,793,0.343450063357265,0.0,8,-1.2237281610065807,0.6776886289775105,False,False,,256
periodic_worker,794,0.7285869911247352,1.0,8,-1.2237281610065807,0.6776886289775105,False,False,,256
periodic_worker,795,0.41018079755492576,0.0,8,-1.2237281610065807,0.6776886289775105,False,False,,256
periodic_worker,796,0.8979221768260283,1.0,8,-1.2237281610065807,0.6776886289775105,False,False,,256
periodic_worker,797,0.011966758895507176,0.0,8,-1.2237281610065807,0.6776886289775105,False,False,,256
periodic_worker,798,0.8141012719136523,1.0,8,-1.2237281610065807,0.6776886289775105,False,False,,256
periodic_worker,799,0.6334701038225656,1.0,8,-1.2237281610065807,0.6776886289775105,False,False,,256
periodic_worker,800,0.3660234947416941,0.0,8,-1.2237281610065807,0.6776886289775105,False,False,,256
periodic_worker,801,0.718393071594613,1.0,8,-1.2237281610065807,0.6776886289775105,False,False,,256
periodic_worker,802,0.14030802470064843,0.0,8,-1.2237281610065807,0.6776886289775105,False,False,,256
periodic_worker,803,0.3092222232213599,0.0,8,-1.2237281610065807,0.6776886289775105,False,False,,256
periodic_worker,804,0.5296240736599186,1.0,8,-1.2237281610065807,0.6776886289775105,False,False,,256
periodic_worker,805,0.24561411739041966,0.0,8,-1.2237281610065807,0.6776886289775105,False,False,,256
periodic_worker,806,0.5809309611834856,1.0,8,-1.2237281610065807,0.6776886289775105,False,False,,256
periodic_worker,807,0.144550687701205,0.0,8,-1.2237281610065807,0.6776886289775105,False,False,,256
periodic_worker,808,0.46955040874315684,0.0,8,-1.2237281610065807,0.6776886289775105,False,False,,256
periodic_worker,809,0.9164119074026071,1.0,8,-1.2237281610065807,0.6776886289775105,False,False,,256
periodic_worker,810,0.3572971159631095,0.0,8,-1.2237281610065807,0.6776886289775105,False,False,,256
periodic_worker,811,0.2625847980987526,0.0,8,-1.2237281610065807,0.6776886289775105,False,False,,256
periodic_worker,812,0.6654534105656954,1.0,8,-1.2237281610065807,0.6776886289775105,False,False,,256
periodic_worker,813,0.9689611868621492,1.0,8,-1.2237281610065807,0.6776886289775105,False,False,,256
periodic_worker,814,0.13856403728933694,0.0,8,-1.2237281610065807,0.6776886289775105,False,False,,256
periodic_worker,815,0.40558363861254665,0.0,8,-1.2237281610065807,0.6776886289775105,False,False,,256
periodic_worker,816,0.1675197676217636,0.0,8,-1.2237281610065807,0.6776886289775105,False,False,,256
periodic_worker,817,0.8835628089856822,1.0,8,-1.2237281610065807,0.6776886289775105,False,False,,256
periodic_worker,818,0.7078069617200226,1.0,8,-1.2237281610065807,0.6776886289775105,False,False,,256
periodic_worker,819,0.798478834306238,1.0,8,-1.2237281610065807,0.6776886289775105,False,False,,256
periodic_worker,820,0.6335227785939753,1.0,8,-1.2237281610065807,0.6776886289775105,False,False,,256
periodic_worker,821,0.18447912917183143,0.0,8,-1.2237281610065807,0.6776886289775105,False,False,,256
periodic_worker,822,0.840053940472927,1.0,8,-1.2237281610065807,0.6776886289775105,False,False,,256
periodic_worker,823,0.8091479973971107,1.0,8,-1.2237281610065807,0.6776886289775105,False,False,,256
periodic_worker,824,0.16444303972848118,0.0,8,-1.2237281610065807,0.6776886289775105,False,False,,256
periodic_worker,825,0.9843123272591158,1.0,8,-1.2237281610065807,0.6776886289775105,False,False,,256
periodic_worker,826,0.5482361205083293,1.0,8,-1.2237281610065807,0.6776886289775105,False,False,,256
periodic_worker,827,0.8623557990566435,1.0,8,-1.2237281610065807,0.6776886289775105,False,False,,256
periodic_worker,828,0.39318580913032636,0.0,8,-1.2237281610065807,0.6776886289775105,False,False,,256
periodic_worker,829,0.4632134631002588,0.0,8,-1.2237281610065807,0.6776886289775105,False,False,,256
periodic_worker,830,0.2094349540677499,0.0,8,-1.2237281610065807,0.6776886289775105,False,False,,256
periodic_worker,831,0.6832546618188056,1.0,8,-1.2237281610065807,0.6776886289775105,False,False,,256
periodic_worker,832,0.4121232990233138,0.0,8,-1.2237281610065807,0.6776886289775105,False,False,,256
periodic_worker,833,0.6937410195008683,1.0,8,-1.2237281610065807,0.6776886289775105,False,False,,256
periodic_worker,834,0.5584913170112541,1.0,8,-1.2237281610065807,0.6776886289775105,False,False,,256
periodic_worker,835,0.5137346326998735,1.0,8,-1.2237281610065807,0.6776886289775105,False,False,,256
periodic_worker,836,0.30852113457301095,0.0,8,-1.2237281610065807,0.6776886289775105,False,False,,256
periodic_worker,837,0.7458735005285446,1.0,8,-1.2237281610065807,0.6776886289775105,False,False,,256
periodic_worker,838,0.1972826431047217,0.0,8,-1.2237281610065807,0.6776886289775105,False,False,,256
periodic_worker,839,0.42786796019181533,0.0,8,-1.2237281610065807,0.6776886289775105,False,False,,256
periodic_worker,840,0.7529116809749976,1.0,8,-1.2237281610065807,0.6776886289775105,False,False,,256
periodic_worker,841,0.6727602360161427,1.0,8,-1.2237281610065807,0.6776886289775105,False,False,,256
periodic_worker,842,0.4954570823634177,1.0,8,-1.2237281610065807,0.6776886289775105,False,False,,256
periodic_worker,843,0.7466482893049335,1.0,8,-1.2237281610065807,0.6776886289775105,False,False,,256
periodic_worker,844,0.456967592212587,0.0,8,-1.2237281610065807,0.6776886289775105,False,False,,256
periodic_worker,845,0.6776197919594266,1.0,8,-1.2237281610065807,0.6776886289775105,False,False,,256
periodic_worker,846,0.23649189917143765,0.0,8,-1.2237281610065807,0.6776886289775105,False,False,,256
periodic_worker,847,0.644571397482648,1.0,8,-1.2237281610065807,0.6776886289775105,False,False,,256
periodic_worker,848,0.05872990779929611,0.0,8,-1.2237281610065807,0.6776886289775105,False,False,,256
periodic_worker,849,0.03734364843892585,0.0,8,-1.2237281610065807,0.6776886289775105,False,False,,256
periodic_worker,850,0.029716306642180546,0.0,8,-1.2237281610065807,0.6776886289775105,False,False,,256
periodic_worker,851,0.9213528611980447,1.0,8,-1.2237281610065807,0.6776886289775105,False,False,,256
periodic_worker,852,0.8645686191970214,1.0,8,-1.2237281610065807,0.6776886289775105,False,False,,256
periodic_worker,853,0.38360286818627204,0.0,8,-1.2237281610065807,0.6776886289775105,False,False,,256
periodic_worker,854,0.5512895876922297,1.0,8,-1.2237281610065807,0.6776886289775105,False,False,,256
periodic_worker,855,0.26356163657676046,0.0,8,-1.2237281610065807,0.6776886289775105,False,False,,256
periodic_worker,856,0.07099233698057414,0.0,8,-1.2237281610065807,0.6776886289775105,False,False,,256
periodic_worker,857,0.7990826698120456,1.0,8,-1.2237281610065807,0.6776886289775105,False,False,,256
periodic_worker,858,0.5239267214191764,1.0,8,-1.2237281610065807,0.6776886289775105,False,False,,256
periodic_worker,859,0.43420842273360627,0.0,8,-1.2237281610065807,0.6776886289775105,False,False,,256
periodic_worker,860,0.21648309226941195,0.0,8,-1.2237281610065807,0.6776886289775105,False,False,,256
periodic_worker,861,0.870570626267703,1.0,8,-1.2237281610065807,0.6776886289775105,False,False,,256
periodic_worker,862,0.844595014409396,1.0,8,-1.2237281610065807,0.6776886289775105,False,False,,256
periodic_worker,863,0.7157466296535977,1.0,8,-1.2237281610065807,0.6776886289775105,False,False,,256
periodic_worker,864,0.29097548515676125,0.0,8,-1.2237281610065807,0.6776886289775105,True,False,872,288
periodic_worker,865,0.6766584094417679,1.0,8,-1.2237281610065807,0.6776886289775105,False,False,872,288
periodic_worker,866,0.6557586863160323,1.0,8,-1.2237281610065807,0.6776886289775105,False,False,872,288
periodic_worker,867,0.5944828112149356,1.0,8,-1.2237281610065807,0.6776886289775105,False,False,872,288
periodic_worker,868,0.0811675798135275,0.0,8,-1.2237281610065807,0.6776886289775105,False,False,872,288
periodic_worker,869,0.7287411378527084,1.0,8,-1.2237281610065807,0.6776886289775105,False,False,872,288
periodic_worker,870,0.19315928206552482,0.0,8,-1.2237281610065807,0.6776886289775105,False,False,872,288
periodic_worker,871,0.45622728132193374,0.0,8,-1.2237281610065807,0.6776886289775105,False,False,872,288
periodic_worker,872,0.07941563844582801,0.0,9,-1.9777947290754452,1.0785516330729386,False,True,,288
periodic_worker,873,0.26480278240723043,0.0,9,-1.9777947290754452,1.0785516330729386,False,False,,288
periodic_worker,874,0.3924039641391701,0.0,9,-1.9777947290754452,1.0785516330729386,False,False,,288
periodic_worker,875,0.3491960483489999,0.0,9,-1.9777947290754452,1.0785516330729386,False,False,,288
periodic_worker,876,0.9326674996090693,1.0,9,-1.9777947290754452,1.0785516330729386,False,False,,288
periodic_worker,877,0.97738348366227,1.0,9,-1.9777947290754452,1.0785516330729386,False,False,,288
periodic_worker,878,0.8780592414824746,1.0,9,-1.9777947290754452,1.0785516330729386,False,False,,288
periodic_worker,879,0.3696477652804507,0.0,9,-1.9777947290754452,1.0785516330729386,False,False,,288
periodic_worker,880,0.9366808766019482,1.0,9,-1.9777947290754452,1.0785516330729386,False,False,,288
periodic_worker,881,0.9629195206200227,1.0,9,-1.9777947290754452,1.0785516330729386,False,False,,288
periodic_worker,882,0.8398113038647742,1.0,9,-1.9777947290754452,1.0785516330729386,False,False,,288
periodic_worker,883,0.9625310857410738,1.0,9,-1.9777947290754452,1.0785516330729386,False,False,,288
periodic_worker,884,0.7254558036988072,1.0,9,-1.9777947290754452,1.0785516330729386,False,False,,288
periodic_worker,885,0.3417431599499483,0.0,9,-1.9777947290754452,1.0785516330729386,False,False,,288
periodic_worker,886,0.5711540354607535,1.0,9,-1.9777947290754452,1.0785516330729386,False,False,,288
periodic_worker,887,0.728698110273903,1.0,9,-1.9777947290754452,1.0785516330729386,False,False,,288
periodic_worker,888,0.8552119883056888,1.0,9,-1.9777947290754452,1.0785516330729386,False,False,,288
periodic_worker,889,0.15755282848154997,0.0,9,-1.9777947290754452,1.0785516330729386,False,False,,288
periodic_worker,890,0.07909464480216787,0.0,9,-1.9777947290754452,1.0785516330729386,False,False,,288
periodic_worker,891,0.3758955313099606,0.0,9,-1.9777947290754452,1.0785516330729386,False,False,,288
periodic_worker,892,0.12861854961458083,0.0,9,-1.9777947290754452,1.0785516330729386,False,False,,288
periodic_worker,893,0.2041066265764676,0.0,9,-1.9777947290754452,1.0785516330729386,False,False,,288
periodic_worker,894,0.3364633029932635,0.0,9,-1.9777947290754452,1.0785516330729386,False,False,,288
periodic_worker,895,0.8989893585495039,1.0,9,-1.9777947290754452,1.0785516330729386,False,False,,288
periodic_worker,896,0.9877948469374143,1.0,9,-1.9777947290754452,1.0785516330729386,False,False,,288
periodic_worker,897,0.6363669174053194,1.0,9,-1.9777947290754452,1.0785516330729386,False,False,,288
periodic_worker,898,0.009289820159445293,0.0,9,-1.9777947290754452,1.0785516330729386,False,False,,288
periodic_worker,899,0.5259817312630068,1.0,9,-1.9777947290754452,1.0785516330729386,False,False,,288
periodic_worker,900,0.6788360237812124,1.0,9,-1.9777947290754452,1.0785516330729386,False,False,,288
periodic_worker,901,0.9187644587813303,1.0,9,-1.9777947290754452,1.0785516330729386,False,False,,288
periodic_worker,902,0.948102040602396,1.0,9,-1.9777947290754452,1.0785516330729386,False,False,,288
periodic_worker,903,0.9834173307837214,1.0,9,-1.9777947290754452,1.0785516330729386,False,False,,288
periodic_worker,904,0.026179382605555693,0.0,9,-1.9777947290754452,1.0785516330729386,False,False,,288
periodic_worker,905,0.29590471377746563,0.0,9,-1.9777947290754452,1.0785516330729386,False,False,,288
periodic_worker,906,0.9038155858780591,1.0,9,-1.9777947290754452,1.0785516330729386,False,False,,288
periodic_worker,907,0.771134357784853,1.0,9,-1.9777947290754452,1.0785516330729386,False,False,,288
periodic_worker,908,0.32941309953831754,0.0,9,-1.9777947290754452,1.0785516330729386,False,False,,288
periodic_worker,909,0.5450562940220112,1.0,9,-1.9777947290754452,1.0785516330729386,False,False,,288
periodic_worker,910,0.35844275564912503,0.0,9,-1.9777947290754452,1.0785516330729386,False,False,,288
periodic_worker,911,0.699884943883882,1.0,9,-1.9777947290754452,1.0785516330729386,False,False,,288
periodic_worker,912,0.5050906334682222,1.0,9,-1.9777947290754452,1.0785516330729386,False,False,,288
periodic_worker,913,0.09331305684145332,0.0,9,-1.9777947290754452,1.0785516330729386,False,False,,288
periodic_worker,914,0.006257319903649399,0.0,9,-1.9777947290754452,1.0785516330729386,False,False,,288
periodic_worker,915,0.9478704227814003,1.0,9,-1.9777947290754452,1.0785516330729386,False,False,,288
periodic_worker,916,0.032105869321027325,0.0,9,-1.9777947290754452,1.0785516330729386,False,False,,288
periodic_worker,917,0.8679310092604251,1.0,9,-1.9777947290754452,1.0785516330729386,False,False,,288
periodic_worker,918,0.24893204583198922,0.0,9,-1.9777947290754452,1.0785516330729386,False,False,,288
periodic_worker,919,0.665156021769763,1.0,9,-1.9777947290754452,1.0785516330729386,False,False,,288
periodic_worker,920,0.3203563838515939,0.0,9,-1.9777947290754452,1.0785516330729386,False,False,,288
periodic_worker,921,0.04908113802172109,0.0,9,-1.9777947290754452,1.0785516330729386,False,False,,288
periodic_worker,922,0.1717674759056948,0.0,9,-1.9777947290754452,1.0785516330729386,False,False,,288
periodic_worker,923,0.8774705975213998,1.0,9,-1.9777947290754452,1.0785516330729386,False,False,,288
periodic_worker,924,0.19226555566972062,0.0,9,-1.9777947290754452,1.0785516330729386,False,False,,288
periodic_worker,925,0.07703579397215132,0.0,9,-1.9777947290754452,1.0785516330729386,False,False,,288
periodic_worker,926,0.7637601723802138,1.0,9,-1.9777947290754452,1.0785516330729386,False,False,,288
periodic_worker,927,0.5363943606301347,1.0,9,-1.9777947290754452,1.0785516330729386,False,False,,288
periodic_worker,928,0.8466612782805132,1.0,9,-1.9777947290754452,1.0785516330729386,False,False,,288
periodic_worker,929,0.09923917339394338,0.0,9,-1.9777947290754452,1.0785516330729386,False,False,,288
periodic_worker,930,0.7626667565861951,1.0,9,-1.9777947290754452,1.0785516330729386,False,False,,288
periodic_worker,931,0.6442697577333776,1.0,9,-1.9777947290754452,1.0785516330729386,False,False,,288
periodic_worker,932,0.99490828456494,1.0,9,-1.9777947290754452,1.0785516330729386,False,False,,288
periodic_worker,933,0.0673833223260512,0.0,9,-1.9777947290754452,1.0785516330729386,False,False,,288
periodic_worker,934,0.40473486255819857,0.0,9,-1.9777947290754452,1.0785516330729386,False,False,,288
periodic_worker,935,0.012686565375951326,0.0,9,-1.9777947290754452,1.0785516330729386,False,False,,288
periodic_worker,936,0.0825417514481745,0.0,9,-1.9777947290754452,1.0785516330729386,False,False,,288
periodic_worker,937,0.2484463357615081,0.0,9,-1.9777947290754452,1.0785516330729386,False,False,,288
periodic_worker,938,0.9659536138002903,1.0,9,-1.9777947290754452,1.0785516330729386,False,False,,288
periodic_worker,939,0.37337588025812685,0.0,9,-1.9777947290754452,1.0785516330729386,False,False,,288
periodic_worker,940,0.1195618068374696,0.0,9,-1.9777947290754452,1.0785516330729386,False,False,,288
periodic_worker,941,0.3169964080680373,0.0,9,-1.9777947290754452,1.0785516330729386,False,False,,288
periodic_worker,942,0.9249204662561401,1.0,9,-1.9777947290754452,1.0785516330729386,False,False,,288
periodic_worker,943,0.6810099776882758,1.0,9,-1.9777947290754452,1.0785516330729386,False,False,,288
periodic_worker,944,0.04142823976062891,0.0,9,-1.9777947290754452,1.0785516330729386,False,False,,288
periodic_worker,945,0.7462112708195029,1.0,9,-1.9777947290754452,1.0785516330729386,False,False,,288
periodic_worker,946,0.11317439039485032,0.0,9,-1.9777947290754452,1.0785516330729386,False,False,,288
periodic_worker,947,0.9882106851858866,1.0,9,-1.9777947290754452,1.0785516330729386,False,False,,288
periodic_worker,948,0.6320697728773407,1.0,9,-1.9777947290754452,1.0785516330729386,False,False,,288
periodic_worker,949,0.2943854123067705,0.0,9,-1.9777947290754452,1.0785516330729386,False,False,,288
periodic_worker,950,0.11658227630197793,0.0,9,-1.9777947290754452,1.0785516330729386,False,False,,288
periodic_worker,951,0.13601344452172923,0.0,9,-1.9777947290754452,1.0785516330729386,False,False,,288
periodic_worker,952,0.8021727220482681,1.0,9,-1.9777947290754452,1.0785516330729386,False,False,,288
periodic_worker,953,0.7165177180615557,1.0,9,-1.9777947290754452,1.0785516330729386,False,False,,288
periodic_worker,954,0.054096570171804186,0.0,9,-1.9777947290754452,1.0785516330729386,False,False,,288
periodic_worker,955,0.22301758470277186,0.0,9,-1.9777947290754452,1.0785516330729386,False,False,,288
periodic_worker,956,0.6859289934394361,1.0,9,-1.9777947290754452,1.0785516330729386,False,False,,288
periodic_worker,957,0.07330499597632345,0.0,9,-1.9777947290754452,1.0785516330729386,False,False,,288
periodic_worker,958,0.656965650763323,1.0,9,-1.9777947290754452,1.0785516330729386,False,False,,288
periodic_worker,959,0.3513845362313495,0.0,9,-1.9777947290754452,1.0785516330729386,False,False,,288
periodic_worker,960,0.019541095681390466,0.0,9,-1.9777947290754452,1.0785516330729386,True,False,968,320
periodic_worker,961,0.4621643788580637,0.0,9,-1.9777947290754452,1.0785516330729386,False,False,968,320
periodic_worker,962,0.9965416988517853,1.0,9,-1.9777947290754452,1.0785516330729386,False,False,968,320
periodic_worker,963,0.16002845804122326,0.0,9,-1.9777947290754452,1.0785516330729386,False,False,968,320
periodic_worker,964,0.24391029340228657,0.0,9,-1.9777947290754452,1.0785516330729386,False,False,968,320
periodic_worker,965,0.5475548721538991,1.0,9,-1.9777947290754452,1.0785516330729386,False,False,968,320
periodic_worker,966,0.9837979033360306,1.0,9,-1.9777947290754452,1.0785516330729386,False,False,968,320
periodic_worker,967,0.19643604055535288,0.0,9,-1.9777947290754452,1.0785516330729386,False,False,968,320
periodic_worker,968,0.2174090850344366,0.0,10,-2.5776788239464845,1.2090877066213157,False,True,,320
periodic_worker,969,0.11304536135653183,0.0,10,-2.5776788239464845,1.2090877066213157,False,False,,320
periodic_worker,970,0.045586502816601836,0.0,10,-2.5776788239464845,1.2090877066213157,False,False,,320
periodic_worker,971,0.9208887518119944,1.0,10,-2.5776788239464845,1.2090877066213157,False,False,,320
periodic_worker,972,0.6647702621286378,1.0,10,-2.5776788239464845,1.2090877066213157,False,False,,320
periodic_worker,973,0.045752474060876076,0.0,10,-2.5776788239464845,1.2090877066213157,False,False,,320
periodic_worker,974,0.41924167443960664,0.0,10,-2.5776788239464845,1.2090877066213157,False,False,,320
periodic_worker,975,0.6040911286054331,1.0,10,-2.5776788239464845,1.2090877066213157,False,False,,320
periodic_worker,976,0.17858822230200364,0.0,10,-2.5776788239464845,1.2090877066213157,False,False,,320
periodic_worker,977,0.08999737692886604,0.0,10,-2.5776788239464845,1.2090877066213157,False,False,,320
periodic_worker,978,0.5535936023461654,1.0,10,-2.5776788239464845,1.2090877066213157,False,False,,320
periodic_worker,979,0.935714348088943,1.0,10,-2.5776788239464845,1.2090877066213157,False,False,,320
periodic_worker,980,0.9942314520195308,1.0,10,-2.5776788239464845,1.2090877066213157,False,False,,320
periodic_worker,981,0.47919757835620364,0.0,10,-2.5776788239464845,1.2090877066213157,False,False,,320
periodic_worker,982,0.21858848510107196,0.0,10,-2.5776788239464845,1.2090877066213157,False,False,,320
periodic_worker,983,0.0675359117713682,0.0,10,-2.5776788239464845,1.2090877066213157,False,False,,320
periodic_worker,984,0.0017137815271669591,0.0,10,-2.5776788239464845,1.2090877066213157,False,False,,320
periodic_worker,985,0.15737105637050627,0.0,10,-2.5776788239464845,1.2090877066213157,False,False,,320
periodic_worker,986,0.1168304057909115,0.0,10,-2.5776788239464845,1.2090877066213157,False,False,,320
periodic_worker,987,0.9899010669302634,1.0,10,-2.5776788239464845,1.2090877066213157,False,False,,320
periodic_worker,988,0.933994178798553,1.0,10,-2.5776788239464845,1.2090877066213157,False,False,,320
periodic_worker,989,0.8025304683735475,1.0,10,-2.5776788239464845,1.2090877066213157,False,False,,320
periodic_worker,990,0.9140709146600012,1.0,10,-2.5776788239464845,1.2090877066213157,False,False,,320
periodic_worker,991,0.5312453706769761,1.0,10,-2.5776788239464845,1.2090877066213157,False,False,,320
periodic_worker,992,0.7806957773725183,1.0,10,-2.5776788239464845,1.2090877066213157,False,False,,320
periodic_worker,993,0.8150505394309225,1.0,10,-2.5776788239464845,1.2090877066213157,False,False,,320
periodic_worker,994,0.5130237571748215,0.0,10,-2.5776788239464845,1.2090877066213157,False,False,,320
periodic_worker,995,0.8509570052264837,1.0,10,-2.5776788239464845,1.2090877066213157,False,False,,320
periodic_worker,996,0.07700078561950566,0.0,10,-2.5776788239464845,1.2090877066213157,False,False,,320
periodic_worker,997,0.10466509222084994,0.0,10,-2.5776788239464845,1.2090877066213157,False,False,,320
periodic_worker,998,0.9993678066071637,1.0,10,-2.5776788239464845,1.2090877066213157,False,False,,320
periodic_worker,999,0.8810283374338077,1.0,10,-2.5776788239464845,1.2090877066213157,False,False,,320
periodic_worker,1000,0.3575269432841384,0.0,10,-2.5776788239464845,1.2090877066213157,False,False,,320
periodic_worker,1001,0.37299588386908067,0.0,10,-2.5776788239464845,1.2090877066213157,False,False,,320
periodic_worker,1002,0.365181208879517,0.0,10,-2.5776788239464845,1.2090877066213157,False,False,,320
periodic_worker,1003,0.3416603643792079,0.0,10,-2.5776788239464845,1.2090877066213157,False,False,,320
periodic_worker,1004,0.9809293097499507,1.0,10,-2.5776788239464845,1.2090877066213157,False,False,,320
periodic_worker,1005,0.28026084546291175,0.0,10,-2.5776788239464845,1.2090877066213157,False,False,,320
periodic_worker,1006,0.5331371220986275,1.0,10,-2.5776788239464845,1.2090877066213157,False,False,,320
periodic_worker,1007,0.9365506261580102,1.0,10,-2.5776788239464845,1.2090877066213157,False,False,,320
periodic_worker,1008,0.987705701603862,1.0,10,-2.5776788239464845,1.2090877066213157,False,False,,320
periodic_worker,1009,0.5188465356890816,1.0,10,-2.5776788239464845,1.2090877066213157,False,False,,320
periodic_worker,1010,0.9686332468006768,1.0,10,-2.5776788239464845,1.2090877066213157,False,False,,320
periodic_worker,1011,0.8915630978288359,1.0,10,-2.5776788239464845,1.2090877066213157,False,False,,320
periodic_worker,1012,0.16150373120072878,0.0,10,-2.5776788239464845,1.2090877066213157,False,False,,320
periodic_worker,1013,0.7821067428255776,1.0,10,-2.5776788239464845,1.2090877066213157,False,False,,320
periodic_worker,1014,0.007693826600221173,0.0,10,-2.5776788239464845,1.2090877066213157,False,False,,320
periodic_worker,1015,0.7928320665224687,1.0,10,-2.5776788239464845,1.2090877066213157,False,False,,320
periodic_worker,1016,0.538411929461319,1.0,10,-2.5776788239464845,1.2090877066213157,False,False,,320
periodic_worker,1017,0.9375201316462888,1.0,10,-2.5776788239464845,1.2090877066213157,False,False,,320
periodic_worker,1018,0.03178670841504967,0.0,10,-2.5776788239464845,1.2090877066213157,False,False,,320
periodic_worker,1019,0.5049186319602854,0.0,10,-2.5776788239464845,1.2090877066213157,False,False,,320
periodic_worker,1020,0.13062964365593302,0.0,10,-2.5776788239464845,1.2090877066213157,False,False,,320
periodic_worker,1021,0.7110913084632547,1.0,10,-2.5776788239464845,1.2090877066213157,False,False,,320
periodic_worker,1022,0.8942374940135024,1.0,10,-2.5776788239464845,1.2090877066213157,False,False,,320
periodic_worker,1023,0.5732627378142653,1.0,10,-2.5776788239464845,1.2090877066213157,False,False,,320
periodic_worker,1024,0.22817725329068972,0.0,10,-2.5776788239464845,1.2090877066213157,False,False,,320
periodic_worker,1025,0.03365542999702863,0.0,10,-2.5776788239464845,1.2090877066213157,False,False,,320
periodic_worker,1026,0.22207465314302513,0.0,10,-2.5776788239464845,1.2090877066213157,False,False,,320
periodic_worker,1027,0.9701459235539844,1.0,10,-2.5776788239464845,1.2090877066213157,False,False,,320
periodic_worker,1028,0.9926408295779493,1.0,10,-2.5776788239464845,1.2090877066213157,False,False,,320
periodic_worker,1029,0.02829161497248756,0.0,10,-2.5776788239464845,1.2090877066213157,False,False,,320
periodic_worker,1030,0.0015227014751422949,0.0,10,-2.5776788239464845,1.2090877066213157,False,False,,320
periodic_worker,1031,0.15207594129962532,0.0,10,-2.5776788239464845,1.2090877066213157,False,False,,320
periodic_worker,1032,0.9280022781919196,1.0,10,-2.5776788239464845,1.2090877066213157,False,False,,320
periodic_worker,1033,0.011429245390554385,0.0,10,-2.5776788239464845,1.2090877066213157,False,False,,320
periodic_worker,1034,0.10569631623285626,0.0,10,-2.5776788239464845,1.2090877066213157,False,False,,320
periodic_worker,1035,0.35689342387156975,0.0,10,-2.5776788239464845,1.2090877066213157,False,False,,320
periodic_worker,1036,0.8976341594459724,1.0,10,-2.5776788239464845,1.2090877066213157,False,False,,320
periodic_worker,1037,0.3597153308279377,0.0,10,-2.5776788239464845,1.2090877066213157,False,False,,320
periodic_worker,1038,0.035818961883899436,0.0,10,-2.5776788239464845,1.2090877066213157,False,False,,320
periodic_worker,1039,0.015421482524091706,0.0,10,-2.5776788239464845,1.2090877066213157,False,False,,320
periodic_worker,1040,0.968418943357209,1.0,10,-2.5776788239464845,1.2090877066213157,False,False,,320
periodic_worker,1041,0.6333572984491443,1.0,10,-2.5776788239464845,1.2090877066213157,False,False,,320
periodic_worker,1042,0.712990097985231,1.0,10,-2.5776788239464845,1.2090877066213157,False,False,,320
periodic_worker,1043,0.9257953910839948,1.0,10,-2.5776788239464845,1.2090877066213157,False,False,,320
periodic_worker,1044,0.9089201288140373,1.0,10,-2.5776788239464845,1.2090877066213157,False,False,,320
periodic_worker,1045,0.6583706350246488,1.0,10,-2.5776788239464845,1.2090877066213157,False,False,,320
periodic_worker,1046,0.6905586193076656,1.0,10,-2.5776788239464845,1.2090877066213157,False,False,,320
periodic_worker,1047,0.9560032411772645,1.0,10,-2.5776788239464845,1.2090877066213157,False,False,,320
periodic_worker,1048,0.09905378779516655,0.0,10,-2.5776788239464845,1.2090877066213157,False,False,,320
periodic_worker,1049,0.19365845517789848,0.0,10,-2.5776788239464845,1.2090877066213157,False,False,,320
periodic_worker,1050,0.3781994007073988,0.0,10,-2.5776788239464845,1.2090877066213157,False,False,,320
periodic_worker,1051,0.19380259100136174,0.0,10,-2.5776788239464845,1.2090877066213157,False,False,,320
periodic_worker,1052,0.3348018430082172,0.0,10,-2.5776788239464845,1.2090877066213157,False,False,,320
periodic_worker,1053,0.22733955614186102,0.0,10,-2.5776788239464845,1.2090877066213157,False,False,,320
periodic_worker,1054,0.40255009143404064,0.0,10,-2.5776788239464845,1.2090877066213157,False,False,,320
periodic_worker,1055,0.07600293462303913,0.0,10,-2.5776788239464845,1.2090877066213157,False,False,,320
periodic_worker,1056,0.466633166418608,0.0,10,-2.5776788239464845,1.2090877066213157,True,False,1064,352
periodic_worker,1057,0.8293009140559169,1.0,10,-2.5776788239464845,1.2090877066213157,False,False,1064,352
periodic_worker,1058,0.09721090337607807,0.0,10,-2.5776788239464845,1.2090877066213157,False,False,1064,352
periodic_worker,1059,0.31930376664464843,0.0,10,-2.5776788239464845,1.2090877066213157,False,False,1064,352
periodic_worker,1060,0.6767998455040349,1.0,10,-2.5776788239464845,1.2090877066213157,False,False,1064,352
periodic_worker,1061,0.9783994933335659,1.0,10,-2.5776788239464845,1.2090877066213157,False,False,1064,352
periodic_worker,1062,0.944213041864182,1.0,10,-2.5776788239464845,1.2090877066213157,False,False,1064,352
periodic_worker,1063,0.07176707754988018,0.0,10,-2.5776788239464845,1.2090877066213157,False,False,1064,352
periodic_worker,1064,0.30788633838028356,0.0,11,-2.8807403813378034,1.582334514863146,False,True,,352
periodic_worker,1065,0.3971467796388075,0.0,11,-2.8807403813378034,1.582334514863146,False,False,,352
periodic_worker,1066,0.38196927238441586,0.0,11,-2.8807403813378034,1.582334514863146,False,False,,352
periodic_worker,1067,0.11979210318555787,0.0,11,-2.8807403813378034,1.582334514863146,False,False,,352
periodic_worker,1068,0.9370896319909918,1.0,11,-2.8807403813378034,1.582334514863146,False,False,,352
periodic_worker,1069,0.9594801240008821,1.0,11,-2.8807403813378034,1.582334514863146,False,False,,352
periodic_worker,1070,0.9753720691307455,1.0,11,-2.8807403813378034,1.582334514863146,False,False,,352
periodic_worker,1071,0.8941303568389086,1.0,11,-2.8807403813378034,1.582334514863146,False,False,,352
periodic_worker,1072,0.009137733786727244,0.0,11,-2.8807403813378034,1.582334514863146,False,False,,352
periodic_worker,1073,0.7433428878133732,1.0,11,-2.8807403813378034,1.582334514863146,False,False,,352
periodic_worker,1074,0.9923870486488559,1.0,11,-2.8807403813378034,1.582334514863146,False,False,,352
periodic_worker,1075,0.13597180604798115,0.0,11,-2.8807403813378034,1.582334514863146,False,False,,352
periodic_worker,1076,1.4514323242493522e-05,0.0,11,-2.8807403813378034,1.582334514863146,False,False,,352
periodic_worker,1077,0.9950435449071291,1.0,11,-2.8807403813378034,1.582334514863146,False,False,,352
periodic_worker,1078,0.6656754384075643,1.0,11,-2.8807403813378034,1.582334514863146,False,False,,352
periodic_worker,1079,0.855918662308365,1.0,11,-2.8807403813378034,1.582334514863146,False,False,,352
periodic_worker,1080,0.3243411142051199,0.0,11,-2.8807403813378034,1.582334514863146,False,False,,352
periodic_worker,1081,0.981202897994914,1.0,11,-2.8807403813378034,1.582334514863146,False,False,,352
periodic_worker,1082,0.011069228264814055,0.0,11,-2.8807403813378034,1.582334514863146,False,False,,352
periodic_worker,1083,0.999388361593687,1.0,11,-2.8807403813378034,1.582334514863146,False,False,,352
periodic_worker,1084,0.3678098933129837,0.0,11,-2.8807403813378034,1.582334514863146,False,False,,352
periodic_worker,1085,0.006021058955130001,0.0,11,-2.8807403813378034,1.582334514863146,False,False,,352
periodic_worker,1086,0.16833322466671657,0.0,11,-2.8807403813378034,1.582334514863146,False,False,,352
periodic_worker,1087,0.07853951529611944,0.0,11,-2.8807403813378034,1.582334514863146,False,False,,352
periodic_worker,1088,0.8133942976543728,1.0,11,-2.8807403813378034,1.582334514863146,False,False,,352
periodic_worker,1089,0.7149855810018992,1.0,11,-2.8807403813378034,1.582334514863146,False,False,,352
periodic_worker,1090,0.10830009217124414,0.0,11,-2.8807403813378034,1.582334514863146,False,False,,352
periodic_worker,1091,0.10865552565808623,0.0,11,-2.8807403813378034,1.582334514863146,False,False,,352
periodic_worker,1092,0.9144376621103972,1.0,11,-2.8807403813378034,1.582334514863146,False,False,,352
periodic_worker,1093,0.009612363067634522,0.0,11,-2.8807403813378034,1.582334514863146,False,False,,352
periodic_worker,1094,0.2597282062753062,0.0,11,-2.8807403813378034,1.582334514863146,False,False,,352
periodic_worker,1095,0.00032229006117403554,0.0,11,-2.8807403813378034,1.582334514863146,False,False,,352
periodic_worker,1096,0.7332426574289279,1.0,11,-2.8807403813378034,1.582334514863146,False,False,,352
periodic_worker,1097,0.9733993055545875,1.0,11,-2.8807403813378034,1.582334514863146,False,False,,352
periodic_worker,1098,0.1655426699299899,0.0,11,-2.8807403813378034,1.582334514863146,False,False,,352
periodic_worker,1099,0.549117220624717,0.0,11,-2.8807403813378034,1.582334514863146,False,False,,352
periodic_worker,1100,0.2431501625381339,0.0,11,-2.8807403813378034,1.582334514863146,False,False,,352
periodic_worker,1101,0.5767762867498895,1.0,11,-2.8807403813378034,1.582334514863146,False,False,,352
periodic_worker,1102,0.6214634080013021,1.0,11,-2.8807403813378034,1.582334514863146,False,False,,352
periodic_worker,1103,0.20339213940694717,0.0,11,-2.8807403813378034,1.582334514863146,False,False,,352
periodic_worker,1104,0.6364293216364793,1.0,11,-2.8807403813378034,1.582334514863146,False,False,,352
periodic_worker,1105,0.8798595539544162,1.0,11,-2.8807403813378034,1.582334514863146,False,False,,352
periodic_worker,1106,0.7601238901144467,1.0,11,-2.8807403813378034,1.582334514863146,False,False,,352
periodic_worker,1107,0.017916596916830115,0.0,11,-2.8807403813378034,1.582334514863146,False,False,,352
periodic_worker,1108,0.3131299934686113,0.0,11,-2.8807403813378034,1.582334514863146,False,False,,352
periodic_worker,1109,0.9482818354546892,1.0,11,-2.8807403813378034,1.582334514863146,False,False,,352
periodic_worker,1110,0.003574177118289204,0.0,11,-2.8807403813378034,1.582334514863146,False,False,,352
periodic_worker,1111,0.22379656254192146,0.0,11,-2.8807403813378034,1.582334514863146,False,False,,352
periodic_worker,1112,0.02165999720283464,0.0,11,-2.8807403813378034,1.582334514863146,False,False,,352
periodic_worker,1113,0.6145910063576692,1.0,11,-2.8807403813378034,1.582334514863146,False,False,,352
periodic_worker,1114,0.0628787090762527,0.0,11,-2.8807403813378034,1.582334514863146,False,False,,352
periodic_worker,1115,0.9980805938500387,1.0,11,-2.8807403813378034,1.582334514863146,False,False,,352
periodic_worker,1116,0.5493433474582874,1.0,11,-2.8807403813378034,1.582334514863146,False,False,,352
periodic_worker,1117,0.40397728523237597,0.0,11,-2.8807403813378034,1.582334514863146,False,False,,352
periodic_worker,1118,0.2707619473840757,0.0,11,-2.8807403813378034,1.582334514863146,False,False,,352
periodic_worker,1119,0.009148472421731182,0.0,11,-2.8807403813378034,1.582334514863146,False,False,,352
periodic_worker,1120,0.829454086075086,1.0,11,-2.8807403813378034,1.582334514863146,False,False,,352
periodic_worker,1121,0.06106210656353544,0.0,11,-2.8807403813378034,1.582334514863146,False,False,,352
periodic_worker,1122,0.3744938897109522,0.0,11,-2.8807403813378034,1.582334514863146,False,False,,352
periodic_worker,1123,0.043788537785224964,0.0,11,-2.8807403813378034,1.582334514863146,False,False,,352
periodic_worker,1124,0.049730033510621725,0.0,11,-2.8807403813378034,1.582334514863146,False,False,,352
periodic_worker,1125,0.1502301228582332,0.0,11,-2.8807403813378034,1.582334514863146,False,False,,352
periodic_worker,1126,0.3477504840207144,0.0,11,-2.8807403813378034,1.582334514863146,False,False,,352
periodic_worker,1127,0.6561918777690311,1.0,11,-2.8807403813378034,1.582334514863146,False,False,,352
periodic_worker,1128,0.7726336423468234,1.0,11,-2.8807403813378034,1.582334514863146,False,False,,352
periodic_worker,1129,0.5989735278494448,1.0,11,-2.8807403813378034,1.582334514863146,False,False,,352
periodic_worker,1130,0.30644433637664725,0.0,11,-2.8807403813378034,1.582334514863146,False,False,,352
periodic_worker,1131,0.5176496547484124,1.0,11,-2.8807403813378034,1.582334514863146,False,False,,352
periodic_worker,1132,0.2983562051870755,0.0,11,-2.8807403813378034,1.582334514863146,False,False,,352
periodic_worker,1133,0.9652143592509348,1.0,11,-2.8807403813378034,1.582334514863146,False,False,,352
periodic_worker,1134,0.7467126233306218,1.0,11,-2.8807403813378034,1.582334514863146,False,False,,352
periodic_worker,1135,0.0258919161491733,0.0,11,-2.8807403813378034,1.582334514863146,False,False,,352
periodic_worker,1136,0.9846458374939313,1.0,11,-2.8807403813378034,1.582334514863146,False,False,,352
periodic_worker,1137,0.8758851588414671,1.0,11,-2.8807403813378034,1.582334514863146,False,False,,352
periodic_worker,1138,0.18484942874828217,0.0,11,-2.8807403813378034,1.582334514863146,False,False,,352
periodic_worker,1139,0.5783206594901344,1.0,11,-2.8807403813378034,1.582334514863146,False,False,,352
periodic_worker,1140,0.2712390561519591,0.0,11,-2.8807403813378034,1.582334514863146,False,False,,352
periodic_worker,1141,0.7810672620903403,1.0,11,-2.8807403813378034,1.582334514863146,False,False,,352
periodic_worker,1142,0.39684073022586036,0.0,11,-2.8807403813378034,1.582334514863146,False,False,,352
periodic_worker,1143,0.0017087368722909183,0.0,11,-2.8807403813378034,1.582334514863146,False,False,,352
periodic_worker,1144,0.6125443673298697,1.0,11,-2.8807403813378034,1.582334514863146,False,False,,352
periodic_worker,1145,0.13691094848956775,0.0,11,-2.8807403813378034,1.582334514863146,False,False,,352
periodic_worker,1146,0.2806970425720254,0.0,11,-2.8807403813378034,1.582334514863146,False,False,,352
periodic_worker,1147,0.00033769039382272717,0.0,11,-2.8807403813378034,1.582334514863146,False,False,,352
periodic_worker,1148,0.01736261736122327,0.0,11,-2.8807403813378034,1.582334514863146,False,False,,352
periodic_worker,1149,0.15772573416969554,0.0,11,-2.8807403813378034,1.582334514863146,False,False,,352
periodic_worker,1150,0.9061976065133406,1.0,11,-2.8807403813378034,1.582334514863146,False,False,,352
periodic_worker,1151,0.2786052056770859,0.0,11,-2.8807403813378034,1.582334514863146,False,False,,352
periodic_worker,1152,0.5132786452725763,1.0,11,-2.8807403813378034,1.582334514863146,True,False,1160,384
periodic_worker,1153,0.16195078830903145,0.0,11,-2.8807403813378034,1.582334514863146,False,False,1160,384
periodic_worker,1154,0.02171054197382255,0.0,11,-2.8807403813378034,1.582334514863146,False,False,1160,384
periodic_worker,1155,0.8849234007604285,1.0,11,-2.8807403813378034,1.582334514863146,False,False,1160,384
periodic_worker,1156,0.0072263481589729655,0.0,11,-2.8807403813378034,1.582334514863146,False,False,1160,384
periodic_worker,1157,0.3335141429980798,0.0,11,-2.8807403813378034,1.582334514863146,False,False,1160,384
periodic_worker,1158,0.018549055167546062,0.0,11,-2.8807403813378034,1.582334514863146,False,False,1160,384
periodic_worker,1159,0.014063204339931185,0.0,11,-2.8807403813378034,1.582334514863146,False,False,1160,384
periodic_worker,1160,0.6875562404748529,1.0,12,-3.190124519836964,1.8216711918325994,False,True,,384
periodic_worker,1161,0.043833485751689896,0.0,12,-3.190124519836964,1.8216711918325994,False,False,,384
periodic_worker,1162,0.9320228505483751,1.0,12,-3.190124519836964,1.8216711918325994,False,False,,384
periodic_worker,1163,0.5457498723818378,1.0,12,-3.190124519836964,1.8216711918325994,False,False,,384
periodic_worker,1164,0.005899643782926174,0.0,12,-3.190124519836964,1.8216711918325994,False,False,,384
periodic_worker,1165,0.34009130075821126,0.0,12,-3.190124519836964,1.8216711918325994,False,False,,384
periodic_worker,1166,0.9565300173484533,1.0,12,-3.190124519836964,1.8216711918325994,False,False,,384
periodic_worker,1167,0.08335122284798882,0.0,12,-3.190124519836964,1.8216711918325994,False,False,,384
periodic_worker,1168,0.8116386347563666,1.0,12,-3.190124519836964,1.8216711918325994,False,False,,384
periodic_worker,1169,0.9871076173723241,1.0,12,-3.190124519836964,1.8216711918325994,False,False,,384
periodic_worker,1170,0.9337046747476013,1.0,12,-3.190124519836964,1.8216711918325994,False,False,,384
periodic_worker,1171,0.013968692896737108,0.0,12,-3.190124519836964,1.8216711918325994,False,False,,384
periodic_worker,1172,0.015607028261903006,0.0,12,-3.190124519836964,1.8216711918325994,False,False,,384
periodic_worker,1173,0.025612769266761256,0.0,12,-3.190124519836964,1.8216711918325994,False,False,,384
periodic_worker,1174,0.0054961851283130796,0.0,12,-3.190124519836964,1.8216711918325994,False,False,,384
periodic_worker,1175,0.2053415011154981,0.0,12,-3.190124519836964,1.8216711918325994,False,False,,384
periodic_worker,1176,0.06359818596735164,0.0,12,-3.190124519836964,1.8216711918325994,False,False,,384
periodic_worker,1177,0.6120414599191029,1.0,12,-3.190124519836964,1.8216711918325994,False,False,,384
periodic_worker,1178,0.9423526366284601,1.0,12,-3.190124519836964,1.8216711918325994,False,False,,384
periodic_worker,1179,0.04547128396739254,0.0,12,-3.190124519836964,1.8216711918325994,False,False,,384
periodic_worker,1180,0.28564508049313775,0.0,12,-3.190124519836964,1.8216711918325994,False,False,,384
periodic_worker,1181,0.002102080542659404,0.0,12,-3.190124519836964,1.8216711918325994,False,False,,384
periodic_worker,1182,0.9425898531843533,1.0,12,-3.190124519836964,1.8216711918325994,False,False,,384
periodic_worker,1183,0.7722665517369056,1.0,12,-3.190124519836964,1.8216711918325994,False,False,,384
periodic_worker,1184,0.05532158842254688,0.0,12,-3.190124519836964,1.8216711918325994,False,False,,384
periodic_worker,1185,0.9100002137995364,1.0,12,-3.190124519836964,1.8216711918325994,False,False,,384
periodic_worker,1186,0.9920693348263437,1.0,12,-3.190124519836964,1.8216711918325994,False,False,,384
periodic_worker,1187,0.9098293694742824,1.0,12,-3.190124519836964,1.8216711918325994,False,False,,384
periodic_worker,1188,0.9828035930757398,1.0,12,-3.190124519836964,1.8216711918325994,False,False,,384
periodic_worker,1189,0.9993894309873844,1.0,12,-3.190124519836964,1.8216711918325994,False,False,,384
periodic_worker,1190,0.9942062515757354,1.0,12,-3.190124519836964,1.8216711918325994,False,False,,384
periodic_worker,1191,0.01366810195535361,0.0,12,-3.190124519836964,1.8216711918325994,False,False,,384
periodic_worker,1192,0.020029455754193747,0.0,12,-3.190124519836964,1.8216711918325994,False,False,,384
periodic_worker,1193,0.6010774457601671,1.0,12,-3.190124519836964,1.8216711918325994,False,False,,384
periodic_worker,1194,0.11478158973114044,0.0,12,-3.190124519836964,1.8216711918325994,False,False,,384
periodic_worker,1195,0.5017275636369419,0.0,12,-3.190124519836964,1.8216711918325994,False,False,,384
periodic_worker,1196,0.6977190012092552,1.0,12,-3.190124519836964,1.8216711918325994,False,False,,384
periodic_worker,1197,0.9687002820334142,1.0,12,-3.190124519836964,1.8216711918325994,False,False,,384
periodic_worker,1198,0.008175956037920611,0.0,12,-3.190124519836964,1.8216711918325994,False,False,,384
periodic_worker,1199,0.7190190117198771,1.0,12,-3.190124519836964,1.8216711918325994,False,False,,384
observed_loss_worker,0,0.5422659723981941,1.0,0,2.9926735337503287,-1.4993730489120252,False,False,,0
observed_loss_worker,1,0.24351121667115896,0.0,0,2.9926735337503287,-1.4993730489120252,False,False,,0
observed_loss_worker,2,0.5405775578749235,1.0,0,2.9926735337503287,-1.4993730489120252,False,False,,0
observed_loss_worker,3,0.9555095081097421,1.0,0,2.9926735337503287,-1.4993730489120252,False,False,,0
observed_loss_worker,4,0.07922891089520283,0.0,0,2.9926735337503287,-1.4993730489120252,False,False,,0
observed_loss_worker,5,0.0006516103188520898,0.0,0,2.9926735337503287,-1.4993730489120252,False,False,,0
observed_loss_worker,6,0.04709681562676283,0.0,0,2.9926735337503287,-1.4993730489120252,False,False,,0
observed_loss_worker,7,0.04874475211930763,0.0,0,2.9926735337503287,-1.4993730489120252,False,False,,0
observed_loss_worker,8,0.5331455781692549,1.0,0,2.9926735337503287,-1.4993730489120252,False,False,,0
observed_loss_worker,9,0.34408508588143,0.0,0,2.9926735337503287,-1.4993730489120252,False,False,,0
observed_loss_worker,10,0.845191834099526,1.0,0,2.9926735337503287,-1.4993730489120252,False,False,,0
observed_loss_worker,11,0.07555996411758413,0.0,0,2.9926735337503287,-1.4993730489120252,False,False,,0
observed_loss_worker,12,0.2360174657487626,0.0,0,2.9926735337503287,-1.4993730489120252,False,False,,0
observed_loss_worker,13,0.00282592206026716,0.0,0,2.9926735337503287,-1.4993730489120252,False,False,,0
observed_loss_worker,14,0.22001863000119629,0.0,0,2.9926735337503287,-1.4993730489120252,False,False,,0
observed_loss_worker,15,0.2138726333161951,0.0,0,2.9926735337503287,-1.4993730489120252,False,False,,0
observed_loss_worker,16,0.9937074545395018,1.0,0,2.9926735337503287,-1.4993730489120252,False,False,,0
observed_loss_worker,17,0.04790195245049742,0.0,0,2.9926735337503287,-1.4993730489120252,False,False,,0
observed_loss_worker,18,0.06480405037367817,0.0,0,2.9926735337503287,-1.4993730489120252,False,False,,0
observed_loss_worker,19,0.6286586451241368,1.0,0,2.9926735337503287,-1.4993730489120252,False,False,,0
observed_loss_worker,20,0.8597367796706022,1.0,0,2.9926735337503287,-1.4993730489120252,False,False,,0
observed_loss_worker,21,0.00048658697478445997,0.0,0,2.9926735337503287,-1.4993730489120252,False,False,,0
observed_loss_worker,22,0.9860589929860574,1.0,0,2.9926735337503287,-1.4993730489120252,False,False,,0
observed_loss_worker,23,0.9512188851485573,1.0,0,2.9926735337503287,-1.4993730489120252,False,False,,0
observed_loss_worker,24,0.4501001806633892,0.0,0,2.9926735337503287,-1.4993730489120252,False,False,,0
observed_loss_worker,25,0.5018529906126665,1.0,0,2.9926735337503287,-1.4993730489120252,False,False,,0
observed_loss_worker,26,0.017581324959210186,0.0,0,2.9926735337503287,-1.4993730489120252,False,False,,0
observed_loss_worker,27,0.770935295160475,1.0,0,2.9926735337503287,-1.4993730489120252,False,False,,0
observed_loss_worker,28,0.9330148260970287,1.0,0,2.9926735337503287,-1.4993730489120252,False,False,,0
observed_loss_worker,29,0.05609196192275301,0.0,0,2.9926735337503287,-1.4993730489120252,False,False,,0
observed_loss_worker,30,0.22595911509971414,0.0,0,2.9926735337503287,-1.4993730489120252,False,False,,0
observed_loss_worker,31,0.9529156932575432,1.0,0,2.9926735337503287,-1.4993730489120252,False,False,,0
observed_loss_worker,32,0.9999812006932636,1.0,0,2.9926735337503287,-1.4993730489120252,False,False,,0
observed_loss_worker,33,0.45985550719386636,0.0,0,2.9926735337503287,-1.4993730489120252,False,False,,0
observed_loss_worker,34,0.14274609540377498,0.0,0,2.9926735337503287,-1.4993730489120252,False,False,,0
observed_loss_worker,35,0.7281710684482333,1.0,0,2.9926735337503287,-1.4993730489120252,False,False,,0
observed_loss_worker,36,0.9852024736072866,1.0,0,2.9926735337503287,-1.4993730489120252,False,False,,0
observed_loss_worker,37,0.42176407406404803,0.0,0,2.9926735337503287,-1.4993730489120252,False,False,,0
observed_loss_worker,38,0.49848786077281376,0.0,0,2.9926735337503287,-1.4993730489120252,False,False,,0
observed_loss_worker,39,0.07005421989108086,0.0,0,2.9926735337503287,-1.4993730489120252,False,False,,0
observed_loss_worker,40,0.023257181109821366,0.0,0,2.9926735337503287,-1.4993730489120252,False,False,,0
observed_loss_worker,41,0.463424498823839,0.0,0,2.9926735337503287,-1.4993730489120252,False,False,,0
observed_loss_worker,42,0.15210108951352977,0.0,0,2.9926735337503287,-1.4993730489120252,False,False,,0
observed_loss_worker,43,0.9992082932327295,1.0,0,2.9926735337503287,-1.4993730489120252,False,False,,0
observed_loss_worker,44,0.4457839361699498,0.0,0,2.9926735337503287,-1.4993730489120252,False,False,,0
observed_loss_worker,45,0.5616317644770701,1.0,0,2.9926735337503287,-1.4993730489120252,False,False,,0
observed_loss_worker,46,0.9631646932071389,1.0,0,2.9926735337503287,-1.4993730489120252,False,False,,0
observed_loss_worker,47,0.9891834396273036,1.0,0,2.9926735337503287,-1.4993730489120252,False,False,,0
observed_loss_worker,48,0.03464071879989832,0.0,0,2.9926735337503287,-1.4993730489120252,False,False,,0
observed_loss_worker,49,0.996872963194042,1.0,0,2.9926735337503287,-1.4993730489120252,False,False,,0
observed_loss_worker,50,0.059945201791607956,0.0,0,2.9926735337503287,-1.4993730489120252,False,False,,0
observed_loss_worker,51,0.05658895176650741,0.0,0,2.9926735337503287,-1.4993730489120252,False,False,,0
observed_loss_worker,52,0.8234909084733729,1.0,0,2.9926735337503287,-1.4993730489120252,False,False,,0
observed_loss_worker,53,0.03557452682619659,0.0,0,2.9926735337503287,-1.4993730489120252,False,False,,0
observed_loss_worker,54,0.05016130813434933,0.0,0,2.9926735337503287,-1.4993730489120252,False,False,,0
observed_loss_worker,55,0.7152773551804874,1.0,0,2.9926735337503287,-1.4993730489120252,False,False,,0
observed_loss_worker,56,0.9994581456116225,1.0,0,2.9926735337503287,-1.4993730489120252,False,False,,0
observed_loss_worker,57,0.017475690720841385,0.0,0,2.9926735337503287,-1.4993730489120252,False,False,,0
observed_loss_worker,58,0.9918809382451684,1.0,0,2.9926735337503287,-1.4993730489120252,False,False,,0
observed_loss_worker,59,0.6074561484233886,1.0,0,2.9926735337503287,-1.4993730489120252,False,False,,0
observed_loss_worker,60,0.7060877790534638,1.0,0,2.9926735337503287,-1.4993730489120252,False,False,,0
observed_loss_worker,61,0.9865445625103626,1.0,0,2.9926735337503287,-1.4993730489120252,False,False,,0
observed_loss_worker,62,0.03811459782629544,0.0,0,2.9926735337503287,-1.4993730489120252,False,False,,0
observed_loss_worker,63,0.5220481011231621,1.0,0,2.9926735337503287,-1.4993730489120252,False,False,,0
observed_loss_worker,64,0.05689103451389277,0.0,0,2.9926735337503287,-1.4993730489120252,False,False,,0
observed_loss_worker,65,0.9507529780891577,1.0,0,2.9926735337503287,-1.4993730489120252,False,False,,0
observed_loss_worker,66,0.9509146165751063,1.0,0,2.9926735337503287,-1.4993730489120252,False,False,,0
observed_loss_worker,67,0.02091294438146931,0.0,0,2.9926735337503287,-1.4993730489120252,False,False,,0
observed_loss_worker,68,0.6507348526201119,1.0,0,2.9926735337503287,-1.4993730489120252,False,False,,0
observed_loss_worker,69,0.8692453786157129,1.0,0,2.9926735337503287,-1.4993730489120252,False,False,,0
observed_loss_worker,70,0.055024435392277624,0.0,0,2.9926735337503287,-1.4993730489120252,False,False,,0
observed_loss_worker,71,0.6797180123727761,1.0,0,2.9926735337503287,-1.4993730489120252,False,False,,0
observed_loss_worker,72,0.3637863929211653,0.0,0,2.9926735337503287,-1.4993730489120252,False,False,,0
observed_loss_worker,73,8.837457681680271e-05,0.0,0,2.9926735337503287,-1.4993730489120252,False,False,,0
observed_loss_worker,74,0.010792216409341826,0.0,0,2.9926735337503287,-1.4993730489120252,False,False,,0
observed_loss_worker,75,0.18145605779069604,0.0,0,2.9926735337503287,-1.4993730489120252,False,False,,0
observed_loss_worker,76,0.9843272914039107,1.0,0,2.9926735337503287,-1.4993730489120252,False,False,,0
observed_loss_worker,77,0.9530047652161261,1.0,0,2.9926735337503287,-1.4993730489120252,False,False,,0
observed_loss_worker,78,0.9146637233311067,1.0,0,2.9926735337503287,-1.4993730489120252,False,False,,0
observed_loss_worker,79,0.06530210261824965,0.0,0,2.9926735337503287,-1.4993730489120252,False,False,,0
observed_loss_worker,80,0.9633882715470773,1.0,0,2.9926735337503287,-1.4993730489120252,False,False,,0
observed_loss_worker,81,0.04510492689336364,0.0,0,2.9926735337503287,-1.4993730489120252,False,False,,0
observed_loss_worker,82,0.8800273678229492,1.0,0,2.9926735337503287,-1.4993730489120252,False,False,,0
observed_loss_worker,83,0.5842273319962181,1.0,0,2.9926735337503287,-1.4993730489120252,False,False,,0
observed_loss_worker,84,0.553777469108462,1.0,0,2.9926735337503287,-1.4993730489120252,False,False,,0
observed_loss_worker,85,0.21881256061061644,0.0,0,2.9926735337503287,-1.4993730489120252,False,False,,0
observed_loss_worker,86,0.6566354695675481,1.0,0,2.9926735337503287,-1.4993730489120252,False,False,,0
observed_loss_worker,87,0.9998611774482363,1.0,0,2.9926735337503287,-1.4993730489120252,False,False,,0
observed_loss_worker,88,0.9506749621272077,1.0,0,2.9926735337503287,-1.4993730489120252,False,False,,0
observed_loss_worker,89,0.1875893690153628,0.0,0,2.9926735337503287,-1.4993730489120252,False,False,,0
observed_loss_worker,90,0.7165691746588354,1.0,0,2.9926735337503287,-1.4993730489120252,False,False,,0
observed_loss_worker,91,0.9703367491051625,1.0,0,2.9926735337503287,-1.4993730489120252,False,False,,0
observed_loss_worker,92,0.005277701167593347,0.0,0,2.9926735337503287,-1.4993730489120252,False,False,,0
observed_loss_worker,93,0.9627298311230974,1.0,0,2.9926735337503287,-1.4993730489120252,False,False,,0
observed_loss_worker,94,0.999675096726658,1.0,0,2.9926735337503287,-1.4993730489120252,False,False,,0
observed_loss_worker,95,0.9841604059051431,1.0,0,2.9926735337503287,-1.4993730489120252,False,False,,0
observed_loss_worker,96,0.03740932108642553,0.0,0,2.9926735337503287,-1.4993730489120252,False,False,,0
observed_loss_worker,97,0.0004786523656688104,0.0,0,2.9926735337503287,-1.4993730489120252,False,False,,0
observed_loss_worker,98,0.7862040048277285,1.0,0,2.9926735337503287,-1.4993730489120252,False,False,,0
observed_loss_worker,99,0.9885340170542989,1.0,0,2.9926735337503287,-1.4993730489120252,False,False,,0
observed_loss_worker,100,0.43746716862177953,0.0,0,2.9926735337503287,-1.4993730489120252,False,False,,0
observed_loss_worker,101,0.4591029875406927,0.0,0,2.9926735337503287,-1.4993730489120252,False,False,,0
observed_loss_worker,102,0.3929389088587894,0.0,0,2.9926735337503287,-1.4993730489120252,False,False,,0
observed_loss_worker,103,0.038153831304735805,0.0,0,2.9926735337503287,-1.4993730489120252,False,False,,0
observed_loss_worker,104,0.0011892296408241786,0.0,0,2.9926735337503287,-1.4993730489120252,False,False,,0
observed_loss_worker,105,0.030987957010157913,0.0,0,2.9926735337503287,-1.4993730489120252,False,False,,0
observed_loss_worker,106,0.018459401211235033,0.0,0,2.9926735337503287,-1.4993730489120252,False,False,,0
observed_loss_worker,107,0.9975744934923485,1.0,0,2.9926735337503287,-1.4993730489120252,False,False,,0
observed_loss_worker,108,0.4752529236905369,0.0,0,2.9926735337503287,-1.4993730489120252,False,False,,0
observed_loss_worker,109,0.21287448448013555,0.0,0,2.9926735337503287,-1.4993730489120252,False,False,,0
observed_loss_worker,110,0.9832156525469316,1.0,0,2.9926735337503287,-1.4993730489120252,False,False,,0
observed_loss_worker,111,0.012771577300010653,0.0,0,2.9926735337503287,-1.4993730489120252,False,False,,0
observed_loss_worker,112,0.5382225235911262,1.0,0,2.9926735337503287,-1.4993730489120252,False,False,,0
observed_loss_worker,113,0.7842833254282817,1.0,0,2.9926735337503287,-1.4993730489120252,False,False,,0
observed_loss_worker,114,0.490847729076759,0.0,0,2.9926735337503287,-1.4993730489120252,False,False,,0
observed_loss_worker,115,0.6336112510695455,1.0,0,2.9926735337503287,-1.4993730489120252,False,False,,0
observed_loss_worker,116,0.9949324888750629,1.0,0,2.9926735337503287,-1.4993730489120252,False,False,,0
observed_loss_worker,117,0.9990928897787351,1.0,0,2.9926735337503287,-1.4993730489120252,False,False,,0
observed_loss_worker,118,0.9051535998148701,1.0,0,2.9926735337503287,-1.4993730489120252,False,False,,0
observed_loss_worker,119,0.9066558314766013,1.0,0,2.9926735337503287,-1.4993730489120252,False,False,,0
observed_loss_worker,120,0.8837445079769837,1.0,0,2.9926735337503287,-1.4993730489120252,False,False,,0
observed_loss_worker,121,0.9935081773568699,1.0,0,2.9926735337503287,-1.4993730489120252,False,False,,0
observed_loss_worker,122,0.9457092735602897,1.0,0,2.9926735337503287,-1.4993730489120252,False,False,,0
observed_loss_worker,123,0.7297028331801881,1.0,0,2.9926735337503287,-1.4993730489120252,False,False,,0
observed_loss_worker,124,0.013110077451905715,0.0,0,2.9926735337503287,-1.4993730489120252,False,False,,0
observed_loss_worker,125,0.24265526384769256,0.0,0,2.9926735337503287,-1.4993730489120252,False,False,,0
observed_loss_worker,126,0.8283808729534984,1.0,0,2.9926735337503287,-1.4993730489120252,False,False,,0
observed_loss_worker,127,0.7496569439923182,1.0,0,2.9926735337503287,-1.4993730489120252,False,False,,0
observed_loss_worker,128,0.8789981353302476,1.0,0,2.9926735337503287,-1.4993730489120252,False,False,,0
observed_loss_worker,129,0.3104124585992835,0.0,0,2.9926735337503287,-1.4993730489120252,False,False,,0
observed_loss_worker,130,0.955298156485126,1.0,0,2.9926735337503287,-1.4993730489120252,False,False,,0
observed_loss_worker,131,0.9752543227830826,1.0,0,2.9926735337503287,-1.4993730489120252,False,False,,0
observed_loss_worker,132,0.9773651801967143,1.0,0,2.9926735337503287,-1.4993730489120252,False,False,,0
observed_loss_worker,133,0.9989288940500868,1.0,0,2.9926735337503287,-1.4993730489120252,False,False,,0
observed_loss_worker,134,0.5583049733650879,1.0,0,2.9926735337503287,-1.4993730489120252,False,False,,0
observed_loss_worker,135,0.8969659381767756,1.0,0,2.9926735337503287,-1.4993730489120252,False,False,,0
observed_loss_worker,136,0.025634570117682585,0.0,0,2.9926735337503287,-1.4993730489120252,False,False,,0
observed_loss_worker,137,0.0017072930750894656,0.0,0,2.9926735337503287,-1.4993730489120252,False,False,,0
observed_loss_worker,138,0.9995518428659678,1.0,0,2.9926735337503287,-1.4993730489120252,False,False,,0
observed_loss_worker,139,0.11547297233313009,0.0,0,2.9926735337503287,-1.4993730489120252,False,False,,0
observed_loss_worker,140,0.3134691091226732,0.0,0,2.9926735337503287,-1.4993730489120252,False,False,,0
observed_loss_worker,141,0.276346909142294,0.0,0,2.9926735337503287,-1.4993730489120252,False,False,,0
observed_loss_worker,142,0.9732491008889669,1.0,0,2.9926735337503287,-1.4993730489120252,False,False,,0
observed_loss_worker,143,0.4174658675604388,0.0,0,2.9926735337503287,-1.4993730489120252,False,False,,0
observed_loss_worker,144,0.37828101502657935,0.0,0,2.9926735337503287,-1.4993730489120252,False,False,,0
observed_loss_worker,145,0.024620573101165368,0.0,0,2.9926735337503287,-1.4993730489120252,False,False,,0
observed_loss_worker,146,0.4122226131879288,0.0,0,2.9926735337503287,-1.4993730489120252,False,False,,0
observed_loss_worker,147,0.08437720825277197,0.0,0,2.9926735337503287,-1.4993730489120252,False,False,,0
observed_loss_worker,148,0.9895536183521765,1.0,0,2.9926735337503287,-1.4993730489120252,False,False,,0
observed_loss_worker,149,0.025069149172600974,0.0,0,2.9926735337503287,-1.4993730489120252,False,False,,0
observed_loss_worker,150,0.5194758194574267,1.0,0,2.9926735337503287,-1.4993730489120252,False,False,,0
observed_loss_worker,151,0.1698826545525287,0.0,0,2.9926735337503287,-1.4993730489120252,False,False,,0
observed_loss_worker,152,0.5282667130337,1.0,0,2.9926735337503287,-1.4993730489120252,False,False,,0
observed_loss_worker,153,0.9701973204186787,1.0,0,2.9926735337503287,-1.4993730489120252,False,False,,0
observed_loss_worker,154,0.6612289022094616,1.0,0,2.9926735337503287,-1.4993730489120252,False,False,,0
observed_loss_worker,155,0.5545664478648188,1.0,0,2.9926735337503287,-1.4993730489120252,False,False,,0
observed_loss_worker,156,0.8593233372610538,1.0,0,2.9926735337503287,-1.4993730489120252,False,False,,0
observed_loss_worker,157,0.4349722484355662,0.0,0,2.9926735337503287,-1.4993730489120252,False,False,,0
observed_loss_worker,158,0.18065406331901565,0.0,0,2.9926735337503287,-1.4993730489120252,False,False,,0
observed_loss_worker,159,0.7510141503486739,1.0,0,2.9926735337503287,-1.4993730489120252,False,False,,0
observed_loss_worker,160,0.9714897085588775,1.0,0,2.9926735337503287,-1.4993730489120252,False,False,,0
observed_loss_worker,161,0.932580032046709,1.0,0,2.9926735337503287,-1.4993730489120252,False,False,,0
observed_loss_worker,162,0.009295974765478587,0.0,0,2.9926735337503287,-1.4993730489120252,False,False,,0
observed_loss_worker,163,0.6597427025122355,1.0,0,2.9926735337503287,-1.4993730489120252,False,False,,0
observed_loss_worker,164,0.5797420960789109,1.0,0,2.9926735337503287,-1.4993730489120252,False,False,,0
observed_loss_worker,165,0.03350008964534477,0.0,0,2.9926735337503287,-1.4993730489120252,False,False,,0
observed_loss_worker,166,0.7434885322362951,1.0,0,2.9926735337503287,-1.4993730489120252,False,False,,0
observed_loss_worker,167,0.258020270766212,0.0,0,2.9926735337503287,-1.4993730489120252,False,False,,0
observed_loss_worker,168,0.0024314114896604572,0.0,0,2.9926735337503287,-1.4993730489120252,False,False,,0
observed_loss_worker,169,0.2219380718020177,0.0,0,2.9926735337503287,-1.4993730489120252,False,False,,0
observed_loss_worker,170,0.08913863423345228,0.0,0,2.9926735337503287,-1.4993730489120252,False,False,,0
observed_loss_worker,171,0.016705550463829235,0.0,0,2.9926735337503287,-1.4993730489120252,False,False,,0
observed_loss_worker,172,0.0018021171566942305,0.0,0,2.9926735337503287,-1.4993730489120252,False,False,,0
observed_loss_worker,173,0.1044344418682141,0.0,0,2.9926735337503287,-1.4993730489120252,False,False,,0
observed_loss_worker,174,0.810809534103015,1.0,0,2.9926735337503287,-1.4993730489120252,False,False,,0
observed_loss_worker,175,0.19880652067195054,0.0,0,2.9926735337503287,-1.4993730489120252,False,False,,0
observed_loss_worker,176,0.997792599244785,1.0,0,2.9926735337503287,-1.4993730489120252,False,False,,0
observed_loss_worker,177,0.4354843649005321,0.0,0,2.9926735337503287,-1.4993730489120252,False,False,,0
observed_loss_worker,178,0.04350546352049204,0.0,0,2.9926735337503287,-1.4993730489120252,False,False,,0
observed_loss_worker,179,0.14591334760195693,0.0,0,2.9926735337503287,-1.4993730489120252,False,False,,0
observed_loss_worker,180,0.5609754065736448,1.0,0,2.9926735337503287,-1.4993730489120252,False,False,,0
observed_loss_worker,181,0.9950024566978787,1.0,0,2.9926735337503287,-1.4993730489120252,False,False,,0
observed_loss_worker,182,0.44479689406221357,0.0,0,2.9926735337503287,-1.4993730489120252,False,False,,0
observed_loss_worker,183,0.32579168870658276,0.0,0,2.9926735337503287,-1.4993730489120252,False,False,,0
observed_loss_worker,184,0.8216482348978236,1.0,0,2.9926735337503287,-1.4993730489120252,False,False,,0
observed_loss_worker,185,0.9933581009810205,1.0,0,2.9926735337503287,-1.4993730489120252,False,False,,0
observed_loss_worker,186,0.10350755790232564,0.0,0,2.9926735337503287,-1.4993730489120252,False,False,,0
observed_loss_worker,187,0.1315871363187055,0.0,0,2.9926735337503287,-1.4993730489120252,False,False,,0
observed_loss_worker,188,0.7585716343964379,1.0,0,2.9926735337503287,-1.4993730489120252,False,False,,0
observed_loss_worker,189,0.7094374546706869,1.0,0,2.9926735337503287,-1.4993730489120252,False,False,,0
observed_loss_worker,190,0.9457808290692544,1.0,0,2.9926735337503287,-1.4993730489120252,False,False,,0
observed_loss_worker,191,0.1891020850610386,0.0,0,2.9926735337503287,-1.4993730489120252,False,False,,0
observed_loss_worker,192,0.046068334723204665,0.0,0,2.9926735337503287,-1.4993730489120252,False,False,,0
observed_loss_worker,193,0.6946402057762731,1.0,0,2.9926735337503287,-1.4993730489120252,False,False,,0
observed_loss_worker,194,0.04000897112672037,0.0,0,2.9926735337503287,-1.4993730489120252,False,False,,0
observed_loss_worker,195,8.088989301892384e-05,0.0,0,2.9926735337503287,-1.4993730489120252,False,False,,0
observed_loss_worker,196,0.9288472686248265,1.0,0,2.9926735337503287,-1.4993730489120252,False,False,,0
observed_loss_worker,197,0.4938767570804823,0.0,0,2.9926735337503287,-1.4993730489120252,False,False,,0
observed_loss_worker,198,0.38498962268174114,0.0,0,2.9926735337503287,-1.4993730489120252,False,False,,0
observed_loss_worker,199,0.168034018001518,0.0,0,2.9926735337503287,-1.4993730489120252,False,False,,0
observed_loss_worker,200,0.9238325864881319,1.0,0,2.9926735337503287,-1.4993730489120252,False,False,,0
observed_loss_worker,201,0.47077936756084326,0.0,0,2.9926735337503287,-1.4993730489120252,False,False,,0
observed_loss_worker,202,0.7405879737689612,1.0,0,2.9926735337503287,-1.4993730489120252,False,False,,0
observed_loss_worker,203,0.0027280749782466794,0.0,0,2.9926735337503287,-1.4993730489120252,False,False,,0
observed_loss_worker,204,0.9990842228762595,1.0,0,2.9926735337503287,-1.4993730489120252,False,False,,0
observed_loss_worker,205,0.8478613876298333,1.0,0,2.9926735337503287,-1.4993730489120252,False,False,,0
observed_loss_worker,206,0.13318290899973106,0.0,0,2.9926735337503287,-1.4993730489120252,False,False,,0
observed_loss_worker,207,0.2420122023168309,0.0,0,2.9926735337503287,-1.4993730489120252,False,False,,0
observed_loss_worker,208,0.9752342696657242,1.0,0,2.9926735337503287,-1.4993730489120252,False,False,,0
observed_loss_worker,209,0.8385480978517186,1.0,0,2.9926735337503287,-1.4993730489120252,False,False,,0
observed_loss_worker,210,0.8938512380978859,1.0,0,2.9926735337503287,-1.4993730489120252,False,False,,0
observed_loss_worker,211,0.889847139539208,1.0,0,2.9926735337503287,-1.4993730489120252,False,False,,0
observed_loss_worker,212,0.012826637260967938,0.0,0,2.9926735337503287,-1.4993730489120252,False,False,,0
observed_loss_worker,213,0.0806806030261821,0.0,0,2.9926735337503287,-1.4993730489120252,False,False,,0
observed_loss_worker,214,0.8956776871149341,1.0,0,2.9926735337503287,-1.4993730489120252,False,False,,0
observed_loss_worker,215,0.6274599814037609,1.0,0,2.9926735337503287,-1.4993730489120252,False,False,,0
observed_loss_worker,216,0.703883670325315,1.0,0,2.9926735337503287,-1.4993730489120252,False,False,,0
observed_loss_worker,217,0.007915690618289856,0.0,0,2.9926735337503287,-1.4993730489120252,False,False,,0
observed_loss_worker,218,0.026914930414996714,0.0,0,2.9926735337503287,-1.4993730489120252,False,False,,0
observed_loss_worker,219,0.6672296826842208,1.0,0,2.9926735337503287,-1.4993730489120252,False,False,,0
observed_loss_worker,220,0.03809669975374335,0.0,0,2.9926735337503287,-1.4993730489120252,False,False,,0
observed_loss_worker,221,0.8191472931256912,1.0,0,2.9926735337503287,-1.4993730489120252,False,False,,0
observed_loss_worker,222,0.011111728234624224,0.0,0,2.9926735337503287,-1.4993730489120252,False,False,,0
observed_loss_worker,223,0.8818777192150246,1.0,0,2.9926735337503287,-1.4993730489120252,False,False,,0
observed_loss_worker,224,0.19545301516873223,0.0,0,2.9926735337503287,-1.4993730489120252,False,False,,0
observed_loss_worker,225,0.015504050048621994,0.0,0,2.9926735337503287,-1.4993730489120252,False,False,,0
observed_loss_worker,226,0.9976392854997551,1.0,0,2.9926735337503287,-1.4993730489120252,False,False,,0
observed_loss_worker,227,0.6640887334579088,1.0,0,2.9926735337503287,-1.4993730489120252,False,False,,0
observed_loss_worker,228,0.9513460556641776,1.0,0,2.9926735337503287,-1.4993730489120252,False,False,,0
observed_loss_worker,229,0.5026995057056453,1.0,0,2.9926735337503287,-1.4993730489120252,False,False,,0
observed_loss_worker,230,0.8705475277544675,1.0,0,2.9926735337503287,-1.4993730489120252,False,False,,0
observed_loss_worker,231,0.013601283274960586,0.0,0,2.9926735337503287,-1.4993730489120252,False,False,,0
observed_loss_worker,232,0.0006070651740319316,0.0,0,2.9926735337503287,-1.4993730489120252,False,False,,0
observed_loss_worker,233,0.9455111865701076,1.0,0,2.9926735337503287,-1.4993730489120252,False,False,,0
observed_loss_worker,234,0.7006592969586244,1.0,0,2.9926735337503287,-1.4993730489120252,False,False,,0
observed_loss_worker,235,0.08450955404606385,0.0,0,2.9926735337503287,-1.4993730489120252,False,False,,0
observed_loss_worker,236,0.0016032509103879376,0.0,0,2.9926735337503287,-1.4993730489120252,False,False,,0
observed_loss_worker,237,0.9246515511955468,1.0,0,2.9926735337503287,-1.4993730489120252,False,False,,0
observed_loss_worker,238,0.5211910505904297,1.0,0,2.9926735337503287,-1.4993730489120252,False,False,,0
observed_loss_worker,239,0.20783817215794714,0.0,0,2.9926735337503287,-1.4993730489120252,False,False,,0
observed_loss_worker,240,0.7097560746097188,1.0,0,2.9926735337503287,-1.4993730489120252,False,False,,0
observed_loss_worker,241,0.019451296078638942,0.0,0,2.9926735337503287,-1.4993730489120252,False,False,,0
observed_loss_worker,242,0.9960496582129352,1.0,0,2.9926735337503287,-1.4993730489120252,False,False,,0
observed_loss_worker,243,0.9268099247566374,1.0,0,2.9926735337503287,-1.4993730489120252,False,False,,0
observed_loss_worker,244,0.018236216290205144,0.0,0,2.9926735337503287,-1.4993730489120252,False,False,,0
observed_loss_worker,245,0.8078204885065593,1.0,0,2.9926735337503287,-1.4993730489120252,False,False,,0
observed_loss_worker,246,0.26089011384706917,0.0,0,2.9926735337503287,-1.4993730489120252,False,False,,0
observed_loss_worker,247,0.9856805095041621,1.0,0,2.9926735337503287,-1.4993730489120252,False,False,,0
observed_loss_worker,248,0.43523881852883306,0.0,0,2.9926735337503287,-1.4993730489120252,False,False,,0
observed_loss_worker,249,0.5417349497482039,1.0,0,2.9926735337503287,-1.4993730489120252,False,False,,0
observed_loss_worker,250,0.49593481058553,0.0,0,2.9926735337503287,-1.4993730489120252,False,False,,0
observed_loss_worker,251,0.0016966319726838743,0.0,0,2.9926735337503287,-1.4993730489120252,False,False,,0
observed_loss_worker,252,0.9519687786280816,1.0,0,2.9926735337503287,-1.4993730489120252,False,False,,0
observed_loss_worker,253,0.4167790161880622,0.0,0,2.9926735337503287,-1.4993730489120252,False,False,,0
observed_loss_worker,254,0.9902683406626855,1.0,0,2.9926735337503287,-1.4993730489120252,False,False,,0
observed_loss_worker,255,0.06937700040978272,0.0,0,2.9926735337503287,-1.4993730489120252,False,False,,0
observed_loss_worker,256,0.21523571519932486,0.0,0,2.9926735337503287,-1.4993730489120252,False,False,,0
observed_loss_worker,257,0.10853832327253259,0.0,0,2.9926735337503287,-1.4993730489120252,False,False,,0
observed_loss_worker,258,0.8185339000403395,1.0,0,2.9926735337503287,-1.4993730489120252,False,False,,0
observed_loss_worker,259,0.9775466596532905,1.0,0,2.9926735337503287,-1.4993730489120252,False,False,,0
observed_loss_worker,260,0.710435608794451,1.0,0,2.9926735337503287,-1.4993730489120252,False,False,,0
observed_loss_worker,261,0.04019864208283079,0.0,0,2.9926735337503287,-1.4993730489120252,False,False,,0
observed_loss_worker,262,0.05836973153438572,0.0,0,2.9926735337503287,-1.4993730489120252,False,False,,0
observed_loss_worker,263,0.01776271702142115,0.0,0,2.9926735337503287,-1.4993730489120252,False,False,,0
observed_loss_worker,264,0.7251842885037008,1.0,0,2.9926735337503287,-1.4993730489120252,False,False,,0
observed_loss_worker,265,0.8478818253547281,1.0,0,2.9926735337503287,-1.4993730489120252,False,False,,0
observed_loss_worker,266,0.5876419489865317,1.0,0,2.9926735337503287,-1.4993730489120252,False,False,,0
observed_loss_worker,267,0.9606931491461632,1.0,0,2.9926735337503287,-1.4993730489120252,False,False,,0
observed_loss_worker,268,0.9995394293807477,1.0,0,2.9926735337503287,-1.4993730489120252,False,False,,0
observed_loss_worker,269,0.14737828209176035,0.0,0,2.9926735337503287,-1.4993730489120252,False,False,,0
observed_loss_worker,270,0.35881235133030953,0.0,0,2.9926735337503287,-1.4993730489120252,False,False,,0
observed_loss_worker,271,0.7903879181335425,1.0,0,2.9926735337503287,-1.4993730489120252,False,False,,0
observed_loss_worker,272,0.9535708592604868,1.0,0,2.9926735337503287,-1.4993730489120252,False,False,,0
observed_loss_worker,273,0.9964433655726471,1.0,0,2.9926735337503287,-1.4993730489120252,False,False,,0
observed_loss_worker,274,0.6185401770082455,1.0,0,2.9926735337503287,-1.4993730489120252,False,False,,0
observed_loss_worker,275,0.2257270789993186,0.0,0,2.9926735337503287,-1.4993730489120252,False,False,,0
observed_loss_worker,276,0.04424869481616478,0.0,0,2.9926735337503287,-1.4993730489120252,False,False,,0
observed_loss_worker,277,0.6173468597556949,1.0,0,2.9926735337503287,-1.4993730489120252,False,False,,0
observed_loss_worker,278,0.9719734240138352,1.0,0,2.9926735337503287,-1.4993730489120252,False,False,,0
observed_loss_worker,279,0.00954278275918448,0.0,0,2.9926735337503287,-1.4993730489120252,False,False,,0
observed_loss_worker,280,0.4948351103092838,0.0,0,2.9926735337503287,-1.4993730489120252,False,False,,0
observed_loss_worker,281,0.7929182292557884,1.0,0,2.9926735337503287,-1.4993730489120252,False,False,,0
observed_loss_worker,282,0.014111004162028502,0.0,0,2.9926735337503287,-1.4993730489120252,False,False,,0
observed_loss_worker,283,0.711195667915603,1.0,0,2.9926735337503287,-1.4993730489120252,False,False,,0
observed_loss_worker,284,0.42977820928043664,0.0,0,2.9926735337503287,-1.4993730489120252,False,False,,0
observed_loss_worker,285,0.9910088309438345,1.0,0,2.9926735337503287,-1.4993730489120252,False,False,,0
observed_loss_worker,286,0.05554838810335302,0.0,0,2.9926735337503287,-1.4993730489120252,False,False,,0
observed_loss_worker,287,0.0068678376913336985,0.0,0,2.9926735337503287,-1.4993730489120252,False,False,,0
observed_loss_worker,288,0.1345234155334507,0.0,0,2.9926735337503287,-1.4993730489120252,False,False,,0
observed_loss_worker,289,0.10291756586634448,0.0,0,2.9926735337503287,-1.4993730489120252,False,False,,0
observed_loss_worker,290,0.9888089365765308,1.0,0,2.9926735337503287,-1.4993730489120252,False,False,,0
observed_loss_worker,291,0.9602649111717327,1.0,0,2.9926735337503287,-1.4993730489120252,False,False,,0
observed_loss_worker,292,0.7530934949906913,1.0,0,2.9926735337503287,-1.4993730489120252,False,False,,0
observed_loss_worker,293,0.02272034727418833,0.0,0,2.9926735337503287,-1.4993730489120252,False,False,,0
observed_loss_worker,294,0.09968258427353568,0.0,0,2.9926735337503287,-1.4993730489120252,False,False,,0
observed_loss_worker,295,0.13578345565409342,0.0,0,2.9926735337503287,-1.4993730489120252,False,False,,0
observed_loss_worker,296,0.02188410130665833,0.0,0,2.9926735337503287,-1.4993730489120252,False,False,,0
observed_loss_worker,297,0.8541644521559925,1.0,0,2.9926735337503287,-1.4993730489120252,False,False,,0
observed_loss_worker,298,0.8400498245523919,1.0,0,2.9926735337503287,-1.4993730489120252,False,False,,0
observed_loss_worker,299,0.15525448415704637,0.0,0,2.9926735337503287,-1.4993730489120252,False,False,,0
observed_loss_worker,300,0.5793251966194,1.0,0,2.9926735337503287,-1.4993730489120252,False,False,,0
observed_loss_worker,301,0.03680217833429064,0.0,0,2.9926735337503287,-1.4993730489120252,False,False,,0
observed_loss_worker,302,0.9994835047567262,1.0,0,2.9926735337503287,-1.4993730489120252,False,False,,0
observed_loss_worker,303,0.9963860843525563,1.0,0,2.9926735337503287,-1.4993730489120252,False,False,,0
observed_loss_worker,304,0.01740467059004194,0.0,0,2.9926735337503287,-1.4993730489120252,False,False,,0
observed_loss_worker,305,0.0003204506859330694,0.0,0,2.9926735337503287,-1.4993730489120252,False,False,,0
observed_loss_worker,306,0.9399449931230611,1.0,0,2.9926735337503287,-1.4993730489120252,False,False,,0
observed_loss_worker,307,0.3016348581064,0.0,0,2.9926735337503287,-1.4993730489120252,False,False,,0
observed_loss_worker,308,0.5824627997411286,1.0,0,2.9926735337503287,-1.4993730489120252,False,False,,0
observed_loss_worker,309,0.5727286190503135,1.0,0,2.9926735337503287,-1.4993730489120252,False,False,,0
observed_loss_worker,310,0.93280237483768,1.0,0,2.9926735337503287,-1.4993730489120252,False,False,,0
observed_loss_worker,311,0.17245727164819605,0.0,0,2.9926735337503287,-1.4993730489120252,False,False,,0
observed_loss_worker,312,0.3374398062493521,0.0,0,2.9926735337503287,-1.4993730489120252,False,False,,0
observed_loss_worker,313,0.9019276881206447,1.0,0,2.9926735337503287,-1.4993730489120252,False,False,,0
observed_loss_worker,314,0.938776335457559,1.0,0,2.9926735337503287,-1.4993730489120252,False,False,,0
observed_loss_worker,315,0.0977863588657096,0.0,0,2.9926735337503287,-1.4993730489120252,False,False,,0
observed_loss_worker,316,0.43472006000541397,0.0,0,2.9926735337503287,-1.4993730489120252,False,False,,0
observed_loss_worker,317,0.024594850146253896,0.0,0,2.9926735337503287,-1.4993730489120252,False,False,,0
observed_loss_worker,318,0.027816050779196685,0.0,0,2.9926735337503287,-1.4993730489120252,False,False,,0
observed_loss_worker,319,0.9994760756582912,1.0,0,2.9926735337503287,-1.4993730489120252,False,False,,0
observed_loss_worker,320,0.00032781054954944067,0.0,0,2.9926735337503287,-1.4993730489120252,False,False,,0
observed_loss_worker,321,0.05790195127510025,0.0,0,2.9926735337503287,-1.4993730489120252,False,False,,0
observed_loss_worker,322,0.03210507876659651,0.0,0,2.9926735337503287,-1.4993730489120252,False,False,,0
observed_loss_worker,323,0.8025055280111154,1.0,0,2.9926735337503287,-1.4993730489120252,False,False,,0
observed_loss_worker,324,0.966619132123187,1.0,0,2.9926735337503287,-1.4993730489120252,False,False,,0
observed_loss_worker,325,0.8536279925054387,1.0,0,2.9926735337503287,-1.4993730489120252,False,False,,0
observed_loss_worker,326,0.9951481737904158,1.0,0,2.9926735337503287,-1.4993730489120252,False,False,,0
observed_loss_worker,327,0.6503017246846605,1.0,0,2.9926735337503287,-1.4993730489120252,False,False,,0
observed_loss_worker,328,0.800384789884655,1.0,0,2.9926735337503287,-1.4993730489120252,False,False,,0
observed_loss_worker,329,0.9158254125017499,1.0,0,2.9926735337503287,-1.4993730489120252,False,False,,0
observed_loss_worker,330,0.9981861610141263,1.0,0,2.9926735337503287,-1.4993730489120252,False,False,,0
observed_loss_worker,331,0.9997328836154888,1.0,0,2.9926735337503287,-1.4993730489120252,False,False,,0
observed_loss_worker,332,0.05323506287546762,0.0,0,2.9926735337503287,-1.4993730489120252,False,False,,0
observed_loss_worker,333,0.99191491692899,1.0,0,2.9926735337503287,-1.4993730489120252,False,False,,0
observed_loss_worker,334,0.26557447628791186,0.0,0,2.9926735337503287,-1.4993730489120252,False,False,,0
observed_loss_worker,335,0.004575066847645818,0.0,0,2.9926735337503287,-1.4993730489120252,False,False,,0
observed_loss_worker,336,0.997702300841487,1.0,0,2.9926735337503287,-1.4993730489120252,False,False,,0
observed_loss_worker,337,0.905532993320011,1.0,0,2.9926735337503287,-1.4993730489120252,False,False,,0
observed_loss_worker,338,0.8786347468927486,1.0,0,2.9926735337503287,-1.4993730489120252,False,False,,0
observed_loss_worker,339,0.7408087404839377,1.0,0,2.9926735337503287,-1.4993730489120252,False,False,,0
observed_loss_worker,340,0.027204617950011462,0.0,0,2.9926735337503287,-1.4993730489120252,False,False,,0
observed_loss_worker,341,0.8921955754716129,1.0,0,2.9926735337503287,-1.4993730489120252,False,False,,0
observed_loss_worker,342,0.2283254943200479,0.0,0,2.9926735337503287,-1.4993730489120252,False,False,,0
observed_loss_worker,343,0.7594487160273545,1.0,0,2.9926735337503287,-1.4993730489120252,False,False,,0
observed_loss_worker,344,0.8868626028631396,1.0,0,2.9926735337503287,-1.4993730489120252,False,False,,0
observed_loss_worker,345,0.06701266263432575,0.0,0,2.9926735337503287,-1.4993730489120252,False,False,,0
observed_loss_worker,346,0.8824778241474771,1.0,0,2.9926735337503287,-1.4993730489120252,False,False,,0
observed_loss_worker,347,0.19651950449079503,0.0,0,2.9926735337503287,-1.4993730489120252,False,False,,0
observed_loss_worker,348,0.8564129707047577,1.0,0,2.9926735337503287,-1.4993730489120252,False,False,,0
observed_loss_worker,349,0.9304394261064578,1.0,0,2.9926735337503287,-1.4993730489120252,False,False,,0
observed_loss_worker,350,0.28075320792771385,0.0,0,2.9926735337503287,-1.4993730489120252,False,False,,0
observed_loss_worker,351,0.9985588559974555,1.0,0,2.9926735337503287,-1.4993730489120252,False,False,,0
observed_loss_worker,352,0.12403141861087366,0.0,0,2.9926735337503287,-1.4993730489120252,False,False,,0
observed_loss_worker,353,0.998748716200837,1.0,0,2.9926735337503287,-1.4993730489120252,False,False,,0
observed_loss_worker,354,0.2378849905009525,0.0,0,2.9926735337503287,-1.4993730489120252,False,False,,0
observed_loss_worker,355,0.32003428011687246,0.0,0,2.9926735337503287,-1.4993730489120252,False,False,,0
observed_loss_worker,356,0.6655831757468523,1.0,0,2.9926735337503287,-1.4993730489120252,False,False,,0
observed_loss_worker,357,0.9917464441888995,1.0,0,2.9926735337503287,-1.4993730489120252,False,False,,0
observed_loss_worker,358,0.9711994077878511,1.0,0,2.9926735337503287,-1.4993730489120252,False,False,,0
observed_loss_worker,359,0.0495343910747207,0.0,0,2.9926735337503287,-1.4993730489120252,False,False,,0
observed_loss_worker,360,0.9753765716936814,1.0,0,2.9926735337503287,-1.4993730489120252,False,False,,0
observed_loss_worker,361,0.9727320141886812,1.0,0,2.9926735337503287,-1.4993730489120252,False,False,,0
observed_loss_worker,362,0.36189533544772023,0.0,0,2.9926735337503287,-1.4993730489120252,False,False,,0
observed_loss_worker,363,0.03437885737353067,0.0,0,2.9926735337503287,-1.4993730489120252,False,False,,0
observed_loss_worker,364,0.9112625810578915,1.0,0,2.9926735337503287,-1.4993730489120252,False,False,,0
observed_loss_worker,365,0.9682076882210015,1.0,0,2.9926735337503287,-1.4993730489120252,False,False,,0
observed_loss_worker,366,0.9638393197201269,1.0,0,2.9926735337503287,-1.4993730489120252,False,False,,0
observed_loss_worker,367,0.9156609010377568,1.0,0,2.9926735337503287,-1.4993730489120252,False,False,,0
observed_loss_worker,368,0.003865836299070483,0.0,0,2.9926735337503287,-1.4993730489120252,False,False,,0
observed_loss_worker,369,0.8921428346583273,1.0,0,2.9926735337503287,-1.4993730489120252,False,False,,0
observed_loss_worker,370,0.5491077632632121,1.0,0,2.9926735337503287,-1.4993730489120252,False,False,,0
observed_loss_worker,371,0.6216760545321988,1.0,0,2.9926735337503287,-1.4993730489120252,False,False,,0
observed_loss_worker,372,0.877675797104022,1.0,0,2.9926735337503287,-1.4993730489120252,False,False,,0
observed_loss_worker,373,0.38823513146336647,0.0,0,2.9926735337503287,-1.4993730489120252,False,False,,0
observed_loss_worker,374,0.042079929922696276,0.0,0,2.9926735337503287,-1.4993730489120252,False,False,,0
observed_loss_worker,375,0.5144189228280558,1.0,0,2.9926735337503287,-1.4993730489120252,False,False,,0
observed_loss_worker,376,0.17509989370764234,0.0,0,2.9926735337503287,-1.4993730489120252,False,False,,0
observed_loss_worker,377,0.9748008106811896,1.0,0,2.9926735337503287,-1.4993730489120252,False,False,,0
observed_loss_worker,378,0.99950513849124,1.0,0,2.9926735337503287,-1.4993730489120252,False,False,,0
observed_loss_worker,379,0.003655357389354445,0.0,0,2.9926735337503287,-1.4993730489120252,False,False,,0
observed_loss_worker,380,0.3803567414675675,0.0,0,2.9926735337503287,-1.4993730489120252,False,False,,0
observed_loss_worker,381,0.20653336632694472,0.0,0,2.9926735337503287,-1.4993730489120252,False,False,,0
observed_loss_worker,382,0.8757306872708771,1.0,0,2.9926735337503287,-1.4993730489120252,False,False,,0
observed_loss_worker,383,0.041840245996547315,0.0,0,2.9926735337503287,-1.4993730489120252,False,False,,0
observed_loss_worker,384,0.0050996458073722896,0.0,0,2.9926735337503287,-1.4993730489120252,False,False,,0
observed_loss_worker,385,0.7485457400407735,1.0,0,2.9926735337503287,-1.4993730489120252,False,False,,0
observed_loss_worker,386,0.9710909890857188,1.0,0,2.9926735337503287,-1.4993730489120252,False,False,,0
observed_loss_worker,387,0.9610659516850922,1.0,0,2.9926735337503287,-1.4993730489120252,False,False,,0
observed_loss_worker,388,0.011726650412018758,0.0,0,2.9926735337503287,-1.4993730489120252,False,False,,0
observed_loss_worker,389,0.35769960266584555,0.0,0,2.9926735337503287,-1.4993730489120252,False,False,,0
observed_loss_worker,390,0.39600645336812257,0.0,0,2.9926735337503287,-1.4993730489120252,False,False,,0
observed_loss_worker,391,0.9906705641970037,1.0,0,2.9926735337503287,-1.4993730489120252,False,False,,0
observed_loss_worker,392,0.9997302888541387,1.0,0,2.9926735337503287,-1.4993730489120252,False,False,,0
observed_loss_worker,393,0.45739161838166015,0.0,0,2.9926735337503287,-1.4993730489120252,False,False,,0
observed_loss_worker,394,0.0054638074008323,0.0,0,2.9926735337503287,-1.4993730489120252,False,False,,0
observed_loss_worker,395,0.9318480797183536,1.0,0,2.9926735337503287,-1.4993730489120252,False,False,,0
observed_loss_worker,396,0.9998597575152536,1.0,0,2.9926735337503287,-1.4993730489120252,False,False,,0
observed_loss_worker,397,0.009132745966371312,0.0,0,2.9926735337503287,-1.4993730489120252,False,False,,0
observed_loss_worker,398,0.9221527104830836,1.0,0,2.9926735337503287,-1.4993730489120252,False,False,,0
observed_loss_worker,399,0.9525339670892694,1.0,0,2.9926735337503287,-1.4993730489120252,False,False,,0
observed_loss_worker,400,0.0017443362672346207,0.0,0,2.9926735337503287,-1.4993730489120252,False,False,,0
observed_loss_worker,401,0.017095923950341502,0.0,0,2.9926735337503287,-1.4993730489120252,False,False,,0
observed_loss_worker,402,0.041365515465367306,0.0,0,2.9926735337503287,-1.4993730489120252,False,False,,0
observed_loss_worker,403,0.9738459761138255,1.0,0,2.9926735337503287,-1.4993730489120252,False,False,,0
observed_loss_worker,404,0.45831686895628787,0.0,0,2.9926735337503287,-1.4993730489120252,False,False,,0
observed_loss_worker,405,0.9980088987344551,1.0,0,2.9926735337503287,-1.4993730489120252,False,False,,0
observed_loss_worker,406,0.9993044472652683,1.0,0,2.9926735337503287,-1.4993730489120252,False,False,,0
observed_loss_worker,407,0.27321081383373164,0.0,0,2.9926735337503287,-1.4993730489120252,False,False,,0
observed_loss_worker,408,0.4848670002739271,0.0,0,2.9926735337503287,-1.4993730489120252,False,False,,0
observed_loss_worker,409,0.8988015507149901,1.0,0,2.9926735337503287,-1.4993730489120252,False,False,,0
observed_loss_worker,410,0.6681963858178086,1.0,0,2.9926735337503287,-1.4993730489120252,False,False,,0
observed_loss_worker,411,0.6980861933547781,1.0,0,2.9926735337503287,-1.4993730489120252,False,False,,0
observed_loss_worker,412,0.08596988540238791,0.0,0,2.9926735337503287,-1.4993730489120252,False,False,,0
observed_loss_worker,413,0.39401569437845874,0.0,0,2.9926735337503287,-1.4993730489120252,False,False,,0
observed_loss_worker,414,0.8492284376918207,1.0,0,2.9926735337503287,-1.4993730489120252,False,False,,0
observed_loss_worker,415,0.8850865374806103,1.0,0,2.9926735337503287,-1.4993730489120252,False,False,,0
observed_loss_worker,416,0.2663502744443846,0.0,0,2.9926735337503287,-1.4993730489120252,False,False,,0
observed_loss_worker,417,0.2634393206025308,0.0,0,2.9926735337503287,-1.4993730489120252,False,False,,0
observed_loss_worker,418,0.9599820767953516,1.0,0,2.9926735337503287,-1.4993730489120252,False,False,,0
observed_loss_worker,419,0.9917020405364386,1.0,0,2.9926735337503287,-1.4993730489120252,False,False,,0
observed_loss_worker,420,0.4177331731705565,0.0,0,2.9926735337503287,-1.4993730489120252,False,False,,0
observed_loss_worker,421,0.9975072929633292,1.0,0,2.9926735337503287,-1.4993730489120252,False,False,,0
observed_loss_worker,422,0.9157345061234882,1.0,0,2.9926735337503287,-1.4993730489120252,False,False,,0
observed_loss_worker,423,0.8621269337176026,1.0,0,2.9926735337503287,-1.4993730489120252,False,False,,0
observed_loss_worker,424,0.14361230403540237,0.0,0,2.9926735337503287,-1.4993730489120252,False,False,,0
observed_loss_worker,425,0.13160682764060266,0.0,0,2.9926735337503287,-1.4993730489120252,False,False,,0
observed_loss_worker,426,0.9370368121509838,1.0,0,2.9926735337503287,-1.4993730489120252,False,False,,0
observed_loss_worker,427,0.9995894224001748,1.0,0,2.9926735337503287,-1.4993730489120252,False,False,,0
observed_loss_worker,428,0.035291356759934736,0.0,0,2.9926735337503287,-1.4993730489120252,False,False,,0
observed_loss_worker,429,0.5192420148278312,1.0,0,2.9926735337503287,-1.4993730489120252,False,False,,0
observed_loss_worker,430,0.9952927548476296,1.0,0,2.9926735337503287,-1.4993730489120252,False,False,,0
observed_loss_worker,431,0.1493763932126629,0.0,0,2.9926735337503287,-1.4993730489120252,False,False,,0
observed_loss_worker,432,0.425822070322592,0.0,0,2.9926735337503287,-1.4993730489120252,False,False,,0
observed_loss_worker,433,0.06643604080470164,0.0,0,2.9926735337503287,-1.4993730489120252,False,False,,0
observed_loss_worker,434,0.3545787334848158,0.0,0,2.9926735337503287,-1.4993730489120252,False,False,,0
observed_loss_worker,435,0.3176494892054897,0.0,0,2.9926735337503287,-1.4993730489120252,False,False,,0
observed_loss_worker,436,0.9653584643906987,1.0,0,2.9926735337503287,-1.4993730489120252,False,False,,0
observed_loss_worker,437,0.002146164877302591,0.0,0,2.9926735337503287,-1.4993730489120252,False,False,,0
observed_loss_worker,438,0.6146648878714283,1.0,0,2.9926735337503287,-1.4993730489120252,False,False,,0
observed_loss_worker,439,0.5919460437434291,1.0,0,2.9926735337503287,-1.4993730489120252,False,False,,0
observed_loss_worker,440,0.05540060605682225,0.0,0,2.9926735337503287,-1.4993730489120252,False,False,,0
observed_loss_worker,441,0.9937614129964476,1.0,0,2.9926735337503287,-1.4993730489120252,False,False,,0
observed_loss_worker,442,0.540113203405865,1.0,0,2.9926735337503287,-1.4993730489120252,False,False,,0
observed_loss_worker,443,0.8902837692357826,1.0,0,2.9926735337503287,-1.4993730489120252,False,False,,0
observed_loss_worker,444,0.9960753501736929,1.0,0,2.9926735337503287,-1.4993730489120252,False,False,,0
observed_loss_worker,445,0.004489236992896976,0.0,0,2.9926735337503287,-1.4993730489120252,False,False,,0
observed_loss_worker,446,0.48192970304168903,0.0,0,2.9926735337503287,-1.4993730489120252,False,False,,0
observed_loss_worker,447,0.22330040904149123,0.0,0,2.9926735337503287,-1.4993730489120252,False,False,,0
observed_loss_worker,448,0.9451436630650617,1.0,0,2.9926735337503287,-1.4993730489120252,False,False,,0
observed_loss_worker,449,0.04763449423067328,0.0,0,2.9926735337503287,-1.4993730489120252,False,False,,0
observed_loss_worker,450,0.027651059101590193,0.0,0,2.9926735337503287,-1.4993730489120252,False,False,,0
observed_loss_worker,451,0.7755863111428902,1.0,0,2.9926735337503287,-1.4993730489120252,False,False,,0
observed_loss_worker,452,0.014058218899573422,0.0,0,2.9926735337503287,-1.4993730489120252,False,False,,0
observed_loss_worker,453,0.07746566046919913,0.0,0,2.9926735337503287,-1.4993730489120252,False,False,,0
observed_loss_worker,454,0.993025181392754,1.0,0,2.9926735337503287,-1.4993730489120252,False,False,,0
observed_loss_worker,455,0.0015562251075549691,0.0,0,2.9926735337503287,-1.4993730489120252,False,False,,0
observed_loss_worker,456,0.1510542793272465,0.0,0,2.9926735337503287,-1.4993730489120252,False,False,,0
observed_loss_worker,457,0.6357299406820308,1.0,0,2.9926735337503287,-1.4993730489120252,False,False,,0
observed_loss_worker,458,0.00549210533824614,0.0,0,2.9926735337503287,-1.4993730489120252,False,False,,0
observed_loss_worker,459,0.6482612699879451,1.0,0,2.9926735337503287,-1.4993730489120252,False,False,,0
observed_loss_worker,460,0.07358079966155165,0.0,0,2.9926735337503287,-1.4993730489120252,False,False,,0
observed_loss_worker,461,0.8709866613610197,1.0,0,2.9926735337503287,-1.4993730489120252,False,False,,0
observed_loss_worker,462,0.9721806216460908,1.0,0,2.9926735337503287,-1.4993730489120252,False,False,,0
observed_loss_worker,463,0.03764224156391411,0.0,0,2.9926735337503287,-1.4993730489120252,False,False,,0
observed_loss_worker,464,0.9481151020361568,1.0,0,2.9926735337503287,-1.4993730489120252,False,False,,0
observed_loss_worker,465,0.46474896542492156,0.0,0,2.9926735337503287,-1.4993730489120252,False,False,,0
observed_loss_worker,466,0.9223194332942996,1.0,0,2.9926735337503287,-1.4993730489120252,False,False,,0
observed_loss_worker,467,0.2877927285105595,0.0,0,2.9926735337503287,-1.4993730489120252,False,False,,0
observed_loss_worker,468,0.9001834870293915,1.0,0,2.9926735337503287,-1.4993730489120252,False,False,,0
observed_loss_worker,469,0.90319313041826,1.0,0,2.9926735337503287,-1.4993730489120252,False,False,,0
observed_loss_worker,470,0.1853432588011984,0.0,0,2.9926735337503287,-1.4993730489120252,False,False,,0
observed_loss_worker,471,0.9866904342725695,1.0,0,2.9926735337503287,-1.4993730489120252,False,False,,0
observed_loss_worker,472,0.028282049256775153,0.0,0,2.9926735337503287,-1.4993730489120252,False,False,,0
observed_loss_worker,473,0.056273296309092315,0.0,0,2.9926735337503287,-1.4993730489120252,False,False,,0
observed_loss_worker,474,0.5948086397854366,1.0,0,2.9926735337503287,-1.4993730489120252,False,False,,0
observed_loss_worker,475,0.8902972314026408,1.0,0,2.9926735337503287,-1.4993730489120252,False,False,,0
observed_loss_worker,476,0.7818984345551211,1.0,0,2.9926735337503287,-1.4993730489120252,False,False,,0
observed_loss_worker,477,0.4920820849588264,0.0,0,2.9926735337503287,-1.4993730489120252,False,False,,0
observed_loss_worker,478,0.8168910278468968,1.0,0,2.9926735337503287,-1.4993730489120252,False,False,,0
observed_loss_worker,479,0.9996621318877148,1.0,0,2.9926735337503287,-1.4993730489120252,False,False,,0
observed_loss_worker,480,0.113527201126045,0.0,0,2.9926735337503287,-1.4993730489120252,False,False,,0
observed_loss_worker,481,0.7522267287399768,1.0,0,2.9926735337503287,-1.4993730489120252,False,False,,0
observed_loss_worker,482,0.4782451467486847,0.0,0,2.9926735337503287,-1.4993730489120252,False,False,,0
observed_loss_worker,483,0.5573728563990916,1.0,0,2.9926735337503287,-1.4993730489120252,False,False,,0
observed_loss_worker,484,0.9702990046135695,1.0,0,2.9926735337503287,-1.4993730489120252,False,False,,0
observed_loss_worker,485,0.5557636413073251,1.0,0,2.9926735337503287,-1.4993730489120252,False,False,,0
observed_loss_worker,486,0.997268855122039,1.0,0,2.9926735337503287,-1.4993730489120252,False,False,,0
observed_loss_worker,487,0.010707992612784878,0.0,0,2.9926735337503287,-1.4993730489120252,False,False,,0
observed_loss_worker,488,0.867399654177196,1.0,0,2.9926735337503287,-1.4993730489120252,False,False,,0
observed_loss_worker,489,0.9742575279162329,1.0,0,2.9926735337503287,-1.4993730489120252,False,False,,0
observed_loss_worker,490,0.03299692328036195,0.0,0,2.9926735337503287,-1.4993730489120252,False,False,,0
observed_loss_worker,491,0.132949893806165,0.0,0,2.9926735337503287,-1.4993730489120252,False,False,,0
observed_loss_worker,492,0.9366393303108187,1.0,0,2.9926735337503287,-1.4993730489120252,False,False,,0
observed_loss_worker,493,0.0010163804114991012,0.0,0,2.9926735337503287,-1.4993730489120252,False,False,,0
observed_loss_worker,494,0.8561948099821145,1.0,0,2.9926735337503287,-1.4993730489120252,False,False,,0
observed_loss_worker,495,0.019833518737995774,0.0,0,2.9926735337503287,-1.4993730489120252,False,False,,0
observed_loss_worker,496,0.6784539631733073,1.0,0,2.9926735337503287,-1.4993730489120252,False,False,,0
observed_loss_worker,497,0.7897236637299434,1.0,0,2.9926735337503287,-1.4993730489120252,False,False,,0
observed_loss_worker,498,0.7671309633277335,1.0,0,2.9926735337503287,-1.4993730489120252,False,False,,0
observed_loss_worker,499,0.9899793957572952,1.0,0,2.9926735337503287,-1.4993730489120252,False,False,,0
observed_loss_worker,500,0.19556948312716552,0.0,0,2.9926735337503287,-1.4993730489120252,False,False,,0
observed_loss_worker,501,0.8232598802517708,1.0,0,2.9926735337503287,-1.4993730489120252,False,False,,0
observed_loss_worker,502,0.10721855064202969,0.0,0,2.9926735337503287,-1.4993730489120252,False,False,,0
observed_loss_worker,503,0.9732545621345906,1.0,0,2.9926735337503287,-1.4993730489120252,False,False,,0
observed_loss_worker,504,0.9574697431573974,1.0,0,2.9926735337503287,-1.4993730489120252,False,False,,0
observed_loss_worker,505,0.48162268926922347,0.0,0,2.9926735337503287,-1.4993730489120252,False,False,,0
observed_loss_worker,506,0.02844022150030145,0.0,0,2.9926735337503287,-1.4993730489120252,False,False,,0
observed_loss_worker,507,0.0002641986164293712,0.0,0,2.9926735337503287,-1.4993730489120252,False,False,,0
observed_loss_worker,508,0.9725647138823491,1.0,0,2.9926735337503287,-1.4993730489120252,False,False,,0
observed_loss_worker,509,0.5606074009162287,1.0,0,2.9926735337503287,-1.4993730489120252,False,False,,0
observed_loss_worker,510,0.9876908846473229,1.0,0,2.9926735337503287,-1.4993730489120252,False,False,,0
observed_loss_worker,511,0.9990998745924692,1.0,0,2.9926735337503287,-1.4993730489120252,False,False,,0
observed_loss_worker,512,0.005103792625946834,0.0,0,2.9926735337503287,-1.4993730489120252,False,False,,0
observed_loss_worker,513,0.8412753519711763,1.0,0,2.9926735337503287,-1.4993730489120252,False,False,,0
observed_loss_worker,514,0.9563451963832618,1.0,0,2.9926735337503287,-1.4993730489120252,False,False,,0
observed_loss_worker,515,0.044939027270226375,0.0,0,2.9926735337503287,-1.4993730489120252,False,False,,0
observed_loss_worker,516,0.5859916129795174,1.0,0,2.9926735337503287,-1.4993730489120252,False,False,,0
observed_loss_worker,517,0.25947650778319736,0.0,0,2.9926735337503287,-1.4993730489120252,False,False,,0
observed_loss_worker,518,0.9835727752728661,1.0,0,2.9926735337503287,-1.4993730489120252,False,False,,0
observed_loss_worker,519,0.10945721896656042,0.0,0,2.9926735337503287,-1.4993730489120252,False,False,,0
observed_loss_worker,520,0.0009710771209278862,0.0,0,2.9926735337503287,-1.4993730489120252,False,False,,0
observed_loss_worker,521,0.9894898667925474,1.0,0,2.9926735337503287,-1.4993730489120252,False,False,,0
observed_loss_worker,522,0.0057406014514219525,0.0,0,2.9926735337503287,-1.4993730489120252,False,False,,0
observed_loss_worker,523,0.7467132221443791,1.0,0,2.9926735337503287,-1.4993730489120252,False,False,,0
observed_loss_worker,524,0.06439127280685004,0.0,0,2.9926735337503287,-1.4993730489120252,False,False,,0
observed_loss_worker,525,0.995597075829702,1.0,0,2.9926735337503287,-1.4993730489120252,False,False,,0
observed_loss_worker,526,0.6501218130666835,1.0,0,2.9926735337503287,-1.4993730489120252,False,False,,0
observed_loss_worker,527,0.9964207931706994,1.0,0,2.9926735337503287,-1.4993730489120252,False,False,,0
observed_loss_worker,528,0.43831954018958863,0.0,0,2.9926735337503287,-1.4993730489120252,False,False,,0
observed_loss_worker,529,0.008475491479567752,0.0,0,2.9926735337503287,-1.4993730489120252,False,False,,0
observed_loss_worker,530,0.1431451057247652,0.0,0,2.9926735337503287,-1.4993730489120252,False,False,,0
observed_loss_worker,531,0.04227139483313809,0.0,0,2.9926735337503287,-1.4993730489120252,False,False,,0
observed_loss_worker,532,0.49330330890949087,0.0,0,2.9926735337503287,-1.4993730489120252,False,False,,0
observed_loss_worker,533,0.1751829463612319,0.0,0,2.9926735337503287,-1.4993730489120252,False,False,,0
observed_loss_worker,534,0.6783350947413284,1.0,0,2.9926735337503287,-1.4993730489120252,False,False,,0
observed_loss_worker,535,0.3412122706049017,0.0,0,2.9926735337503287,-1.4993730489120252,False,False,,0
observed_loss_worker,536,0.9549054517810607,1.0,0,2.9926735337503287,-1.4993730489120252,False,False,,0
observed_loss_worker,537,0.918311510763555,1.0,0,2.9926735337503287,-1.4993730489120252,False,False,,0
observed_loss_worker,538,0.8447609006176764,1.0,0,2.9926735337503287,-1.4993730489120252,False,False,,0
observed_loss_worker,539,0.011128353732936759,0.0,0,2.9926735337503287,-1.4993730489120252,False,False,,0
observed_loss_worker,540,0.35655666001409847,0.0,0,2.9926735337503287,-1.4993730489120252,False,False,,0
observed_loss_worker,541,0.025669501825625326,0.0,0,2.9926735337503287,-1.4993730489120252,False,False,,0
observed_loss_worker,542,0.7912215919509988,1.0,0,2.9926735337503287,-1.4993730489120252,False,False,,0
observed_loss_worker,543,0.20618231014588334,0.0,0,2.9926735337503287,-1.4993730489120252,False,False,,0
observed_loss_worker,544,0.8635755101393511,1.0,0,2.9926735337503287,-1.4993730489120252,False,False,,0
observed_loss_worker,545,0.09340622362412461,0.0,0,2.9926735337503287,-1.4993730489120252,False,False,,0
observed_loss_worker,546,0.9793082227168359,1.0,0,2.9926735337503287,-1.4993730489120252,False,False,,0
observed_loss_worker,547,0.012441029926192155,0.0,0,2.9926735337503287,-1.4993730489120252,False,False,,0
observed_loss_worker,548,0.3941103252364566,0.0,0,2.9926735337503287,-1.4993730489120252,False,False,,0
observed_loss_worker,549,0.9881570767169298,1.0,0,2.9926735337503287,-1.4993730489120252,False,False,,0
observed_loss_worker,550,0.0008884993846496182,0.0,0,2.9926735337503287,-1.4993730489120252,False,False,,0
observed_loss_worker,551,0.1351342610031653,0.0,0,2.9926735337503287,-1.4993730489120252,False,False,,0
observed_loss_worker,552,0.8594505858842294,1.0,0,2.9926735337503287,-1.4993730489120252,False,False,,0
observed_loss_worker,553,0.6446690080148023,1.0,0,2.9926735337503287,-1.4993730489120252,False,False,,0
observed_loss_worker,554,0.002456489765415814,0.0,0,2.9926735337503287,-1.4993730489120252,False,False,,0
observed_loss_worker,555,0.9994939264268372,1.0,0,2.9926735337503287,-1.4993730489120252,False,False,,0
observed_loss_worker,556,0.050770600117911124,0.0,0,2.9926735337503287,-1.4993730489120252,False,False,,0
observed_loss_worker,557,0.8946573049334112,1.0,0,2.9926735337503287,-1.4993730489120252,False,False,,0
observed_loss_worker,558,0.5172834424250684,1.0,0,2.9926735337503287,-1.4993730489120252,False,False,,0
observed_loss_worker,559,0.9733491242257655,1.0,0,2.9926735337503287,-1.4993730489120252,False,False,,0
observed_loss_worker,560,0.020641964021348186,0.0,0,2.9926735337503287,-1.4993730489120252,False,False,,0
observed_loss_worker,561,0.058133692055260665,0.0,0,2.9926735337503287,-1.4993730489120252,False,False,,0
observed_loss_worker,562,0.49711863929704014,0.0,0,2.9926735337503287,-1.4993730489120252,False,False,,0
observed_loss_worker,563,0.20085517437287628,0.0,0,2.9926735337503287,-1.4993730489120252,False,False,,0
observed_loss_worker,564,0.8595650442657818,1.0,0,2.9926735337503287,-1.4993730489120252,False,False,,0
observed_loss_worker,565,0.3885734002651549,0.0,0,2.9926735337503287,-1.4993730489120252,False,False,,0
observed_loss_worker,566,0.6083516020825851,1.0,0,2.9926735337503287,-1.4993730489120252,False,False,,0
observed_loss_worker,567,0.8679743057121575,1.0,0,2.9926735337503287,-1.4993730489120252,False,False,,0
observed_loss_worker,568,0.009820920688823266,0.0,0,2.9926735337503287,-1.4993730489120252,False,False,,0
observed_loss_worker,569,0.36966552042098416,0.0,0,2.9926735337503287,-1.4993730489120252,False,False,,0
observed_loss_worker,570,0.6963780264967845,1.0,0,2.9926735337503287,-1.4993730489120252,False,False,,0
observed_loss_worker,571,0.9813177030816809,1.0,0,2.9926735337503287,-1.4993730489120252,False,False,,0
observed_loss_worker,572,0.09768932119153202,0.0,0,2.9926735337503287,-1.4993730489120252,False,False,,0
observed_loss_worker,573,0.9380422795225096,1.0,0,2.9926735337503287,-1.4993730489120252,False,False,,0
observed_loss_worker,574,0.5893430919422068,1.0,0,2.9926735337503287,-1.4993730489120252,False,False,,0
observed_loss_worker,575,0.45893836876286803,0.0,0,2.9926735337503287,-1.4993730489120252,False,False,,0
observed_loss_worker,576,0.042360186290514745,0.0,0,2.9926735337503287,-1.4993730489120252,False,False,,0
observed_loss_worker,577,0.004750496091336661,0.0,0,2.9926735337503287,-1.4993730489120252,False,False,,0
observed_loss_worker,578,0.24666429926879027,0.0,0,2.9926735337503287,-1.4993730489120252,False,False,,0
observed_loss_worker,579,0.6302360188035326,1.0,0,2.9926735337503287,-1.4993730489120252,False,False,,0
observed_loss_worker,580,0.7625017503508525,1.0,0,2.9926735337503287,-1.4993730489120252,False,False,,0
observed_loss_worker,581,0.31564062154937766,0.0,0,2.9926735337503287,-1.4993730489120252,False,False,,0
observed_loss_worker,582,0.9509293985287665,1.0,0,2.9926735337503287,-1.4993730489120252,False,False,,0
observed_loss_worker,583,0.0025026378281318364,0.0,0,2.9926735337503287,-1.4993730489120252,False,False,,0
observed_loss_worker,584,0.2779195253819905,0.0,0,2.9926735337503287,-1.4993730489120252,False,False,,0
observed_loss_worker,585,0.7252658004842392,1.0,0,2.9926735337503287,-1.4993730489120252,False,False,,0
observed_loss_worker,586,0.1600380824682642,0.0,0,2.9926735337503287,-1.4993730489120252,False,False,,0
observed_loss_worker,587,0.20360917137317855,0.0,0,2.9926735337503287,-1.4993730489120252,False,False,,0
observed_loss_worker,588,0.6757755663649994,1.0,0,2.9926735337503287,-1.4993730489120252,False,False,,0
observed_loss_worker,589,0.12350176616641424,0.0,0,2.9926735337503287,-1.4993730489120252,False,False,,0
observed_loss_worker,590,0.548793536895716,1.0,0,2.9926735337503287,-1.4993730489120252,False,False,,0
observed_loss_worker,591,0.9172397841275388,1.0,0,2.9926735337503287,-1.4993730489120252,False,False,,0
observed_loss_worker,592,0.9460993581888227,1.0,0,2.9926735337503287,-1.4993730489120252,False,False,,0
observed_loss_worker,593,0.031510256415676216,0.0,0,2.9926735337503287,-1.4993730489120252,False,False,,0
observed_loss_worker,594,0.5224204233328199,1.0,0,2.9926735337503287,-1.4993730489120252,False,False,,0
observed_loss_worker,595,0.5058132120339655,1.0,0,2.9926735337503287,-1.4993730489120252,False,False,,0
observed_loss_worker,596,0.5888755603406208,1.0,0,2.9926735337503287,-1.4993730489120252,False,False,,0
observed_loss_worker,597,0.21531670041804574,0.0,0,2.9926735337503287,-1.4993730489120252,False,False,,0
observed_loss_worker,598,0.9973089451325245,1.0,0,2.9926735337503287,-1.4993730489120252,False,False,,0
observed_loss_worker,599,0.9551281247583865,1.0,0,2.9926735337503287,-1.4993730489120252,False,False,,0
observed_loss_worker,600,0.17964912251026044,1.0,0,2.9926735337503287,-1.4993730489120252,False,False,,0
observed_loss_worker,601,0.10067783687673595,1.0,0,2.9926735337503287,-1.4993730489120252,False,False,,0
observed_loss_worker,602,0.06695989109685876,1.0,0,2.9926735337503287,-1.4993730489120252,False,False,,0
observed_loss_worker,603,0.38061666281110557,1.0,0,2.9926735337503287,-1.4993730489120252,False,False,,0
observed_loss_worker,604,0.8918315491269742,0.0,0,2.9926735337503287,-1.4993730489120252,False,False,,0
observed_loss_worker,605,0.6323838535743469,0.0,0,2.9926735337503287,-1.4993730489120252,False,False,,0
observed_loss_worker,606,0.40552960852937203,1.0,0,2.9926735337503287,-1.4993730489120252,False,False,,0
observed_loss_worker,607,0.8770253449169733,0.0,0,2.9926735337503287,-1.4993730489120252,False,False,,0
observed_loss_worker,608,0.9807398442532801,0.0,0,2.9926735337503287,-1.4993730489120252,False,False,,0
observed_loss_worker,609,0.034213834211865676,1.0,0,2.9926735337503287,-1.4993730489120252,False,False,,0
observed_loss_worker,610,0.06103533049313673,1.0,0,2.9926735337503287,-1.4993730489120252,False,False,,0
observed_loss_worker,611,0.7544581296663683,0.0,0,2.9926735337503287,-1.4993730489120252,False,False,,0
observed_loss_worker,612,0.9473235317442541,0.0,0,2.9926735337503287,-1.4993730489120252,False,False,,0
observed_loss_worker,613,0.9707148658115312,0.0,0,2.9926735337503287,-1.4993730489120252,False,False,,0
observed_loss_worker,614,0.11228536475187059,1.0,0,2.9926735337503287,-1.4993730489120252,False,False,,0
observed_loss_worker,615,0.6928103222071578,0.0,0,2.9926735337503287,-1.4993730489120252,False,False,,0
observed_loss_worker,616,0.6908121466011681,0.0,0,2.9926735337503287,-1.4993730489120252,False,False,,0
observed_loss_worker,617,0.5325026727081045,0.0,0,2.9926735337503287,-1.4993730489120252,False,False,,0
observed_loss_worker,618,0.9991221377005959,0.0,0,2.9926735337503287,-1.4993730489120252,False,False,,0
observed_loss_worker,619,0.6471324643534678,0.0,0,2.9926735337503287,-1.4993730489120252,False,False,,0
observed_loss_worker,620,0.021604256942865968,1.0,0,2.9926735337503287,-1.4993730489120252,False,False,,0
observed_loss_worker,621,0.12659247127025863,1.0,0,2.9926735337503287,-1.4993730489120252,False,False,,0
observed_loss_worker,622,0.5334226192934605,0.0,0,2.9926735337503287,-1.4993730489120252,False,False,,0
observed_loss_worker,623,0.0003283271361396473,1.0,0,2.9926735337503287,-1.4993730489120252,False,False,,0
observed_loss_worker,624,0.7141452378475348,0.0,0,2.9926735337503287,-1.4993730489120252,False,False,,0
observed_loss_worker,625,0.022830418249267768,1.0,0,2.9926735337503287,-1.4993730489120252,True,False,633,32
observed_loss_worker,626,0.040432507476646194,1.0,0,2.9926735337503287,-1.4993730489120252,False,False,633,32
observed_loss_worker,627,0.23618789426924275,1.0,0,2.9926735337503287,-1.4993730489120252,False,False,633,32
observed_loss_worker,628,0.4856084606001077,1.0,0,2.9926735337503287,-1.4993730489120252,False,False,633,32
observed_loss_worker,629,0.13817223026591582,1.0,0,2.9926735337503287,-1.4993730489120252,False,False,633,32
observed_loss_worker,630,0.8316014362711291,0.0,0,2.9926735337503287,-1.4993730489120252,False,False,633,32
observed_loss_worker,631,0.5456496326217787,0.0,0,2.9926735337503287,-1.4993730489120252,False,False,633,32
observed_loss_worker,632,0.008058749701927178,1.0,0,2.9926735337503287,-1.4993730489120252,False,False,633,32
observed_loss_worker,633,0.08499584058639334,1.0,1,2.4706851999398434,-0.9690630643162246,False,True,,32
observed_loss_worker,634,0.8822337841203042,0.0,1,2.4706851999398434,-0.9690630643162246,False,False,,32
observed_loss_worker,635,0.1268180485029105,1.0,1,2.4706851999398434,-0.9690630643162246,False,False,,32
observed_loss_worker,636,0.5764849279719396,1.0,1,2.4706851999398434,-0.9690630643162246,False,False,,32
observed_loss_worker,637,0.012092752742060496,1.0,1,2.4706851999398434,-0.9690630643162246,False,False,,32
observed_loss_worker,638,0.8917361283680433,0.0,1,2.4706851999398434,-0.9690630643162246,False,False,,32
observed_loss_worker,639,0.9962736512632316,0.0,1,2.4706851999398434,-0.9690630643162246,False,False,,32
observed_loss_worker,640,0.3432139477567853,1.0,1,2.4706851999398434,-0.9690630643162246,False,False,,32
observed_loss_worker,641,0.0898297174807655,1.0,1,2.4706851999398434,-0.9690630643162246,False,False,,32
observed_loss_worker,642,0.982494553732411,0.0,1,2.4706851999398434,-0.9690630643162246,False,False,,32
observed_loss_worker,643,0.8843175829376171,0.0,1,2.4706851999398434,-0.9690630643162246,False,False,,32
observed_loss_worker,644,0.23034526299846797,1.0,1,2.4706851999398434,-0.9690630643162246,False,False,,32
observed_loss_worker,645,0.9800675715319844,0.0,1,2.4706851999398434,-0.9690630643162246,False,False,,32
observed_loss_worker,646,0.2020957038517021,1.0,1,2.4706851999398434,-0.9690630643162246,False,False,,32
observed_loss_worker,647,0.6086161478209136,0.0,1,2.4706851999398434,-0.9690630643162246,False,False,,32
observed_loss_worker,648,0.8670775530368843,0.0,1,2.4706851999398434,-0.9690630643162246,False,False,,32
observed_loss_worker,649,0.4809351170512831,1.0,1,2.4706851999398434,-0.9690630643162246,False,False,,32
observed_loss_worker,650,0.8060449210011215,0.0,1,2.4706851999398434,-0.9690630643162246,False,False,,32
observed_loss_worker,651,0.2660059252990819,1.0,1,2.4706851999398434,-0.9690630643162246,False,False,,32
observed_loss_worker,652,0.10848767174292409,1.0,1,2.4706851999398434,-0.9690630643162246,False,False,,32
observed_loss_worker,653,0.13994213457228238,1.0,1,2.4706851999398434,-0.9690630643162246,False,False,,32
observed_loss_worker,654,0.07598937989239714,1.0,1,2.4706851999398434,-0.9690630643162246,False,False,,32
observed_loss_worker,655,0.9102311010201005,0.0,1,2.4706851999398434,-0.9690630643162246,False,False,,32
observed_loss_worker,656,0.014493463315308583,1.0,1,2.4706851999398434,-0.9690630643162246,False,False,,32
observed_loss_worker,657,0.8286368003712477,0.0,1,2.4706851999398434,-0.9690630643162246,False,False,,32
observed_loss_worker,658,0.8713879306350555,0.0,1,2.4706851999398434,-0.9690630643162246,False,False,,32
observed_loss_worker,659,0.19810840137639693,1.0,1,2.4706851999398434,-0.9690630643162246,False,False,,32
observed_loss_worker,660,0.6611099160179208,0.0,1,2.4706851999398434,-0.9690630643162246,False,False,,32
observed_loss_worker,661,0.46252285197669646,0.0,1,2.4706851999398434,-0.9690630643162246,False,False,,32
observed_loss_worker,662,0.9887030971671494,0.0,1,2.4706851999398434,-0.9690630643162246,False,False,,32
observed_loss_worker,663,0.5127049126617719,0.0,1,2.4706851999398434,-0.9690630643162246,False,False,,32
observed_loss_worker,664,0.15487202747549136,1.0,1,2.4706851999398434,-0.9690630643162246,False,False,,32
observed_loss_worker,665,0.8483920343005578,0.0,1,2.4706851999398434,-0.9690630643162246,False,False,,32
observed_loss_worker,666,0.23308489159596094,1.0,1,2.4706851999398434,-0.9690630643162246,False,False,,32
observed_loss_worker,667,0.9584841902542796,0.0,1,2.4706851999398434,-0.9690630643162246,False,False,,32
observed_loss_worker,668,0.054188944349706426,1.0,1,2.4706851999398434,-0.9690630643162246,False,False,,32
observed_loss_worker,669,0.974612459373433,0.0,1,2.4706851999398434,-0.9690630643162246,False,False,,32
observed_loss_worker,670,0.07827732051962477,1.0,1,2.4706851999398434,-0.9690630643162246,False,False,,32
observed_loss_worker,671,0.815850724840482,0.0,1,2.4706851999398434,-0.9690630643162246,False,False,,32
observed_loss_worker,672,0.013432811848228168,1.0,1,2.4706851999398434,-0.9690630643162246,False,False,,32
observed_loss_worker,673,0.33522690614086575,1.0,1,2.4706851999398434,-0.9690630643162246,False,False,,32
observed_loss_worker,674,0.3190490585910599,1.0,1,2.4706851999398434,-0.9690630643162246,False,False,,32
observed_loss_worker,675,0.05439167437675335,1.0,1,2.4706851999398434,-0.9690630643162246,False,False,,32
observed_loss_worker,676,0.9607353668858847,0.0,1,2.4706851999398434,-0.9690630643162246,False,False,,32
observed_loss_worker,677,0.7957293046552828,0.0,1,2.4706851999398434,-0.9690630643162246,False,False,,32
observed_loss_worker,678,0.9709394828939439,0.0,1,2.4706851999398434,-0.9690630643162246,False,False,,32
observed_loss_worker,679,0.6860453035871718,0.0,1,2.4706851999398434,-0.9690630643162246,False,False,,32
observed_loss_worker,680,0.9953421250514315,0.0,1,2.4706851999398434,-0.9690630643162246,False,False,,32
observed_loss_worker,681,0.4053644839998748,1.0,1,2.4706851999398434,-0.9690630643162246,False,False,,32
observed_loss_worker,682,0.8853946221810447,0.0,1,2.4706851999398434,-0.9690630643162246,False,False,,32
observed_loss_worker,683,0.02924443249329639,1.0,1,2.4706851999398434,-0.9690630643162246,False,False,,32
observed_loss_worker,684,0.28307899844660167,1.0,1,2.4706851999398434,-0.9690630643162246,False,False,,32
observed_loss_worker,685,0.9062234470437237,0.0,1,2.4706851999398434,-0.9690630643162246,False,False,,32
observed_loss_worker,686,0.8376843455498107,0.0,1,2.4706851999398434,-0.9690630643162246,False,False,,32
observed_loss_worker,687,0.11318989153187946,1.0,1,2.4706851999398434,-0.9690630643162246,False,False,,32
observed_loss_worker,688,0.06536929118574478,1.0,1,2.4706851999398434,-0.9690630643162246,False,False,,32
observed_loss_worker,689,0.07312073705862998,1.0,1,2.4706851999398434,-0.9690630643162246,True,False,697,64
observed_loss_worker,690,0.3432006795952415,1.0,1,2.4706851999398434,-0.9690630643162246,False,False,697,64
observed_loss_worker,691,0.23814568924788934,1.0,1,2.4706851999398434,-0.9690630643162246,False,False,697,64
observed_loss_worker,692,0.5441996824005049,0.0,1,2.4706851999398434,-0.9690630643162246,False,False,697,64
observed_loss_worker,693,0.4748853988051885,1.0,1,2.4706851999398434,-0.9690630643162246,False,False,697,64
observed_loss_worker,694,0.0045109371089527475,1.0,1,2.4706851999398434,-0.9690630643162246,False,False,697,64
observed_loss_worker,695,0.6873007934084604,0.0,1,2.4706851999398434,-0.9690630643162246,False,False,697,64
observed_loss_worker,696,0.021698110919201014,1.0,1,2.4706851999398434,-0.9690630643162246,False,False,697,64
observed_loss_worker,697,0.24852120068572464,0.0,2,-0.4105514217819188,0.5624808222175494,False,True,,64
observed_loss_worker,698,0.5822904385194175,1.0,2,-0.4105514217819188,0.5624808222175494,False,False,,64
observed_loss_worker,699,0.7183306042998169,1.0,2,-0.4105514217819188,0.5624808222175494,False,False,,64
observed_loss_worker,700,0.69227975138774,1.0,2,-0.4105514217819188,0.5624808222175494,False,False,,64
observed_loss_worker,701,0.6376312410947621,1.0,2,-0.4105514217819188,0.5624808222175494,False,False,,64
observed_loss_worker,702,0.3927328874877677,0.0,2,-0.4105514217819188,0.5624808222175494,False,False,,64
observed_loss_worker,703,0.32013440654431524,0.0,2,-0.4105514217819188,0.5624808222175494,False,False,,64
observed_loss_worker,704,0.23344197590610274,0.0,2,-0.4105514217819188,0.5624808222175494,False,False,,64
observed_loss_worker,705,0.6839403569915555,1.0,2,-0.4105514217819188,0.5624808222175494,False,False,,64
observed_loss_worker,706,0.5991855126887669,1.0,2,-0.4105514217819188,0.5624808222175494,False,False,,64
observed_loss_worker,707,0.6524366258969412,1.0,2,-0.4105514217819188,0.5624808222175494,False,False,,64
observed_loss_worker,708,0.39430406196561,0.0,2,-0.4105514217819188,0.5624808222175494,False,False,,64
observed_loss_worker,709,0.594002908576176,1.0,2,-0.4105514217819188,0.5624808222175494,False,False,,64
observed_loss_worker,710,0.38104302061294415,0.0,2,-0.4105514217819188,0.5624808222175494,False,False,,64
observed_loss_worker,711,0.6377260142553839,1.0,2,-0.4105514217819188,0.5624808222175494,False,False,,64
observed_loss_worker,712,0.6690302290399239,1.0,2,-0.4105514217819188,0.5624808222175494,False,False,,64
observed_loss_worker,713,0.8017375998894499,1.0,2,-0.4105514217819188,0.5624808222175494,False,False,,64
observed_loss_worker,714,0.3848891373958408,1.0,2,-0.4105514217819188,0.5624808222175494,False,False,,64
observed_loss_worker,715,0.4915601478643891,1.0,2,-0.4105514217819188,0.5624808222175494,False,False,,64
observed_loss_worker,716,0.5104442347610552,0.0,2,-0.4105514217819188,0.5624808222175494,False,False,,64
observed_loss_worker,717,0.532373462920735,0.0,2,-0.4105514217819188,0.5624808222175494,False,False,,64
observed_loss_worker,718,0.4719290090750469,0.0,2,-0.4105514217819188,0.5624808222175494,False,False,,64
observed_loss_worker,719,0.7219389872197262,1.0,2,-0.4105514217819188,0.5624808222175494,False,False,,64
observed_loss_worker,720,0.407724834326299,0.0,2,-0.4105514217819188,0.5624808222175494,False,False,,64
observed_loss_worker,721,0.66670945071969,1.0,2,-0.4105514217819188,0.5624808222175494,False,False,,64
observed_loss_worker,722,0.6074541133981789,1.0,2,-0.4105514217819188,0.5624808222175494,False,False,,64
observed_loss_worker,723,0.43687620825320966,0.0,2,-0.4105514217819188,0.5624808222175494,False,False,,64
observed_loss_worker,724,0.6952564182589788,1.0,2,-0.4105514217819188,0.5624808222175494,False,False,,64
observed_loss_worker,725,0.5557119293209773,0.0,2,-0.4105514217819188,0.5624808222175494,False,False,,64
observed_loss_worker,726,0.5237908327112961,1.0,2,-0.4105514217819188,0.5624808222175494,False,False,,64
observed_loss_worker,727,0.5863057989081334,1.0,2,-0.4105514217819188,0.5624808222175494,False,False,,64
observed_loss_worker,728,0.5381083640420128,0.0,2,-0.4105514217819188,0.5624808222175494,False,False,,64
observed_loss_worker,729,0.6405320525558431,1.0,2,-0.4105514217819188,0.5624808222175494,False,False,,64
observed_loss_worker,730,0.6223906919436131,1.0,2,-0.4105514217819188,0.5624808222175494,False,False,,64
observed_loss_worker,731,0.6006837839019074,1.0,2,-0.4105514217819188,0.5624808222175494,False,False,,64
observed_loss_worker,732,0.40821983685544416,0.0,2,-0.4105514217819188,0.5624808222175494,False,False,,64
observed_loss_worker,733,0.27890685710398105,0.0,2,-0.4105514217819188,0.5624808222175494,False,False,,64
observed_loss_worker,734,0.5206411251861877,1.0,2,-0.4105514217819188,0.5624808222175494,False,False,,64
observed_loss_worker,735,0.32275315905100016,0.0,2,-0.4105514217819188,0.5624808222175494,False,False,,64
observed_loss_worker,736,0.6510347101130827,1.0,2,-0.4105514217819188,0.5624808222175494,False,False,,64
observed_loss_worker,737,0.572029226755917,1.0,2,-0.4105514217819188,0.5624808222175494,False,False,,64
observed_loss_worker,738,0.7907593185301084,1.0,2,-0.4105514217819188,0.5624808222175494,False,False,,64
observed_loss_worker,739,0.1911184669235485,0.0,2,-0.4105514217819188,0.5624808222175494,False,False,,64
observed_loss_worker,740,0.2836016817494066,0.0,2,-0.4105514217819188,0.5624808222175494,False,False,,64
observed_loss_worker,741,0.6694529177755648,1.0,2,-0.4105514217819188,0.5624808222175494,False,False,,64
observed_loss_worker,742,0.6616358836414797,1.0,2,-0.4105514217819188,0.5624808222175494,False,False,,64
observed_loss_worker,743,0.4676969356253985,0.0,2,-0.4105514217819188,0.5624808222175494,False,False,,64
observed_loss_worker,744,0.7474841632577797,1.0,2,-0.4105514217819188,0.5624808222175494,False,False,,64
observed_loss_worker,745,0.5006122393828453,0.0,2,-0.4105514217819188,0.5624808222175494,False,False,,64
observed_loss_worker,746,0.5053521398076314,0.0,2,-0.4105514217819188,0.5624808222175494,False,False,,64
observed_loss_worker,747,0.6575683570970805,1.0,2,-0.4105514217819188,0.5624808222175494,False,False,,64
observed_loss_worker,748,0.763655701777702,1.0,2,-0.4105514217819188,0.5624808222175494,False,False,,64
observed_loss_worker,749,0.6935655579704944,1.0,2,-0.4105514217819188,0.5624808222175494,False,False,,64
observed_loss_worker,750,0.6389692909991664,1.0,2,-0.4105514217819188,0.5624808222175494,False,False,,64
observed_loss_worker,751,0.6572731579049303,1.0,2,-0.4105514217819188,0.5624808222175494,False,False,,64
observed_loss_worker,752,0.38717889123015536,0.0,2,-0.4105514217819188,0.5624808222175494,False,False,,64
observed_loss_worker,753,0.38491294841490575,0.0,2,-0.4105514217819188,0.5624808222175494,False,False,,64
observed_loss_worker,754,0.6754711864889837,1.0,2,-0.4105514217819188,0.5624808222175494,False,False,,64
observed_loss_worker,755,0.563453837282317,0.0,2,-0.4105514217819188,0.5624808222175494,False,False,,64
observed_loss_worker,756,0.6029385420583677,1.0,2,-0.4105514217819188,0.5624808222175494,False,False,,64
observed_loss_worker,757,0.5634792145843743,1.0,2,-0.4105514217819188,0.5624808222175494,False,False,,64
observed_loss_worker,758,0.3017208986452627,0.0,2,-0.4105514217819188,0.5624808222175494,False,False,,64
observed_loss_worker,759,0.6797333965322392,1.0,2,-0.4105514217819188,0.5624808222175494,False,False,,64
observed_loss_worker,760,0.466745891784643,0.0,2,-0.4105514217819188,0.5624808222175494,False,False,,64
observed_loss_worker,761,0.4922519107734756,0.0,2,-0.4105514217819188,0.5624808222175494,False,False,,64
observed_loss_worker,762,0.533570092530023,1.0,2,-0.4105514217819188,0.5624808222175494,False,False,,64
observed_loss_worker,763,0.7329024217566182,1.0,2,-0.4105514217819188,0.5624808222175494,False,False,,64
observed_loss_worker,764,0.4690338651465048,0.0,2,-0.4105514217819188,0.5624808222175494,False,False,,64
observed_loss_worker,765,0.5596222300197771,1.0,2,-0.4105514217819188,0.5624808222175494,False,False,,64
observed_loss_worker,766,0.4854910678155382,0.0,2,-0.4105514217819188,0.5624808222175494,False,False,,64
observed_loss_worker,767,0.3866975403360329,0.0,2,-0.4105514217819188,0.5624808222175494,False,False,,64
observed_loss_worker,768,0.493338791179637,0.0,2,-0.4105514217819188,0.5624808222175494,False,False,,64
observed_loss_worker,769,0.5130915474814374,0.0,2,-0.4105514217819188,0.5624808222175494,False,False,,64
observed_loss_worker,770,0.693327423159278,1.0,2,-0.4105514217819188,0.5624808222175494,False,False,,64
observed_loss_worker,771,0.5154293309953097,1.0,2,-0.4105514217819188,0.5624808222175494,False,False,,64
observed_loss_worker,772,0.5275778001371316,1.0,2,-0.4105514217819188,0.5624808222175494,False,False,,64
observed_loss_worker,773,0.7131742657891841,1.0,2,-0.4105514217819188,0.5624808222175494,False,False,,64
observed_loss_worker,774,0.35619595580361774,0.0,2,-0.4105514217819188,0.5624808222175494,False,False,,64
observed_loss_worker,775,0.5336713920581865,1.0,2,-0.4105514217819188,0.5624808222175494,False,False,,64
observed_loss_worker,776,0.7837982076248079,1.0,2,-0.4105514217819188,0.5624808222175494,False,False,,64
observed_loss_worker,777,0.626235780822436,1.0,2,-0.4105514217819188,0.5624808222175494,False,False,,64
observed_loss_worker,778,0.7016597173554201,1.0,2,-0.4105514217819188,0.5624808222175494,False,False,,64
observed_loss_worker,779,0.3721497096496056,0.0,2,-0.4105514217819188,0.5624808222175494,False,False,,64
observed_loss_worker,780,0.430856815433551,0.0,2,-0.4105514217819188,0.5624808222175494,False,False,,64
observed_loss_worker,781,0.35108399263422835,0.0,2,-0.4105514217819188,0.5624808222175494,False,False,,64
observed_loss_worker,782,0.7605580068471268,1.0,2,-0.4105514217819188,0.5624808222175494,False,False,,64
observed_loss_worker,783,0.6424190120587349,1.0,2,-0.4105514217819188,0.5624808222175494,False,False,,64
observed_loss_worker,784,0.5066551813327129,1.0,2,-0.4105514217819188,0.5624808222175494,False,False,,64
observed_loss_worker,785,0.657588985118658,1.0,2,-0.4105514217819188,0.5624808222175494,False,False,,64
observed_loss_worker,786,0.6496902890109785,1.0,2,-0.4105514217819188,0.5624808222175494,False,False,,64
observed_loss_worker,787,0.545999392947539,0.0,2,-0.4105514217819188,0.5624808222175494,False,False,,64
observed_loss_worker,788,0.43548548310948726,1.0,2,-0.4105514217819188,0.5624808222175494,False,False,,64
observed_loss_worker,789,0.7343087125229814,1.0,2,-0.4105514217819188,0.5624808222175494,False,False,,64
observed_loss_worker,790,0.5504858679155101,0.0,2,-0.4105514217819188,0.5624808222175494,False,False,,64
observed_loss_worker,791,0.6260940704422617,1.0,2,-0.4105514217819188,0.5624808222175494,False,False,,64
observed_loss_worker,792,0.5898693172761709,1.0,2,-0.4105514217819188,0.5624808222175494,False,False,,64
observed_loss_worker,793,0.47685195975824674,0.0,2,-0.4105514217819188,0.5624808222175494,False,False,,64
observed_loss_worker,794,0.7360430435965889,1.0,2,-0.4105514217819188,0.5624808222175494,False,False,,64
observed_loss_worker,795,0.4266018579773741,0.0,2,-0.4105514217819188,0.5624808222175494,False,False,,64
observed_loss_worker,796,0.7375329187646165,1.0,2,-0.4105514217819188,0.5624808222175494,False,False,,64
observed_loss_worker,797,0.14879531457726428,0.0,2,-0.4105514217819188,0.5624808222175494,False,False,,64
observed_loss_worker,798,0.6549934400579783,1.0,2,-0.4105514217819188,0.5624808222175494,False,False,,64
observed_loss_worker,799,0.6716701261530247,1.0,2,-0.4105514217819188,0.5624808222175494,False,False,,64
observed_loss_worker,800,0.4745908095004213,0.0,2,-0.4105514217819188,0.5624808222175494,False,False,,64
observed_loss_worker,801,0.4093613404419195,1.0,2,-0.4105514217819188,0.5624808222175494,False,False,,64
observed_loss_worker,802,0.1864951210153417,0.0,2,-0.4105514217819188,0.5624808222175494,False,False,,64
observed_loss_worker,803,0.4072402956764697,0.0,2,-0.4105514217819188,0.5624808222175494,False,False,,64
observed_loss_worker,804,0.5441269326101499,1.0,2,-0.4105514217819188,0.5624808222175494,False,False,,64
observed_loss_worker,805,0.3638696068429213,0.0,2,-0.4105514217819188,0.5624808222175494,False,False,,64
observed_loss_worker,806,0.5577709429928954,1.0,2,-0.4105514217819188,0.5624808222175494,False,False,,64
observed_loss_worker,807,0.26316541821352923,0.0,2,-0.4105514217819188,0.5624808222175494,False,False,,64
observed_loss_worker,808,0.39911886312259,0.0,2,-0.4105514217819188,0.5624808222175494,False,False,,64
observed_loss_worker,809,0.756197052162966,1.0,2,-0.4105514217819188,0.5624808222175494,False,False,,64
observed_loss_worker,810,0.4335153216635547,0.0,2,-0.4105514217819188,0.5624808222175494,False,False,,64
observed_loss_worker,811,0.4016279286983885,0.0,2,-0.4105514217819188,0.5624808222175494,False,False,,64
observed_loss_worker,812,0.5703656916429881,1.0,2,-0.4105514217819188,0.5624808222175494,False,False,,64
observed_loss_worker,813,0.8681518946850291,1.0,2,-0.4105514217819188,0.5624808222175494,False,False,,64
observed_loss_worker,814,0.2911417564890178,0.0,2,-0.4105514217819188,0.5624808222175494,False,False,,64
observed_loss_worker,815,0.44406606704785523,0.0,2,-0.4105514217819188,0.5624808222175494,False,False,,64
observed_loss_worker,816,0.40519219084295377,0.0,2,-0.4105514217819188,0.5624808222175494,False,False,,64
observed_loss_worker,817,0.6543607046728972,1.0,2,-0.4105514217819188,0.5624808222175494,False,False,,64
observed_loss_worker,818,0.6501635408492697,1.0,2,-0.4105514217819188,0.5624808222175494,False,False,,64
observed_loss_worker,819,0.5052970805442687,1.0,2,-0.4105514217819188,0.5624808222175494,False,False,,64
observed_loss_worker,820,0.5340640464016825,1.0,2,-0.4105514217819188,0.5624808222175494,False,False,,64
observed_loss_worker,821,0.3952148949143678,0.0,2,-0.4105514217819188,0.5624808222175494,False,False,,64
observed_loss_worker,822,0.7333145120314781,1.0,2,-0.4105514217819188,0.5624808222175494,False,False,,64
observed_loss_worker,823,0.6422973385727317,1.0,2,-0.4105514217819188,0.5624808222175494,False,False,,64
observed_loss_worker,824,0.45184452487732424,0.0,2,-0.4105514217819188,0.5624808222175494,False,False,,64
observed_loss_worker,825,0.8768981664645492,1.0,2,-0.4105514217819188,0.5624808222175494,False,False,,64
observed_loss_worker,826,0.6324433310042324,1.0,2,-0.4105514217819188,0.5624808222175494,False,False,,64
observed_loss_worker,827,0.5696813720669814,1.0,2,-0.4105514217819188,0.5624808222175494,False,False,,64
observed_loss_worker,828,0.4630446148434061,0.0,2,-0.4105514217819188,0.5624808222175494,False,False,,64
observed_loss_worker,829,0.5889822700365176,0.0,2,-0.4105514217819188,0.5624808222175494,False,False,,64
observed_loss_worker,830,0.31930994502326,0.0,2,-0.4105514217819188,0.5624808222175494,False,False,,64
observed_loss_worker,831,0.6410439469332408,1.0,2,-0.4105514217819188,0.5624808222175494,False,False,,64
observed_loss_worker,832,0.4268546220039465,0.0,2,-0.4105514217819188,0.5624808222175494,False,False,,64
observed_loss_worker,833,0.5785082845175985,1.0,2,-0.4105514217819188,0.5624808222175494,False,False,,64
observed_loss_worker,834,0.4367407851232616,1.0,2,-0.4105514217819188,0.5624808222175494,False,False,,64
observed_loss_worker,835,0.4905836735202898,1.0,2,-0.4105514217819188,0.5624808222175494,False,False,,64
observed_loss_worker,836,0.491647046934047,0.0,2,-0.4105514217819188,0.5624808222175494,False,False,,64
observed_loss_worker,837,0.6307415445659653,1.0,2,-0.4105514217819188,0.5624808222175494,False,False,,64
observed_loss_worker,838,0.3913853325283942,0.0,2,-0.4105514217819188,0.5624808222175494,False,False,,64
observed_loss_worker,839,0.4867235106816388,0.0,2,-0.4105514217819188,0.5624808222175494,False,False,,64
observed_loss_worker,840,0.696536275974819,1.0,2,-0.4105514217819188,0.5624808222175494,False,False,,64
observed_loss_worker,841,0.496585078590828,1.0,2,-0.4105514217819188,0.5624808222175494,False,False,,64
observed_loss_worker,842,0.41252816190820973,1.0,2,-0.4105514217819188,0.5624808222175494,False,False,,64
observed_loss_worker,843,0.6741109879523142,1.0,2,-0.4105514217819188,0.5624808222175494,False,False,,64
observed_loss_worker,844,0.4286037547834669,0.0,2,-0.4105514217819188,0.5624808222175494,False,False,,64
observed_loss_worker,845,0.6547321851706406,1.0,2,-0.4105514217819188,0.5624808222175494,False,False,,64
observed_loss_worker,846,0.3617973988073607,0.0,2,-0.4105514217819188,0.5624808222175494,False,False,,64
observed_loss_worker,847,0.6196710594248673,1.0,2,-0.4105514217819188,0.5624808222175494,False,False,,64
observed_loss_worker,848,0.29521688077407476,0.0,2,-0.4105514217819188,0.5624808222175494,False,False,,64
observed_loss_worker,849,0.1654547797238739,0.0,2,-0.4105514217819188,0.5624808222175494,False,False,,64
observed_loss_worker,850,0.15779624121811994,0.0,2,-0.4105514217819188,0.5624808222175494,False,False,,64
observed_loss_worker,851,0.8665672926086847,1.0,2,-0.4105514217819188,0.5624808222175494,False,False,,64
observed_loss_worker,852,0.5695574703578898,1.0,2,-0.4105514217819188,0.5624808222175494,False,False,,64
observed_loss_worker,853,0.44861250988014956,0.0,2,-0.4105514217819188,0.5624808222175494,False,False,,64
observed_loss_worker,854,0.550917407619326,1.0,2,-0.4105514217819188,0.5624808222175494,False,False,,64
observed_loss_worker,855,0.3510338383445855,0.0,2,-0.4105514217819188,0.5624808222175494,False,False,,64
observed_loss_worker,856,0.28028436181489996,0.0,2,-0.4105514217819188,0.5624808222175494,False,False,,64
observed_loss_worker,857,0.47577031858782987,1.0,2,-0.4105514217819188,0.5624808222175494,False,False,,64
observed_loss_worker,858,0.5796818391660755,1.0,2,-0.4105514217819188,0.5624808222175494,False,False,,64
observed_loss_worker,859,0.43384853733129863,0.0,2,-0.4105514217819188,0.5624808222175494,False,False,,64
observed_loss_worker,860,0.4224997678103936,0.0,2,-0.4105514217819188,0.5624808222175494,False,False,,64
observed_loss_worker,861,0.6021620436218521,1.0,2,-0.4105514217819188,0.5624808222175494,False,False,,64
observed_loss_worker,862,0.6761674782991839,1.0,2,-0.4105514217819188,0.5624808222175494,False,False,,64
observed_loss_worker,863,0.5029526009028049,1.0,2,-0.4105514217819188,0.5624808222175494,False,False,,64
observed_loss_worker,864,0.454400473004352,0.0,2,-0.4105514217819188,0.5624808222175494,False,False,,64
observed_loss_worker,865,0.4916203218721376,1.0,2,-0.4105514217819188,0.5624808222175494,False,False,,64
observed_loss_worker,866,0.4655247388889644,1.0,2,-0.4105514217819188,0.5624808222175494,False,False,,64
observed_loss_worker,867,0.4396387387324642,1.0,2,-0.4105514217819188,0.5624808222175494,False,False,,64
observed_loss_worker,868,0.31910797175076183,0.0,2,-0.4105514217819188,0.5624808222175494,False,False,,64
observed_loss_worker,869,0.5851267790995306,1.0,2,-0.4105514217819188,0.5624808222175494,False,False,,64
observed_loss_worker,870,0.3615917106065344,0.0,2,-0.4105514217819188,0.5624808222175494,False,False,,64
observed_loss_worker,871,0.5827951647420139,0.0,2,-0.4105514217819188,0.5624808222175494,False,False,,64
observed_loss_worker,872,0.224382748465025,0.0,2,-0.4105514217819188,0.5624808222175494,False,False,,64
observed_loss_worker,873,0.5103896761125486,0.0,2,-0.4105514217819188,0.5624808222175494,False,False,,64
observed_loss_worker,874,0.5243263054750833,0.0,2,-0.4105514217819188,0.5624808222175494,False,False,,64
observed_loss_worker,875,0.4825235977334602,0.0,2,-0.4105514217819188,0.5624808222175494,False,False,,64
observed_loss_worker,876,0.6461906248163282,1.0,2,-0.4105514217819188,0.5624808222175494,False,False,,64
observed_loss_worker,877,0.7687308095297041,1.0,2,-0.4105514217819188,0.5624808222175494,False,False,,64
observed_loss_worker,878,0.6850965352877342,1.0,2,-0.4105514217819188,0.5624808222175494,False,False,,64
observed_loss_worker,879,0.4694470270394673,0.0,2,-0.4105514217819188,0.5624808222175494,False,False,,64
observed_loss_worker,880,0.7086152712468587,1.0,2,-0.4105514217819188,0.5624808222175494,False,False,,64
observed_loss_worker,881,0.6262521257408961,1.0,2,-0.4105514217819188,0.5624808222175494,False,False,,64
observed_loss_worker,882,0.5898171609398549,1.0,2,-0.4105514217819188,0.5624808222175494,False,False,,64
observed_loss_worker,883,0.7413402458140095,1.0,2,-0.4105514217819188,0.5624808222175494,False,False,,64
observed_loss_worker,884,0.5433125307294794,1.0,2,-0.4105514217819188,0.5624808222175494,False,False,,64
observed_loss_worker,885,0.4698807028550279,0.0,2,-0.4105514217819188,0.5624808222175494,False,False,,64
observed_loss_worker,886,0.4599191126802787,1.0,2,-0.4105514217819188,0.5624808222175494,False,False,,64
observed_loss_worker,887,0.5209138568466786,1.0,2,-0.4105514217819188,0.5624808222175494,False,False,,64
observed_loss_worker,888,0.696377397651965,1.0,2,-0.4105514217819188,0.5624808222175494,False,False,,64
observed_loss_worker,889,0.5125240887526786,0.0,2,-0.4105514217819188,0.5624808222175494,False,False,,64
observed_loss_worker,890,0.4265082492274797,0.0,2,-0.4105514217819188,0.5624808222175494,False,False,,64
observed_loss_worker,891,0.4859580377781606,0.0,2,-0.4105514217819188,0.5624808222175494,False,False,,64
observed_loss_worker,892,0.29972880200346363,0.0,2,-0.4105514217819188,0.5624808222175494,False,False,,64
observed_loss_worker,893,0.42092526316577816,0.0,2,-0.4105514217819188,0.5624808222175494,False,False,,64
observed_loss_worker,894,0.4500007347821098,0.0,2,-0.4105514217819188,0.5624808222175494,False,False,,64
observed_loss_worker,895,0.6623280070778983,1.0,2,-0.4105514217819188,0.5624808222175494,False,False,,64
observed_loss_worker,896,0.8212091376830641,1.0,2,-0.4105514217819188,0.5624808222175494,False,False,,64
observed_loss_worker,897,0.5731837371575971,1.0,2,-0.4105514217819188,0.5624808222175494,False,False,,64
observed_loss_worker,898,0.13761414348754802,0.0,2,-0.4105514217819188,0.5624808222175494,False,False,,64
observed_loss_worker,899,0.4839731358579547,1.0,2,-0.4105514217819188,0.5624808222175494,False,False,,64
observed_loss_worker,900,0.5908523278438991,1.0,2,-0.4105514217819188,0.5624808222175494,False,False,,64
observed_loss_worker,901,0.7143564136320077,1.0,2,-0.4105514217819188,0.5624808222175494,False,False,,64
observed_loss_worker,902,0.7109555610961347,1.0,2,-0.4105514217819188,0.5624808222175494,False,False,,64
observed_loss_worker,903,0.7288196636954865,1.0,2,-0.4105514217819188,0.5624808222175494,False,False,,64
observed_loss_worker,904,0.2615081519179976,0.0,2,-0.4105514217819188,0.5624808222175494,False,False,,64
observed_loss_worker,905,0.3193078721290985,0.0,2,-0.4105514217819188,0.5624808222175494,False,False,,64
observed_loss_worker,906,0.5018711299482213,1.0,2,-0.4105514217819188,0.5624808222175494,False,False,,64
observed_loss_worker,907,0.6617448420033094,1.0,2,-0.4105514217819188,0.5624808222175494,False,False,,64
observed_loss_worker,908,0.5064945602538947,0.0,2,-0.4105514217819188,0.5624808222175494,False,False,,64
observed_loss_worker,909,0.4661340030697173,1.0,2,-0.4105514217819188,0.5624808222175494,False,False,,64
observed_loss_worker,910,0.4112354455954317,0.0,2,-0.4105514217819188,0.5624808222175494,False,False,,64
observed_loss_worker,911,0.5881433620975066,1.0,2,-0.4105514217819188,0.5624808222175494,False,False,,64
observed_loss_worker,912,0.44843453167469477,1.0,2,-0.4105514217819188,0.5624808222175494,False,False,,64
observed_loss_worker,913,0.4535986656556631,0.0,2,-0.4105514217819188,0.5624808222175494,False,False,,64
observed_loss_worker,914,0.23524178939454535,0.0,2,-0.4105514217819188,0.5624808222175494,False,False,,64
observed_loss_worker,915,0.726581201661602,1.0,2,-0.4105514217819188,0.5624808222175494,False,False,,64
observed_loss_worker,916,0.22934831570176378,0.0,2,-0.4105514217819188,0.5624808222175494,False,False,,64
observed_loss_worker,917,0.5490360662807702,1.0,2,-0.4105514217819188,0.5624808222175494,False,False,,64
observed_loss_worker,918,0.35529258070215425,0.0,2,-0.4105514217819188,0.5624808222175494,False,False,,64
observed_loss_worker,919,0.5029910176484411,1.0,2,-0.4105514217819188,0.5624808222175494,False,False,,64
observed_loss_worker,920,0.5543445986040051,0.0,2,-0.4105514217819188,0.5624808222175494,False,False,,64
observed_loss_worker,921,0.3688504538929512,0.0,2,-0.4105514217819188,0.5624808222175494,False,False,,64
observed_loss_worker,922,0.3717208122517799,0.0,2,-0.4105514217819188,0.5624808222175494,False,False,,64
observed_loss_worker,923,0.6469715627112933,1.0,2,-0.4105514217819188,0.5624808222175494,False,False,,64
observed_loss_worker,924,0.3191654675123614,0.0,2,-0.4105514217819188,0.5624808222175494,False,False,,64
observed_loss_worker,925,0.3268062077892431,0.0,2,-0.4105514217819188,0.5624808222175494,False,False,,64
observed_loss_worker,926,0.5560042103437697,1.0,2,-0.4105514217819188,0.5624808222175494,False,False,,64
observed_loss_worker,927,0.43636804273619045,1.0,2,-0.4105514217819188,0.5624808222175494,False,False,,64
observed_loss_worker,928,0.5056124905159932,1.0,2,-0.4105514217819188,0.5624808222175494,False,False,,64
observed_loss_worker,929,0.39809545768347815,0.0,2,-0.4105514217819188,0.5624808222175494,False,False,,64
observed_loss_worker,930,0.607801595153338,1.0,2,-0.4105514217819188,0.5624808222175494,False,False,,64
observed_loss_worker,931,0.49817978558023984,1.0,2,-0.4105514217819188,0.5624808222175494,False,False,,64
observed_loss_worker,932,0.775057638073542,1.0,2,-0.4105514217819188,0.5624808222175494,False,False,,64
observed_loss_worker,933,0.29700543857613354,0.0,2,-0.4105514217819188,0.5624808222175494,False,False,,64
observed_loss_worker,934,0.3682843963421328,0.0,2,-0.4105514217819188,0.5624808222175494,False,False,,64
observed_loss_worker,935,0.20605023995196253,0.0,2,-0.4105514217819188,0.5624808222175494,False,False,,64
observed_loss_worker,936,0.2910594136109574,0.0,2,-0.4105514217819188,0.5624808222175494,False,False,,64
observed_loss_worker,937,0.34015441574140143,0.0,2,-0.4105514217819188,0.5624808222175494,False,False,,64
observed_loss_worker,938,0.7561696976047008,1.0,2,-0.4105514217819188,0.5624808222175494,False,False,,64
observed_loss_worker,939,0.47856536283505907,0.0,2,-0.4105514217819188,0.5624808222175494,False,False,,64
observed_loss_worker,940,0.29668904773852994,0.0,2,-0.4105514217819188,0.5624808222175494,False,False,,64
observed_loss_worker,941,0.6714785570299413,0.0,2,-0.4105514217819188,0.5624808222175494,False,False,,64
observed_loss_worker,942,0.6523077779105735,1.0,2,-0.4105514217819188,0.5624808222175494,False,False,,64
observed_loss_worker,943,0.4355971858091861,1.0,2,-0.4105514217819188,0.5624808222175494,False,False,,64
observed_loss_worker,944,0.2900127552710873,0.0,2,-0.4105514217819188,0.5624808222175494,False,False,,64
observed_loss_worker,945,0.5344339980043225,1.0,2,-0.4105514217819188,0.5624808222175494,False,False,,64
observed_loss_worker,946,0.351812332802831,0.0,2,-0.4105514217819188,0.5624808222175494,False,False,,64
observed_loss_worker,947,0.8455647368659224,1.0,2,-0.4105514217819188,0.5624808222175494,False,False,,64
observed_loss_worker,948,0.5828912290068099,1.0,2,-0.4105514217819188,0.5624808222175494,False,False,,64
observed_loss_worker,949,0.3341611646770485,0.0,2,-0.4105514217819188,0.5624808222175494,False,False,,64
observed_loss_worker,950,0.3488837403312986,0.0,2,-0.4105514217819188,0.5624808222175494,False,False,,64
observed_loss_worker,951,0.38723319264930284,0.0,2,-0.4105514217819188,0.5624808222175494,False,False,,64
observed_loss_worker,952,0.6284450864052898,1.0,2,-0.4105514217819188,0.5624808222175494,False,False,,64
observed_loss_worker,953,0.6545803568755338,1.0,2,-0.4105514217819188,0.5624808222175494,False,False,,64
observed_loss_worker,954,0.26539752557458784,0.0,2,-0.4105514217819188,0.5624808222175494,False,False,,64
observed_loss_worker,955,0.4116095177143556,0.0,2,-0.4105514217819188,0.5624808222175494,False,False,,64
observed_loss_worker,956,0.6932770404758554,1.0,2,-0.4105514217819188,0.5624808222175494,False,False,,64
observed_loss_worker,957,0.21990224675157446,0.0,2,-0.4105514217819188,0.5624808222175494,False,False,,64
observed_loss_worker,958,0.5593970787050202,1.0,2,-0.4105514217819188,0.5624808222175494,False,False,,64
observed_loss_worker,959,0.4431392874770708,0.0,2,-0.4105514217819188,0.5624808222175494,False,False,,64
observed_loss_worker,960,0.2764083008183074,0.0,2,-0.4105514217819188,0.5624808222175494,False,False,,64
observed_loss_worker,961,0.4870320848747438,0.0,2,-0.4105514217819188,0.5624808222175494,False,False,,64
observed_loss_worker,962,0.8550497103153051,1.0,2,-0.4105514217819188,0.5624808222175494,False,False,,64
observed_loss_worker,963,0.33477894141665526,0.0,2,-0.4105514217819188,0.5624808222175494,False,False,,64
observed_loss_worker,964,0.33809028075054476,0.0,2,-0.4105514217819188,0.5624808222175494,False,False,,64
observed_loss_worker,965,0.45569202182251545,1.0,2,-0.4105514217819188,0.5624808222175494,False,False,,64
observed_loss_worker,966,0.6581146086601205,1.0,2,-0.4105514217819188,0.5624808222175494,False,False,,64
observed_loss_worker,967,0.39644038960596806,0.0,2,-0.4105514217819188,0.5624808222175494,False,False,,64
observed_loss_worker,968,0.507377409157902,0.0,2,-0.4105514217819188,0.5624808222175494,False,False,,64
observed_loss_worker,969,0.5077912945822013,0.0,2,-0.4105514217819188,0.5624808222175494,False,False,,64
observed_loss_worker,970,0.3001452374529331,0.0,2,-0.4105514217819188,0.5624808222175494,False,False,,64
observed_loss_worker,971,0.7032500211837281,1.0,2,-0.4105514217819188,0.5624808222175494,False,False,,64
observed_loss_worker,972,0.6177718560195592,1.0,2,-0.4105514217819188,0.5624808222175494,False,False,,64
observed_loss_worker,973,0.43103828960586943,0.0,2,-0.4105514217819188,0.5624808222175494,False,False,,64
observed_loss_worker,974,0.5845278597584345,0.0,2,-0.4105514217819188,0.5624808222175494,False,False,,64
observed_loss_worker,975,0.48042954908814267,1.0,2,-0.4105514217819188,0.5624808222175494,False,False,,64
observed_loss_worker,976,0.27998962998617427,0.0,2,-0.4105514217819188,0.5624808222175494,False,False,,64
observed_loss_worker,977,0.3772175611193424,0.0,2,-0.4105514217819188,0.5624808222175494,False,False,,64
observed_loss_worker,978,0.38913419046254577,1.0,2,-0.4105514217819188,0.5624808222175494,False,False,,64
observed_loss_worker,979,0.7359841166845988,1.0,2,-0.4105514217819188,0.5624808222175494,False,False,,64
observed_loss_worker,980,0.7523146649726328,1.0,2,-0.4105514217819188,0.5624808222175494,False,False,,64
observed_loss_worker,981,0.4989039152625012,0.0,2,-0.4105514217819188,0.5624808222175494,False,False,,64
observed_loss_worker,982,0.4668378661996011,0.0,2,-0.4105514217819188,0.5624808222175494,False,False,,64
observed_loss_worker,983,0.4134908247605473,0.0,2,-0.4105514217819188,0.5624808222175494,False,False,,64
observed_loss_worker,984,0.20853373406531503,0.0,2,-0.4105514217819188,0.5624808222175494,False,False,,64
observed_loss_worker,985,0.42752995714953235,0.0,2,-0.4105514217819188,0.5624808222175494,False,False,,64
observed_loss_worker,986,0.3548321448533825,0.0,2,-0.4105514217819188,0.5624808222175494,False,False,,64
observed_loss_worker,987,0.7982698683206945,1.0,2,-0.4105514217819188,0.5624808222175494,False,False,,64
observed_loss_worker,988,0.6943599253843018,1.0,2,-0.4105514217819188,0.5624808222175494,False,False,,64
observed_loss_worker,989,0.4707858761923317,1.0,2,-0.4105514217819188,0.5624808222175494,False,False,,64
observed_loss_worker,990,0.672829566276751,1.0,2,-0.4105514217819188,0.5624808222175494,False,False,,64
observed_loss_worker,991,0.6397155639153421,1.0,2,-0.4105514217819188,0.5624808222175494,False,False,,64
observed_loss_worker,992,0.4724262180192243,1.0,2,-0.4105514217819188,0.5624808222175494,False,False,,64
observed_loss_worker,993,0.4901757794144086,1.0,2,-0.4105514217819188,0.5624808222175494,False,False,,64
observed_loss_worker,994,0.4374686070110083,0.0,2,-0.4105514217819188,0.5624808222175494,False,False,,64
observed_loss_worker,995,0.6042309337323477,1.0,2,-0.4105514217819188,0.5624808222175494,False,False,,64
observed_loss_worker,996,0.31583011198194766,0.0,2,-0.4105514217819188,0.5624808222175494,False,False,,64
observed_loss_worker,997,0.27147662460787775,0.0,2,-0.4105514217819188,0.5624808222175494,False,False,,64
observed_loss_worker,998,0.8946815862251534,1.0,2,-0.4105514217819188,0.5624808222175494,False,False,,64
observed_loss_worker,999,0.6492097471388127,1.0,2,-0.4105514217819188,0.5624808222175494,False,False,,64
observed_loss_worker,1000,0.21952857678736729,0.0,2,-0.4105514217819188,0.5624808222175494,False,False,,64
observed_loss_worker,1001,0.49988148971024854,0.0,2,-0.4105514217819188,0.5624808222175494,False,False,,64
observed_loss_worker,1002,0.3614211538198419,0.0,2,-0.4105514217819188,0.5624808222175494,False,False,,64
observed_loss_worker,1003,0.3930205029629863,0.0,2,-0.4105514217819188,0.5624808222175494,False,False,,64
observed_loss_worker,1004,0.5998193875520161,1.0,2,-0.4105514217819188,0.5624808222175494,False,False,,64
observed_loss_worker,1005,0.5163431256820256,0.0,2,-0.4105514217819188,0.5624808222175494,False,False,,64
observed_loss_worker,1006,0.473724501222384,1.0,2,-0.4105514217819188,0.5624808222175494,False,False,,64
observed_loss_worker,1007,0.5936453082988543,1.0,2,-0.4105514217819188,0.5624808222175494,False,False,,64
observed_loss_worker,1008,0.7298958107232233,1.0,2,-0.4105514217819188,0.5624808222175494,False,False,,64
observed_loss_worker,1009,0.5888615507829924,1.0,2,-0.4105514217819188,0.5624808222175494,False,False,,64
observed_loss_worker,1010,0.7665424835862612,1.0,2,-0.4105514217819188,0.5624808222175494,False,False,,64
observed_loss_worker,1011,0.4435484884359512,1.0,2,-0.4105514217819188,0.5624808222175494,False,False,,64
observed_loss_worker,1012,0.4694297237301707,0.0,2,-0.4105514217819188,0.5624808222175494,False,False,,64
observed_loss_worker,1013,0.4785847612619356,1.0,2,-0.4105514217819188,0.5624808222175494,False,False,,64
observed_loss_worker,1014,0.16423104869435007,0.0,2,-0.4105514217819188,0.5624808222175494,False,False,,64
observed_loss_worker,1015,0.5579905505934306,1.0,2,-0.4105514217819188,0.5624808222175494,False,False,,64
observed_loss_worker,1016,0.6034935860561713,1.0,2,-0.4105514217819188,0.5624808222175494,False,False,,64
observed_loss_worker,1017,0.6742490151935302,1.0,2,-0.4105514217819188,0.5624808222175494,False,False,,64
observed_loss_worker,1018,0.3274460370409583,0.0,2,-0.4105514217819188,0.5624808222175494,False,False,,64
observed_loss_worker,1019,0.45616851182280027,0.0,2,-0.4105514217819188,0.5624808222175494,False,False,,64
observed_loss_worker,1020,0.5147994430582697,0.0,2,-0.4105514217819188,0.5624808222175494,False,False,,64
observed_loss_worker,1021,0.6139410311853536,1.0,2,-0.4105514217819188,0.5624808222175494,False,False,,64
observed_loss_worker,1022,0.6323337164310143,1.0,2,-0.4105514217819188,0.5624808222175494,False,False,,64
observed_loss_worker,1023,0.6480397904682528,1.0,2,-0.4105514217819188,0.5624808222175494,False,False,,64
observed_loss_worker,1024,0.3790634315365374,0.0,2,-0.4105514217819188,0.5624808222175494,False,False,,64
observed_loss_worker,1025,0.20021242972354977,0.0,2,-0.4105514217819188,0.5624808222175494,False,False,,64
observed_loss_worker,1026,0.43997478382175126,0.0,2,-0.4105514217819188,0.5624808222175494,False,False,,64
observed_loss_worker,1027,0.7073851558116538,1.0,2,-0.4105514217819188,0.5624808222175494,False,False,,64
observed_loss_worker,1028,0.7003485707206196,1.0,2,-0.4105514217819188,0.5624808222175494,False,False,,64
observed_loss_worker,1029,0.3781206535140315,0.0,2,-0.4105514217819188,0.5624808222175494,False,False,,64
observed_loss_worker,1030,0.11336767386879511,0.0,2,-0.4105514217819188,0.5624808222175494,False,False,,64
observed_loss_worker,1031,0.41338444196216456,0.0,2,-0.4105514217819188,0.5624808222175494,False,False,,64
observed_loss_worker,1032,0.6464935387210923,1.0,2,-0.4105514217819188,0.5624808222175494,False,False,,64
observed_loss_worker,1033,0.40012171362330384,0.0,2,-0.4105514217819188,0.5624808222175494,False,False,,64
observed_loss_worker,1034,0.45418255628707316,0.0,2,-0.4105514217819188,0.5624808222175494,False,False,,64
observed_loss_worker,1035,0.5347617559087124,0.0,2,-0.4105514217819188,0.5624808222175494,False,False,,64
observed_loss_worker,1036,0.5866652337284394,1.0,2,-0.4105514217819188,0.5624808222175494,False,False,,64
observed_loss_worker,1037,0.41631932689029005,0.0,2,-0.4105514217819188,0.5624808222175494,False,False,,64
observed_loss_worker,1038,0.3232234208297721,0.0,2,-0.4105514217819188,0.5624808222175494,False,False,,64
observed_loss_worker,1039,0.19058321529907218,0.0,2,-0.4105514217819188,0.5624808222175494,False,False,,64
observed_loss_worker,1040,0.65721242792302,1.0,2,-0.4105514217819188,0.5624808222175494,False,False,,64
observed_loss_worker,1041,0.4907772832769649,1.0,2,-0.4105514217819188,0.5624808222175494,False,False,,64
observed_loss_worker,1042,0.6287568213046424,1.0,2,-0.4105514217819188,0.5624808222175494,False,False,,64
observed_loss_worker,1043,0.5399402256788233,1.0,2,-0.4105514217819188,0.5624808222175494,False,False,,64
observed_loss_worker,1044,0.5917663044256566,1.0,2,-0.4105514217819188,0.5624808222175494,False,False,,64
observed_loss_worker,1045,0.6736091532448424,1.0,2,-0.4105514217819188,0.5624808222175494,False,False,,64
observed_loss_worker,1046,0.617344759602592,1.0,2,-0.4105514217819188,0.5624808222175494,False,False,,64
observed_loss_worker,1047,0.571156860451538,1.0,2,-0.4105514217819188,0.5624808222175494,False,False,,64
observed_loss_worker,1048,0.3857490426806805,0.0,2,-0.4105514217819188,0.5624808222175494,False,False,,64
observed_loss_worker,1049,0.4471897012604782,0.0,2,-0.4105514217819188,0.5624808222175494,False,False,,64
observed_loss_worker,1050,0.3988555693054772,0.0,2,-0.4105514217819188,0.5624808222175494,False,False,,64
observed_loss_worker,1051,0.38131845158208805,0.0,2,-0.4105514217819188,0.5624808222175494,False,False,,64
observed_loss_worker,1052,0.5151118796789108,0.0,2,-0.4105514217819188,0.5624808222175494,False,False,,64
observed_loss_worker,1053,0.46990512240865967,0.0,2,-0.4105514217819188,0.5624808222175494,False,False,,64
observed_loss_worker,1054,0.3870160192283738,0.0,2,-0.4105514217819188,0.5624808222175494,False,False,,64
observed_loss_worker,1055,0.4998808741520997,0.0,2,-0.4105514217819188,0.5624808222175494,False,False,,64
observed_loss_worker,1056,0.3333568598421296,0.0,2,-0.4105514217819188,0.5624808222175494,False,False,,64
observed_loss_worker,1057,0.4373194758782007,1.0,2,-0.4105514217819188,0.5624808222175494,False,False,,64
observed_loss_worker,1058,0.45326749104786285,0.0,2,-0.4105514217819188,0.5624808222175494,False,False,,64
observed_loss_worker,1059,0.4365628587594095,0.0,2,-0.4105514217819188,0.5624808222175494,False,False,,64
observed_loss_worker,1060,0.6484696933521299,1.0,2,-0.4105514217819188,0.5624808222175494,False,False,,64
observed_loss_worker,1061,0.7297328292755869,1.0,2,-0.4105514217819188,0.5624808222175494,False,False,,64
observed_loss_worker,1062,0.712212529251384,1.0,2,-0.4105514217819188,0.5624808222175494,False,False,,64
observed_loss_worker,1063,0.3068702516210654,0.0,2,-0.4105514217819188,0.5624808222175494,False,False,,64
observed_loss_worker,1064,0.46363588861568905,0.0,2,-0.4105514217819188,0.5624808222175494,False,False,,64
observed_loss_worker,1065,0.5931770199219009,0.0,2,-0.4105514217819188,0.5624808222175494,False,False,,64
observed_loss_worker,1066,0.6127303852172233,0.0,2,-0.4105514217819188,0.5624808222175494,False,False,,64
observed_loss_worker,1067,0.3213471468139972,0.0,2,-0.4105514217819188,0.5624808222175494,False,False,,64
observed_loss_worker,1068,0.6500669671200608,1.0,2,-0.4105514217819188,0.5624808222175494,False,False,,64
observed_loss_worker,1069,0.6302543355088064,1.0,2,-0.4105514217819188,0.5624808222175494,False,False,,64
observed_loss_worker,1070,0.6359447235510964,1.0,2,-0.4105514217819188,0.5624808222175494,False,False,,64
observed_loss_worker,1071,0.5982142281395888,1.0,2,-0.4105514217819188,0.5624808222175494,False,False,,64
observed_loss_worker,1072,0.2804703062390842,0.0,2,-0.4105514217819188,0.5624808222175494,False,False,,64
observed_loss_worker,1073,0.5431385936647902,1.0,2,-0.4105514217819188,0.5624808222175494,False,False,,64
observed_loss_worker,1074,0.7281441080715306,1.0,2,-0.4105514217819188,0.5624808222175494,False,False,,64
observed_loss_worker,1075,0.37972738966617264,0.0,2,-0.4105514217819188,0.5624808222175494,False,False,,64
observed_loss_worker,1076,0.1275630675047492,0.0,2,-0.4105514217819188,0.5624808222175494,False,False,,64
observed_loss_worker,1077,0.7846841214002693,1.0,2,-0.4105514217819188,0.5624808222175494,False,False,,64
observed_loss_worker,1078,0.6022558830834075,1.0,2,-0.4105514217819188,0.5624808222175494,False,False,,64
observed_loss_worker,1079,0.613015593752196,1.0,2,-0.4105514217819188,0.5624808222175494,False,False,,64
observed_loss_worker,1080,0.5224141693733627,0.0,2,-0.4105514217819188,0.5624808222175494,False,False,,64
observed_loss_worker,1081,0.6715618052695825,1.0,2,-0.4105514217819188,0.5624808222175494,False,False,,64
observed_loss_worker,1082,0.23305306125023803,0.0,2,-0.4105514217819188,0.5624808222175494,False,False,,64
observed_loss_worker,1083,0.8196827868113218,1.0,2,-0.4105514217819188,0.5624808222175494,False,False,,64
observed_loss_worker,1084,0.2597201737985969,0.0,2,-0.4105514217819188,0.5624808222175494,False,False,,64
observed_loss_worker,1085,0.23667093416254303,0.0,2,-0.4105514217819188,0.5624808222175494,False,False,,64
observed_loss_worker,1086,0.34079152947634345,0.0,2,-0.4105514217819188,0.5624808222175494,False,False,,64
observed_loss_worker,1087,0.370112169898376,0.0,2,-0.4105514217819188,0.5624808222175494,False,False,,64
observed_loss_worker,1088,0.6064316683261523,1.0,2,-0.4105514217819188,0.5624808222175494,False,False,,64
observed_loss_worker,1089,0.6934909277863043,1.0,2,-0.4105514217819188,0.5624808222175494,False,False,,64
observed_loss_worker,1090,0.41371594354574337,0.0,2,-0.4105514217819188,0.5624808222175494,False,False,,64
observed_loss_worker,1091,0.3553943954460531,0.0,2,-0.4105514217819188,0.5624808222175494,False,False,,64
observed_loss_worker,1092,0.548928034006021,1.0,2,-0.4105514217819188,0.5624808222175494,False,False,,64
observed_loss_worker,1093,0.28206879176416416,0.0,2,-0.4105514217819188,0.5624808222175494,False,False,,64
observed_loss_worker,1094,0.4001665364719491,0.0,2,-0.4105514217819188,0.5624808222175494,False,False,,64
observed_loss_worker,1095,0.15023422577791953,0.0,2,-0.4105514217819188,0.5624808222175494,False,False,,64
observed_loss_worker,1096,0.5463767301495314,1.0,2,-0.4105514217819188,0.5624808222175494,False,False,,64
observed_loss_worker,1097,0.662096976870732,1.0,2,-0.4105514217819188,0.5624808222175494,False,False,,64
observed_loss_worker,1098,0.47104386450844427,0.0,2,-0.4105514217819188,0.5624808222175494,False,False,,64
observed_loss_worker,1099,0.6219228657927488,0.0,2,-0.4105514217819188,0.5624808222175494,False,False,,64
observed_loss_worker,1100,0.4640102056281803,0.0,2,-0.4105514217819188,0.5624808222175494,False,False,,64
observed_loss_worker,1101,0.49890989129003505,1.0,2,-0.4105514217819188,0.5624808222175494,False,False,,64
observed_loss_worker,1102,0.5200589930364001,1.0,2,-0.4105514217819188,0.5624808222175494,False,False,,64
observed_loss_worker,1103,0.36990369191271893,0.0,2,-0.4105514217819188,0.5624808222175494,False,False,,64
observed_loss_worker,1104,0.7525536639542867,1.0,2,-0.4105514217819188,0.5624808222175494,False,False,,64
observed_loss_worker,1105,0.5855241739062544,1.0,2,-0.4105514217819188,0.5624808222175494,False,False,,64
observed_loss_worker,1106,0.4564321952345478,1.0,2,-0.4105514217819188,0.5624808222175494,False,False,,64
observed_loss_worker,1107,0.2806052405513869,0.0,2,-0.4105514217819188,0.5624808222175494,False,False,,64
observed_loss_worker,1108,0.4659563701542952,0.0,2,-0.4105514217819188,0.5624808222175494,False,False,,64
observed_loss_worker,1109,0.5684456106927694,1.0,2,-0.4105514217819188,0.5624808222175494,False,False,,64
observed_loss_worker,1110,0.22987819481741587,0.0,2,-0.4105514217819188,0.5624808222175494,False,False,,64
observed_loss_worker,1111,0.44655433730644195,0.0,2,-0.4105514217819188,0.5624808222175494,False,False,,64
observed_loss_worker,1112,0.24207168609667598,0.0,2,-0.4105514217819188,0.5624808222175494,False,False,,64
observed_loss_worker,1113,0.6131815288539486,1.0,2,-0.4105514217819188,0.5624808222175494,False,False,,64
observed_loss_worker,1114,0.3884323485731182,0.0,2,-0.4105514217819188,0.5624808222175494,False,False,,64
observed_loss_worker,1115,0.7926734227202173,1.0,2,-0.4105514217819188,0.5624808222175494,False,False,,64
observed_loss_worker,1116,0.6017351279081745,1.0,2,-0.4105514217819188,0.5624808222175494,False,False,,64
observed_loss_worker,1117,0.4961077387857246,0.0,2,-0.4105514217819188,0.5624808222175494,False,False,,64
observed_loss_worker,1118,0.4188337429277661,0.0,2,-0.4105514217819188,0.5624808222175494,False,False,,64
observed_loss_worker,1119,0.2696385253550856,0.0,2,-0.4105514217819188,0.5624808222175494,False,False,,64
observed_loss_worker,1120,0.6361002897818943,1.0,2,-0.4105514217819188,0.5624808222175494,False,False,,64
observed_loss_worker,1121,0.3175362002384055,0.0,2,-0.4105514217819188,0.5624808222175494,False,False,,64
observed_loss_worker,1122,0.5184193845584234,0.0,2,-0.4105514217819188,0.5624808222175494,False,False,,64
observed_loss_worker,1123,0.34335674643563113,0.0,2,-0.4105514217819188,0.5624808222175494,False,False,,64
observed_loss_worker,1124,0.38902051982197333,0.0,2,-0.4105514217819188,0.5624808222175494,False,False,,64
observed_loss_worker,1125,0.3590607484512362,0.0,2,-0.4105514217819188,0.5624808222175494,False,False,,64
observed_loss_worker,1126,0.5894486267288542,0.0,2,-0.4105514217819188,0.5624808222175494,False,False,,64
observed_loss_worker,1127,0.5827362357408643,1.0,2,-0.4105514217819188,0.5624808222175494,False,False,,64
observed_loss_worker,1128,0.512951688044754,1.0,2,-0.4105514217819188,0.5624808222175494,False,False,,64
observed_loss_worker,1129,0.48715493131797916,1.0,2,-0.4105514217819188,0.5624808222175494,False,False,,64
observed_loss_worker,1130,0.4694090753745654,0.0,2,-0.4105514217819188,0.5624808222175494,False,False,,64
observed_loss_worker,1131,0.4321727917257676,1.0,2,-0.4105514217819188,0.5624808222175494,False,False,,64
observed_loss_worker,1132,0.550402543528713,0.0,2,-0.4105514217819188,0.5624808222175494,False,False,,64
observed_loss_worker,1133,0.5238416242242722,1.0,2,-0.4105514217819188,0.5624808222175494,False,False,,64
observed_loss_worker,1134,0.6410783040384583,1.0,2,-0.4105514217819188,0.5624808222175494,False,False,,64
observed_loss_worker,1135,0.2599756284443652,0.0,2,-0.4105514217819188,0.5624808222175494,False,False,,64
observed_loss_worker,1136,0.811884669504564,1.0,2,-0.4105514217819188,0.5624808222175494,False,False,,64
observed_loss_worker,1137,0.5175578093826497,1.0,2,-0.4105514217819188,0.5624808222175494,False,False,,64
observed_loss_worker,1138,0.36510567082272954,0.0,2,-0.4105514217819188,0.5624808222175494,False,False,,64
observed_loss_worker,1139,0.3888111375305758,1.0,2,-0.4105514217819188,0.5624808222175494,False,False,,64
observed_loss_worker,1140,0.47907351350619376,0.0,2,-0.4105514217819188,0.5624808222175494,False,False,,64
observed_loss_worker,1141,0.5586721388878559,1.0,2,-0.4105514217819188,0.5624808222175494,False,False,,64
observed_loss_worker,1142,0.3969284593894346,0.0,2,-0.4105514217819188,0.5624808222175494,False,False,,64
observed_loss_worker,1143,0.2017682610064044,0.0,2,-0.4105514217819188,0.5624808222175494,False,False,,64
observed_loss_worker,1144,0.44126870863170337,1.0,2,-0.4105514217819188,0.5624808222175494,False,False,,64
observed_loss_worker,1145,0.3501805260385225,0.0,2,-0.4105514217819188,0.5624808222175494,False,False,,64
observed_loss_worker,1146,0.4534608294720032,0.0,2,-0.4105514217819188,0.5624808222175494,False,False,,64
observed_loss_worker,1147,0.13326219535146427,0.0,2,-0.4105514217819188,0.5624808222175494,False,False,,64
observed_loss_worker,1148,0.3604612343944268,0.0,2,-0.4105514217819188,0.5624808222175494,False,False,,64
observed_loss_worker,1149,0.44449575215130666,0.0,2,-0.4105514217819188,0.5624808222175494,False,False,,64
observed_loss_worker,1150,0.4855574922366834,1.0,2,-0.4105514217819188,0.5624808222175494,False,False,,64
observed_loss_worker,1151,0.3673300581526794,0.0,2,-0.4105514217819188,0.5624808222175494,False,False,,64
observed_loss_worker,1152,0.5115289725314248,1.0,2,-0.4105514217819188,0.5624808222175494,False,False,,64
observed_loss_worker,1153,0.4978190908062727,0.0,2,-0.4105514217819188,0.5624808222175494,False,False,,64
observed_loss_worker,1154,0.31877480999369134,0.0,2,-0.4105514217819188,0.5624808222175494,False,False,,64
observed_loss_worker,1155,0.4330876891873717,1.0,2,-0.4105514217819188,0.5624808222175494,False,False,,64
observed_loss_worker,1156,0.3269581602329038,0.0,2,-0.4105514217819188,0.5624808222175494,False,False,,64
observed_loss_worker,1157,0.43077485913776536,0.0,2,-0.4105514217819188,0.5624808222175494,False,False,,64
observed_loss_worker,1158,0.3175588155948879,0.0,2,-0.4105514217819188,0.5624808222175494,False,False,,64
observed_loss_worker,1159,0.355017882166438,0.0,2,-0.4105514217819188,0.5624808222175494,False,False,,64
observed_loss_worker,1160,0.45840084810017306,1.0,2,-0.4105514217819188,0.5624808222175494,False,False,,64
observed_loss_worker,1161,0.353685970510237,0.0,2,-0.4105514217819188,0.5624808222175494,False,False,,64
observed_loss_worker,1162,0.5904636125481819,1.0,2,-0.4105514217819188,0.5624808222175494,False,False,,64
observed_loss_worker,1163,0.5121141264043486,1.0,2,-0.4105514217819188,0.5624808222175494,False,False,,64
observed_loss_worker,1164,0.3241652638306958,0.0,2,-0.4105514217819188,0.5624808222175494,False,False,,64
observed_loss_worker,1165,0.42964450968198026,0.0,2,-0.4105514217819188,0.5624808222175494,False,False,,64
observed_loss_worker,1166,0.5522170300724342,1.0,2,-0.4105514217819188,0.5624808222175494,False,False,,64
observed_loss_worker,1167,0.4166566725815939,0.0,2,-0.4105514217819188,0.5624808222175494,False,False,,64
observed_loss_worker,1168,0.5611096829799139,1.0,2,-0.4105514217819188,0.5624808222175494,False,False,,64
observed_loss_worker,1169,0.69776468719834,1.0,2,-0.4105514217819188,0.5624808222175494,False,False,,64
observed_loss_worker,1170,0.5773976371154809,1.0,2,-0.4105514217819188,0.5624808222175494,False,False,,64
observed_loss_worker,1171,0.3821374691025911,0.0,2,-0.4105514217819188,0.5624808222175494,False,False,,64
observed_loss_worker,1172,0.41536578825171294,0.0,2,-0.4105514217819188,0.5624808222175494,False,False,,64
observed_loss_worker,1173,0.38783832301728116,0.0,2,-0.4105514217819188,0.5624808222175494,False,False,,64
observed_loss_worker,1174,0.3568983435257542,0.0,2,-0.4105514217819188,0.5624808222175494,False,False,,64
observed_loss_worker,1175,0.37596989354780924,0.0,2,-0.4105514217819188,0.5624808222175494,False,False,,64
observed_loss_worker,1176,0.48376307613413133,0.0,2,-0.4105514217819188,0.5624808222175494,False,False,,64
observed_loss_worker,1177,0.5264113370649615,1.0,2,-0.4105514217819188,0.5624808222175494,False,False,,64
observed_loss_worker,1178,0.5419978567083539,1.0,2,-0.4105514217819188,0.5624808222175494,False,False,,64
observed_loss_worker,1179,0.26022249118374596,0.0,2,-0.4105514217819188,0.5624808222175494,False,False,,64
observed_loss_worker,1180,0.36479745804715513,0.0,2,-0.4105514217819188,0.5624808222175494,False,False,,64
observed_loss_worker,1181,0.21731363368203901,0.0,2,-0.4105514217819188,0.5624808222175494,False,False,,64
observed_loss_worker,1182,0.6597693609815812,1.0,2,-0.4105514217819188,0.5624808222175494,False,False,,64
observed_loss_worker,1183,0.6466526003236521,1.0,2,-0.4105514217819188,0.5624808222175494,False,False,,64
observed_loss_worker,1184,0.2561678919707005,0.0,2,-0.4105514217819188,0.5624808222175494,False,False,,64
observed_loss_worker,1185,0.4625070655691469,1.0,2,-0.4105514217819188,0.5624808222175494,False,False,,64
observed_loss_worker,1186,0.684699517199951,1.0,2,-0.4105514217819188,0.5624808222175494,False,False,,64
observed_loss_worker,1187,0.577638880222484,1.0,2,-0.4105514217819188,0.5624808222175494,False,False,,64
observed_loss_worker,1188,0.7337193461687844,1.0,2,-0.4105514217819188,0.5624808222175494,False,False,,64
observed_loss_worker,1189,0.8079445955591527,1.0,2,-0.4105514217819188,0.5624808222175494,False,False,,64
observed_loss_worker,1190,0.6685311052607327,1.0,2,-0.4105514217819188,0.5624808222175494,False,False,,64
observed_loss_worker,1191,0.38109312806759627,0.0,2,-0.4105514217819188,0.5624808222175494,False,False,,64
observed_loss_worker,1192,0.2948627563886143,0.0,2,-0.4105514217819188,0.5624808222175494,False,False,,64
observed_loss_worker,1193,0.5116738472709734,1.0,2,-0.4105514217819188,0.5624808222175494,False,False,,64
observed_loss_worker,1194,0.3789238579767009,0.0,2,-0.4105514217819188,0.5624808222175494,False,False,,64
observed_loss_worker,1195,0.503422495199651,0.0,2,-0.4105514217819188,0.5624808222175494,False,False,,64
observed_loss_worker,1196,0.6625445810422173,1.0,2,-0.4105514217819188,0.5624808222175494,False,False,,64
observed_loss_worker,1197,0.624382371115039,1.0,2,-0.4105514217819188,0.5624808222175494,False,False,,64
observed_loss_worker,1198,0.35721233697056637,0.0,2,-0.4105514217819188,0.5624808222175494,False,False,,64
observed_loss_worker,1199,0.4869499983637844,1.0,2,-0.4105514217819188,0.5624808222175494,False,False,,64
