rho,seed,rng_seed,method,samples,regime_12_count,regime_13_count,regime_23_count,utility,regret,decision_risk,forecast_mse,action_rate,paired_utility_gain_vs_pooled,paired_regret_reduction_vs_pooled,same_per_trial_marginal_maxerror,action_changed_fraction,beneficial_action_change_fraction,harmful_action_change_fraction,neutral_action_change_fraction,beneficial_fraction_among_changed,harmful_fraction_among_changed,neutral_fraction_among_changed,action_changed_fraction_B1,beneficial_action_change_fraction_B1,harmful_action_change_fraction_B1,neutral_action_change_fraction_B1,action_changed_fraction_B0,beneficial_action_change_fraction_B0,harmful_action_change_fraction_B0,neutral_action_change_fraction_B0
0.0,0,62000,pooled_R,100000,33267,33205,33528,0.018201364099538257,0.0025664443957069422,0.002517275,0.007548600000000002,0.49996,0.0,0.0,0.0,0.0,0.0,0.0,0.0,0.0,0.0,0.0,0.0,0.0,0.0,0.0,0.0,0.0,0.0,0.0
0.0,0,62000,trace_matched_R_over_3,100000,33267,33205,33528,0.018201364099538257,0.0025664443957069422,0.002517275,0.007548600000000002,0.49996,0.0,0.0,0.0,0.0,0.0,0.0,0.0,0.0,0.0,0.0,0.0,0.0,0.0,0.0,0.0,0.0,0.0,0.0
0.0,0,62000,decision_weighted_regularized,100000,33267,33205,33528,0.018201364099538257,0.0025664443957069422,0.002517275,0.007548600000000002,0.49996,0.0,0.0,0.0,0.0,0.0,0.0,0.0,0.0,0.0,0.0,0.0,0.0,0.0,0.0,0.0,0.0,0.0,0.0
0.0,0,62000,decision_weighted_unregularized_reference,100000,33267,33205,33528,0.018201364099538257,0.0025664443957069422,0.002517275,0.007548600000000002,0.49996,0.0,0.0,0.0,0.0,0.0,0.0,0.0,0.0,0.0,0.0,0.0,0.0,0.0,0.0,0.0,0.0,0.0,0.0
0.0,1,62001,pooled_R,100000,33413,33275,33312,0.018431491869693364,0.0025047997268311663,0.0025073250000000004,0.007540799999999999,0.49814,0.0,0.0,0.0,0.0,0.0,0.0,0.0,0.0,0.0,0.0,0.0,0.0,0.0,0.0,0.0,0.0,0.0,0.0
0.0,1,62001,trace_matched_R_over_3,100000,33413,33275,33312,0.018431491869693364,0.0025047997268311663,0.0025073250000000004,0.007540799999999999,0.49814,0.0,0.0,0.0,0.0,0.0,0.0,0.0,0.0,0.0,0.0,0.0,0.0,0.0,0.0,0.0,0.0,0.0,0.0
0.0,1,62001,decision_weighted_regularized,100000,33413,33275,33312,0.018431491869693364,0.0025047997268311663,0.0025073250000000004,0.007540799999999999,0.49814,0.0,0.0,0.0,0.0,0.0,0.0,0.0,0.0,0.0,0.0,0.0,0.0,0.0,0.0,0.0,0.0,0.0,0.0
0.0,1,62001,decision_weighted_unregularized_reference,100000,33413,33275,33312,0.018431491869693364,0.0025047997268311663,0.0025073250000000004,0.007540799999999999,0.49814,0.0,0.0,0.0,0.0,0.0,0.0,0.0,0.0,0.0,0.0,0.0,0.0,0.0,0.0,0.0,0.0,0.0,0.0
0.0,2,62002,pooled_R,100000,33409,33233,33358,0.01831319783449938,0.002530163099125994,0.0025158249999999997,0.007508,0.50104,0.0,0.0,0.0,0.0,0.0,0.0,0.0,0.0,0.0,0.0,0.0,0.0,0.0,0.0,0.0,0.0,0.0,0.0
0.0,2,62002,trace_matched_R_over_3,100000,33409,33233,33358,0.01831319783449938,0.002530163099125994,0.0025158249999999997,0.007508,0.50104,0.0,0.0,0.0,0.0,0.0,0.0,0.0,0.0,0.0,0.0,0.0,0.0,0.0,0.0,0.0,0.0,0.0,0.0
0.0,2,62002,decision_weighted_regularized,100000,33409,33233,33358,0.01831319783449938,0.002530163099125994,0.0025158249999999997,0.007508,0.50104,0.0,0.0,0.0,0.0,0.0,0.0,0.0,0.0,0.0,0.0,0.0,0.0,0.0,0.0,0.0,0.0,0.0,0.0
0.0,2,62002,decision_weighted_unregularized_reference,100000,33409,33233,33358,0.01831319783449938,0.002530163099125994,0.0025158249999999997,0.007508,0.50104,0.0,0.0,0.0,0.0,0.0,0.0,0.0,0.0,0.0,0.0,0.0,0.0,0.0,0.0,0.0,0.0,0.0,0.0
0.0,3,62003,pooled_R,100000,33328,33368,33304,0.018094454364188255,0.002588836585220716,0.0025076,0.007468599999999999,0.50194,0.0,0.0,0.0,0.0,0.0,0.0,0.0,0.0,0.0,0.0,0.0,0.0,0.0,0.0,0.0,0.0,0.0,0.0
0.0,3,62003,trace_matched_R_over_3,100000,33328,33368,33304,0.018094454364188255,0.002588836585220716,0.0025076,0.007468599999999999,0.50194,0.0,0.0,0.0,0.0,0.0,0.0,0.0,0.0,0.0,0.0,0.0,0.0,0.0,0.0,0.0,0.0,0.0,0.0
0.0,3,62003,decision_weighted_regularized,100000,33328,33368,33304,0.018094454364188255,0.002588836585220716,0.0025076,0.007468599999999999,0.50194,0.0,0.0,0.0,0.0,0.0,0.0,0.0,0.0,0.0,0.0,0.0,0.0,0.0,0.0,0.0,0.0,0.0,0.0
0.0,3,62003,decision_weighted_unregularized_reference,100000,33328,33368,33304,0.018094454364188255,0.002588836585220716,0.0025076,0.007468599999999999,0.50194,0.0,0.0,0.0,0.0,0.0,0.0,0.0,0.0,0.0,0.0,0.0,0.0,0.0,0.0,0.0,0.0,0.0,0.0
0.0,4,62004,pooled_R,100000,33401,33305,33294,0.01834272440587615,0.002495495775665692,0.002503225,0.007486800000000001,0.49996,0.0,0.0,0.0,0.0,0.0,0.0,0.0,0.0,0.0,0.0,0.0,0.0,0.0,0.0,0.0,0.0,0.0,0.0
0.0,4,62004,trace_matched_R_over_3,100000,33401,33305,33294,0.01834272440587615,0.002495495775665692,0.002503225,0.007486800000000001,0.49996,0.0,0.0,0.0,0.0,0.0,0.0,0.0,0.0,0.0,0.0,0.0,0.0,0.0,0.0,0.0,0.0,0.0,0.0
0.0,4,62004,decision_weighted_regularized,100000,33401,33305,33294,0.01834272440587615,0.002495495775665692,0.002503225,0.007486800000000001,0.49996,0.0,0.0,0.0,0.0,0.0,0.0,0.0,0.0,0.0,0.0,0.0,0.0,0.0,0.0,0.0,0.0,0.0,0.0
0.0,4,62004,decision_weighted_unregularized_reference,100000,33401,33305,33294,0.01834272440587615,0.002495495775665692,0.002503225,0.007486800000000001,0.49996,0.0,0.0,0.0,0.0,0.0,0.0,0.0,0.0,0.0,0.0,0.0,0.0,0.0,0.0,0.0,0.0,0.0,0.0
0.0,5,62005,pooled_R,100000,33253,33399,33348,0.018323842799672425,0.00253262440052414,0.002503725,0.0075008,0.49852,0.0,0.0,0.0,0.0,0.0,0.0,0.0,0.0,0.0,0.0,0.0,0.0,0.0,0.0,0.0,0.0,0.0,0.0
0.0,5,62005,trace_matched_R_over_3,100000,33253,33399,33348,0.018323842799672425,0.00253262440052414,0.002503725,0.0075008,0.49852,0.0,0.0,0.0,0.0,0.0,0.0,0.0,0.0,0.0,0.0,0.0,0.0,0.0,0.0,0.0,0.0,0.0,0.0
0.0,5,62005,decision_weighted_regularized,100000,33253,33399,33348,0.018323842799672425,0.00253262440052414,0.002503725,0.0075008,0.49852,0.0,0.0,0.0,0.0,0.0,0.0,0.0,0.0,0.0,0.0,0.0,0.0,0.0,0.0,0.0,0.0,0.0,0.0
0.0,5,62005,decision_weighted_unregularized_reference,100000,33253,33399,33348,0.018323842799672425,0.00253262440052414,0.002503725,0.0075008,0.49852,0.0,0.0,0.0,0.0,0.0,0.0,0.0,0.0,0.0,0.0,0.0,0.0,0.0,0.0,0.0,0.0,0.0,0.0
0.0,6,62006,pooled_R,100000,33223,33524,33253,0.01817096848719979,0.002521302552894055,0.002483575,0.0075512,0.49895,0.0,0.0,0.0,0.0,0.0,0.0,0.0,0.0,0.0,0.0,0.0,0.0,0.0,0.0,0.0,0.0,0.0,0.0
0.0,6,62006,trace_matched_R_over_3,100000,33223,33524,33253,0.01817096848719979,0.002521302552894055,0.002483575,0.0075512,0.49895,0.0,0.0,0.0,0.0,0.0,0.0,0.0,0.0,0.0,0.0,0.0,0.0,0.0,0.0,0.0,0.0,0.0,0.0
0.0,6,62006,decision_weighted_regularized,100000,33223,33524,33253,0.01817096848719979,0.002521302552894055,0.002483575,0.0075512,0.49895,0.0,0.0,0.0,0.0,0.0,0.0,0.0,0.0,0.0,0.0,0.0,0.0,0.0,0.0,0.0,0.0,0.0,0.0
0.0,6,62006,decision_weighted_unregularized_reference,100000,33223,33524,33253,0.01817096848719979,0.002521302552894055,0.002483575,0.0075512,0.49895,0.0,0.0,0.0,0.0,0.0,0.0,0.0,0.0,0.0,0.0,0.0,0.0,0.0,0.0,0.0,0.0,0.0,0.0
0.0,7,62007,pooled_R,100000,33455,33460,33085,0.01822231634107344,0.002515007796792036,0.002528975,0.007538399999999999,0.50016,0.0,0.0,0.0,0.0,0.0,0.0,0.0,0.0,0.0,0.0,0.0,0.0,0.0,0.0,0.0,0.0,0.0,0.0
0.0,7,62007,trace_matched_R_over_3,100000,33455,33460,33085,0.01822231634107344,0.002515007796792036,0.002528975,0.007538399999999999,0.50016,0.0,0.0,0.0,0.0,0.0,0.0,0.0,0.0,0.0,0.0,0.0,0.0,0.0,0.0,0.0,0.0,0.0,0.0
0.0,7,62007,decision_weighted_regularized,100000,33455,33460,33085,0.01822231634107344,0.002515007796792036,0.002528975,0.007538399999999999,0.50016,0.0,0.0,0.0,0.0,0.0,0.0,0.0,0.0,0.0,0.0,0.0,0.0,0.0,0.0,0.0,0.0,0.0,0.0
0.0,7,62007,decision_weighted_unregularized_reference,100000,33455,33460,33085,0.01822231634107344,0.002515007796792036,0.002528975,0.007538399999999999,0.50016,0.0,0.0,0.0,0.0,0.0,0.0,0.0,0.0,0.0,0.0,0.0,0.0,0.0,0.0,0.0,0.0,0.0,0.0
0.0,8,62008,pooled_R,100000,33444,33290,33266,0.018382779356362167,0.0025245050213139756,0.0025069,0.0074726,0.5016,0.0,0.0,0.0,0.0,0.0,0.0,0.0,0.0,0.0,0.0,0.0,0.0,0.0,0.0,0.0,0.0,0.0,0.0
0.0,8,62008,trace_matched_R_over_3,100000,33444,33290,33266,0.018382779356362167,0.0025245050213139756,0.0025069,0.0074726,0.5016,0.0,0.0,0.0,0.0,0.0,0.0,0.0,0.0,0.0,0.0,0.0,0.0,0.0,0.0,0.0,0.0,0.0,0.0
0.0,8,62008,decision_weighted_regularized,100000,33444,33290,33266,0.018382779356362167,0.0025245050213139756,0.0025069,0.0074726,0.5016,0.0,0.0,0.0,0.0,0.0,0.0,0.0,0.0,0.0,0.0,0.0,0.0,0.0,0.0,0.0,0.0,0.0,0.0
0.0,8,62008,decision_weighted_unregularized_reference,100000,33444,33290,33266,0.018382779356362167,0.0025245050213139756,0.0025069,0.0074726,0.5016,0.0,0.0,0.0,0.0,0.0,0.0,0.0,0.0,0.0,0.0,0.0,0.0,0.0,0.0,0.0,0.0,0.0,0.0
0.0,9,62009,pooled_R,100000,33416,33154,33430,0.018419541866895317,0.002568299424130183,0.002515,0.007474000000000001,0.50048,0.0,0.0,0.0,0.0,0.0,0.0,0.0,0.0,0.0,0.0,0.0,0.0,0.0,0.0,0.0,0.0,0.0,0.0
0.0,9,62009,trace_matched_R_over_3,100000,33416,33154,33430,0.018419541866895317,0.002568299424130183,0.002515,0.007474000000000001,0.50048,0.0,0.0,0.0,0.0,0.0,0.0,0.0,0.0,0.0,0.0,0.0,0.0,0.0,0.0,0.0,0.0,0.0,0.0
0.0,9,62009,decision_weighted_regularized,100000,33416,33154,33430,0.018419541866895317,0.002568299424130183,0.002515,0.007474000000000001,0.50048,0.0,0.0,0.0,0.0,0.0,0.0,0.0,0.0,0.0,0.0,0.0,0.0,0.0,0.0,0.0,0.0,0.0,0.0
0.0,9,62009,decision_weighted_unregularized_reference,100000,33416,33154,33430,0.018419541866895317,0.002568299424130183,0.002515,0.007474000000000001,0.50048,0.0,0.0,0.0,0.0,0.0,0.0,0.0,0.0,0.0,0.0,0.0,0.0,0.0,0.0,0.0,0.0,0.0,0.0
0.0,10,62010,pooled_R,100000,33358,33399,33243,0.018388094062783897,0.002515958501915225,0.0024993499999999996,0.0074936000000000004,0.49937,0.0,0.0,0.0,0.0,0.0,0.0,0.0,0.0,0.0,0.0,0.0,0.0,0.0,0.0,0.0,0.0,0.0,0.0
0.0,10,62010,trace_matched_R_over_3,100000,33358,33399,33243,0.018388094062783897,0.002515958501915225,0.0024993499999999996,0.0074936000000000004,0.49937,0.0,0.0,0.0,0.0,0.0,0.0,0.0,0.0,0.0,0.0,0.0,0.0,0.0,0.0,0.0,0.0,0.0,0.0
0.0,10,62010,decision_weighted_regularized,100000,33358,33399,33243,0.018388094062783897,0.002515958501915225,0.0024993499999999996,0.0074936000000000004,0.49937,0.0,0.0,0.0,0.0,0.0,0.0,0.0,0.0,0.0,0.0,0.0,0.0,0.0,0.0,0.0,0.0,0.0,0.0
0.0,10,62010,decision_weighted_unregularized_reference,100000,33358,33399,33243,0.018388094062783897,0.002515958501915225,0.0024993499999999996,0.0074936000000000004,0.49937,0.0,0.0,0.0,0.0,0.0,0.0,0.0,0.0,0.0,0.0,0.0,0.0,0.0,0.0,0.0,0.0,0.0,0.0
0.0,11,62011,pooled_R,100000,33472,33111,33417,0.018307586207810016,0.0025261697142080946,0.0025427999999999996,0.007537,0.4988,0.0,0.0,0.0,0.0,0.0,0.0,0.0,0.0,0.0,0.0,0.0,0.0,0.0,0.0,0.0,0.0,0.0,0.0
0.0,11,62011,trace_matched_R_over_3,100000,33472,33111,33417,0.018307586207810016,0.0025261697142080946,0.0025427999999999996,0.007537,0.4988,0.0,0.0,0.0,0.0,0.0,0.0,0.0,0.0,0.0,0.0,0.0,0.0,0.0,0.0,0.0,0.0,0.0,0.0
0.0,11,62011,decision_weighted_regularized,100000,33472,33111,33417,0.018307586207810016,0.0025261697142080946,0.0025427999999999996,0.007537,0.4988,0.0,0.0,0.0,0.0,0.0,0.0,0.0,0.0,0.0,0.0,0.0,0.0,0.0,0.0,0.0,0.0,0.0,0.0
0.0,11,62011,decision_weighted_unregularized_reference,100000,33472,33111,33417,0.018307586207810016,0.0025261697142080946,0.0025427999999999996,0.007537,0.4988,0.0,0.0,0.0,0.0,0.0,0.0,0.0,0.0,0.0,0.0,0.0,0.0,0.0,0.0,0.0,0.0,0.0,0.0
0.0,12,62012,pooled_R,100000,33271,33651,33078,0.01824146685414514,0.00253424641371017,0.0024853749999999997,0.007478399999999999,0.50184,0.0,0.0,0.0,0.0,0.0,0.0,0.0,0.0,0.0,0.0,0.0,0.0,0.0,0.0,0.0,0.0,0.0,0.0
0.0,12,62012,trace_matched_R_over_3,100000,33271,33651,33078,0.01824146685414514,0.00253424641371017,0.0024853749999999997,0.007478399999999999,0.50184,0.0,0.0,0.0,0.0,0.0,0.0,0.0,0.0,0.0,0.0,0.0,0.0,0.0,0.0,0.0,0.0,0.0,0.0
0.0,12,62012,decision_weighted_regularized,100000,33271,33651,33078,0.01824146685414514,0.00253424641371017,0.0024853749999999997,0.007478399999999999,0.50184,0.0,0.0,0.0,0.0,0.0,0.0,0.0,0.0,0.0,0.0,0.0,0.0,0.0,0.0,0.0,0.0,0.0,0.0
0.0,12,62012,decision_weighted_unregularized_reference,100000,33271,33651,33078,0.01824146685414514,0.00253424641371017,0.0024853749999999997,0.007478399999999999,0.50184,0.0,0.0,0.0,0.0,0.0,0.0,0.0,0.0,0.0,0.0,0.0,0.0,0.0,0.0,0.0,0.0,0.0,0.0
0.0,13,62013,pooled_R,100000,33602,33147,33251,0.018593751427745966,0.002458069122077501,0.00253065,0.0075004,0.50122,0.0,0.0,0.0,0.0,0.0,0.0,0.0,0.0,0.0,0.0,0.0,0.0,0.0,0.0,0.0,0.0,0.0,0.0
0.0,13,62013,trace_matched_R_over_3,100000,33602,33147,33251,0.018593751427745966,0.002458069122077501,0.00253065,0.0075004,0.50122,0.0,0.0,0.0,0.0,0.0,0.0,0.0,0.0,0.0,0.0,0.0,0.0,0.0,0.0,0.0,0.0,0.0,0.0
0.0,13,62013,decision_weighted_regularized,100000,33602,33147,33251,0.018593751427745966,0.002458069122077501,0.00253065,0.0075004,0.50122,0.0,0.0,0.0,0.0,0.0,0.0,0.0,0.0,0.0,0.0,0.0,0.0,0.0,0.0,0.0,0.0,0.0,0.0
0.0,13,62013,decision_weighted_unregularized_reference,100000,33602,33147,33251,0.018593751427745966,0.002458069122077501,0.00253065,0.0075004,0.50122,0.0,0.0,0.0,0.0,0.0,0.0,0.0,0.0,0.0,0.0,0.0,0.0,0.0,0.0,0.0,0.0,0.0,0.0
0.0,14,62014,pooled_R,100000,33180,33222,33598,0.018247241930077086,0.0025214867250935697,0.0024758999999999996,0.007525,0.50086,0.0,0.0,0.0,0.0,0.0,0.0,0.0,0.0,0.0,0.0,0.0,0.0,0.0,0.0,0.0,0.0,0.0,0.0
0.0,14,62014,trace_matched_R_over_3,100000,33180,33222,33598,0.018247241930077086,0.0025214867250935697,0.0024758999999999996,0.007525,0.50086,0.0,0.0,0.0,0.0,0.0,0.0,0.0,0.0,0.0,0.0,0.0,0.0,0.0,0.0,0.0,0.0,0.0,0.0
0.0,14,62014,decision_weighted_regularized,100000,33180,33222,33598,0.018247241930077086,0.0025214867250935697,0.0024758999999999996,0.007525,0.50086,0.0,0.0,0.0,0.0,0.0,0.0,0.0,0.0,0.0,0.0,0.0,0.0,0.0,0.0,0.0,0.0,0.0,0.0
0.0,14,62014,decision_weighted_unregularized_reference,100000,33180,33222,33598,0.018247241930077086,0.0025214867250935697,0.0024758999999999996,0.007525,0.50086,0.0,0.0,0.0,0.0,0.0,0.0,0.0,0.0,0.0,0.0,0.0,0.0,0.0,0.0,0.0,0.0,0.0,0.0
0.0,15,62015,pooled_R,100000,33470,33330,33200,0.018323963724369428,0.0025193460054654363,0.00251875,0.0075044,0.50186,0.0,0.0,0.0,0.0,0.0,0.0,0.0,0.0,0.0,0.0,0.0,0.0,0.0,0.0,0.0,0.0,0.0,0.0
0.0,15,62015,trace_matched_R_over_3,100000,33470,33330,33200,0.018323963724369428,0.0025193460054654363,0.00251875,0.0075044,0.50186,0.0,0.0,0.0,0.0,0.0,0.0,0.0,0.0,0.0,0.0,0.0,0.0,0.0,0.0,0.0,0.0,0.0,0.0
0.0,15,62015,decision_weighted_regularized,100000,33470,33330,33200,0.018323963724369428,0.0025193460054654363,0.00251875,0.0075044,0.50186,0.0,0.0,0.0,0.0,0.0,0.0,0.0,0.0,0.0,0.0,0.0,0.0,0.0,0.0,0.0,0.0,0.0,0.0
0.0,15,62015,decision_weighted_unregularized_reference,100000,33470,33330,33200,0.018323963724369428,0.0025193460054654363,0.00251875,0.0075044,0.50186,0.0,0.0,0.0,0.0,0.0,0.0,0.0,0.0,0.0,0.0,0.0,0.0,0.0,0.0,0.0,0.0,0.0,0.0
0.0,16,62016,pooled_R,100000,33395,32939,33666,0.018197582034789956,0.0024989307889010217,0.002504275,0.0075476,0.50096,0.0,0.0,0.0,0.0,0.0,0.0,0.0,0.0,0.0,0.0,0.0,0.0,0.0,0.0,0.0,0.0,0.0,0.0
0.0,16,62016,trace_matched_R_over_3,100000,33395,32939,33666,0.018197582034789956,0.0024989307889010217,0.002504275,0.0075476,0.50096,0.0,0.0,0.0,0.0,0.0,0.0,0.0,0.0,0.0,0.0,0.0,0.0,0.0,0.0,0.0,0.0,0.0,0.0
0.0,16,62016,decision_weighted_regularized,100000,33395,32939,33666,0.018197582034789956,0.0024989307889010217,0.002504275,0.0075476,0.50096,0.0,0.0,0.0,0.0,0.0,0.0,0.0,0.0,0.0,0.0,0.0,0.0,0.0,0.0,0.0,0.0,0.0,0.0
0.0,16,62016,decision_weighted_unregularized_reference,100000,33395,32939,33666,0.018197582034789956,0.0024989307889010217,0.002504275,0.0075476,0.50096,0.0,0.0,0.0,0.0,0.0,0.0,0.0,0.0,0.0,0.0,0.0,0.0,0.0,0.0,0.0,0.0,0.0,0.0
0.0,17,62017,pooled_R,100000,33259,33271,33470,0.018392333203713068,0.0025572175328061066,0.002520675,0.007558399999999999,0.50131,0.0,0.0,0.0,0.0,0.0,0.0,0.0,0.0,0.0,0.0,0.0,0.0,0.0,0.0,0.0,0.0,0.0,0.0
0.0,17,62017,trace_matched_R_over_3,100000,33259,33271,33470,0.018392333203713068,0.0025572175328061066,0.002520675,0.007558399999999999,0.50131,0.0,0.0,0.0,0.0,0.0,0.0,0.0,0.0,0.0,0.0,0.0,0.0,0.0,0.0,0.0,0.0,0.0,0.0
0.0,17,62017,decision_weighted_regularized,100000,33259,33271,33470,0.018392333203713068,0.0025572175328061066,0.002520675,0.007558399999999999,0.50131,0.0,0.0,0.0,0.0,0.0,0.0,0.0,0.0,0.0,0.0,0.0,0.0,0.0,0.0,0.0,0.0,0.0,0.0
0.0,17,62017,decision_weighted_unregularized_reference,100000,33259,33271,33470,0.018392333203713068,0.0025572175328061066,0.002520675,0.007558399999999999,0.50131,0.0,0.0,0.0,0.0,0.0,0.0,0.0,0.0,0.0,0.0,0.0,0.0,0.0,0.0,0.0,0.0,0.0,0.0
0.0,18,62018,pooled_R,100000,33237,33444,33319,0.01842239543585326,0.0024851514494689604,0.002493525,0.0074974,0.50193,0.0,0.0,0.0,0.0,0.0,0.0,0.0,0.0,0.0,0.0,0.0,0.0,0.0,0.0,0.0,0.0,0.0,0.0
0.0,18,62018,trace_matched_R_over_3,100000,33237,33444,33319,0.01842239543585326,0.0024851514494689604,0.002493525,0.0074974,0.50193,0.0,0.0,0.0,0.0,0.0,0.0,0.0,0.0,0.0,0.0,0.0,0.0,0.0,0.0,0.0,0.0,0.0,0.0
0.0,18,62018,decision_weighted_regularized,100000,33237,33444,33319,0.01842239543585326,0.0024851514494689604,0.002493525,0.0074974,0.50193,0.0,0.0,0.0,0.0,0.0,0.0,0.0,0.0,0.0,0.0,0.0,0.0,0.0,0.0,0.0,0.0,0.0,0.0
0.0,18,62018,decision_weighted_unregularized_reference,100000,33237,33444,33319,0.01842239543585326,0.0024851514494689604,0.002493525,0.0074974,0.50193,0.0,0.0,0.0,0.0,0.0,0.0,0.0,0.0,0.0,0.0,0.0,0.0,0.0,0.0,0.0,0.0,0.0,0.0
0.0,19,62019,pooled_R,100000,33234,33355,33411,0.01829190327358866,0.0024738541009291996,0.00250685,0.007518400000000001,0.49965,0.0,0.0,0.0,0.0,0.0,0.0,0.0,0.0,0.0,0.0,0.0,0.0,0.0,0.0,0.0,0.0,0.0,0.0
0.0,19,62019,trace_matched_R_over_3,100000,33234,33355,33411,0.01829190327358866,0.0024738541009291996,0.00250685,0.007518400000000001,0.49965,0.0,0.0,0.0,0.0,0.0,0.0,0.0,0.0,0.0,0.0,0.0,0.0,0.0,0.0,0.0,0.0,0.0,0.0
0.0,19,62019,decision_weighted_regularized,100000,33234,33355,33411,0.01829190327358866,0.0024738541009291996,0.00250685,0.007518400000000001,0.49965,0.0,0.0,0.0,0.0,0.0,0.0,0.0,0.0,0.0,0.0,0.0,0.0,0.0,0.0,0.0,0.0,0.0,0.0
0.0,19,62019,decision_weighted_unregularized_reference,100000,33234,33355,33411,0.01829190327358866,0.0024738541009291996,0.00250685,0.007518400000000001,0.49965,0.0,0.0,0.0,0.0,0.0,0.0,0.0,0.0,0.0,0.0,0.0,0.0,0.0,0.0,0.0,0.0,0.0,0.0
0.25,0,62000,pooled_R,100000,33267,33205,33528,0.01776531176644111,0.0030024967288040886,0.002938875,0.0087726,0.50021,0.0,0.0,0.0,0.0,0.0,0.0,0.0,0.0,0.0,0.0,0.0,0.0,0.0,0.0,0.0,0.0,0.0,0.0
0.25,0,62000,trace_matched_R_over_3,100000,33267,33205,33528,0.01776531176644111,0.0030024967288040886,0.002938875,0.0087726,0.50021,0.0,0.0,0.0,0.0,0.0,0.0,0.0,0.0,0.0,0.0,0.0,0.0,0.0,0.0,0.0,0.0,0.0,0.0
0.25,0,62000,decision_weighted_regularized,100000,33267,33205,33528,0.017794995674779157,0.002972812820466045,0.002909389435803173,0.008805488738746486,0.50038,2.968390833804624e-05,2.9683908338043637e-05,0.0,0.00981,0.00218,0.0013,0.00633,0.2222222222222222,0.1325178389398573,0.6452599388379205,0.010460817025881504,0.006553040550695885,0.003907776475185619,0.0,0.009485561865943386,0.0,0.0,0.009485561865943386
0.25,0,62000,decision_weighted_unregularized_reference,100000,33267,33205,33528,0.01781181673550268,0.002955991759742519,0.0029055341715976332,0.008848033136094677,0.50033,4.650496906156987e-05,4.6504969061569434e-05,0.0,0.0143,0.00337,0.00178,0.00915,0.23566433566433567,0.12447552447552447,0.6398601398601399,0.015480806805543031,0.010130159016442722,0.0053506477891003094,0.0,0.013711357199586412,0.0,0.0,0.013711357199586412
0.25,1,62001,pooled_R,100000,33413,33275,33312,0.018001129293997307,0.0029351623025272245,0.002928125,0.008799000000000001,0.49878,0.0,0.0,0.0,0.0,0.0,0.0,0.0,0.0,0.0,0.0,0.0,0.0,0.0,0.0,0.0,0.0,0.0,0.0
0.25,1,62001,trace_matched_R_over_3,100000,33413,33275,33312,0.018001129293997307,0.0029351623025272245,0.002928125,0.008799000000000001,0.49878,0.0,0.0,0.0,0.0,0.0,0.0,0.0,0.0,0.0,0.0,0.0,0.0,0.0,0.0,0.0,0.0,0.0,0.0
0.25,1,62001,decision_weighted_regularized,100000,33413,33275,33312,0.018023685026041656,0.002912606570482875,0.002898294545863872,0.008832746868484133,0.49881,2.255573204434924e-05,2.2555732044349675e-05,0.0,0.00957,0.00191,0.0012,0.00646,0.19958202716823406,0.12539184952978055,0.6750261233019854,0.00930775446682429,0.005716337952294017,0.0035914165145302726,0.0,0.009701593404117921,0.0,0.0,0.009701593404117921
0.25,1,62001,decision_weighted_unregularized_reference,100000,33413,33275,33312,0.018024889926848597,0.0029114016696759355,0.0028943747041420124,0.008875618934911244,0.49902,2.3760632851289876e-05,2.376063285128901e-05,0.0,0.01394,0.00291,0.00184,0.00919,0.20875179340028693,0.13199426111908177,0.6592539454806313,0.014216023703348997,0.008709185047735912,0.005506838655613085,0.0,0.013801492783876733,0.0,0.0,0.013801492783876733
0.25,2,62002,pooled_R,100000,33409,33233,33358,0.01792250489761713,0.0029208560360082458,0.002924425,0.0087542,0.50086,0.0,0.0,0.0,0.0,0.0,0.0,0.0,0.0,0.0,0.0,0.0,0.0,0.0,0.0,0.0,0.0,0.0,0.0
0.25,2,62002,trace_matched_R_over_3,100000,33409,33233,33358,0.01792250489761713,0.0029208560360082458,0.002924425,0.0087542,0.50086,0.0,0.0,0.0,0.0,0.0,0.0,0.0,0.0,0.0,0.0,0.0,0.0,0.0,0.0,0.0,0.0,0.0,0.0
0.25,2,62002,decision_weighted_regularized,100000,33409,33233,33358,0.01797106142856499,0.0028722995050603833,0.0028953787757751287,0.008788932482083829,0.50078,4.855653094786028e-05,4.8556530947862445e-05,0.0,0.00904,0.00241,0.00112,0.00551,0.2665929203539823,0.12389380530973451,0.6095132743362832,0.010566015145619443,0.0072136250710886285,0.003352390074530815,0.0,0.008274391434277906,0.0,0.0,0.008274391434277906
0.25,2,62002,decision_weighted_unregularized_reference,100000,33409,33233,33358,0.01797485076500745,0.0028685101686179225,0.0028918131656804737,0.008832333727810653,0.50088,5.234586739032154e-05,5.234586739032328e-05,0.0,0.01352,0.00347,0.00175,0.0083,0.2566568047337278,0.1294378698224852,0.613905325443787,0.01562453231165255,0.01038642282019815,0.005238109491454398,0.0,0.01246414680662552,0.0,0.0,0.01246414680662552
0.25,3,62003,pooled_R,100000,33328,33368,33304,0.017664877075411756,0.003018413873997215,0.0029208,0.008718400000000001,0.50136,0.0,0.0,0.0,0.0,0.0,0.0,0.0,0.0,0.0,0.0,0.0,0.0,0.0,0.0,0.0,0.0,0.0,0.0
0.25,3,62003,trace_matched_R_over_3,100000,33328,33368,33304,0.017664877075411756,0.003018413873997215,0.0029208,0.008718400000000001,0.50136,0.0,0.0,0.0,0.0,0.0,0.0,0.0,0.0,0.0,0.0,0.0,0.0,0.0,0.0,0.0,0.0,0.0,0.0
0.25,3,62003,decision_weighted_regularized,100000,33328,33368,33304,0.017699338449744004,0.0029839524996649663,0.002893199114981217,0.008754728047018498,0.50097,3.4461374332248745e-05,3.4461374332248745e-05,0.0,0.00931,0.00221,0.00123,0.00587,0.23737916219119226,0.13211600429645542,0.6305048335123523,0.010321651464234277,0.006631060969755161,0.0036905904944791166,0.0,0.008804295656347492,0.0,0.0,0.008804295656347492
0.25,3,62003,decision_weighted_unregularized_reference,100000,33328,33368,33304,0.0177107524818219,0.002972538467587068,0.0028902461538461545,0.008798911242603553,0.50125,4.58754064101459e-05,4.58754064101472e-05,0.0,0.01413,0.0032,0.00168,0.00925,0.22646850672328378,0.11889596602972399,0.6546355272469923,0.014642342774843975,0.009601536245799328,0.005040806529044647,0.0,0.013873890088792896,0.0,0.0,0.013873890088792896
0.25,4,62004,pooled_R,100000,33401,33305,33294,0.01791611550135975,0.0029221046801820934,0.002913025,0.008740999999999999,0.49989,0.0,0.0,0.0,0.0,0.0,0.0,0.0,0.0,0.0,0.0,0.0,0.0,0.0,0.0,0.0,0.0,0.0,0.0
0.25,4,62004,trace_matched_R_over_3,100000,33401,33305,33294,0.01791611550135975,0.0029221046801820934,0.002913025,0.008740999999999999,0.49989,0.0,0.0,0.0,0.0,0.0,0.0,0.0,0.0,0.0,0.0,0.0,0.0,0.0,0.0,0.0,0.0,0.0,0.0
0.25,4,62004,decision_weighted_regularized,100000,33401,33305,33294,0.017938272273406986,0.0028999479081348533,0.0028849926657807373,0.008778968178882905,0.49984,2.215677204723751e-05,2.2156772047240113e-05,0.0,0.00957,0.00211,0.00139,0.00607,0.22048066875653083,0.1452455590386625,0.6342737722048067,0.010478728181790964,0.006317176132451125,0.00416155204933984,0.0,0.0091142509647292,0.0,0.0,0.0091142509647292
0.25,4,62004,decision_weighted_unregularized_reference,100000,33401,33305,33294,0.01793414931697841,0.0029040708645634333,0.002881897189349113,0.008823834319526632,0.49993,1.803381561866005e-05,1.803381561866005e-05,0.0,0.01426,0.00314,0.00214,0.00898,0.22019635343618513,0.15007012622720897,0.6297335203366059,0.015807909942816084,0.009400916140235322,0.006406993802580761,0.0,0.01348368594123035,0.0,0.0,0.01348368594123035
0.25,5,62005,pooled_R,100000,33253,33399,33348,0.017911614493455453,0.0029448527067411157,0.0029139250000000004,0.0087314,0.49904,0.0,0.0,0.0,0.0,0.0,0.0,0.0,0.0,0.0,0.0,0.0,0.0,0.0,0.0,0.0,0.0,0.0,0.0
0.25,5,62005,trace_matched_R_over_3,100000,33253,33399,33348,0.017911614493455453,0.0029448527067411157,0.0029139250000000004,0.0087314,0.49904,0.0,0.0,0.0,0.0,0.0,0.0,0.0,0.0,0.0,0.0,0.0,0.0,0.0,0.0,0.0,0.0,0.0,0.0
0.25,5,62005,decision_weighted_regularized,100000,33253,33399,33348,0.01793614551105889,0.0029203216891376745,0.0028843997186202876,0.008768464889746353,0.49923,2.4531017603437316e-05,2.453101760344122e-05,0.0,0.00931,0.00213,0.00134,0.00584,0.22878625134264233,0.1439312567132116,0.6272824919441461,0.010435148708387213,0.00640543710341924,0.0040297116049679725,0.0,0.008749456904430162,0.0,0.0,0.008749456904430162
0.25,5,62005,decision_weighted_unregularized_reference,100000,33253,33399,33348,0.01793327869968322,0.002923188500513347,0.0028805711538461547,0.008812949112426038,0.49912,2.16642062277686e-05,2.16642062277686e-05,0.0,0.01396,0.00296,0.00194,0.00906,0.21203438395415472,0.13896848137535817,0.6489971346704871,0.014735512585330646,0.008901452500526269,0.005834060084804378,0.0,0.013573643759270079,0.0,0.0,0.013573643759270079
0.25,6,62006,pooled_R,100000,33223,33524,33253,0.017793523681992454,0.0028987473581013903,0.0028947749999999996,0.00879,0.49925,0.0,0.0,0.0,0.0,0.0,0.0,0.0,0.0,0.0,0.0,0.0,0.0,0.0,0.0,0.0,0.0,0.0,0.0
0.25,6,62006,trace_matched_R_over_3,100000,33223,33524,33253,0.017793523681992454,0.0028987473581013903,0.0028947749999999996,0.00879,0.49925,0.0,0.0,0.0,0.0,0.0,0.0,0.0,0.0,0.0,0.0,0.0,0.0,0.0,0.0,0.0,0.0,0.0,0.0
0.25,6,62006,decision_weighted_regularized,100000,33223,33524,33253,0.017816914930095105,0.002875356109998744,0.002866974100877839,0.00882707450815652,0.49939,2.3391248102650614e-05,2.3391248102646277e-05,0.0,0.0094,0.00202,0.00127,0.00611,0.2148936170212766,0.1351063829787234,0.65,0.009902778195828191,0.006080125214459862,0.003822652981368329,0.0,0.009149856986687034,0.0,0.0,0.009149856986687034
0.25,6,62006,decision_weighted_unregularized_reference,100000,33223,33524,33253,0.017819062566590736,0.002873208473503111,0.0028639371301775155,0.008871443786982252,0.49944,2.5538884598282074e-05,2.553888459827904e-05,0.0,0.01361,0.00297,0.00185,0.00879,0.21822189566495223,0.13592946362968406,0.6458486407053637,0.014508021551334918,0.008939590043042471,0.005568431508292448,0.0,0.013163214879374635,0.0,0.0,0.013163214879374635
0.25,7,62007,pooled_R,100000,33455,33460,33085,0.017828015502493313,0.0029093086353721644,0.0029401749999999997,0.008777,0.50025,0.0,0.0,0.0,0.0,0.0,0.0,0.0,0.0,0.0,0.0,0.0,0.0,0.0,0.0,0.0,0.0,0.0,0.0
0.25,7,62007,trace_matched_R_over_3,100000,33455,33460,33085,0.017828015502493313,0.0029093086353721644,0.0029401749999999997,0.008777,0.50025,0.0,0.0,0.0,0.0,0.0,0.0,0.0,0.0,0.0,0.0,0.0,0.0,0.0,0.0,0.0,0.0,0.0,0.0
0.25,7,62007,decision_weighted_regularized,100000,33455,33460,33085,0.01787114491547132,0.002866179222394157,0.0029114682010187585,0.008812187357943368,0.50029,4.312941297800535e-05,4.312941297800752e-05,0.0,0.01016,0.00244,0.00127,0.00645,0.24015748031496062,0.125,0.6348425196850394,0.011089523240173368,0.00729337916604394,0.0037961440741294274,0.0,0.009692689157712826,0.0,0.0,0.009692689157712826
0.25,7,62007,decision_weighted_unregularized_reference,100000,33455,33460,33085,0.017868425531910877,0.0028688986059545976,0.002908042455621303,0.008855744378698228,0.50016,4.0410029417563276e-05,4.0410029417566745e-05,0.0,0.01445,0.00334,0.00191,0.0092,0.23114186851211072,0.13217993079584775,0.6366782006920415,0.015692721566283065,0.00998356000597818,0.0057091615603048875,0.0,0.013825231046660155,0.0,0.0,0.013825231046660155
0.25,8,62008,pooled_R,100000,33444,33290,33266,0.01796832955892779,0.0029389548187483522,0.0029135000000000003,0.008707999999999999,0.50122,0.0,0.0,0.0,0.0,0.0,0.0,0.0,0.0,0.0,0.0,0.0,0.0,0.0,0.0,0.0,0.0,0.0,0.0
0.25,8,62008,trace_matched_R_over_3,100000,33444,33290,33266,0.01796832955892779,0.0029389548187483522,0.0029135000000000003,0.008707999999999999,0.50122,0.0,0.0,0.0,0.0,0.0,0.0,0.0,0.0,0.0,0.0,0.0,0.0,0.0,0.0,0.0,0.0,0.0,0.0
0.25,8,62008,decision_weighted_regularized,100000,33444,33290,33266,0.01799908504881015,0.0029081993288659937,0.002884612459859946,0.008744464151403864,0.50098,3.075548988235727e-05,3.075548988235857e-05,0.0,0.00954,0.00221,0.0013,0.00603,0.23165618448637318,0.13626834381551362,0.6320754716981132,0.010495156081808395,0.006608061236694176,0.0038870948451142206,0.0,0.009060039665845303,0.0,0.0,0.009060039665845303
0.25,8,62008,decision_weighted_unregularized_reference,100000,33444,33290,33266,0.017995105445801792,0.002912178931874348,0.0028811556213017763,0.008788728994082843,0.50089,2.6775886874001037e-05,2.6775886874004073e-05,0.0,0.01413,0.00317,0.002,0.00896,0.224345364472753,0.14154281670205238,0.6341118188251946,0.015458677191723478,0.009478531276163138,0.005980145915560339,0.0,0.013462347496844763,0.0,0.0,0.013462347496844763
0.25,9,62009,pooled_R,100000,33416,33154,33430,0.018008942578333742,0.0029788987126917583,0.0029430000000000003,0.008741,0.50121,0.0,0.0,0.0,0.0,0.0,0.0,0.0,0.0,0.0,0.0,0.0,0.0,0.0,0.0,0.0,0.0,0.0,0.0
0.25,9,62009,trace_matched_R_over_3,100000,33416,33154,33430,0.018008942578333742,0.0029788987126917583,0.0029430000000000003,0.008741,0.50121,0.0,0.0,0.0,0.0,0.0,0.0,0.0,0.0,0.0,0.0,0.0,0.0,0.0,0.0,0.0,0.0,0.0,0.0
0.25,9,62009,decision_weighted_regularized,100000,33416,33154,33430,0.018049064310624165,0.0029387769804013327,0.0029156286241483207,0.008778938683819178,0.50118,4.0121732290423345e-05,4.0121732290425514e-05,0.0,0.00921,0.00226,0.00116,0.00579,0.24538545059717698,0.1259500542888165,0.6286644951140065,0.010234618146995451,0.0067632271965525495,0.0034713909504429014,0.0,0.008695782770635587,0.0,0.0,0.008695782770635587
0.25,9,62009,decision_weighted_unregularized_reference,100000,33416,33154,33430,0.01805328182714515,0.002934559463880354,0.0029127727810650894,0.008823791715976335,0.5014,4.4339248811406384e-05,4.4339248811404216e-05,0.0,0.01411,0.00345,0.00187,0.00879,0.2445074415308292,0.13253012048192772,0.622962437987243,0.01592051711754848,0.010324395499162078,0.005596121618386402,0.0,0.013201369698426049,0.0,0.0,0.013201369698426049
0.25,10,62010,pooled_R,100000,33358,33399,33243,0.017965279653981276,0.0029387729107178484,0.00291755,0.0087218,0.49951,0.0,0.0,0.0,0.0,0.0,0.0,0.0,0.0,0.0,0.0,0.0,0.0,0.0,0.0,0.0,0.0,0.0,0.0
0.25,10,62010,trace_matched_R_over_3,100000,33358,33399,33243,0.017965279653981276,0.0029387729107178484,0.00291755,0.0087218,0.49951,0.0,0.0,0.0,0.0,0.0,0.0,0.0,0.0,0.0,0.0,0.0,0.0,0.0,0.0,0.0,0.0,0.0,0.0
0.25,10,62010,decision_weighted_regularized,100000,33358,33399,33243,0.017987459550854897,0.0029165930138442243,0.0028893664309254763,0.00875955433405098,0.49952,2.2179896873621152e-05,2.2179896873624188e-05,0.0,0.00921,0.00194,0.00121,0.00606,0.21064060803474485,0.13137893593919653,0.6579804560260586,0.009443012170993465,0.005815696384675341,0.0036273157863181246,0.0,0.009093364544881606,0.0,0.0,0.009093364544881606
0.25,10,62010,decision_weighted_unregularized_reference,100000,33358,33399,33243,0.01798458513201017,0.0029194674326889487,0.0028861748520710067,0.008804364497041424,0.49985,1.9305478028894957e-05,1.9305478028899727e-05,0.0,0.01366,0.0029,0.00189,0.00887,0.212298682284041,0.1383601756954612,0.6493411420204978,0.014359374063193237,0.008693566760597158,0.0056658073025960785,0.0,0.013309924672128687,0.0,0.0,0.013309924672128687
0.25,11,62011,pooled_R,100000,33472,33111,33417,0.017862000664315068,0.0029717552577030433,0.0029712000000000002,0.0087914,0.49947,0.0,0.0,0.0,0.0,0.0,0.0,0.0,0.0,0.0,0.0,0.0,0.0,0.0,0.0,0.0,0.0,0.0,0.0
0.25,11,62011,trace_matched_R_over_3,100000,33472,33111,33417,0.017862000664315068,0.0029717552577030433,0.0029712000000000002,0.0087914,0.49947,0.0,0.0,0.0,0.0,0.0,0.0,0.0,0.0,0.0,0.0,0.0,0.0,0.0,0.0,0.0,0.0,0.0,0.0
0.25,11,62011,decision_weighted_regularized,100000,33472,33111,33417,0.017888568423771258,0.0029451874982468497,0.0029436392151021376,0.008827595724649421,0.49922,2.6567759456190554e-05,2.656775945619359e-05,0.0,0.00979,0.00207,0.00127,0.00645,0.21144024514811033,0.12972420837589377,0.658835546475996,0.00997848948374761,0.006184273422562141,0.0037942160611854686,0.0,0.009695165945165946,0.0,0.0,0.009695165945165946
0.25,11,62011,decision_weighted_unregularized_reference,100000,33472,33111,33417,0.01788654698297422,0.0029472089390438936,0.002940667455621302,0.008871571597633139,0.499,2.454631865915144e-05,2.4546318659149705e-05,0.0,0.01451,0.00305,0.00195,0.00951,0.2101998621640248,0.13439007580978635,0.6554100620261888,0.014937858508604206,0.009112093690248567,0.005825764818355641,0.0,0.014294733044733044,0.0,0.0,0.014294733044733044
0.25,12,62012,pooled_R,100000,33271,33651,33078,0.01783345591655367,0.0029422573513016403,0.002887975,0.0087198,0.5029,0.0,0.0,0.0,0.0,0.0,0.0,0.0,0.0,0.0,0.0,0.0,0.0,0.0,0.0,0.0,0.0,0.0,0.0
0.25,12,62012,trace_matched_R_over_3,100000,33271,33651,33078,0.01783345591655367,0.0029422573513016403,0.002887975,0.0087198,0.5029,0.0,0.0,0.0,0.0,0.0,0.0,0.0,0.0,0.0,0.0,0.0,0.0,0.0,0.0,0.0,0.0,0.0,0.0
0.25,12,62012,decision_weighted_regularized,100000,33271,33651,33078,0.01785370956378278,0.002922003704072533,0.0028598576382716976,0.008757712101332481,0.50227,2.025364722910844e-05,2.025364722910714e-05,0.0,0.00965,0.00219,0.0015,0.00596,0.22694300518134716,0.15544041450777202,0.6176165803108808,0.011090739683207599,0.006582308917676054,0.004508430765531544,0.0,0.008931648908270766,0.0,0.0,0.008931648908270766
0.25,12,62012,decision_weighted_unregularized_reference,100000,33271,33651,33078,0.017846753153400525,0.002928960114454788,0.0028567158284023672,0.008802596449704145,0.50201,1.329723684685355e-05,1.3297236846852249e-05,0.0,0.01437,0.00311,0.00223,0.00903,0.2164231036882394,0.15518441196938065,0.6283924843423799,0.016050013525292298,0.009347479787202068,0.006702533738090229,0.0,0.013532347255316279,0.0,0.0,0.013532347255316279
0.25,13,62013,pooled_R,100000,33602,33147,33251,0.018186689672895367,0.002865130876928098,0.0029508499999999997,0.0087646,0.50148,0.0,0.0,0.0,0.0,0.0,0.0,0.0,0.0,0.0,0.0,0.0,0.0,0.0,0.0,0.0,0.0,0.0,0.0
0.25,13,62013,trace_matched_R_over_3,100000,33602,33147,33251,0.018186689672895367,0.002865130876928098,0.0029508499999999997,0.0087646,0.50148,0.0,0.0,0.0,0.0,0.0,0.0,0.0,0.0,0.0,0.0,0.0,0.0,0.0,0.0,0.0,0.0,0.0,0.0
0.25,13,62013,decision_weighted_regularized,100000,33602,33147,33251,0.018209692088481708,0.0028421284613417606,0.0029243614690465506,0.008804697207083278,0.50162,2.300241558634078e-05,2.300241558633731e-05,0.0,0.00976,0.00213,0.00136,0.00627,0.2182377049180328,0.13934426229508196,0.6424180327868853,0.010386286530563657,0.006338908398309625,0.004047378132254032,0.0,0.009443055513720293,0.0,0.0,0.009443055513720293
0.25,13,62013,decision_weighted_unregularized_reference,100000,33602,33147,33251,0.018212138205828496,0.0028396823439949706,0.002921967159763314,0.008850461538461541,0.50151,2.5448532933129014e-05,2.544853293312728e-05,0.0,0.01437,0.00322,0.00203,0.00912,0.22407794015309673,0.14126652748782184,0.6346555323590815,0.015624069995833581,0.00958276293077793,0.006041307065055651,0.0,0.013735353474502244,0.0,0.0,0.013735353474502244
0.25,14,62014,pooled_R,100000,33180,33222,33598,0.017873412005511347,0.002895316649659311,0.0028809000000000005,0.008759000000000001,0.5003,0.0,0.0,0.0,0.0,0.0,0.0,0.0,0.0,0.0,0.0,0.0,0.0,0.0,0.0,0.0,0.0,0.0,0.0
0.25,14,62014,trace_matched_R_over_3,100000,33180,33222,33598,0.017873412005511347,0.002895316649659311,0.0028809000000000005,0.008759000000000001,0.5003,0.0,0.0,0.0,0.0,0.0,0.0,0.0,0.0,0.0,0.0,0.0,0.0,0.0,0.0,0.0,0.0,0.0,0.0
0.25,14,62014,decision_weighted_regularized,100000,33180,33222,33598,0.017905156556129256,0.0028635720990413983,0.002851856850519231,0.008794973119606763,0.50052,3.174455061790912e-05,3.174455061791259e-05,0.0,0.00974,0.00216,0.00124,0.00634,0.22176591375770022,0.1273100616016427,0.6509240246406571,0.010247136829415311,0.0065099457504520794,0.003737191078963231,0.0,0.009488177192457347,0.0,0.0,0.009488177192457347
0.25,14,62014,decision_weighted_unregularized_reference,100000,33180,33222,33598,0.017903763102694564,0.0028649655524760876,0.002848276331360947,0.008838915976331364,0.50064,3.0351097183217712e-05,3.035109718322335e-05,0.0,0.014,0.00309,0.00188,0.00903,0.22071428571428572,0.13428571428571429,0.645,0.014978902953586498,0.009312839059674503,0.0056660638939119955,0.0,0.01351391798862616,0.0,0.0,0.01351391798862616
0.25,15,62015,pooled_R,100000,33470,33330,33200,0.017945796450823292,0.002897513279011573,0.00294535,0.008760800000000001,0.50104,0.0,0.0,0.0,0.0,0.0,0.0,0.0,0.0,0.0,0.0,0.0,0.0,0.0,0.0,0.0,0.0,0.0,0.0
0.25,15,62015,trace_matched_R_over_3,100000,33470,33330,33200,0.017945796450823292,0.002897513279011573,0.00294535,0.008760800000000001,0.50104,0.0,0.0,0.0,0.0,0.0,0.0,0.0,0.0,0.0,0.0,0.0,0.0,0.0,0.0,0.0,0.0,0.0,0.0
0.25,15,62015,decision_weighted_regularized,100000,33470,33330,33200,0.017970419009703247,0.002872890720131618,0.002917537961955361,0.0087981692966267,0.50078,2.4622558879954654e-05,2.4622558879955087e-05,0.0,0.0094,0.00197,0.00124,0.00619,0.20957446808510638,0.13191489361702127,0.6585106382978724,0.009590678219300866,0.0058858679414400955,0.0037048102778607706,0.0,0.009304073350368255,0.0,0.0,0.009304073350368255
0.25,15,62015,decision_weighted_unregularized_reference,100000,33470,33330,33200,0.01797150576237267,0.0028718039674621933,0.0029145062130177517,0.008842728994082843,0.5007,2.5709311549378805e-05,2.5709311549379672e-05,0.0,0.014,0.00289,0.00183,0.00928,0.20642857142857143,0.13071428571428573,0.6628571428571428,0.014102181057663579,0.00863459814759486,0.005467582910068719,0.0,0.013948594618968886,0.0,0.0,0.013948594618968886
0.25,16,62016,pooled_R,100000,33395,32939,33666,0.01779897220292721,0.0028975406207637677,0.002922475,0.0087896,0.50188,0.0,0.0,0.0,0.0,0.0,0.0,0.0,0.0,0.0,0.0,0.0,0.0,0.0,0.0,0.0,0.0,0.0,0.0
0.25,16,62016,trace_matched_R_over_3,100000,33395,32939,33666,0.01779897220292721,0.0028975406207637677,0.002922475,0.0087896,0.50188,0.0,0.0,0.0,0.0,0.0,0.0,0.0,0.0,0.0,0.0,0.0,0.0,0.0,0.0,0.0,0.0,0.0,0.0
0.25,16,62016,decision_weighted_regularized,100000,33395,32939,33666,0.017820634683368322,0.0028758781403226534,0.002894295654483682,0.008826655920004485,0.50196,2.1662480441112658e-05,2.1662480441114393e-05,0.0,0.00956,0.00208,0.00137,0.00611,0.2175732217573222,0.14330543933054393,0.6391213389121339,0.010330887857463692,0.006228477316963617,0.004102410540500075,0.0,0.00917348547406351,0.0,0.0,0.00917348547406351
0.25,16,62016,decision_weighted_unregularized_reference,100000,33395,32939,33666,0.017826778598597312,0.002869734225093667,0.002891112869822486,0.008871017751479292,0.50193,2.7806395670102596e-05,2.780639567010086e-05,0.0,0.01407,0.00311,0.00194,0.00902,0.22103766879886283,0.1378820184790334,0.6410803127221038,0.015122024255128014,0.009312771372960023,0.005809252882167989,0.0,0.013542526837324525,0.0,0.0,0.013542526837324525
0.25,17,62017,pooled_R,100000,33259,33271,33470,0.01799293833752203,0.0029566123989971434,0.002925075,0.0087686,0.5006,0.0,0.0,0.0,0.0,0.0,0.0,0.0,0.0,0.0,0.0,0.0,0.0,0.0,0.0,0.0,0.0,0.0,0.0
0.25,17,62017,trace_matched_R_over_3,100000,33259,33271,33470,0.01799293833752203,0.0029566123989971434,0.002925075,0.0087686,0.5006,0.0,0.0,0.0,0.0,0.0,0.0,0.0,0.0,0.0,0.0,0.0,0.0,0.0,0.0,0.0,0.0,0.0,0.0
0.25,17,62017,decision_weighted_regularized,100000,33259,33271,33470,0.018015299226392254,0.0029342515101269196,0.002897361901276484,0.008808735613284985,0.50009,2.2360888870223e-05,2.2360888870223868e-05,0.0,0.00887,0.00208,0.00135,0.00544,0.23449830890642615,0.15219842164599776,0.6133032694475761,0.010312997985507682,0.006253946300249557,0.004059051685258126,0.0,0.00815091173341724,0.0,0.0,0.00815091173341724
0.25,17,62017,decision_weighted_unregularized_reference,100000,33259,33271,33470,0.018021051349614105,0.0029284993869050703,0.0028943187869822497,0.008854508875739648,0.49993,2.811301209207362e-05,2.8113012092073186e-05,0.0,0.01341,0.00314,0.00195,0.00832,0.23415361670395227,0.14541387024608501,0.6204325130499627,0.015304128205899156,0.009441053549415195,0.0058630746564839594,0.0,0.012466100298167544,0.0,0.0,0.012466100298167544
0.25,18,62018,pooled_R,100000,33237,33444,33319,0.01800033271932353,0.0029072141659986935,0.0029123249999999995,0.008733,0.50108,0.0,0.0,0.0,0.0,0.0,0.0,0.0,0.0,0.0,0.0,0.0,0.0,0.0,0.0,0.0,0.0,0.0,0.0
0.25,18,62018,trace_matched_R_over_3,100000,33237,33444,33319,0.01800033271932353,0.0029072141659986935,0.0029123249999999995,0.008733,0.50108,0.0,0.0,0.0,0.0,0.0,0.0,0.0,0.0,0.0,0.0,0.0,0.0,0.0,0.0,0.0,0.0,0.0,0.0
0.25,18,62018,decision_weighted_regularized,100000,33237,33444,33319,0.018038570158185316,0.0028689767271369068,0.002882936901976044,0.00877058166831037,0.50134,3.823743886178718e-05,3.823743886178675e-05,0.0,0.0092,0.0022,0.00115,0.00585,0.2391304347826087,0.125,0.6358695652173914,0.010079128681890663,0.00661912928362969,0.003459999398260974,0.0,0.008762338420981682,0.0,0.0,0.008762338420981682
0.25,18,62018,decision_weighted_unregularized_reference,100000,33237,33444,33319,0.018035612406585296,0.0028719344787369243,0.0028791652366863913,0.00881529230769231,0.5014,3.52796872617675e-05,3.5279687261769235e-05,0.0,0.01386,0.00324,0.00189,0.00873,0.23376623376623376,0.13636363636363635,0.6298701298701299,0.015434606011372868,0.00974817221770918,0.005686433793663688,0.0,0.0130761050282342,0.0,0.0,0.0130761050282342
0.25,19,62019,pooled_R,100000,33234,33355,33411,0.017854967155369845,0.0029107902191480173,0.0029294499999999992,0.008779,0.49962,0.0,0.0,0.0,0.0,0.0,0.0,0.0,0.0,0.0,0.0,0.0,0.0,0.0,0.0,0.0,0.0,0.0,0.0
0.25,19,62019,trace_matched_R_over_3,100000,33234,33355,33411,0.017854967155369845,0.0029107902191480173,0.0029294499999999992,0.008779,0.49962,0.0,0.0,0.0,0.0,0.0,0.0,0.0,0.0,0.0,0.0,0.0,0.0,0.0,0.0,0.0,0.0,0.0,0.0
0.25,19,62019,decision_weighted_regularized,100000,33234,33355,33411,0.017879614472344225,0.002886142902173633,0.0029029832242660493,0.008819751633024621,0.49957,2.464731697437994e-05,2.4647316974384277e-05,0.0,0.00927,0.00202,0.00126,0.00599,0.21790722761596548,0.13592233009708737,0.6461704422869471,0.009869410844316062,0.006078112776072697,0.003791298068243365,0.0,0.008971632267920799,0.0,0.0,0.008971632267920799
0.25,19,62019,decision_weighted_unregularized_reference,100000,33234,33355,33411,0.017885160123766924,0.0028805972507509334,0.0029004736686390536,0.008865777514792903,0.49942,3.0192968397079606e-05,3.0192968397083943e-05,0.0,0.0137,0.00305,0.00184,0.00881,0.22262773722627738,0.1343065693430657,0.6430656934306569,0.01471384726484925,0.009177348498525606,0.005536498766323644,0.0,0.013195338944971992,0.0,0.0,0.013195338944971992
0.5,0,62000,pooled_R,100000,33267,33205,33528,0.017356993224831023,0.0034108152704141735,0.0033456749999999998,0.010019400000000001,0.50013,0.0,0.0,0.0,0.0,0.0,0.0,0.0,0.0,0.0,0.0,0.0,0.0,0.0,0.0,0.0,0.0,0.0,0.0
0.5,0,62000,trace_matched_R_over_3,100000,33267,33205,33528,0.017356993224831023,0.0034108152704141735,0.0033456749999999998,0.010019400000000001,0.50013,0.0,0.0,0.0,0.0,0.0,0.0,0.0,0.0,0.0,0.0,0.0,0.0,0.0,0.0,0.0,0.0,0.0,0.0
0.5,0,62000,decision_weighted_regularized,100000,33267,33205,33528,0.017491984178585163,0.003275824316660037,0.003237360649933049,0.01013612667914592,0.50014,0.00013499095375413966,0.00013499095375413663,0.0,0.01723,0.00544,0.00147,0.01032,0.3157283807312826,0.0853163087637841,0.5989553105049332,0.02077133495656356,0.016352541557699822,0.004418793398863739,0.0,0.015464612710353199,0.0,0.0,0.015464612710353199
0.5,0,62000,decision_weighted_unregularized_reference,100000,33267,33205,33528,0.017501296278290328,0.003266512216954869,0.0032257607142857124,0.010266465306122446,0.49958,0.00014430305345930483,0.0001443030534593044,0.0,0.02451,0.0075,0.00218,0.01483,0.30599755201958384,0.08894328845369237,0.6050591595267237,0.02909790483061292,0.022544864279917035,0.006553040550695885,0.0,0.022222888226214915,0.0,0.0,0.022222888226214915
0.5,1,62001,pooled_R,100000,33413,33275,33312,0.01756971204725293,0.003366579549271601,0.0033479250000000003,0.0100414,0.49845,0.0,0.0,0.0,0.0,0.0,0.0,0.0,0.0,0.0,0.0,0.0,0.0,0.0,0.0,0.0,0.0,0.0,0.0
0.5,1,62001,trace_matched_R_over_3,100000,33413,33275,33312,0.01756971204725293,0.003366579549271601,0.0033479250000000003,0.0100414,0.49845,0.0,0.0,0.0,0.0,0.0,0.0,0.0,0.0,0.0,0.0,0.0,0.0,0.0,0.0,0.0,0.0,0.0,0.0
0.5,1,62001,decision_weighted_regularized,100000,33413,33275,33312,0.01766605379703717,0.003270237799487361,0.003238545891952682,0.010157518678155172,0.4986,9.634174978424143e-05,9.634174978424013e-05,0.0,0.01605,0.00465,0.00163,0.00977,0.2897196261682243,0.1015576323987539,0.6087227414330219,0.018795079759375093,0.013916738993804807,0.004878340765570287,0.0,0.014672533677744905,0.0,0.0,0.014672533677744905
0.5,1,62001,decision_weighted_unregularized_reference,100000,33413,33275,33312,0.01767559501917309,0.0032606965773514414,0.003226761734693876,0.010287477551020404,0.49877,0.00010588297192016052,0.00010588297192015966,0.0,0.0232,0.00682,0.00238,0.014,0.2939655172413793,0.10258620689655172,0.603448275862069,0.027534193278065423,0.020411217190913718,0.007122976087151707,0.0,0.02102512502440416,0.0,0.0,0.02102512502440416
0.5,2,62002,pooled_R,100000,33409,33233,33358,0.0175269625956468,0.0033163983379785734,0.0033302249999999996,0.0099982,0.50096,0.0,0.0,0.0,0.0,0.0,0.0,0.0,0.0,0.0,0.0,0.0,0.0,0.0,0.0,0.0,0.0,0.0,0.0
0.5,2,62002,trace_matched_R_over_3,100000,33409,33233,33358,0.0175269625956468,0.0033163983379785734,0.0033302249999999996,0.0099982,0.50096,0.0,0.0,0.0,0.0,0.0,0.0,0.0,0.0,0.0,0.0,0.0,0.0,0.0,0.0,0.0,0.0,0.0,0.0
0.5,2,62002,decision_weighted_regularized,100000,33409,33233,33358,0.01764348771707109,0.0031998732165542856,0.003221893480809773,0.010117176840977933,0.50084,0.00011652512142429003,0.00011652512142428786,0.0,0.01582,0.00506,0.00159,0.00917,0.3198482932996207,0.10050568900126422,0.5796460176991151,0.019904816067526716,0.015145619443862432,0.004759196623664282,0.0,0.0137706296646694,0.0,0.0,0.0137706296646694
0.5,2,62002,decision_weighted_unregularized_reference,100000,33409,33233,33358,0.017655601582108656,0.0031877593515167177,0.0032106168367346923,0.01024850204081632,0.50084,0.000128638986461857,0.0001286389864618557,0.0,0.02302,0.00716,0.00227,0.01359,0.3110338835794961,0.09860990443092962,0.5903562119895743,0.028225927145379987,0.02143135083360771,0.006794576311772277,0.0,0.02040816326530612,0.0,0.0,0.02040816326530612
0.5,3,62003,pooled_R,100000,33328,33368,33304,0.017240302169937636,0.0034429887794713357,0.0033486,0.009977,0.50119,0.0,0.0,0.0,0.0,0.0,0.0,0.0,0.0,0.0,0.0,0.0,0.0,0.0,0.0,0.0,0.0,0.0,0.0
0.5,3,62003,trace_matched_R_over_3,100000,33328,33368,33304,0.017240302169937636,0.0034429887794713357,0.0033486,0.009977,0.50119,0.0,0.0,0.0,0.0,0.0,0.0,0.0,0.0,0.0,0.0,0.0,0.0,0.0,0.0,0.0,0.0,0.0,0.0
0.5,3,62003,decision_weighted_regularized,100000,33328,33368,33304,0.017356296946208553,0.0033269940032004193,0.003240712555555811,0.010096354030176927,0.50094,0.00011599477627091681,0.00011599477627091638,0.0,0.01689,0.00504,0.00155,0.0103,0.2984014209591474,0.09177027827116636,0.6098283007696862,0.01977316370619299,0.015122419587133942,0.004650744119059049,0.0,0.01544876409887209,0.0,0.0,0.01544876409887209
0.5,3,62003,decision_weighted_unregularized_reference,100000,33328,33368,33304,0.017374139794922118,0.0033091511544868545,0.003229346938775509,0.010227967346938772,0.50114,0.00013383762498448207,0.0001338376249844812,0.0,0.02429,0.0073,0.0022,0.01479,0.30053519967064635,0.09057225195553725,0.6088925483738163,0.028504560729716754,0.021903504560729717,0.006601056168987038,0.0,0.022183225341972642,0.0,0.0,0.022183225341972642
0.5,4,62004,pooled_R,100000,33401,33305,33294,0.017466176483916053,0.003372043697625789,0.0033340250000000004,0.0099838,0.50061,0.0,0.0,0.0,0.0,0.0,0.0,0.0,0.0,0.0,0.0,0.0,0.0,0.0,0.0,0.0,0.0,0.0,0.0
0.5,4,62004,trace_matched_R_over_3,100000,33401,33305,33294,0.017466176483916053,0.003372043697625789,0.0033340250000000004,0.0099838,0.50061,0.0,0.0,0.0,0.0,0.0,0.0,0.0,0.0,0.0,0.0,0.0,0.0,0.0,0.0,0.0,0.0,0.0,0.0
0.5,4,62004,decision_weighted_regularized,100000,33401,33305,33294,0.017566461766607554,0.003271758414934287,0.0032255494196219785,0.010105379561619375,0.50037,0.00010028528269150072,0.00010028528269150202,0.0,0.01688,0.00486,0.00173,0.01029,0.28791469194312796,0.10248815165876778,0.6095971563981043,0.01972994820514356,0.014550462561001168,0.005179485644142391,0.0,0.015450682442679319,0.0,0.0,0.015450682442679319
0.5,4,62004,decision_weighted_unregularized_reference,100000,33401,33305,33294,0.01758295136491299,0.0032552688166288504,0.003214180102040815,0.010237775510204078,0.49997,0.00011677488099693864,0.00011677488099693864,0.0,0.02458,0.00731,0.00248,0.01479,0.29739625711960943,0.10089503661513426,0.6017087062652563,0.029310499685638154,0.021885572288254843,0.007424927397383312,0.0,0.02220754065376357,0.0,0.0,0.02220754065376357
0.5,5,62005,pooled_R,100000,33253,33399,33348,0.017501437468652476,0.0033550297315440908,0.0033301249999999998,0.010000199999999999,0.49835,0.0,0.0,0.0,0.0,0.0,0.0,0.0,0.0,0.0,0.0,0.0,0.0,0.0,0.0,0.0,0.0,0.0,0.0
0.5,5,62005,trace_matched_R_over_3,100000,33253,33399,33348,0.017501437468652476,0.0033550297315440908,0.0033301249999999998,0.010000199999999999,0.49835,0.0,0.0,0.0,0.0,0.0,0.0,0.0,0.0,0.0,0.0,0.0,0.0,0.0,0.0,0.0,0.0,0.0,0.0
0.5,5,62005,decision_weighted_regularized,100000,33253,33399,33348,0.017598074900632987,0.0032583922995635816,0.0032229399899064318,0.010126800755955984,0.49879,9.66374319805105e-05,9.66374319805092e-05,0.0,0.01684,0.00482,0.00176,0.01026,0.2862232779097387,0.10451306413301663,0.6092636579572447,0.019787688328872583,0.014494932788019126,0.005292755540853457,0.0,0.015371477369769428,0.0,0.0,0.015371477369769428
0.5,5,62005,decision_weighted_unregularized_reference,100000,33253,33399,33348,0.017611913471165575,0.0032445537290309925,0.0032118474489795904,0.010260955102040812,0.49879,0.00011047600251309908,0.00011047600251309821,0.0,0.02384,0.007,0.00243,0.01441,0.2936241610738255,0.10192953020134228,0.6044463087248322,0.02835834360809551,0.021050732264758065,0.007307611343337443,0.0,0.02158898527274634,0.0,0.0,0.02158898527274634
0.5,6,62006,pooled_R,100000,33223,33524,33253,0.01740174181022743,0.003290529229866419,0.0033079750000000003,0.0100538,0.4993,0.0,0.0,0.0,0.0,0.0,0.0,0.0,0.0,0.0,0.0,0.0,0.0,0.0,0.0,0.0,0.0,0.0,0.0
0.5,6,62006,trace_matched_R_over_3,100000,33223,33524,33253,0.01740174181022743,0.003290529229866419,0.0033079750000000003,0.0100538,0.4993,0.0,0.0,0.0,0.0,0.0,0.0,0.0,0.0,0.0,0.0,0.0,0.0,0.0,0.0,0.0,0.0,0.0,0.0
0.5,6,62006,decision_weighted_regularized,100000,33223,33524,33253,0.01751387577778905,0.003178395262304798,0.003199888455705701,0.010175879877435371,0.49937,0.00011213396756162147,0.0001121339675616206,0.0,0.01643,0.00491,0.0015,0.01002,0.2988435788192331,0.09129640900791236,0.6098600121728546,0.01929386268548897,0.014778918219305902,0.004514944466183066,0.0,0.015005166449526035,0.0,0.0,0.015005166449526035
0.5,6,62006,decision_weighted_unregularized_reference,100000,33223,33524,33253,0.017518997215207423,0.003173273824886425,0.0031885668367346927,0.010307975510204076,0.49938,0.00011725540497999412,0.00011725540497999369,0.0,0.02356,0.00703,0.00231,0.01422,0.29838709677419356,0.09804753820033955,0.6035653650254669,0.028113054209433223,0.0211600397315113,0.006953014477921921,0.0,0.021294757176872275,0.0,0.0,0.021294757176872275
0.5,7,62007,pooled_R,100000,33455,33460,33085,0.01743951656081869,0.003297807577046785,0.0033611749999999997,0.0100418,0.50037,0.0,0.0,0.0,0.0,0.0,0.0,0.0,0.0,0.0,0.0,0.0,0.0,0.0,0.0,0.0,0.0,0.0,0.0
0.5,7,62007,trace_matched_R_over_3,100000,33455,33460,33085,0.01743951656081869,0.003297807577046785,0.0033611749999999997,0.0100418,0.50037,0.0,0.0,0.0,0.0,0.0,0.0,0.0,0.0,0.0,0.0,0.0,0.0,0.0,0.0,0.0,0.0,0.0,0.0
0.5,7,62007,decision_weighted_regularized,100000,33455,33460,33085,0.017551441334574452,0.0031858828032910254,0.0032545324406515483,0.010163034217255803,0.5001,0.00011192477375576368,0.00011192477375575978,0.0,0.01609,0.00493,0.0016,0.00956,0.3064014916096955,0.09944064636420137,0.5941578620261032,0.019518756538633986,0.014736212823195337,0.004782543715438649,0.0,0.014366218348485987,0.0,0.0,0.014366218348485987
0.5,7,62007,decision_weighted_unregularized_reference,100000,33455,33460,33085,0.017573046029478557,0.0031642781083869205,0.0032437423469387737,0.010294897959183667,0.50035,0.00013352946865986814,0.00013352946865986468,0.0,0.02304,0.00716,0.00218,0.0137,0.3107638888888889,0.09461805555555555,0.5946180555555556,0.027918098938873114,0.021401883126587955,0.006516215812285159,0.0,0.020587572319483056,0.0,0.0,0.020587572319483056
0.5,8,62008,pooled_R,100000,33444,33290,33266,0.01757458594355844,0.0033326984341177012,0.0033213,0.009953199999999999,0.50116,0.0,0.0,0.0,0.0,0.0,0.0,0.0,0.0,0.0,0.0,0.0,0.0,0.0,0.0,0.0,0.0,0.0,0.0
0.5,8,62008,trace_matched_R_over_3,100000,33444,33290,33266,0.01757458594355844,0.0033326984341177012,0.0033213,0.009953199999999999,0.50116,0.0,0.0,0.0,0.0,0.0,0.0,0.0,0.0,0.0,0.0,0.0,0.0,0.0,0.0,0.0,0.0,0.0,0.0
0.5,8,62008,decision_weighted_regularized,100000,33444,33290,33266,0.01767652512199595,0.0032307592556801916,0.003214230123682066,0.010076363722077139,0.50063,0.0001019391784375101,0.00010193917843750967,0.0,0.01683,0.00506,0.0018,0.00997,0.3006535947712418,0.10695187165775401,0.5923945335710041,0.020511900490371965,0.015129769166367659,0.005382131324004306,0.0,0.014979866578520344,0.0,0.0,0.014979866578520344
0.5,8,62008,decision_weighted_unregularized_reference,100000,33444,33290,33266,0.017693754861374138,0.0032135295163020034,0.003203540816326529,0.010209563265306119,0.50092,0.0001191689178156978,0.0001191689178156978,0.0,0.02412,0.00735,0.00247,0.0143,0.30472636815920395,0.10240464344941957,0.5928689883913765,0.029362516445401266,0.02197703623968425,0.00738548020571702,0.0,0.021485666205901796,0.0,0.0,0.021485666205901796
0.5,9,62009,pooled_R,100000,33416,33154,33430,0.017560353461758837,0.0034274878292666648,0.0033641999999999995,0.0100172,0.50081,0.0,0.0,0.0,0.0,0.0,0.0,0.0,0.0,0.0,0.0,0.0,0.0,0.0,0.0,0.0,0.0,0.0,0.0
0.5,9,62009,trace_matched_R_over_3,100000,33416,33154,33430,0.017560353461758837,0.0034274878292666648,0.0033641999999999995,0.0100172,0.50081,0.0,0.0,0.0,0.0,0.0,0.0,0.0,0.0,0.0,0.0,0.0,0.0,0.0,0.0,0.0,0.0,0.0,0.0
0.5,9,62009,decision_weighted_regularized,100000,33416,33154,33430,0.017682525964417353,0.003305315326608149,0.003257718303913822,0.010142287423684474,0.50089,0.00012217250265851576,0.00012217250265851576,0.0,0.01656,0.00525,0.00162,0.00969,0.3170289855072464,0.09782608695652174,0.5851449275362319,0.020559013646157528,0.015711036629159684,0.004847977016997846,0.0,0.014553045776763186,0.0,0.0,0.014553045776763186
0.5,9,62009,decision_weighted_unregularized_reference,100000,33416,33154,33430,0.017699645477685322,0.0032881958133401798,0.003246906122448978,0.010275759183673464,0.50021,0.00013929201592648502,0.00013929201592648502,0.0,0.02406,0.00747,0.00227,0.01432,0.3104738154613466,0.0943474646716542,0.5951787198669992,0.029147713670098156,0.022354560689490065,0.006793152980608092,0.0,0.02150666826865313,0.0,0.0,0.02150666826865313
0.5,10,62010,pooled_R,100000,33358,33399,33243,0.017551256798965627,0.0033527957657334957,0.00333495,0.0099798,0.49949,0.0,0.0,0.0,0.0,0.0,0.0,0.0,0.0,0.0,0.0,0.0,0.0,0.0,0.0,0.0,0.0,0.0,0.0
0.5,10,62010,trace_matched_R_over_3,100000,33358,33399,33243,0.017551256798965627,0.0033527957657334957,0.00333495,0.0099798,0.49949,0.0,0.0,0.0,0.0,0.0,0.0,0.0,0.0,0.0,0.0,0.0,0.0,0.0,0.0,0.0,0.0,0.0,0.0
0.5,10,62010,decision_weighted_regularized,100000,33358,33399,33243,0.017639598450273776,0.0032644541144253446,0.003228867851580863,0.010105316322775802,0.50005,8.83416513081485e-05,8.83416513081511e-05,0.0,0.0157,0.00432,0.00153,0.00985,0.2751592356687898,0.09745222929936306,0.6273885350318471,0.017537022603273576,0.01295041669164818,0.004586605911625397,0.0,0.014780468773446175,0.0,0.0,0.014780468773446175
0.5,10,62010,decision_weighted_unregularized_reference,100000,33358,33399,33243,0.017643564641820927,0.0032604879228781956,0.003218317346938774,0.010239208163265302,0.50002,9.230784285529925e-05,9.230784285530012e-05,0.0,0.02269,0.0064,0.00233,0.01396,0.28206258263552225,0.10268840899074483,0.615249008373733,0.02617063373103903,0.019185802506145454,0.006984831224893579,0.0,0.020947750667747067,0.0,0.0,0.020947750667747067
0.5,11,62011,pooled_R,100000,33472,33111,33417,0.017434287667393945,0.0033994682546241665,0.0033826,0.0100406,0.49964,0.0,0.0,0.0,0.0,0.0,0.0,0.0,0.0,0.0,0.0,0.0,0.0,0.0,0.0,0.0,0.0,0.0,0.0
0.5,11,62011,trace_matched_R_over_3,100000,33472,33111,33417,0.017434287667393945,0.0033994682546241665,0.0033826,0.0100406,0.49964,0.0,0.0,0.0,0.0,0.0,0.0,0.0,0.0,0.0,0.0,0.0,0.0,0.0,0.0,0.0,0.0,0.0,0.0
0.5,11,62011,decision_weighted_regularized,100000,33472,33111,33417,0.017543846728537427,0.003289909193480683,0.0032770871476737267,0.010162300840326993,0.49937,0.0001095590611434813,0.00010955906114348346,0.0,0.01677,0.00493,0.0016,0.01024,0.2939773404889684,0.09540846750149076,0.6106141920095408,0.019508843212237094,0.014728728489483747,0.004780114722753346,0.0,0.015392015392015393,0.0,0.0,0.015392015392015393
0.5,11,62011,decision_weighted_unregularized_reference,100000,33472,33111,33417,0.017557315815356897,0.0032764401066612153,0.0032665959183673455,0.010294346938775506,0.49901,0.00012302814796295164,0.0001230281479629512,0.0,0.02389,0.00703,0.00225,0.01461,0.2942653830054416,0.09418166596902469,0.6115529510255336,0.027724665391969407,0.021002629063097515,0.006722036328871893,0.0,0.021960678210678212,0.0,0.0,0.021960678210678212
0.5,12,62012,pooled_R,100000,33271,33651,33078,0.017433679000085682,0.00334203426776963,0.0032953749999999997,0.0099688,0.50287,0.0,0.0,0.0,0.0,0.0,0.0,0.0,0.0,0.0,0.0,0.0,0.0,0.0,0.0,0.0,0.0,0.0,0.0
0.5,12,62012,trace_matched_R_over_3,100000,33271,33651,33078,0.017433679000085682,0.00334203426776963,0.0032953749999999997,0.0099688,0.50287,0.0,0.0,0.0,0.0,0.0,0.0,0.0,0.0,0.0,0.0,0.0,0.0,0.0,0.0,0.0,0.0,0.0,0.0
0.5,12,62012,decision_weighted_regularized,100000,33271,33651,33078,0.017527964355172107,0.0032477489126832063,0.0031888288231820606,0.01009405843148127,0.50248,9.428535508642505e-05,9.428535508642375e-05,0.0,0.01671,0.00496,0.00191,0.00984,0.29682824655894674,0.11430281268701377,0.5888689407540395,0.02064861290613447,0.01490787773135764,0.005740735174776833,0.0,0.014746212291507441,0.0,0.0,0.014746212291507441
0.5,12,62012,decision_weighted_unregularized_reference,100000,33271,33651,33078,0.017542617735594696,0.0032330955322606176,0.0031782443877551004,0.010227930612244893,0.50253,0.0001089387355090142,0.00010893873550901247,0.0,0.02356,0.00694,0.0025,0.01412,0.29456706281833617,0.10611205432937182,0.599320882852292,0.028373057617745185,0.020859006341859276,0.007514051275885907,0.0,0.02116021519878913,0.0,0.0,0.02116021519878913
0.5,13,62013,pooled_R,100000,33602,33147,33251,0.01780179656685296,0.003250023982970508,0.0033766499999999997,0.0100182,0.50111,0.0,0.0,0.0,0.0,0.0,0.0,0.0,0.0,0.0,0.0,0.0,0.0,0.0,0.0,0.0,0.0,0.0,0.0
0.5,13,62013,trace_matched_R_over_3,100000,33602,33147,33251,0.01780179656685296,0.003250023982970508,0.0033766499999999997,0.0100182,0.50111,0.0,0.0,0.0,0.0,0.0,0.0,0.0,0.0,0.0,0.0,0.0,0.0,0.0,0.0,0.0,0.0,0.0,0.0
0.5,13,62013,decision_weighted_regularized,100000,33602,33147,33251,0.017912014218729743,0.0031398063310937208,0.003270456381991488,0.010143447084539106,0.50082,0.00011021765187678445,0.00011021765187678705,0.0,0.01701,0.00522,0.00176,0.01003,0.30687830687830686,0.10346854791299236,0.5896531452087007,0.020772573061127314,0.01553478959585739,0.005237783465269924,0.0,0.01510587668303262,0.0,0.0,0.01510587668303262
0.5,13,62013,decision_weighted_unregularized_reference,100000,33602,33147,33251,0.01791256605866324,0.003139254491160227,0.003259956122448978,0.010276971428571424,0.50044,0.00011076949181028015,0.00011076949181028101,0.0,0.02391,0.00712,0.00254,0.01425,0.29778335424508573,0.10623170221664575,0.5959849435382685,0.02874828879233379,0.021189214927682876,0.007559073864650914,0.0,0.021461489803909755,0.0,0.0,0.021461489803909755
0.5,14,62014,pooled_R,100000,33180,33222,33598,0.01747609357497802,0.0032926350801926337,0.0032906999999999993,0.010007799999999999,0.50081,0.0,0.0,0.0,0.0,0.0,0.0,0.0,0.0,0.0,0.0,0.0,0.0,0.0,0.0,0.0,0.0,0.0,0.0
0.5,14,62014,trace_matched_R_over_3,100000,33180,33222,33598,0.01747609357497802,0.0032926350801926337,0.0032906999999999993,0.010007799999999999,0.50081,0.0,0.0,0.0,0.0,0.0,0.0,0.0,0.0,0.0,0.0,0.0,0.0,0.0,0.0,0.0,0.0,0.0,0.0
0.5,14,62014,decision_weighted_regularized,100000,33180,33222,33598,0.017576126359420127,0.0031926022957505266,0.0031820368439057275,0.010128769801315085,0.50133,0.00010003278444210492,0.00010003278444210709,0.0,0.01654,0.0048,0.0017,0.01004,0.29020556227327693,0.10278113663845223,0.6070133010882709,0.01959011452682339,0.014466546112115732,0.005123568414707656,0.0,0.015025441484585454,0.0,0.0,0.015025441484585454
0.5,14,62014,decision_weighted_unregularized_reference,100000,33180,33222,33598,0.017596603490227482,0.003172125164943172,0.003170553061224488,0.010260771428571425,0.50182,0.00012050991524946084,0.0001205099152494617,0.0,0.02357,0.00687,0.00223,0.01447,0.29147221043699617,0.09461179465422147,0.6139159949087823,0.027426160337552744,0.020705244122965642,0.006720916214587101,0.0,0.021655193055971265,0.0,0.0,0.021655193055971265
0.5,15,62015,pooled_R,100000,33470,33330,33200,0.017541206009903106,0.0033021037199317572,0.0033783500000000004,0.0100254,0.50123,0.0,0.0,0.0,0.0,0.0,0.0,0.0,0.0,0.0,0.0,0.0,0.0,0.0,0.0,0.0,0.0,0.0,0.0
0.5,15,62015,trace_matched_R_over_3,100000,33470,33330,33200,0.017541206009903106,0.0033021037199317572,0.0033783500000000004,0.0100254,0.50123,0.0,0.0,0.0,0.0,0.0,0.0,0.0,0.0,0.0,0.0,0.0,0.0,0.0,0.0,0.0,0.0,0.0,0.0
0.5,15,62015,decision_weighted_regularized,100000,33470,33330,33200,0.017645710461270902,0.0031975992685639608,0.003271866544600282,0.010148248697390472,0.50092,0.00010450445136779563,0.00010450445136779649,0.0,0.01609,0.00457,0.00144,0.01008,0.28402734617775016,0.08949658172778123,0.6264760720944687,0.017956378846728415,0.01365401852405139,0.004302360322677024,0.0,0.015151059672328273,0.0,0.0,0.015151059672328273
0.5,15,62015,decision_weighted_unregularized_reference,100000,33470,33330,33200,0.01766262431629488,0.0031806854135399804,0.0032610397959183654,0.010280828571428566,0.50106,0.00012141830639177467,0.00012141830639177684,0.0,0.02299,0.00671,0.00206,0.01422,0.291866028708134,0.08960417572857764,0.6185297955632884,0.02620256946519271,0.0200478040035853,0.00615476546160741,0.0,0.0213738163234631,0.0,0.0,0.0213738163234631
0.5,16,62016,pooled_R,100000,33395,32939,33666,0.017389243182776213,0.003307269640914766,0.0033378749999999997,0.010033,0.50148,0.0,0.0,0.0,0.0,0.0,0.0,0.0,0.0,0.0,0.0,0.0,0.0,0.0,0.0,0.0,0.0,0.0,0.0
0.5,16,62016,trace_matched_R_over_3,100000,33395,32939,33666,0.017389243182776213,0.003307269640914766,0.0033378749999999997,0.010033,0.50148,0.0,0.0,0.0,0.0,0.0,0.0,0.0,0.0,0.0,0.0,0.0,0.0,0.0,0.0,0.0,0.0,0.0,0.0
0.5,16,62016,decision_weighted_regularized,100000,33395,32939,33666,0.017494538596077185,0.0032019742276137926,0.003232327385415048,0.010156425309190448,0.50116,0.00010529541330097161,0.00010529541330097335,0.0,0.01608,0.0049,0.00164,0.00954,0.30472636815920395,0.10199004975124377,0.5932835820895522,0.01958377002545291,0.014672855217846984,0.004910914807605929,0.0,0.01432324900532993,0.0,0.0,0.01432324900532993
0.5,16,62016,decision_weighted_unregularized_reference,100000,33395,32939,33666,0.0175037845951275,0.003192728228563478,0.003222013775510203,0.010289167346938771,0.50105,0.00011454141235128779,0.00011454141235128779,0.0,0.02337,0.00704,0.00238,0.01395,0.30124090714591356,0.10183996576807873,0.5969191270860077,0.02820781554124869,0.02108100014972301,0.007126815391525677,0.0,0.020944373545529613,0.0,0.0,0.020944373545529613
0.5,17,62017,pooled_R,100000,33259,33271,33470,0.017567915378512315,0.0033816353580068573,0.003335475,0.0100276,0.50102,0.0,0.0,0.0,0.0,0.0,0.0,0.0,0.0,0.0,0.0,0.0,0.0,0.0,0.0,0.0,0.0,0.0,0.0
0.5,17,62017,trace_matched_R_over_3,100000,33259,33271,33470,0.017567915378512315,0.0033816353580068573,0.003335475,0.0100276,0.50102,0.0,0.0,0.0,0.0,0.0,0.0,0.0,0.0,0.0,0.0,0.0,0.0,0.0,0.0,0.0,0.0,0.0,0.0
0.5,17,62017,decision_weighted_regularized,100000,33259,33271,33470,0.017665540858280405,0.0032840098782387687,0.0032305072816870774,0.01015824903099971,0.50041,9.762547976809033e-05,9.76254797680886e-05,0.0,0.01591,0.00483,0.00176,0.00932,0.3035826524198617,0.11062225015713388,0.5857950974230044,0.01981418563396374,0.01452238491836796,0.005291800715595779,0.0,0.013964429660928064,0.0,0.0,0.013964429660928064
0.5,17,62017,decision_weighted_unregularized_reference,100000,33259,33271,33470,0.01768096860594612,0.003268582130573053,0.0032202137755102025,0.010293722448979588,0.50038,0.00011305322743380627,0.0001130532274338041,0.0,0.02316,0.00702,0.00243,0.01371,0.30310880829015546,0.10492227979274611,0.5919689119170984,0.02841336179680688,0.021107068763342254,0.007306293033464626,0.0,0.020542095563446758,0.0,0.0,0.020542095563446758
0.5,18,62018,pooled_R,100000,33237,33444,33319,0.01759315208061815,0.003314394804704075,0.003335125,0.0099792,0.50041,0.0,0.0,0.0,0.0,0.0,0.0,0.0,0.0,0.0,0.0,0.0,0.0,0.0,0.0,0.0,0.0,0.0,0.0
0.5,18,62018,trace_matched_R_over_3,100000,33237,33444,33319,0.01759315208061815,0.003314394804704075,0.003335125,0.0099792,0.50041,0.0,0.0,0.0,0.0,0.0,0.0,0.0,0.0,0.0,0.0,0.0,0.0,0.0,0.0,0.0,0.0,0.0,0.0
0.5,18,62018,decision_weighted_regularized,100000,33237,33444,33319,0.017704320647712924,0.0032032262376092955,0.00322723139795842,0.01010346463458093,0.50066,0.00011116856709477568,0.00011116856709477959,0.0,0.01645,0.00489,0.00155,0.01001,0.29726443768996963,0.09422492401215805,0.6085106382978723,0.019375996630261457,0.014712519180431446,0.004663477449830008,0.0,0.014993334631457543,0.0,0.0,0.014993334631457543
0.5,18,62018,decision_weighted_unregularized_reference,100000,33237,33444,33319,0.017703536193852048,0.0032040106914701734,0.0032158147959183655,0.010236893877551017,0.50053,0.00011038411323389952,0.00011038411323390169,0.0,0.02336,0.0067,0.00231,0.01435,0.2868150684931507,0.09888698630136987,0.6142979452054794,0.027108343111592503,0.020158257363781327,0.006950085747811174,0.0,0.021493941254886687,0.0,0.0,0.021493941254886687
0.5,19,62019,pooled_R,100000,33234,33355,33411,0.01741113312123025,0.0033546242532876067,0.0033458500000000005,0.010027000000000001,0.49908,0.0,0.0,0.0,0.0,0.0,0.0,0.0,0.0,0.0,0.0,0.0,0.0,0.0,0.0,0.0,0.0,0.0,0.0
0.5,19,62019,trace_matched_R_over_3,100000,33234,33355,33411,0.01741113312123025,0.0033546242532876067,0.0033458500000000005,0.010027000000000001,0.49908,0.0,0.0,0.0,0.0,0.0,0.0,0.0,0.0,0.0,0.0,0.0,0.0,0.0,0.0,0.0,0.0,0.0,0.0
0.5,19,62019,decision_weighted_regularized,100000,33234,33355,33411,0.017508874319823755,0.003256883054694107,0.003241911720502867,0.010156183288789634,0.49935,9.774119859350464e-05,9.774119859349987e-05,0.0,0.01575,0.00463,0.00161,0.00951,0.293968253968254,0.10222222222222223,0.6038095238095238,0.018775952337967142,0.013931515917433954,0.004844436420533189,0.0,0.014243776772608813,0.0,0.0,0.014243776772608813
0.5,19,62019,decision_weighted_unregularized_reference,100000,33234,33355,33411,0.017528696535243853,0.0032370608392740074,0.0032318908163265292,0.01029111428571428,0.49918,0.00011756341401360226,0.00011756341401359923,0.0,0.02324,0.00701,0.00228,0.01395,0.3016351118760757,0.0981067125645439,0.6002581755593803,0.027953300836492747,0.021092856713004753,0.006860444123487994,0.0,0.02089386813647665,0.0,0.0,0.02089386813647665
0.75,0,62000,pooled_R,100000,33267,33205,33528,0.01697919314039512,0.0037886153548500777,0.003746475,0.011274599999999997,0.50034,0.0,0.0,0.0,0.0,0.0,0.0,0.0,0.0,0.0,0.0,0.0,0.0,0.0,0.0,0.0,0.0,0.0,0.0
0.75,0,62000,trace_matched_R_over_3,100000,33267,33205,33528,0.01697919314039512,0.0037886153548500777,0.003746475,0.011274599999999997,0.50034,0.0,0.0,0.0,0.0,0.0,0.0,0.0,0.0,0.0,0.0,0.0,0.0,0.0,0.0,0.0,0.0,0.0,0.0
0.75,0,62000,decision_weighted_regularized,100000,33267,33205,33528,0.017225383715101156,0.0035424247801440446,0.0035147656803793787,0.011493307241847408,0.49961,0.00024619057470603653,0.00024619057470603306,0.0,0.02235,0.00869,0.00116,0.0125,0.3888143176733781,0.05190156599552573,0.5592841163310962,0.02960892175429104,0.02612198274566387,0.003486939008627168,0.0,0.018731362294516957,0.0,0.0,0.018731362294516957
0.75,0,62000,decision_weighted_unregularized_reference,100000,33267,33205,33528,0.01724432969212822,0.003523478803116982,0.003492627,0.011714015999999999,0.49997,0.00026513655173309933,0.00026513655173309586,0.0,0.03151,0.01217,0.00168,0.01766,0.3862265947318312,0.053316407489685816,0.560456997778483,0.04163284937024679,0.036582799771545375,0.005050049598701416,0.0,0.026463668649693555,0.0,0.0,0.026463668649693555
0.75,1,62001,pooled_R,100000,33413,33275,33312,0.01717974437844501,0.00375654721807952,0.0037657249999999997,0.011314600000000001,0.49823,0.0,0.0,0.0,0.0,0.0,0.0,0.0,0.0,0.0,0.0,0.0,0.0,0.0,0.0,0.0,0.0,0.0,0.0
0.75,1,62001,trace_matched_R_over_3,100000,33413,33275,33312,0.01717974437844501,0.00375654721807952,0.0037657249999999997,0.011314600000000001,0.49823,0.0,0.0,0.0,0.0,0.0,0.0,0.0,0.0,0.0,0.0,0.0,0.0,0.0,0.0,0.0,0.0,0.0,0.0
0.75,1,62001,decision_weighted_regularized,100000,33413,33275,33312,0.01740382215907909,0.0035324694374454413,0.0035367612412664003,0.01153642256682423,0.49878,0.00022407778063407782,0.0002240777806340787,0.0,0.02079,0.00809,0.0011,0.0116,0.3891293891293891,0.05291005291005291,0.557960557960558,0.027504264807111004,0.024212133002124922,0.0032921318049860832,0.0,0.01742081787736345,0.0,0.0,0.01742081787736345
0.75,1,62001,decision_weighted_unregularized_reference,100000,33413,33275,33312,0.017422905867378425,0.0035133857291461067,0.003515669,0.011757568,0.4985,0.00024316148893341327,0.00024316148893341327,0.0,0.02983,0.01145,0.0016,0.01678,0.38384177003017095,0.05363727790814616,0.5625209520616828,0.039056654595516715,0.034268099242809685,0.00478855535270703,0.0,0.02520011413639299,0.0,0.0,0.02520011413639299
0.75,2,62002,pooled_R,100000,33409,33233,33358,0.017124277553419397,0.003719083380205975,0.0037528250000000004,0.011268400000000001,0.50095,0.0,0.0,0.0,0.0,0.0,0.0,0.0,0.0,0.0,0.0,0.0,0.0,0.0,0.0,0.0,0.0,0.0,0.0
0.75,2,62002,trace_matched_R_over_3,100000,33409,33233,33358,0.017124277553419397,0.003719083380205975,0.0037528250000000004,0.011268400000000001,0.50095,0.0,0.0,0.0,0.0,0.0,0.0,0.0,0.0,0.0,0.0,0.0,0.0,0.0,0.0,0.0,0.0,0.0,0.0
0.75,2,62002,decision_weighted_regularized,100000,33409,33233,33358,0.01736631648002921,0.0034770444535961627,0.0035223860272563497,0.01149060483822317,0.50078,0.00024203892660981316,0.0002420389266098123,0.0,0.02065,0.00831,0.00106,0.01128,0.40242130750605326,0.051331719128329296,0.5462469733656174,0.028046334819958694,0.02487353707084917,0.0031727977491095216,0.0,0.016939226021534443,0.0,0.0,0.016939226021534443
0.75,2,62002,decision_weighted_unregularized_reference,100000,33409,33233,33358,0.017387420354161773,0.0034559405794635997,0.0035009929999999996,0.011712495999999996,0.50058,0.0002631428007423761,0.00026314280074237525,0.0,0.02953,0.01175,0.00156,0.01622,0.3979004402302743,0.05282763291567897,0.5492719268540467,0.039839564189290314,0.03517016372833667,0.004669400460953635,0.0,0.024357645928128425,0.0,0.0,0.024357645928128425
0.75,3,62003,pooled_R,100000,33328,33368,33304,0.016856431035003203,0.003826859914405768,0.0037581999999999997,0.011261400000000001,0.50081,0.0,0.0,0.0,0.0,0.0,0.0,0.0,0.0,0.0,0.0,0.0,0.0,0.0,0.0,0.0,0.0,0.0,0.0
0.75,3,62003,trace_matched_R_over_3,100000,33328,33368,33304,0.016856431035003203,0.003826859914405768,0.0037581999999999997,0.011261400000000001,0.50081,0.0,0.0,0.0,0.0,0.0,0.0,0.0,0.0,0.0,0.0,0.0,0.0,0.0,0.0,0.0,0.0,0.0,0.0
0.75,3,62003,decision_weighted_regularized,100000,33328,33368,33304,0.017087341693322218,0.0035959492560867544,0.003528990510129611,0.011487897808897992,0.50088,0.00023091065831901472,0.00023091065831901342,0.0,0.02127,0.00821,0.00109,0.01197,0.38598965679360603,0.05124588622472966,0.5627644569816643,0.0279044647143543,0.0246339414306289,0.003270523283725396,0.0,0.01795356371490281,0.0,0.0,0.01795356371490281
0.75,3,62003,decision_weighted_unregularized_reference,100000,33328,33368,33304,0.01711286498998897,0.0035704259594200004,0.0035076639999999997,0.011711232,0.50086,0.0002564339549857679,0.00025643395498576747,0.0,0.03043,0.01186,0.00157,0.017,0.3897469602366086,0.051593821886296416,0.5586592178770949,0.040296447431589055,0.03558569371099376,0.004710753720595295,0.0,0.025497960163186947,0.0,0.0,0.025497960163186947
0.75,4,62004,pooled_R,100000,33401,33305,33294,0.017034196763051675,0.003804023418490166,0.003746825,0.0112222,0.49946,0.0,0.0,0.0,0.0,0.0,0.0,0.0,0.0,0.0,0.0,0.0,0.0,0.0,0.0,0.0,0.0,0.0,0.0
0.75,4,62004,trace_matched_R_over_3,100000,33401,33305,33294,0.017034196763051675,0.003804023418490166,0.003746825,0.0112222,0.49946,0.0,0.0,0.0,0.0,0.0,0.0,0.0,0.0,0.0,0.0,0.0,0.0,0.0,0.0,0.0,0.0,0.0,0.0
0.75,4,62004,decision_weighted_regularized,100000,33401,33305,33294,0.0172688588392107,0.0035693613423311427,0.0035182239411718176,0.011447892001780587,0.49916,0.0002346620761590236,0.00023466207615902316,0.0,0.0216,0.00851,0.0012,0.01189,0.3939814814814815,0.05555555555555555,0.5504629629629629,0.02907098589862579,0.025478279093440317,0.0035927068051854736,0.0,0.0178531209177315,0.0,0.0,0.0178531209177315
0.75,4,62004,decision_weighted_unregularized_reference,100000,33401,33305,33294,0.017285223731936552,0.003552996449605291,0.0034974650000000004,0.011671503999999997,0.49918,0.0002510269688848765,0.0002510269688848748,0.0,0.03044,0.01207,0.00179,0.01658,0.39651773981603156,0.0588042049934297,0.5446780551905388,0.04149576359989222,0.03613664261549055,0.0053591209844016646,0.0,0.024895268697728193,0.0,0.0,0.024895268697728193
0.75,5,62005,pooled_R,100000,33253,33399,33348,0.017095720230476705,0.0037607469697198627,0.003736725,0.011233199999999999,0.4983,0.0,0.0,0.0,0.0,0.0,0.0,0.0,0.0,0.0,0.0,0.0,0.0,0.0,0.0,0.0,0.0,0.0,0.0
0.75,5,62005,trace_matched_R_over_3,100000,33253,33399,33348,0.017095720230476705,0.0037607469697198627,0.003736725,0.011233199999999999,0.4983,0.0,0.0,0.0,0.0,0.0,0.0,0.0,0.0,0.0,0.0,0.0,0.0,0.0,0.0,0.0,0.0,0.0,0.0
0.75,5,62005,decision_weighted_regularized,100000,33253,33399,33348,0.017315062286241068,0.0035414049139554974,0.0035095319423363663,0.011465562170114171,0.49888,0.00021934205576436272,0.00021934205576436532,0.0,0.02128,0.00805,0.00118,0.01205,0.3782894736842105,0.05545112781954887,0.5662593984962406,0.02775689411481671,0.024208342104471776,0.0035485520103449315,0.0,0.01805324583876429,0.0,0.0,0.01805324583876429
0.75,5,62005,decision_weighted_unregularized_reference,100000,33253,33399,33348,0.017332153313166596,0.0035243138870299727,0.0034889009999999995,0.011691120000000001,0.49937,0.00023643308268989083,0.00023643308268988996,0.0,0.03007,0.01141,0.00173,0.01693,0.3794479547721982,0.057532424343199204,0.5630196208846026,0.03951523170841729,0.03431269359155565,0.005202538116861636,0.0,0.025364435854794972,0.0,0.0,0.025364435854794972
0.75,6,62006,pooled_R,100000,33223,33524,33253,0.01695584863749419,0.00373642240259966,0.0037227749999999998,0.0112912,0.4995,0.0,0.0,0.0,0.0,0.0,0.0,0.0,0.0,0.0,0.0,0.0,0.0,0.0,0.0,0.0,0.0,0.0,0.0
0.75,6,62006,trace_matched_R_over_3,100000,33223,33524,33253,0.01695584863749419,0.00373642240259966,0.0037227749999999998,0.0112912,0.4995,0.0,0.0,0.0,0.0,0.0,0.0,0.0,0.0,0.0,0.0,0.0,0.0,0.0,0.0,0.0,0.0,0.0,0.0
0.75,6,62006,decision_weighted_regularized,100000,33223,33524,33253,0.01717688814049229,0.0035153828996015587,0.003495471210562803,0.01151765791212099,0.49969,0.00022103950299810077,0.0002210395029981012,0.0,0.02107,0.00804,0.00116,0.01187,0.38158519221642145,0.05505457997152349,0.5633602278120551,0.027691659392589472,0.024200102338741234,0.0034915570538482377,0.0,0.01777558141276188,0.0,0.0,0.01777558141276188
0.75,6,62006,decision_weighted_unregularized_reference,100000,33223,33524,33253,0.01719620422841994,0.0034960668116739073,0.003474903,0.011740575999999999,0.49981,0.00024035559092575043,0.0002403555909257526,0.0,0.02969,0.01131,0.00165,0.01673,0.38093634220276185,0.05557426743011115,0.563489390367127,0.03900912018782169,0.03404268127502032,0.004966438912801373,0.0,0.02505353639726253,0.0,0.0,0.02505353639726253
0.75,7,62007,pooled_R,100000,33455,33460,33085,0.01699508303546067,0.0037422411024048063,0.003786175,0.0113134,0.50044,0.0,0.0,0.0,0.0,0.0,0.0,0.0,0.0,0.0,0.0,0.0,0.0,0.0,0.0,0.0,0.0,0.0,0.0
0.75,7,62007,trace_matched_R_over_3,100000,33455,33460,33085,0.01699508303546067,0.0037422411024048063,0.003786175,0.0113134,0.50044,0.0,0.0,0.0,0.0,0.0,0.0,0.0,0.0,0.0,0.0,0.0,0.0,0.0,0.0,0.0,0.0,0.0,0.0
0.75,7,62007,decision_weighted_regularized,100000,33455,33460,33085,0.017232751407889765,0.0035045727299757136,0.003557050646851336,0.01153743841627797,0.50046,0.00023766837242909442,0.00023766837242909268,0.0,0.02102,0.00839,0.00114,0.01149,0.39914367269267365,0.05423406279733587,0.5466222645099905,0.028486026005081454,0.025078463607831416,0.0034075623972500374,0.0,0.017266511383274476,0.0,0.0,0.017266511383274476
0.75,7,62007,decision_weighted_unregularized_reference,100000,33455,33460,33085,0.01725416350668912,0.0034831606311763515,0.003535759,0.011759295999999999,0.50057,0.00025908047122845043,0.00025908047122845477,0.0,0.02911,0.01146,0.00154,0.01611,0.3936791480590862,0.05290278254895225,0.5534180693919615,0.038858167687939024,0.03425496936182932,0.004603198326109699,0.0,0.02420918175670599,0.0,0.0,0.02420918175670599
0.75,8,62008,pooled_R,100000,33444,33290,33266,0.017110443208837013,0.003796841168839126,0.0037455,0.0111956,0.49993,0.0,0.0,0.0,0.0,0.0,0.0,0.0,0.0,0.0,0.0,0.0,0.0,0.0,0.0,0.0,0.0,0.0,0.0
0.75,8,62008,trace_matched_R_over_3,100000,33444,33290,33266,0.017110443208837013,0.003796841168839126,0.0037455,0.0111956,0.49993,0.0,0.0,0.0,0.0,0.0,0.0,0.0,0.0,0.0,0.0,0.0,0.0,0.0,0.0,0.0,0.0,0.0,0.0
0.75,8,62008,decision_weighted_regularized,100000,33444,33290,33266,0.017331479310992805,0.003575805066683339,0.0035151235440057144,0.011419063604937357,0.50015,0.00022103610215579161,0.00022103610215578684,0.0,0.02152,0.00837,0.00133,0.01182,0.38894052044609667,0.061802973977695165,0.5492565055762082,0.02900370769046765,0.02502691065662002,0.003976797033847626,0.0,0.01775948073802512,0.0,0.0,0.01775948073802512
0.75,8,62008,decision_weighted_unregularized_reference,100000,33444,33290,33266,0.01735828424887876,0.003549000128797381,0.003493956,0.011642336,0.50014,0.00024784104004174634,0.00024784104004174504,0.0,0.03075,0.01221,0.00183,0.01671,0.39707317073170734,0.05951219512195122,0.5434146341463415,0.04198062432723358,0.03650879081449587,0.0054718335127377105,0.0,0.02510667708395937,0.0,0.0,0.02510667708395937
0.75,9,62009,pooled_R,100000,33416,33154,33430,0.017094265210322642,0.0038935760807028577,0.0037974000000000003,0.011276399999999999,0.50099,0.0,0.0,0.0,0.0,0.0,0.0,0.0,0.0,0.0,0.0,0.0,0.0,0.0,0.0,0.0,0.0,0.0,0.0
0.75,9,62009,trace_matched_R_over_3,100000,33416,33154,33430,0.017094265210322642,0.0038935760807028577,0.0037974000000000003,0.011276399999999999,0.50099,0.0,0.0,0.0,0.0,0.0,0.0,0.0,0.0,0.0,0.0,0.0,0.0,0.0,0.0,0.0,0.0,0.0,0.0
0.75,9,62009,decision_weighted_regularized,100000,33416,33154,33430,0.01733938141565227,0.0036484598753732324,0.0035709656817740137,0.011506321668597075,0.50061,0.0002451162053296284,0.00024511620532962535,0.0,0.02156,0.00845,0.00106,0.01205,0.3919294990723562,0.04916512059369202,0.5589053803339518,0.028459420636820686,0.025287287526933204,0.003172133109887479,0.0,0.018097440826625014,0.0,0.0,0.018097440826625014
0.75,9,62009,decision_weighted_unregularized_reference,100000,33416,33154,33430,0.017363834043547854,0.003624007247477648,0.003550248,0.011730527999999999,0.50037,0.00026956883322521233,0.0002695688332252097,0.0,0.03018,0.01195,0.00153,0.0167,0.39595758780649437,0.05069582504970179,0.5533465871438038,0.040339956906870963,0.035761311946373,0.004578644960497965,0.0,0.02508110056470023,0.0,0.0,0.02508110056470023
0.75,10,62010,pooled_R,100000,33358,33399,33243,0.01710748563598447,0.0037965669287146567,0.00374875,0.01122,0.49845,0.0,0.0,0.0,0.0,0.0,0.0,0.0,0.0,0.0,0.0,0.0,0.0,0.0,0.0,0.0,0.0,0.0,0.0
0.75,10,62010,trace_matched_R_over_3,100000,33358,33399,33243,0.01710748563598447,0.0037965669287146567,0.00374875,0.01122,0.49845,0.0,0.0,0.0,0.0,0.0,0.0,0.0,0.0,0.0,0.0,0.0,0.0,0.0,0.0,0.0,0.0,0.0,0.0
0.75,10,62010,decision_weighted_regularized,100000,33358,33399,33243,0.017307025883026718,0.003597026681672404,0.0035216565609009916,0.011449486519396812,0.49883,0.0001995402470422493,0.00019954024704225276,0.0,0.0203,0.00743,0.00112,0.01175,0.36600985221674875,0.05517241379310345,0.5788177339901478,0.02563103303555369,0.022273517596978237,0.0033575154385754543,0.0,0.01763152366375559,0.0,0.0,0.01763152366375559
0.75,10,62010,decision_weighted_unregularized_reference,100000,33358,33399,33243,0.017320244924380192,0.003583807640318929,0.003501214,0.011674319999999998,0.49856,0.00021275928839572383,0.00021275928839572774,0.0,0.02871,0.01055,0.00164,0.01652,0.3674677812608847,0.05712295367467781,0.5754092650644375,0.03654295821092392,0.031626596318724144,0.0049163618921997726,0.0,0.024789171993637647,0.0,0.0,0.024789171993637647
0.75,11,62011,pooled_R,100000,33472,33111,33417,0.016999195147664046,0.0038345607743540664,0.0038018,0.0113084,0.50032,0.0,0.0,0.0,0.0,0.0,0.0,0.0,0.0,0.0,0.0,0.0,0.0,0.0,0.0,0.0,0.0,0.0,0.0
0.75,11,62011,trace_matched_R_over_3,100000,33472,33111,33417,0.016999195147664046,0.0038345607743540664,0.0038018,0.0113084,0.50032,0.0,0.0,0.0,0.0,0.0,0.0,0.0,0.0,0.0,0.0,0.0,0.0,0.0,0.0,0.0,0.0,0.0,0.0
0.75,11,62011,decision_weighted_regularized,100000,33472,33111,33417,0.01723739319243644,0.0035963627295816742,0.0035742401200070306,0.011533427938055662,0.49965,0.00023819804477239262,0.00023819804477239219,0.0,0.02123,0.0083,0.00104,0.01189,0.39095619406500237,0.04898728214790391,0.5600565237870937,0.027903919694072656,0.02479684512428298,0.003107074569789675,0.0,0.017872174122174123,0.0,0.0,0.017872174122174123
0.75,11,62011,decision_weighted_unregularized_reference,100000,33472,33111,33417,0.01726318413815531,0.0035705717838627987,0.00355328,0.011755663999999999,0.49955,0.0002639889904912651,0.0002639889904912677,0.0,0.03019,0.01171,0.00146,0.01702,0.3878767803908579,0.0483603842331898,0.5637628353759523,0.03934631931166348,0.03498446462715105,0.004361854684512429,0.0,0.025583213083213083,0.0,0.0,0.025583213083213083
0.75,12,62012,pooled_R,100000,33271,33651,33078,0.017007093546106827,0.003768619721748488,0.003725175,0.011242399999999998,0.50138,0.0,0.0,0.0,0.0,0.0,0.0,0.0,0.0,0.0,0.0,0.0,0.0,0.0,0.0,0.0,0.0,0.0,0.0
0.75,12,62012,trace_matched_R_over_3,100000,33271,33651,33078,0.017007093546106827,0.003768619721748488,0.003725175,0.011242399999999998,0.50138,0.0,0.0,0.0,0.0,0.0,0.0,0.0,0.0,0.0,0.0,0.0,0.0,0.0,0.0,0.0,0.0,0.0,0.0
0.75,12,62012,decision_weighted_regularized,100000,33271,33651,33078,0.017227573609882023,0.003548139657973292,0.003496652267226258,0.011472446128423585,0.50105,0.00022048006377519552,0.0002204800637751964,0.0,0.02135,0.00814,0.0013,0.01191,0.3812646370023419,0.06088992974238876,0.5578454332552694,0.028373057617745185,0.02446575095428451,0.003907306663460671,0.0,0.01784831182844041,0.0,0.0,0.01784831182844041
0.75,12,62012,decision_weighted_unregularized_reference,100000,33271,33651,33078,0.017246905757598335,0.003528807510256979,0.003475815,0.011697152,0.5009,0.0002398122114915073,0.00023981221149150904,0.0,0.02974,0.01153,0.00179,0.01642,0.38769334229993274,0.06018829858776059,0.5521183591123067,0.040034865197920114,0.0346548044843858,0.005380060713534309,0.0,0.024606992462047984,0.0,0.0,0.024606992462047984
0.75,13,62013,pooled_R,100000,33602,33147,33251,0.017381865203184615,0.0036699553466388504,0.00380005,0.0112586,0.50049,0.0,0.0,0.0,0.0,0.0,0.0,0.0,0.0,0.0,0.0,0.0,0.0,0.0,0.0,0.0,0.0,0.0,0.0
0.75,13,62013,trace_matched_R_over_3,100000,33602,33147,33251,0.017381865203184615,0.0036699553466388504,0.00380005,0.0112586,0.50049,0.0,0.0,0.0,0.0,0.0,0.0,0.0,0.0,0.0,0.0,0.0,0.0,0.0,0.0,0.0,0.0,0.0,0.0
0.75,13,62013,decision_weighted_regularized,100000,33602,33147,33251,0.017606233551896795,0.00344558699792667,0.0035732482123730985,0.011486858830939573,0.49992,0.00022436834871217975,0.0002243683487121802,0.0,0.02129,0.00811,0.0012,0.01198,0.3809300140911226,0.05636449037106623,0.5627054955378111,0.027706684125944885,0.024135468126897208,0.0035712159990476757,0.0,0.01804271212988343,0.0,0.0,0.01804271212988343
0.75,13,62013,decision_weighted_unregularized_reference,100000,33602,33147,33251,0.01763015556700423,0.003421664982819236,0.003552946,0.011710783999999998,0.50007,0.00024829036381961503,0.00024829036381961416,0.0,0.02996,0.01154,0.00165,0.01677,0.38518024032042725,0.05507343124165554,0.5597463284379173,0.039253615856199034,0.03434319385750848,0.004910421998690554,0.0,0.025256784842916956,0.0,0.0,0.025256784842916956
0.75,14,62014,pooled_R,100000,33180,33222,33598,0.017046597916753507,0.003722130738417148,0.0037008999999999996,0.0112378,0.49968,0.0,0.0,0.0,0.0,0.0,0.0,0.0,0.0,0.0,0.0,0.0,0.0,0.0,0.0,0.0,0.0,0.0,0.0
0.75,14,62014,trace_matched_R_over_3,100000,33180,33222,33598,0.017046597916753507,0.003722130738417148,0.0037008999999999996,0.0112378,0.49968,0.0,0.0,0.0,0.0,0.0,0.0,0.0,0.0,0.0,0.0,0.0,0.0,0.0,0.0,0.0,0.0,0.0,0.0
0.75,14,62014,decision_weighted_regularized,100000,33180,33222,33598,0.01726806266454222,0.0035006659906284348,0.0034723563682705584,0.011462264706877832,0.50056,0.00022146474778871397,0.0002214647477887131,0.0,0.02116,0.00794,0.00114,0.01208,0.3752362948960302,0.05387523629489603,0.5708884688090737,0.027365883062085594,0.02393007836045811,0.0034358047016274863,0.0,0.01807841963483987,0.0,0.0,0.01807841963483987
0.75,14,62014,decision_weighted_unregularized_reference,100000,33180,33222,33598,0.017281924700781968,0.003486803954388686,0.0034515640000000003,0.011685279999999998,0.50068,0.0002353267840284612,0.00023532678402846206,0.0,0.03022,0.0114,0.00176,0.01706,0.3772336201191264,0.05823957643944408,0.5645268034414295,0.039662447257383965,0.034358047016274866,0.005304400241109102,0.0,0.02553127806046094,0.0,0.0,0.02553127806046094
0.75,15,62015,pooled_R,100000,33470,33330,33200,0.017118118503304375,0.003725191226530485,0.00380375,0.011292599999999998,0.50204,0.0,0.0,0.0,0.0,0.0,0.0,0.0,0.0,0.0,0.0,0.0,0.0,0.0,0.0,0.0,0.0,0.0,0.0
0.75,15,62015,trace_matched_R_over_3,100000,33470,33330,33200,0.017118118503304375,0.003725191226530485,0.00380375,0.011292599999999998,0.50204,0.0,0.0,0.0,0.0,0.0,0.0,0.0,0.0,0.0,0.0,0.0,0.0,0.0,0.0,0.0,0.0,0.0,0.0
0.75,15,62015,decision_weighted_regularized,100000,33470,33330,33200,0.017348544963513957,0.003494764766320907,0.0035773106988417646,0.01152102659625739,0.50206,0.0002304264602095811,0.00023042646020957807,0.0,0.02058,0.00787,0.00091,0.0118,0.3824101068999028,0.04421768707482993,0.5733722060252673,0.02623244696743352,0.02351359426351957,0.0027188527039139526,0.0,0.017736359537050956,0.0,0.0,0.017736359537050956
0.75,15,62015,decision_weighted_unregularized_reference,100000,33470,33330,33200,0.017371602069766175,0.0034717076600686834,0.0035566699999999996,0.011744543999999999,0.50202,0.00025348356646179987,0.0002534835664618016,0.0,0.02942,0.0114,0.00141,0.01661,0.3874915023793338,0.047926580557443914,0.5645819170632222,0.03827308037048103,0.03406035255452644,0.004212727815954586,0.0,0.024966180670374268,0.0,0.0,0.024966180670374268
0.75,16,62016,pooled_R,100000,33395,32939,33666,0.01696497675237167,0.0037315360713193056,0.003747675,0.0112634,0.50125,0.0,0.0,0.0,0.0,0.0,0.0,0.0,0.0,0.0,0.0,0.0,0.0,0.0,0.0,0.0,0.0,0.0,0.0
0.75,16,62016,trace_matched_R_over_3,100000,33395,32939,33666,0.01696497675237167,0.0037315360713193056,0.003747675,0.0112634,0.50125,0.0,0.0,0.0,0.0,0.0,0.0,0.0,0.0,0.0,0.0,0.0,0.0,0.0,0.0,0.0,0.0,0.0,0.0
0.75,16,62016,decision_weighted_regularized,100000,33395,32939,33666,0.01720073948759382,0.0034957733360971577,0.003520722116868686,0.011488457295295946,0.50163,0.00023576273522214752,0.00023576273522214796,0.0,0.02118,0.00839,0.00112,0.01167,0.39612842304060436,0.05288007554296506,0.5509915014164306,0.028477316963617307,0.025123521485252282,0.003353795478365025,0.0,0.017521207116582838,0.0,0.0,0.017521207116582838
0.75,16,62016,decision_weighted_unregularized_reference,100000,33395,32939,33666,0.017209068893239813,0.0034874439304511664,0.0035004509999999995,0.011711311999999998,0.50118,0.00024409214086814138,0.0002440921408681392,0.0,0.03007,0.01185,0.0018,0.01642,0.3940804788826073,0.05986032590621882,0.546059195211174,0.04087438239257374,0.03548435394520138,0.005390028447372361,0.0,0.02465280384355529,0.0,0.0,0.02465280384355529
0.75,17,62017,pooled_R,100000,33259,33271,33470,0.017136466821148034,0.0038130839153711423,0.0037658749999999997,0.0112664,0.50106,0.0,0.0,0.0,0.0,0.0,0.0,0.0,0.0,0.0,0.0,0.0,0.0,0.0,0.0,0.0,0.0,0.0,0.0
0.75,17,62017,trace_matched_R_over_3,100000,33259,33271,33470,0.017136466821148034,0.0038130839153711423,0.0037658749999999997,0.0112664,0.50106,0.0,0.0,0.0,0.0,0.0,0.0,0.0,0.0,0.0,0.0,0.0,0.0,0.0,0.0,0.0,0.0,0.0,0.0
0.75,17,62017,decision_weighted_regularized,100000,33259,33271,33470,0.0173702312202704,0.0035793195162487747,0.0035385118490106502,0.011499104331299359,0.50048,0.00023376439912236452,0.00023376439912236755,0.0,0.02028,0.00817,0.00103,0.01108,0.40285996055226825,0.050788954635108484,0.5463510848126233,0.027661685558796115,0.024564779458191768,0.0030969061006043477,0.0,0.016601489339386585,0.0,0.0,0.016601489339386585
0.75,17,62017,decision_weighted_unregularized_reference,100000,33259,33271,33470,0.01739313923552083,0.0035564115009983446,0.003517451,0.011724319999999998,0.50065,0.00025667241437279595,0.0002566724143727977,0.0,0.02897,0.01164,0.0015,0.01583,0.4017949603037625,0.05177770107007249,0.546427338626165,0.03950810306984576,0.034998045641781175,0.004510057428064584,0.0,0.023718553812499064,0.0,0.0,0.023718553812499064
0.75,18,62018,pooled_R,100000,33237,33444,33319,0.017170031015847072,0.0037375158694751506,0.0037429250000000002,0.011206999999999998,0.50128,0.0,0.0,0.0,0.0,0.0,0.0,0.0,0.0,0.0,0.0,0.0,0.0,0.0,0.0,0.0,0.0,0.0,0.0
0.75,18,62018,trace_matched_R_over_3,100000,33237,33444,33319,0.017170031015847072,0.0037375158694751506,0.0037429250000000002,0.011206999999999998,0.50128,0.0,0.0,0.0,0.0,0.0,0.0,0.0,0.0,0.0,0.0,0.0,0.0,0.0,0.0,0.0,0.0,0.0,0.0
0.75,18,62018,decision_weighted_regularized,100000,33237,33444,33319,0.01737035461254737,0.0035371922727748485,0.003515376339934344,0.01143633427654796,0.50098,0.00020032359670029906,0.0002003235967003021,0.0,0.02094,0.0076,0.00132,0.01202,0.3629417382999045,0.06303724928366762,0.5740210124164279,0.02683756054998947,0.022866082979811655,0.003971477570177814,0.0,0.018003984242769198,0.0,0.0,0.018003984242769198
0.75,18,62018,decision_weighted_unregularized_reference,100000,33237,33444,33319,0.017391272832446247,0.0035162740528759734,0.003494501,0.011661295999999998,0.50089,0.0002212418165991742,0.00022124181659917723,0.0,0.03019,0.0112,0.00186,0.01713,0.3709837694600861,0.06160980457105002,0.5674064259688638,0.03929355838372898,0.03369738544393296,0.00559617293979601,0.0,0.025657924299387385,0.0,0.0,0.025657924299387385
0.75,19,62019,pooled_R,100000,33234,33355,33411,0.016980722427022244,0.0037850349474956146,0.00377725,0.0112956,0.49897,0.0,0.0,0.0,0.0,0.0,0.0,0.0,0.0,0.0,0.0,0.0,0.0,0.0,0.0,0.0,0.0,0.0,0.0
0.75,19,62019,trace_matched_R_over_3,100000,33234,33355,33411,0.016980722427022244,0.0037850349474956146,0.00377725,0.0112956,0.49897,0.0,0.0,0.0,0.0,0.0,0.0,0.0,0.0,0.0,0.0,0.0,0.0,0.0,0.0,0.0,0.0,0.0,0.0
0.75,19,62019,decision_weighted_regularized,100000,33234,33355,33411,0.017218234461800874,0.0035475229127169858,0.0035515779699633585,0.011529628056250513,0.49867,0.00023751203477863012,0.00023751203477862881,0.0,0.02092,0.00831,0.00101,0.0116,0.3972275334608031,0.0482791586998088,0.5544933078393881,0.02804356983811759,0.025004513450081242,0.0030390563880363483,0.0,0.01737411257226732,0.0,0.0,0.01737411257226732
0.75,19,62019,decision_weighted_unregularized_reference,100000,33234,33355,33411,0.017236358161681287,0.003529399212836571,0.0035308180000000002,0.011754863999999999,0.49836,0.0002556357346590425,0.0002556357346590434,0.0,0.02945,0.01186,0.00158,0.01601,0.40271646859083193,0.05365025466893039,0.5436332767402376,0.04044051272792923,0.03568634530902088,0.0047541674189083465,0.0,0.023979270886379293,0.0,0.0,0.023979270886379293
0.9,0,62000,pooled_R,100000,33267,33205,33528,0.01675810437536375,0.0040097041198814505,0.003994875,0.012035,0.50074,0.0,0.0,0.0,0.0,0.0,0.0,0.0,0.0,0.0,0.0,0.0,0.0,0.0,0.0,0.0,0.0,0.0,0.0
0.9,0,62000,trace_matched_R_over_3,100000,33267,33205,33528,0.01675810437536375,0.0040097041198814505,0.003994875,0.012035,0.50074,0.0,0.0,0.0,0.0,0.0,0.0,0.0,0.0,0.0,0.0,0.0,0.0,0.0,0.0,0.0,0.0,0.0,0.0
0.9,0,62000,decision_weighted_regularized,100000,33267,33205,33528,0.017083446175769512,0.003684362319475687,0.0036735654984686662,0.01231664534229326,0.50001,0.0003253418004057623,0.00032534180040576363,0.0,0.02433,0.01082,0.00069,0.01282,0.44471845458281956,0.02836004932182491,0.5269214960953555,0.03459885171491268,0.03252472420116031,0.0020741275137523673,0.0,0.01921088516925659,0.0,0.0,0.01921088516925659
0.9,0,62000,decision_weighted_unregularized_reference,100000,33267,33205,33528,0.017115101436534958,0.0036527070587102414,0.0036452170118343196,0.012584568047337276,0.50046,0.00035699706117120825,0.0003569970611712091,0.0,0.03386,0.01509,0.00087,0.0179,0.4456585942114589,0.025694034258712344,0.5286473715298287,0.04797547118766345,0.04536026693119308,0.002615204256470376,0.0,0.02682331080574828,0.0,0.0,0.02682331080574828
0.9,1,62001,pooled_R,100000,33413,33275,33312,0.01689737272180791,0.004038918874716624,0.004010125,0.0120544,0.49831,0.0,0.0,0.0,0.0,0.0,0.0,0.0,0.0,0.0,0.0,0.0,0.0,0.0,0.0,0.0,0.0,0.0,0.0
0.9,1,62001,trace_matched_R_over_3,100000,33413,33275,33312,0.01689737272180791,0.004038918874716624,0.004010125,0.0120544,0.49831,0.0,0.0,0.0,0.0,0.0,0.0,0.0,0.0,0.0,0.0,0.0,0.0,0.0,0.0,0.0,0.0,0.0,0.0
0.9,1,62001,decision_weighted_regularized,100000,33413,33275,33312,0.017207432235746827,0.003728859360777703,0.0036927985457083585,0.012338361229426362,0.49928,0.00031005951393891715,0.0003100595139389206,0.0,0.02333,0.01034,0.00055,0.01244,0.44320617231033005,0.02357479639948564,0.5332190312901843,0.032592104869362225,0.030946038966869184,0.0016460659024930416,0.0,0.018682325378827698,0.0,0.0,0.018682325378827698
0.9,1,62001,decision_weighted_unregularized_reference,100000,33413,33275,33312,0.01722852659029982,0.003707765006224711,0.0036658954142011826,0.012606591715976329,0.49846,0.00033115386849191103,0.00033115386849191276,0.0,0.03235,0.01426,0.00083,0.01726,0.44080370942812985,0.025656877897990725,0.5335394126738795,0.045162062670218175,0.04267799958100141,0.002484063089216772,0.0,0.025920975565801134,0.0,0.0,0.025920975565801134
0.9,2,62002,pooled_R,100000,33409,33233,33358,0.01688158540994046,0.003961775523684913,0.004005025,0.0120198,0.50081,0.0,0.0,0.0,0.0,0.0,0.0,0.0,0.0,0.0,0.0,0.0,0.0,0.0,0.0,0.0,0.0,0.0,0.0
0.9,2,62002,trace_matched_R_over_3,100000,33409,33233,33358,0.01688158540994046,0.003961775523684913,0.004005025,0.0120198,0.50081,0.0,0.0,0.0,0.0,0.0,0.0,0.0,0.0,0.0,0.0,0.0,0.0,0.0,0.0,0.0,0.0,0.0,0.0
0.9,2,62002,decision_weighted_regularized,100000,33409,33233,33358,0.01720107316430328,0.0036422877693220936,0.0036857808482576608,0.012304532556997901,0.50062,0.000319487754362819,0.0003194877543628194,0.0,0.02261,0.01036,0.00055,0.0117,0.4582043343653251,0.024325519681556832,0.5174701459531181,0.032655871172438566,0.03100960818941004,0.0016462629830285252,0.0,0.017569941884038383,0.0,0.0,0.017569941884038383
0.9,2,62002,decision_weighted_unregularized_reference,100000,33409,33233,33358,0.017227540194801973,0.0036158207388234,0.0036584096153846157,0.012573603550295855,0.50054,0.0003459547848615116,0.0003459547848615129,0.0,0.03197,0.01465,0.0008,0.01652,0.45824210197059745,0.025023459493274947,0.5167344385361277,0.046245023795983116,0.04385045945703254,0.002394564338950582,0.0,0.024808157258488384,0.0,0.0,0.024808157258488384
0.9,3,62003,pooled_R,100000,33328,33368,33304,0.016589280666048124,0.004094010283360847,0.0040038,0.012011399999999998,0.5008,0.0,0.0,0.0,0.0,0.0,0.0,0.0,0.0,0.0,0.0,0.0,0.0,0.0,0.0,0.0,0.0,0.0,0.0
0.9,3,62003,trace_matched_R_over_3,100000,33328,33368,33304,0.016589280666048124,0.004094010283360847,0.0040038,0.012011399999999998,0.5008,0.0,0.0,0.0,0.0,0.0,0.0,0.0,0.0,0.0,0.0,0.0,0.0,0.0,0.0,0.0,0.0,0.0,0.0
0.9,3,62003,decision_weighted_regularized,100000,33328,33368,33304,0.016911528573609818,0.0037717623757991554,0.0036857759082760773,0.012301550080885914,0.5005,0.00032224790756169366,0.00032224790756169193,0.0,0.02374,0.01057,0.00053,0.01264,0.44524010109519796,0.02232518955349621,0.5324347093513058,0.03330532885261642,0.03171507441190591,0.0015902544407105136,0.0,0.018958483321334294,0.0,0.0,0.018958483321334294
0.9,3,62003,decision_weighted_unregularized_reference,100000,33328,33368,33304,0.016943974765021925,0.0037393161843870468,0.0036584449704142015,0.01257230769230769,0.50062,0.0003546940989738005,0.0003546940989738005,0.0,0.03316,0.015,0.00074,0.01742,0.45235223160434257,0.022316043425814235,0.5253317249698432,0.04722755640902544,0.04500720115218435,0.0022203552568410946,0.0,0.026127909767218623,0.0,0.0,0.026127909767218623
0.9,4,62004,pooled_R,100000,33401,33305,33294,0.016786232036569843,0.004051988144971999,0.003996825,0.011975999999999999,0.49906,0.0,0.0,0.0,0.0,0.0,0.0,0.0,0.0,0.0,0.0,0.0,0.0,0.0,0.0,0.0,0.0,0.0,0.0
0.9,4,62004,trace_matched_R_over_3,100000,33401,33305,33294,0.016786232036569843,0.004051988144971999,0.003996825,0.011975999999999999,0.49906,0.0,0.0,0.0,0.0,0.0,0.0,0.0,0.0,0.0,0.0,0.0,0.0,0.0,0.0,0.0,0.0,0.0,0.0
0.9,4,62004,decision_weighted_regularized,100000,33401,33305,33294,0.017100610394779055,0.003737609786762785,0.0036776599630629005,0.012263388840670682,0.49891,0.00031437835820921287,0.00031437835820921417,0.0,0.02349,0.01068,0.00071,0.0121,0.454661558109834,0.03022562792677735,0.5151128139633887,0.03410077542588545,0.031975090566150714,0.0021256848597347383,0.0,0.018168440967582095,0.0,0.0,0.018168440967582095
0.9,4,62004,decision_weighted_unregularized_reference,100000,33401,33305,33294,0.017127340039328375,0.0037108801422134673,0.003650426183431952,0.012533999999999997,0.49896,0.0003411080027585327,0.0003411080027585318,0.0,0.03298,0.01499,0.00097,0.01702,0.45451788963007883,0.029411764705882353,0.5160703456640389,0.0477830005089668,0.04487889584144187,0.0029041046675249245,0.0,0.025555939278367544,0.0,0.0,0.025555939278367544
0.9,5,62005,pooled_R,100000,33253,33399,33348,0.016841819491667617,0.004014647708528952,0.003986124999999999,0.0119758,0.49882,0.0,0.0,0.0,0.0,0.0,0.0,0.0,0.0,0.0,0.0,0.0,0.0,0.0,0.0,0.0,0.0,0.0,0.0
0.9,5,62005,trace_matched_R_over_3,100000,33253,33399,33348,0.016841819491667617,0.004014647708528952,0.003986124999999999,0.0119758,0.49882,0.0,0.0,0.0,0.0,0.0,0.0,0.0,0.0,0.0,0.0,0.0,0.0,0.0,0.0,0.0,0.0,0.0,0.0
0.9,5,62005,decision_weighted_regularized,100000,33253,33399,33348,0.01714494023384968,0.0037115269663468846,0.0036698379399792386,0.012270925850645507,0.49969,0.0003031207421820628,0.0003031207421820676,0.0,0.02291,0.01028,0.00061,0.01202,0.4487123526844173,0.026625927542557836,0.5246617197730249,0.032748924909030766,0.03091450395453042,0.0018344209545003458,0.0,0.018008299998501804,0.0,0.0,0.018008299998501804
0.9,5,62005,decision_weighted_unregularized_reference,100000,33253,33399,33348,0.01716922572330783,0.003687241476888738,0.00364301375739645,0.012543733727810645,0.50015,0.0003274062316402128,0.0003274062316402141,0.0,0.03207,0.01442,0.00087,0.01678,0.4496414094169005,0.027128157156220765,0.5232304334268787,0.045980813761164405,0.043364508465401616,0.002616305295762788,0.0,0.025139706653482554,0.0,0.0,0.025139706653482554
0.9,6,62006,pooled_R,100000,33223,33524,33253,0.016686768638825837,0.004005502401268011,0.003985975,0.0120428,0.49915,0.0,0.0,0.0,0.0,0.0,0.0,0.0,0.0,0.0,0.0,0.0,0.0,0.0,0.0,0.0,0.0,0.0,0.0
0.9,6,62006,trace_matched_R_over_3,100000,33223,33524,33253,0.016686768638825837,0.004005502401268011,0.003985975,0.0120428,0.49915,0.0,0.0,0.0,0.0,0.0,0.0,0.0,0.0,0.0,0.0,0.0,0.0,0.0,0.0,0.0,0.0,0.0,0.0
0.9,6,62006,decision_weighted_regularized,100000,33223,33524,33253,0.016995389186311775,0.0036968818537820736,0.0036668924572328854,0.012327716330050397,0.49919,0.00030862054748593756,0.00030862054748593756,0.0,0.02282,0.01029,0.00056,0.01197,0.450920245398773,0.024539877300613498,0.5245398773006135,0.03265809830539084,0.030972519038015834,0.0016855792673750112,0.0,0.01792533357293679,0.0,0.0,0.01792533357293679
0.9,6,62006,decision_weighted_unregularized_reference,100000,33223,33524,33253,0.017021817161454664,0.0036704538786391855,0.0036391572485207097,0.012596426035502954,0.49939,0.0003350485226288266,0.00033504852262882575,0.0,0.03168,0.01448,0.00079,0.01641,0.45707070707070707,0.024936868686868688,0.5179924242424242,0.045962134665743615,0.04358426391355386,0.0023778707521897482,0.0,0.02457432948470282,0.0,0.0,0.02457432948470282
0.9,7,62007,pooled_R,100000,33455,33460,33085,0.01677361299690137,0.003963711140964103,0.004040775,0.012056799999999998,0.50026,0.0,0.0,0.0,0.0,0.0,0.0,0.0,0.0,0.0,0.0,0.0,0.0,0.0,0.0,0.0,0.0,0.0,0.0
0.9,7,62007,trace_matched_R_over_3,100000,33455,33460,33085,0.01677361299690137,0.003963711140964103,0.004040775,0.012056799999999998,0.50026,0.0,0.0,0.0,0.0,0.0,0.0,0.0,0.0,0.0,0.0,0.0,0.0,0.0,0.0,0.0,0.0,0.0,0.0
0.9,7,62007,decision_weighted_regularized,100000,33455,33460,33085,0.017098307044604202,0.003639017093261275,0.0037204453525907797,0.012339782411072569,0.50084,0.00032469404770283164,0.00032469404770282817,0.0,0.02266,0.01047,0.0005,0.01169,0.4620476610767873,0.02206531332744925,0.5158870255957635,0.03279031534897624,0.03129577043790166,0.0014945449110745778,0.0,0.017567059884288826,0.0,0.0,0.017567059884288826
0.9,7,62007,decision_weighted_unregularized_reference,100000,33455,33460,33085,0.017123072221903797,0.003614251915961679,0.003692309911242603,0.012607692307692304,0.50061,0.0003494592250024263,0.0003494592250024241,0.0,0.03147,0.01419,0.00069,0.01659,0.45090562440419446,0.0219256434699714,0.5271687321258341,0.04447765655357944,0.04241518457629652,0.0020624719772829175,0.0,0.024930498159140432,0.0,0.0,0.024930498159140432
0.9,8,62008,pooled_R,100000,33444,33290,33266,0.016863307449032517,0.004043976928643625,0.0039897000000000005,0.011939000000000002,0.50047,0.0,0.0,0.0,0.0,0.0,0.0,0.0,0.0,0.0,0.0,0.0,0.0,0.0,0.0,0.0,0.0,0.0,0.0
0.9,8,62008,trace_matched_R_over_3,100000,33444,33290,33266,0.016863307449032517,0.004043976928643625,0.0039897000000000005,0.011939000000000002,0.50047,0.0,0.0,0.0,0.0,0.0,0.0,0.0,0.0,0.0,0.0,0.0,0.0,0.0,0.0,0.0,0.0,0.0,0.0
0.9,8,62008,decision_weighted_regularized,100000,33444,33290,33266,0.017179947005126456,0.003727337372549683,0.0036701254323997794,0.012225027018393298,0.50082,0.00031663955609393876,0.0003166395560939418,0.0,0.02333,0.01062,0.00058,0.01213,0.4552078868409773,0.02486069438491213,0.5199314187741105,0.0334888171271379,0.031754574811625406,0.0017342423155124985,0.0,0.018225253921509706,0.0,0.0,0.018225253921509706
0.9,8,62008,decision_weighted_unregularized_reference,100000,33444,33290,33266,0.017211179689584202,0.00369610468809194,0.003643077514792899,0.012495917159763312,0.50087,0.0003478722405516853,0.00034787224055168485,0.0,0.03314,0.01506,0.00081,0.01727,0.4544357272178636,0.02444176222088111,0.5211225105612552,0.0474524578399713,0.04503049874416936,0.0024219590958019376,0.0,0.02594807380251217,0.0,0.0,0.02594807380251217
0.9,9,62009,pooled_R,100000,33416,33154,33430,0.016853268966312566,0.004134572324712937,0.0040436,0.0120158,0.50035,0.0,0.0,0.0,0.0,0.0,0.0,0.0,0.0,0.0,0.0,0.0,0.0,0.0,0.0,0.0,0.0,0.0,0.0
0.9,9,62009,trace_matched_R_over_3,100000,33416,33154,33430,0.016853268966312566,0.004134572324712937,0.0040436,0.0120158,0.50035,0.0,0.0,0.0,0.0,0.0,0.0,0.0,0.0,0.0,0.0,0.0,0.0,0.0,0.0,0.0,0.0,0.0,0.0
0.9,9,62009,decision_weighted_regularized,100000,33416,33154,33430,0.01718315127021757,0.0038046900208079273,0.0037291200891033474,0.012309010250966862,0.49979,0.0003298823039050054,0.0003298823039050093,0.0,0.0239,0.01089,0.00059,0.01242,0.4556485355648536,0.024686192468619247,0.5196652719665272,0.03435480009576251,0.032589178836485516,0.001765621259276993,0.0,0.018653129881052506,0.0,0.0,0.018653129881052506
0.9,9,62009,decision_weighted_unregularized_reference,100000,33416,33154,33430,0.017210766562592676,0.003777074728432825,0.003702434319526627,0.012580556213017749,0.49989,0.0003574975962801104,0.0003574975962801117,0.0,0.03302,0.01486,0.00079,0.01737,0.45003028467595396,0.02392489400363416,0.5260448213204119,0.04683385204692363,0.044469715106535794,0.002364136940387838,0.0,0.026087348311906764,0.0,0.0,0.026087348311906764
0.9,10,62010,pooled_R,100000,33358,33399,33243,0.016871774130768766,0.004032278433930354,0.00399935,0.011971999999999998,0.49837,0.0,0.0,0.0,0.0,0.0,0.0,0.0,0.0,0.0,0.0,0.0,0.0,0.0,0.0,0.0,0.0,0.0,0.0
0.9,10,62010,trace_matched_R_over_3,100000,33358,33399,33243,0.016871774130768766,0.004032278433930354,0.00399935,0.011971999999999998,0.49837,0.0,0.0,0.0,0.0,0.0,0.0,0.0,0.0,0.0,0.0,0.0,0.0,0.0,0.0,0.0,0.0,0.0,0.0
0.9,10,62010,decision_weighted_regularized,100000,33358,33399,33243,0.017152764280973634,0.003751288283725488,0.003682034886689076,0.012263634257883951,0.49891,0.0002809901502048677,0.00028099015020486553,0.0,0.022,0.00944,0.00054,0.01202,0.4290909090909091,0.024545454545454544,0.5463636363636364,0.029917860783020566,0.02829905869656454,0.0016188020864560226,0.0,0.01803667356922061,0.0,0.0,0.01803667356922061
0.9,10,62010,decision_weighted_unregularized_reference,100000,33358,33399,33243,0.017175082571509508,0.0037289699931896173,0.0036551062130177514,0.012535520710059167,0.49886,0.0003033084407407412,0.0003033084407407364,0.0,0.03113,0.01349,0.00081,0.01683,0.4333440411178927,0.026019916479280435,0.5406360424028268,0.042868277474668745,0.040440074344984714,0.0024282031296840338,0.0,0.025254344107319707,0.0,0.0,0.025254344107319707
0.9,11,62011,pooled_R,100000,33472,33111,33417,0.016767005855000933,0.004066750067017176,0.0040452,0.012059199999999999,0.50004,0.0,0.0,0.0,0.0,0.0,0.0,0.0,0.0,0.0,0.0,0.0,0.0,0.0,0.0,0.0,0.0,0.0,0.0
0.9,11,62011,trace_matched_R_over_3,100000,33472,33111,33417,0.016767005855000933,0.004066750067017176,0.0040452,0.012059199999999999,0.50004,0.0,0.0,0.0,0.0,0.0,0.0,0.0,0.0,0.0,0.0,0.0,0.0,0.0,0.0,0.0,0.0,0.0,0.0
0.9,11,62011,decision_weighted_regularized,100000,33472,33111,33417,0.017100850827944786,0.0037329050940733233,0.0037272189548379284,0.012346016770205642,0.49972,0.00033384497294385376,0.00033384497294385246,0.0,0.02322,0.01058,0.00039,0.01225,0.45564168819982775,0.016795865633074936,0.5275624461670974,0.03277366156787763,0.0316085086042065,0.0011651529636711282,0.0,0.018413299663299663,0.0,0.0,0.018413299663299663
0.9,11,62011,decision_weighted_unregularized_reference,100000,33472,33111,33417,0.017136930679100777,0.003696825242917332,0.0036997384615384613,0.01261497041420118,0.4995,0.00036992482409984456,0.0003699248240998437,0.0,0.03284,0.01494,0.00051,0.01739,0.45493300852618757,0.015529841656516443,0.5295371498172959,0.046157982791587,0.04463432122370937,0.001523661567877629,0.0,0.02613936988936989,0.0,0.0,0.02613936988936989
0.9,12,62012,pooled_R,100000,33271,33651,33078,0.016747271844634228,0.004028441423221082,0.003980775,0.011991799999999999,0.5012,0.0,0.0,0.0,0.0,0.0,0.0,0.0,0.0,0.0,0.0,0.0,0.0,0.0,0.0,0.0,0.0,0.0,0.0
0.9,12,62012,trace_matched_R_over_3,100000,33271,33651,33078,0.016747271844634228,0.004028441423221082,0.003980775,0.011991799999999999,0.5012,0.0,0.0,0.0,0.0,0.0,0.0,0.0,0.0,0.0,0.0,0.0,0.0,0.0,0.0,0.0,0.0,0.0,0.0
0.9,12,62012,decision_weighted_regularized,100000,33271,33651,33078,0.017055818352986384,0.0037198949148689276,0.003659753359413451,0.0122810227885941,0.50029,0.00030854650835215533,0.00030854650835215446,0.0,0.02303,0.01024,0.00064,0.01215,0.44463742943986106,0.027789839339991317,0.5275727312201476,0.03270115115265546,0.030777554026028674,0.0019235971266267921,0.0,0.01820797554286742,0.0,0.0,0.01820797554286742
0.9,12,62012,decision_weighted_unregularized_reference,100000,33271,33651,33078,0.017088293964712398,0.0036874193031429174,0.003631756065088757,0.012551869822485203,0.50032,0.0003410221200781695,0.0003410221200781647,0.0,0.03234,0.01475,0.00084,0.01675,0.45609152752009896,0.025974025974025976,0.5179344465058751,0.046857623756424514,0.04433290252772685,0.0025247212286976647,0.0,0.025101530069385126,0.0,0.0,0.025101530069385126
0.9,13,62013,pooled_R,100000,33602,33147,33251,0.017089018339794353,0.003962802210029115,0.00406005,0.0120198,0.5004,0.0,0.0,0.0,0.0,0.0,0.0,0.0,0.0,0.0,0.0,0.0,0.0,0.0,0.0,0.0,0.0,0.0,0.0
0.9,13,62013,trace_matched_R_over_3,100000,33602,33147,33251,0.017089018339794353,0.003962802210029115,0.00406005,0.0120198,0.5004,0.0,0.0,0.0,0.0,0.0,0.0,0.0,0.0,0.0,0.0,0.0,0.0,0.0,0.0,0.0,0.0,0.0,0.0
0.9,13,62013,decision_weighted_regularized,100000,33602,33147,33251,0.01740405245937989,0.0036477680904435763,0.003741634942736515,0.012308391397569268,0.50017,0.00031503411958553815,0.000315034119585539,0.0,0.02293,0.01019,0.00049,0.01225,0.4443959877889228,0.02136938508504143,0.5342346271260358,0.031783822391524316,0.030325575858579847,0.0014582465329444675,0.0,0.018449350884062774,0.0,0.0,0.018449350884062774
0.9,13,62013,decision_weighted_unregularized_reference,100000,33602,33147,33251,0.017437456570136123,0.0036143639796873453,0.0037142902366863904,0.012578556213017749,0.5004,0.0003484382303417695,0.0003484382303417699,0.0,0.03222,0.01446,0.00065,0.01711,0.44878957169459965,0.020173805090006207,0.5310366232153941,0.044967561454675314,0.043033152788524494,0.0019344086661508243,0.0,0.025768848459290943,0.0,0.0,0.025768848459290943
0.9,14,62014,pooled_R,100000,33180,33222,33598,0.01682174970299618,0.003946978952174476,0.0039545,0.012003,0.50046,0.0,0.0,0.0,0.0,0.0,0.0,0.0,0.0,0.0,0.0,0.0,0.0,0.0,0.0,0.0,0.0,0.0,0.0
0.9,14,62014,trace_matched_R_over_3,100000,33180,33222,33598,0.01682174970299618,0.003946978952174476,0.0039545,0.012003,0.50046,0.0,0.0,0.0,0.0,0.0,0.0,0.0,0.0,0.0,0.0,0.0,0.0,0.0,0.0,0.0,0.0,0.0,0.0
0.9,14,62014,decision_weighted_regularized,100000,33180,33222,33598,0.017134536187323243,0.003634192467847412,0.0036354911473721425,0.012289895586715692,0.50126,0.0003127864843270635,0.0003127864843270639,0.0,0.02348,0.0104,0.00057,0.01251,0.44293015332197616,0.024275979557069848,0.532793867120954,0.033062085593731166,0.03134418324291742,0.0017179023508137432,0.0,0.01872193953906016,0.0,0.0,0.01872193953906016
0.9,14,62014,decision_weighted_unregularized_reference,100000,33180,33222,33598,0.01715673881292064,0.003611989842250015,0.003608168639053255,0.01255988165680473,0.50159,0.00033498910992445924,0.000334989109924461,0.0,0.03245,0.0142,0.00082,0.01743,0.43759630200308164,0.025269645608628658,0.5371340523882897,0.04526823387582881,0.04279686558167571,0.0024713682941531045,0.0,0.02608500448967375,0.0,0.0,0.02608500448967375
0.9,15,62015,pooled_R,100000,33470,33330,33200,0.016850032259334624,0.0039932774705002385,0.00404915,0.0120308,0.50181,0.0,0.0,0.0,0.0,0.0,0.0,0.0,0.0,0.0,0.0,0.0,0.0,0.0,0.0,0.0,0.0,0.0,0.0
0.9,15,62015,trace_matched_R_over_3,100000,33470,33330,33200,0.016850032259334624,0.0039932774705002385,0.00404915,0.0120308,0.50181,0.0,0.0,0.0,0.0,0.0,0.0,0.0,0.0,0.0,0.0,0.0,0.0,0.0,0.0,0.0,0.0,0.0,0.0
0.9,15,62015,decision_weighted_regularized,100000,33470,33330,33200,0.017160718171665194,0.0036825915581696687,0.0037331503092752696,0.012320651914728732,0.50146,0.00031068591233057025,0.0003106859123305698,0.0,0.02305,0.01032,0.00051,0.01222,0.4477223427331887,0.02212581344902386,0.5301518438177875,0.03235733492680012,0.030833582312518672,0.001523752614281446,0.0,0.01836765369006463,0.0,0.0,0.01836765369006463
0.9,15,62015,decision_weighted_unregularized_reference,100000,33470,33330,33200,0.017188274841550468,0.0036550348882843924,0.003706152366863905,0.012590976331360944,0.50159,0.000338242582215844,0.00033824258221584616,0.0,0.03194,0.01451,0.00073,0.0167,0.4542892924232937,0.022855353788353162,0.5228553537883531,0.04553331341499851,0.04335225575141918,0.002181057663579325,0.0,0.0251014579888772,0.0,0.0,0.0251014579888772
0.9,16,62016,pooled_R,100000,33395,32939,33666,0.016731942572142958,0.003964570251548016,0.0040016750000000005,0.012019400000000001,0.50109,0.0,0.0,0.0,0.0,0.0,0.0,0.0,0.0,0.0,0.0,0.0,0.0,0.0,0.0,0.0,0.0,0.0,0.0
0.9,16,62016,trace_matched_R_over_3,100000,33395,32939,33666,0.016731942572142958,0.003964570251548016,0.0040016750000000005,0.012019400000000001,0.50109,0.0,0.0,0.0,0.0,0.0,0.0,0.0,0.0,0.0,0.0,0.0,0.0,0.0,0.0,0.0,0.0,0.0,0.0
0.9,16,62016,decision_weighted_regularized,100000,33395,32939,33666,0.017046529201429492,0.003649983622261486,0.003684981244561298,0.012306287353039937,0.50161,0.0003145866292865347,0.0003145866292865295,0.0,0.02282,0.01047,0.00059,0.01176,0.45880806310254163,0.025854513584574933,0.5153374233128835,0.03311873034885462,0.031351998802215904,0.0017667315466387183,0.0,0.01765633210719916,0.0,0.0,0.01765633210719916
0.9,16,62016,decision_weighted_unregularized_reference,100000,33395,32939,33666,0.017065657187883925,0.003630855635807053,0.0036583365384615387,0.012575976331360943,0.50166,0.0003337146157409675,0.0003337146157409627,0.0,0.03179,0.01452,0.00093,0.01634,0.45674740484429066,0.029254482541679772,0.5139981126140296,0.0462644108399461,0.04347956280880371,0.0027848480311423868,0.0,0.024532692740785227,0.0,0.0,0.024532692740785227
0.9,17,62017,pooled_R,100000,33259,33271,33470,0.01687729344440345,0.004072257292115725,0.004018075,0.0120096,0.50144,0.0,0.0,0.0,0.0,0.0,0.0,0.0,0.0,0.0,0.0,0.0,0.0,0.0,0.0,0.0,0.0,0.0,0.0
0.9,17,62017,trace_matched_R_over_3,100000,33259,33271,33470,0.01687729344440345,0.004072257292115725,0.004018075,0.0120096,0.50144,0.0,0.0,0.0,0.0,0.0,0.0,0.0,0.0,0.0,0.0,0.0,0.0,0.0,0.0,0.0,0.0,0.0,0.0
0.9,17,62017,decision_weighted_regularized,100000,33259,33271,33470,0.017197421244047835,0.0037521294924713427,0.003700780795409059,0.012304031838402353,0.50106,0.00032012779964438534,0.0003201277996443823,0.0,0.02246,0.01026,0.00041,0.01179,0.4568121104185218,0.0182546749777382,0.52493321460374,0.03208154183829941,0.030848792807961756,0.001232749030337653,0.0,0.017665303186946556,0.0,0.0,0.017665303186946556
0.9,17,62017,decision_weighted_unregularized_reference,100000,33259,33271,33470,0.017224941687720468,0.0037246090487987066,0.003673121153846154,0.012576035502958575,0.50118,0.0003476482433170183,0.0003476482433170183,0.0,0.03152,0.01464,0.00067,0.01621,0.46446700507614214,0.021256345177664976,0.5142766497461929,0.04603265281577919,0.04401816049791034,0.0020144923178688477,0.0,0.02428791897034806,0.0,0.0,0.02428791897034806
0.9,18,62018,pooled_R,100000,33237,33444,33319,0.016939812214240988,0.003967734671081235,0.0039897249999999995,0.011972199999999999,0.50124,0.0,0.0,0.0,0.0,0.0,0.0,0.0,0.0,0.0,0.0,0.0,0.0,0.0,0.0,0.0,0.0,0.0,0.0
0.9,18,62018,trace_matched_R_over_3,100000,33237,33444,33319,0.016939812214240988,0.003967734671081235,0.0039897249999999995,0.011972199999999999,0.50124,0.0,0.0,0.0,0.0,0.0,0.0,0.0,0.0,0.0,0.0,0.0,0.0,0.0,0.0,0.0,0.0,0.0,0.0
0.9,18,62018,decision_weighted_regularized,100000,33237,33444,33319,0.017226122274185195,0.003681424611137029,0.0036736549460299455,0.012267466305076373,0.50073,0.0002863100599442073,0.0002863100599442064,0.0,0.02287,0.00978,0.00071,0.01238,0.4276344556187145,0.031045037166593792,0.5413205072146917,0.03156121190239793,0.029425038360862892,0.0021361735415350363,0.0,0.018543205068675763,0.0,0.0,0.018543205068675763
0.9,18,62018,decision_weighted_unregularized_reference,100000,33237,33444,33319,0.01725625903598454,0.003651287849337681,0.003646762869822485,0.012540378698224849,0.50055,0.00031644682174355315,0.00031644682174355445,0.0,0.03237,0.01406,0.00092,0.01739,0.43435279579857894,0.02842137781896818,0.5372258263824529,0.04507025303126034,0.042302253512651565,0.0027679995186087793,0.0,0.026047361562542126,0.0,0.0,0.026047361562542126
0.9,19,62019,pooled_R,100000,33234,33355,33411,0.016751862851131196,0.0040138945233866635,0.00401885,0.012020999999999999,0.49986,0.0,0.0,0.0,0.0,0.0,0.0,0.0,0.0,0.0,0.0,0.0,0.0,0.0,0.0,0.0,0.0,0.0,0.0
0.9,19,62019,trace_matched_R_over_3,100000,33234,33355,33411,0.016751862851131196,0.0040138945233866635,0.00401885,0.012020999999999999,0.49986,0.0,0.0,0.0,0.0,0.0,0.0,0.0,0.0,0.0,0.0,0.0,0.0,0.0,0.0,0.0,0.0,0.0,0.0
0.9,19,62019,decision_weighted_regularized,100000,33234,33355,33411,0.017072352089064505,0.0036934052854533557,0.003704505662987797,0.012317110119900693,0.49914,0.00032048923793330866,0.0003204892379333078,0.0,0.02332,0.01052,0.00047,0.01233,0.451114922813036,0.020154373927958835,0.5287307032590052,0.033068544261900465,0.03165432990311127,0.0014142143587891917,0.0,0.018467483449660007,0.0,0.0,0.018467483449660007
0.9,19,62019,decision_weighted_unregularized_reference,100000,33234,33355,33411,0.017098769952139783,0.003666987422378075,0.0036775671597633133,0.012589384615384613,0.49895,0.0003469071010085874,0.0003469071010085887,0.0,0.03209,0.01467,0.00072,0.0167,0.45715176067310687,0.02243689622935494,0.5204113430975382,0.04630799783354396,0.04414154179454775,0.002166456038996209,0.0,0.025012731030764162,0.0,0.0,0.025012731030764162
