slot,fusion_end,gamma,D,U,coverage,fallback,training_allowed,H,rho,training_profile,inference_profile,objective,d_workload,alpha_workload,next_target_workload,d_operating,alpha_operating,next_target_operating,d_performance,alpha_performance,next_target_performance,recovery_after_feedback,deployed_gain_used,gain_kind
301,300,0.0,0.0,1.0,0.0,True,False,1.0,0.98,tr0,inf5,0.6080999775930724,,0.0,,,0.0,,,0.0,,0.98,0.0,observed
302,300,0.0,0.0,1.0,0.0,True,False,0.98,0.98,tr0,inf5,0.6009507229049535,,0.0,,,0.0,,,0.0,,0.9603999999999999,0.0,observed
303,300,0.0,0.0,1.0,0.0,True,False,0.9603999999999999,0.98,tr0,inf5,0.5938043514109576,,0.0,,,0.0,,,0.0,,0.9411919999999999,0.0,observed
304,300,0.0,0.0,1.0,0.0,True,False,0.9411919999999999,0.98,tr0,inf5,0.5866636900235008,,0.0,,,0.0,,,0.0,,0.9223681599999999,0.0,observed
305,300,0.0,0.0,1.0,0.0,True,False,0.9223681599999999,0.98,tr0,inf5,0.5795315023975106,,0.0,,,0.0,,,0.0,,0.9039207967999998,0.0,observed
306,300,0.0,0.0,1.0,0.0,True,False,0.9039207967999998,0.98,tr0,inf5,0.5724104870737359,,0.0,,,0.0,,,0.0,,0.8858423808639998,0.0,observed
307,300,0.0,0.0,1.0,0.0,True,False,0.8858423808639998,0.98,tr0,inf5,0.5653032758234344,,0.0,,,0.0,,,0.0,,0.8681255332467198,0.0,observed
308,300,0.0,0.0,1.0,0.0,True,False,0.8681255332467198,0.98,tr0,inf5,0.5582124321886622,,0.0,,,0.0,,,0.0,,0.8507630225817854,0.0,observed
309,300,0.0,0.0,1.0,0.0,True,False,0.8507630225817854,0.98,tr0,inf5,0.5511404502121066,,0.0,,,0.0,,,0.0,,0.8337477621301497,0.0,observed
310,300,0.0,0.0,1.0,0.0,True,False,0.8337477621301497,0.98,tr0,inf5,0.5440897533501442,,0.0,,,0.0,,,0.0,,0.9070728068875467,0.09,observed
311,300,0.0,0.0,1.0,0.0,True,False,0.9070728068875467,0.98,tr0,inf5,0.5736365438617104,,0.0,,,0.0,,,0.0,,0.8889313507497957,0.0,observed
312,300,0.0,0.0,1.0,0.0,True,False,0.8889313507497957,0.98,tr0,inf5,0.566526769417921,,0.0,,,0.0,,,0.0,,0.8711527237347998,0.0,observed
313,300,0.0,0.0,1.0,0.0,True,False,0.8711527237347998,0.98,tr0,inf5,0.5594329258077703,,0.0,,,0.0,,,0.0,,0.8537296692601037,0.0,observed
314,300,0.0,0.0,1.0,0.0,True,False,0.8537296692601037,0.98,tr0,inf5,0.5523575191313891,,0.0,,,0.0,,,0.0,,0.8366550758749016,0.0,observed
315,300,0.0,0.0,1.0,0.0,True,False,0.8366550758749016,0.98,tr0,inf5,0.5453029850770972,,0.0,,,0.0,,,0.0,,0.8199219743574035,0.0,observed
316,300,0.0,0.0,1.0,0.0,True,False,0.8199219743574035,0.98,tr0,inf5,0.5382716879811927,,0.0,,,0.0,,,0.0,,0.8035235348702555,0.0,observed
317,300,0.0,0.0,1.0,0.0,True,False,0.8035235348702555,0.98,tr0,inf5,0.5312659200589208,,0.0,,,0.0,,,0.0,,0.7874530641728504,0.0,observed
318,300,0.0,0.0,1.0,0.0,True,False,0.7874530641728504,0.98,tr0,inf5,0.5242879007998139,,0.0,,,0.0,,,0.0,,0.7717040028893934,0.0,observed
319,300,0.0,0.0,1.0,0.0,True,False,0.7717040028893934,0.98,tr0,inf5,0.5173397765205019,,0.0,,,0.0,,,0.0,,0.7562699228316055,0.0,observed
320,300,0.0,0.0,1.0,0.0,True,False,0.7562699228316055,0.98,tr0,inf5,0.5104236200680163,,0.0,,,0.0,,,0.0,,0.8311445243749734,0.09,observed
321,300,0.0,0.0,1.0,0.0,True,False,0.8311445243749734,0.98,tr0,inf5,0.5430004163313517,,0.0,,,0.0,,,0.0,,0.814521633887474,0.0,observed
322,300,0.0,0.0,1.0,0.0,True,False,0.814521633887474,0.98,tr0,inf5,0.5359772209542265,,0.0,,,0.0,,,0.0,,0.7982312012097245,0.0,observed
323,300,0.0,0.0,1.0,0.0,True,False,0.7982312012097245,0.98,tr0,inf5,0.5289802887619992,,0.0,,,0.0,,,0.0,,0.7822665771855299,0.0,observed
324,300,0.0,0.0,1.0,0.0,True,False,0.7822665771855299,0.98,tr0,inf5,0.5220118153514952,,0.0,,,0.0,,,0.0,,0.7666212456418193,0.0,observed
325,300,0.0,0.0,1.0,0.0,True,False,0.7666212456418193,0.98,tr0,inf5,0.5150739230333691,,0.0,,,0.0,,,0.0,,0.751288820728983,0.0,observed
326,300,0.0,0.0,1.0,0.0,True,False,0.751288820728983,0.98,tr0,inf5,0.5081686605831124,,0.0,,,0.0,,,0.0,,0.7362630443144033,0.0,observed
327,300,0.0,0.0,1.0,0.0,True,False,0.7362630443144033,0.98,tr0,inf5,0.5012980031332471,,0.0,,,0.0,,,0.0,,0.7215377834281151,0.0,observed
328,300,0.0,0.0,1.0,0.0,True,False,0.7215377834281151,0.98,tr0,inf5,0.49446385219968375,,0.0,,,0.0,,,0.0,,0.7071070277595528,0.0,observed
329,300,0.0,0.0,1.0,0.0,True,False,0.7071070277595528,0.98,tr0,inf5,0.4876680358352516,,0.0,,,0.0,,,0.0,,0.6929648872043618,0.0,observed
330,300,0.0,0.0,1.0,0.0,True,False,0.6929648872043618,0.98,tr0,inf5,0.48091230890345504,,0.0,,,0.0,,,0.0,,0.7691055894602745,0.09,observed
331,300,0.0,0.0,1.0,0.0,True,False,0.7691055894602745,0.98,tr0,inf5,0.5161828630055436,,0.0,,,0.0,,,0.0,,0.7537234776710691,0.0,observed
332,300,0.0,0.0,1.0,0.0,True,False,0.7537234776710691,0.98,tr0,inf5,0.5092722402400961,,0.0,,,0.0,,,0.0,,0.7386490081176477,0.0,observed
333,300,0.0,0.0,1.0,0.0,True,False,0.7386490081176477,0.98,tr0,inf5,0.5023959111166502,,0.0,,,0.0,,,0.0,,0.7238760279552947,0.0,observed
334,300,0.0,0.0,1.0,0.0,True,False,0.7238760279552947,0.98,tr0,inf5,0.49555578893348723,,0.0,,,0.0,,,0.0,,0.7093985073961888,0.0,observed
335,300,0.0,0.0,1.0,0.0,True,False,0.7093985073961888,0.98,tr0,inf5,0.488753713492955,,0.0,,,0.0,,,0.0,,0.695210537248265,0.0,observed
336,300,0.0,0.0,1.0,0.0,True,False,0.695210537248265,0.98,tr0,inf5,0.4819914513564343,,0.0,,,0.0,,,0.0,,0.6813063265032997,0.0,observed
337,300,0.0,0.0,1.0,0.0,True,False,0.6813063265032997,0.98,tr0,inf5,0.47527069621375434,,0.0,,,0.0,,,0.0,,0.6676801999732337,0.0,observed
338,300,0.0,0.0,1.0,0.0,True,False,0.6676801999732337,0.98,tr0,inf5,0.4685930693602575,,0.0,,,0.0,,,0.0,,0.654326595973769,0.0,observed
339,300,0.0,0.0,1.0,0.0,True,False,0.654326595973769,0.98,tr0,inf5,0.46196012027481914,,0.0,,,0.0,,,0.0,,0.6412400640542936,0.0,observed
340,300,0.0,0.0,1.0,0.0,True,False,0.6412400640542936,0.98,tr0,inf5,0.4553733272922515,,0.0,,,0.0,,,0.0,,0.7184152627732077,0.09,observed
341,300,0.0,0.0,1.0,0.0,True,False,0.7184152627732077,0.98,tr0,inf5,0.4930016792767167,,0.0,,,0.0,,,0.0,,0.7040469575177435,0.0,observed
342,300,0.0,0.0,1.0,0.0,True,False,0.7040469575177435,0.98,tr0,inf5,0.4862143236105963,,0.0,,,0.0,,,0.0,,0.6899660183673886,0.0,observed
343,300,0.0,0.0,1.0,0.0,True,False,0.6899660183673886,0.98,tr0,inf5,0.4794674245923534,,0.0,,,0.0,,,0.0,,0.6761666980000408,0.0,observed
344,300,0.0,0.0,1.0,0.0,True,False,0.6761666980000408,0.98,tr0,inf5,0.4727626487154387,,0.0,,,0.0,,,0.0,,0.66264336404004,0.0,observed
345,300,0.0,0.0,1.0,0.0,True,False,0.66264336404004,0.98,tr0,inf5,0.4661015902839963,,0.0,,,0.0,,,0.0,,0.6493904967592392,0.0,observed
346,300,0.0,0.0,1.0,0.0,True,False,0.6493904967592392,0.98,tr0,inf5,0.4594857720270244,,0.0,,,0.0,,,0.0,,0.6364026868240544,0.0,observed
347,300,0.0,0.0,1.0,0.0,True,False,0.6364026868240544,0.98,tr0,inf5,0.4529166458044896,,0.0,,,0.0,,,0.0,,0.6236746330875733,0.0,observed
348,300,0.0,0.0,1.0,0.0,True,False,0.6236746330875733,0.98,tr0,inf5,0.4463955933990147,,0.0,,,0.0,,,0.0,,0.6112011404258219,0.0,observed
349,300,0.0,0.0,1.0,0.0,True,False,0.6112011404258219,0.98,tr0,inf5,0.439923927386912,,0.0,,,0.0,,,0.0,,0.5989771176173054,0.0,observed
350,300,0.0,0.0,1.0,0.0,True,False,0.5989771176173054,0.98,tr0,inf5,0.43350289208249637,,0.0,,,0.0,,,0.0,,0.6769975752649593,0.09,observed
351,350,0.0,0.0,1.0,0.0,True,False,0.6769975752649593,0.98,tr0,inf5,0.4731689760803093,,0.0,,,0.0,,,0.0,,0.6634576237596601,0.0,observed
352,350,0.0,0.0,1.0,0.0,True,False,0.6634576237596601,0.98,tr0,inf5,0.46650521603365586,,0.0,,,0.0,,,0.0,,0.6501884712844669,0.0,observed
353,350,0.0,0.0,1.0,0.0,True,False,0.6501884712844669,0.98,tr0,inf5,0.4598866056307393,,0.0,,,0.0,,,0.0,,0.6371847018587775,0.0,observed
354,350,0.0,0.0,1.0,0.0,True,False,0.6371847018587775,0.98,tr0,inf5,0.4533146010176371,,0.0,,,0.0,,,0.0,,0.624441007821602,0.0,observed
355,350,0.0,0.0,1.0,0.0,True,False,0.624441007821602,0.98,tr0,inf5,0.4467905882126322,,0.0,,,0.0,,,0.0,,0.6119521876651699,0.0,observed
356,350,0.0,0.0,1.0,0.0,True,False,0.6119521876651699,0.98,tr0,inf5,0.44031588397259763,,0.0,,,0.0,,,0.0,,0.5997131439118665,0.0,observed
357,350,0.0,0.0,1.0,0.0,True,False,0.5997131439118665,0.98,tr0,inf5,0.4338917367330253,,0.0,,,0.0,,,0.0,,0.5877188810336291,0.0,observed
358,350,0.0,0.0,1.0,0.0,True,False,0.5877188810336291,0.98,tr0,inf5,0.4275193276157971,,0.0,,,0.0,,,0.0,,0.5759645034129566,0.0,observed
359,350,0.0,0.0,1.0,0.0,True,False,0.5759645034129566,0.98,tr0,inf5,0.4211997714989749,,0.0,,,0.0,,,0.0,,0.5644452133446974,0.0,observed
360,350,0.0,0.0,1.0,0.0,True,False,0.5644452133446974,0.98,tr0,inf5,0.414934118143074,,0.0,,,0.0,,,0.0,,0.6431563090778034,0.09,observed
361,350,0.0,0.0,1.0,0.0,True,False,0.6431563090778034,0.98,tr0,inf5,0.4563432185611601,,0.0,,,0.0,,,0.0,,0.6302931828962474,0.0,observed
362,350,0.0,0.0,1.0,0.0,True,False,0.6302931828962474,0.98,tr0,inf5,0.4497968786416229,,0.0,,,0.0,,,0.0,,0.6176873192383224,0.0,observed
363,350,0.0,0.0,1.0,0.0,True,False,0.6176873192383224,0.98,tr0,inf5,0.4432992478481303,,0.0,,,0.0,,,0.0,,0.6053335728535559,0.0,observed
364,350,0.0,0.0,1.0,0.0,True,False,0.6053335728535559,0.98,tr0,inf5,0.4368516060410154,,0.0,,,0.0,,,0.0,,0.5932269013964848,0.0,observed
365,350,0.0,0.0,1.0,0.0,True,False,0.5932269013964848,0.98,tr0,inf5,0.4304551652936326,,0.0,,,0.0,,,0.0,,0.5813623633685551,0.0,observed
366,350,0.0,0.0,1.0,0.0,True,False,0.5813623633685551,0.98,tr0,inf5,0.42411107093421097,,0.0,,,0.0,,,0.0,,0.569735116101184,0.0,observed
367,350,0.0,0.0,1.0,0.0,True,False,0.569735116101184,0.98,tr0,inf5,0.4178204026467238,,0.0,,,0.0,,,0.0,,0.5583404137791603,0.0,observed
368,350,0.0,0.0,1.0,0.0,True,False,0.5583404137791603,0.98,tr0,inf5,0.4115841756253399,,0.0,,,0.0,,,0.0,,0.5471736055035771,0.0,observed
369,350,0.0,0.0,1.0,0.0,True,False,0.5471736055035771,0.98,tr0,inf5,0.4054033417772174,,0.0,,,0.0,,,0.0,,0.5362301333935056,0.0,observed
370,350,0.0,0.0,1.0,0.0,True,False,0.5362301333935056,0.98,tr0,inf5,0.3992787909685986,,0.0,,,0.0,,,0.0,,0.6155055307256354,0.09,observed
371,350,0.0,0.0,1.0,0.0,True,False,0.6155055307256354,0.98,tr0,inf5,0.4421663170472746,,0.0,,,0.0,,,0.0,,0.6031954201111227,0.0,observed
372,350,0.0,0.0,1.0,0.0,True,False,0.6031954201111227,0.98,tr0,inf5,0.4357275572965689,,0.0,,,0.0,,,0.0,,0.5911315117089002,0.0,observed
373,350,0.0,0.0,1.0,0.0,True,False,0.5911315117089002,0.98,tr0,inf5,0.42934020399724987,,0.0,,,0.0,,,0.0,,0.5793088814747221,0.0,observed
374,350,0.0,0.0,1.0,0.0,True,False,0.5793088814747221,0.98,tr0,inf5,0.42300539089904976,,0.0,,,0.0,,,0.0,,0.5677227038452277,0.0,observed
375,350,0.0,0.0,1.0,0.0,True,False,0.5677227038452277,0.98,tr0,inf5,0.41672418630592406,,0.0,,,0.0,,,0.0,,0.5563682497683231,0.0,observed
376,350,0.0,0.0,1.0,0.0,True,False,0.5563682497683231,0.98,tr0,inf5,0.4104975942393426,,0.0,,,0.0,,,0.0,,0.5452408847729566,0.0,observed
377,350,0.0,0.0,1.0,0.0,True,False,0.5452408847729566,0.98,tr0,inf5,0.4043265556490263,,0.0,,,0.0,,,0.0,,0.5343360670774975,0.0,observed
378,350,0.0,0.0,1.0,0.0,True,False,0.5343360670774975,0.98,tr0,inf5,0.39821194966612106,,0.0,,,0.0,,,0.0,,0.5236493457359476,0.0,observed
379,350,0.0,0.0,1.0,0.0,True,False,0.5236493457359476,0.98,tr0,inf5,0.3921545948940007,,0.0,,,0.0,,,0.0,,0.5131763588212286,0.0,observed
380,350,0.0,0.0,1.0,0.0,True,False,0.5131763588212286,0.98,tr0,inf5,0.38615525073209317,,0.0,,,0.0,,,0.0,,0.592912831644804,0.09,observed
381,350,0.0,0.0,1.0,0.0,True,False,0.592912831644804,0.98,tr0,inf5,0.4302881969209039,,0.0,,,0.0,,,0.0,,0.5810545750119079,0.0,observed
382,350,0.0,0.0,1.0,0.0,True,False,0.5810545750119079,0.98,tr0,inf5,0.4239454895039641,,0.0,,,0.0,,,0.0,,0.5694334835116698,0.0,observed
383,350,0.0,0.0,1.0,0.0,True,False,0.5694334835116698,0.98,tr0,inf5,0.41765623558779047,,0.0,,,0.0,,,0.0,,0.5580448138414363,0.0,observed
384,350,0.0,0.0,1.0,0.0,True,False,0.5580448138414363,0.98,tr0,inf5,0.4114214486920817,,0.0,,,0.0,,,0.0,,0.5468839175646076,0.0,observed
385,350,0.0,0.0,1.0,0.0,True,False,0.5468839175646076,0.98,tr0,inf5,0.4052420790816583,,0.0,,,0.0,,,0.0,,0.5359462392133155,0.0,observed
386,350,0.0,0.0,1.0,0.0,True,False,0.5359462392133155,0.98,tr0,inf5,0.3991190150136263,,0.0,,,0.0,,,0.0,,0.5252273144290492,0.0,observed
387,350,0.0,0.0,1.0,0.0,True,False,0.5252273144290492,0.98,tr0,inf5,0.39305308402287215,,0.0,,,0.0,,,0.0,,0.5147227681404682,0.0,observed
388,350,0.0,0.0,1.0,0.0,True,False,0.5147227681404682,0.98,tr0,inf5,0.3870450542412552,,0.0,,,0.0,,,0.0,,0.5044283127776589,0.0,observed
389,350,0.0,0.0,1.0,0.0,True,False,0.5044283127776589,0.98,tr0,inf5,0.38109563574606004,,0.0,,,0.0,,,0.0,,0.49433974652210566,0.0,observed
390,350,0.0,0.0,1.0,0.0,True,False,0.49433974652210566,0.98,tr0,inf5,0.37520548193347597,,0.0,,,0.0,,,0.0,,0.5744529515916635,0.09,observed
391,350,0.0,0.0,1.0,0.0,True,False,0.5744529515916635,0.98,tr0,inf5,0.4203817058100464,,0.0,,,0.0,,,0.0,,0.5629638925598303,0.0,observed
392,350,0.0,0.0,1.0,0.0,True,False,0.5629638925598303,0.98,tr0,inf5,0.4141231375686925,,0.0,,,0.0,,,0.0,,0.5517046147086336,0.0,observed
393,350,0.0,0.0,1.0,0.0,True,False,0.5517046147086336,0.98,tr0,inf5,0.4079195815015773,,0.0,,,0.0,,,0.0,,0.5406705224144609,0.0,observed
394,350,0.0,0.0,1.0,0.0,True,False,0.5406705224144609,0.98,tr0,inf5,0.40177195264668647,,0.0,,,0.0,,,0.0,,0.5298571119661717,0.0,observed
395,350,0.0,0.0,1.0,0.0,True,False,0.5298571119661717,0.98,tr0,inf5,0.3956811047569495,,0.0,,,0.0,,,0.0,,0.5192599697268483,0.0,observed
396,350,0.0,0.0,1.0,0.0,True,False,0.5192599697268483,0.98,tr0,inf5,0.3896478316053501,,0.0,,,0.0,,,0.0,,0.5088747703323113,0.0,observed
397,350,0.0,0.0,1.0,0.0,True,False,0.5088747703323113,0.98,tr0,inf5,0.3836728683211999,,0.0,,,0.0,,,0.0,,0.49869727492566507,0.0,observed
398,350,0.0,0.0,1.0,0.0,True,False,0.49869727492566507,0.98,tr0,inf5,0.37775689275325314,,0.0,,,0.0,,,0.0,,0.48872332942715174,0.0,observed
399,350,0.0,0.0,1.0,0.0,True,False,0.48872332942715174,0.98,tr0,inf5,0.37190052685554253,,0.0,,,0.0,,,0.0,,0.4789488628386087,0.0,observed
400,350,0.0,0.0,1.0,0.0,True,False,0.4789488628386087,0.98,tr0,inf5,0.3661043380920148,,0.0,,,0.0,,,0.0,,0.5593698855818365,0.09,observed
401,400,0.03998047641549105,0.0036246899494447762,0.014498759797779105,1.0,False,False,0.5593698855818365,0.9965115866908052,tr0,inf5,0.4064233944287074,0.017981199980839777,0.34100421447501233,0.017981199980839777,0.15886622175807588,0.2023301663433261,0.15886622175807588,0.0037344225061555344,0.4566656191816616,0.0037344225061555344,0.5574185722282101,0.0,observed
402,400,0.03998047641549105,0.0036246899494447762,0.014498759797779105,1.0,False,False,0.5574185722282101,0.9965115866908052,tr0,inf5,0.4053643419766089,0.017981199980839777,0.34100421447501233,0.017981199980839777,0.15886622175807588,0.2023301663433261,0.15886622175807588,0.0037344225061555344,0.4566656191816616,0.0037344225061555344,0.5554740658620568,0.0,observed
403,400,0.03998047641549105,0.0036246899494447762,0.014498759797779105,1.0,False,False,0.5554740658620568,0.9965115866908052,tr0,inf5,0.40430692619251607,0.017981199980839777,0.34100421447501233,0.017981199980839777,0.15886622175807588,0.2023301663433261,0.15886622175807588,0.0037344225061555344,0.4566656191816616,0.0037344225061555344,0.5535363427377911,0.0,observed
404,400,0.03998047641549105,0.0036246899494447762,0.014498759797779105,1.0,False,False,0.5535363427377911,0.9965115866908052,tr0,inf5,0.40325115172123405,0.017981199980839777,0.34100421447501233,0.017981199980839777,0.15886622175807588,0.2023301663433261,0.15886622175807588,0.0037344225061555344,0.4566656191816616,0.0037344225061555344,0.5516053791926615,0.0,observed
405,400,0.03998047641549105,0.0036246899494447762,0.014498759797779105,1.0,False,False,0.5516053791926615,0.9965115866908052,tr0,inf5,0.4021970231530829,0.017981199980839777,0.34100421447501233,0.017981199980839777,0.15886622175807588,0.2023301663433261,0.15886622175807588,0.0037344225061555344,0.4566656191816616,0.0037344225061555344,0.5496811516464624,0.0,observed
406,400,0.03998047641549105,0.0036246899494447762,0.014498759797779105,1.0,False,False,0.5496811516464624,0.9965115866908052,tr0,inf5,0.40114454502409297,0.017981199980839777,0.34100421447501233,0.017981199980839777,0.15886622175807588,0.2023301663433261,0.15886622175807588,0.0037344225061555344,0.4566656191816616,0.0037344225061555344,0.5477636366012453,0.0,observed
407,400,0.03998047641549105,0.0036246899494447762,0.014498759797779105,1.0,False,False,0.5477636366012453,0.9965115866908052,tr0,inf5,0.4000937218162007,0.017981199980839777,0.34100421447501233,0.017981199980839777,0.15886622175807588,0.2023301663433261,0.15886622175807588,0.0037344225061555344,0.4566656191816616,0.0037344225061555344,0.5458528106410325,0.0,observed
408,400,0.03998047641549105,0.0036246899494447762,0.014498759797779105,1.0,False,False,0.5458528106410325,0.9965115866908052,tr0,inf5,0.3990445579574468,0.017981199980839777,0.34100421447501233,0.017981199980839777,0.15886622175807588,0.2023301663433261,0.15886622175807588,0.0037344225061555344,0.4566656191816616,0.0037344225061555344,0.543948650431531,0.0,observed
409,400,0.03998047641549105,0.0036246899494447762,0.014498759797779105,1.0,False,False,0.543948650431531,0.9965115866908052,tr0,inf5,0.39799705782217387,0.017981199980839777,0.34100421447501233,0.017981199980839777,0.15886622175807588,0.2023301663433261,0.15886622175807588,0.0037344225061555344,0.4566656191816616,0.0037344225061555344,0.5420511327198471,0.0,observed
410,400,0.03998047641549105,0.0036246899494447762,0.014498759797779105,1.0,False,False,0.5420511327198471,0.9965115866908052,tr0,inf5,0.39695122573122554,0.017981199980839777,0.34100421447501233,0.017981199980839777,0.15886622175807588,0.2023301663433261,0.15886622175807588,0.0037344225061555344,0.4566656191816616,0.0037344225061555344,0.630160234334203,0.09,observed
411,400,0.03998047641549105,0.0036246899494447762,0.014498759797779105,1.0,False,False,0.630160234334203,0.9965115866908052,tr0,inf5,0.4434794734219101,0.017981199980839777,0.34100421447501233,0.017981199980839777,0.15886622175807588,0.2023301663433261,0.15886622175807588,0.0037344225061555344,0.4566656191816616,0.0037344225061555344,0.6279619749858263,0.0,observed
412,400,0.03998047641549105,0.0036246899494447762,0.014498759797779105,1.0,False,False,0.6279619749858263,0.9965115866908052,tr0,inf5,0.44236779502394197,0.017981199980839777,0.34100421447501233,0.017981199980839777,0.15886622175807588,0.2023301663433261,0.15886622175807588,0.0037344225061555344,0.4566656191816616,0.0037344225061555344,0.6257713840746175,0.0,observed
413,400,0.03998047641549105,0.0036246899494447762,0.014498759797779105,1.0,False,False,0.6257713840746175,0.9965115866908052,tr0,inf5,0.44125756096694435,0.017981199980839777,0.34100421447501233,0.017981199980839777,0.15886622175807588,0.2023301663433261,0.15886622175807588,0.0037344225061555344,0.4566656191816616,0.0037344225061555344,0.6235884348498983,0.0,observed
414,400,0.03998047641549105,0.0036246899494447762,0.014498759797779105,1.0,False,False,0.6235884348498983,0.9965115866908052,tr0,inf5,0.44014877786219153,0.017981199980839777,0.34100421447501233,0.017981199980839777,0.15886622175807588,0.2023301663433261,0.15886622175807588,0.0037344225061555344,0.4566656191816616,0.0037344225061555344,0.621413100654308,0.0,observed
415,400,0.03998047641549105,0.0036246899494447762,0.014498759797779105,1.0,False,False,0.621413100654308,0.9965115866908052,tr0,inf5,0.4390414522605479,0.017981199980839777,0.34100421447501233,0.017981199980839777,0.15886622175807588,0.2023301663433261,0.15886622175807588,0.0037344225061555344,0.4566656191816616,0.0037344225061555344,0.6192453549234775,0.0,observed
416,400,0.03998047641549105,0.0036246899494447762,0.014498759797779105,1.0,False,False,0.6192453549234775,0.9965115866908052,tr0,inf5,0.43793559065261695,0.017981199980839777,0.34100421447501233,0.017981199980839777,0.15886622175807588,0.2023301663433261,0.15886622175807588,0.0037344225061555344,0.4566656191816616,0.0037344225061555344,0.6170851711857054,0.0,observed
417,400,0.03998047641549105,0.0036246899494447762,0.014498759797779105,1.0,False,False,0.6170851711857054,0.9965115866908052,tr0,inf5,0.43683119946889154,0.017981199980839777,0.34100421447501233,0.017981199980839777,0.15886622175807588,0.2023301663433261,0.15886622175807588,0.0037344225061555344,0.4566656191816616,0.0037344225061555344,0.6149325230616344,0.0,observed
418,400,0.03998047641549105,0.0036246899494447762,0.014498759797779105,1.0,False,False,0.6149325230616344,0.9965115866908052,tr0,inf5,0.43572828507990663,0.017981199980839777,0.34100421447501233,0.017981199980839777,0.15886622175807588,0.2023301663433261,0.15886622175807588,0.0037344225061555344,0.4566656191816616,0.0037344225061555344,0.6127873842639294,0.0,observed
419,400,0.03998047641549105,0.0036246899494447762,0.014498759797779105,1.0,False,False,0.6127873842639294,0.9965115866908052,tr0,inf5,0.4346268537963931,0.017981199980839777,0.34100421447501233,0.017981199980839777,0.15886622175807588,0.2023301663433261,0.15886622175807588,0.0037344225061555344,0.4566656191816616,0.0037344225061555344,0.6106497285969564,0.0,observed
420,400,0.03998047641549105,0.0036246899494447762,0.014498759797779105,1.0,False,False,0.6106497285969564,0.9965115866908052,tr0,inf5,0.4335269118694335,0.017981199980839777,0.34100421447501233,0.017981199980839777,0.15886622175807588,0.2023301663433261,0.15886622175807588,0.0037344225061555344,0.4566656191816616,0.0037344225061555344,0.6985195299564626,0.09,observed
421,400,0.03998047641549105,0.0036246899494447762,0.014498759797779105,1.0,False,False,0.6985195299564626,0.9965115866908052,tr0,inf5,0.4768575193898706,0.017981199980839777,0.34100421447501233,0.017981199980839777,0.15886622175807588,0.2023301663433261,0.15886622175807588,0.0037344225061555344,0.4566656191816616,0.0037344225061555344,0.69608280513143,0.0,observed
422,400,0.03998047641549105,0.0036246899494447762,0.014498759797779105,1.0,False,False,0.69608280513143,0.9965115866908052,tr0,inf5,0.4757065322719437,0.017981199980839777,0.34100421447501233,0.017981199980839777,0.15886622175807588,0.2023301663433261,0.15886622175807588,0.0037344225061555344,0.4566656191816616,0.0037344225061555344,0.6936545806097079,0.0,observed
423,400,0.03998047641549105,0.0036246899494447762,0.014498759797779105,1.0,False,False,0.6936545806097079,0.9965115866908052,tr0,inf5,0.4745567668984087,0.017981199980839777,0.34100421447501233,0.017981199980839777,0.15886622175807588,0.2023301663433261,0.15886622175807588,0.0037344225061555344,0.4566656191816616,0.0037344225061555344,0.691234826738725,0.0,observed
424,400,0.03998047641549105,0.0036246899494447762,0.014498759797779105,1.0,False,False,0.691234826738725,0.9965115866908052,tr0,inf5,0.4734082317183104,0.017981199980839777,0.34100421447501233,0.017981199980839777,0.15886622175807588,0.2023301663433261,0.15886622175807588,0.0037344225061555344,0.4566656191816616,0.0037344225061555344,0.6888235139693507,0.0,observed
425,400,0.03998047641549105,0.0036246899494447762,0.014498759797779105,1.0,False,False,0.6888235139693507,0.9965115866908052,tr0,inf5,0.4722609351168265,0.017981199980839777,0.34100421447501233,0.017981199980839777,0.15886622175807588,0.2023301663433261,0.15886622175807588,0.0037344225061555344,0.4566656191816616,0.0037344225061555344,0.6864206128555337,0.0,observed
426,400,0.03998047641549105,0.0036246899494447762,0.014498759797779105,1.0,False,False,0.6864206128555337,0.9965115866908052,tr0,inf5,0.4711148854153515,0.017981199980839777,0.34100421447501233,0.017981199980839777,0.15886622175807588,0.2023301663433261,0.15886622175807588,0.0037344225061555344,0.4566656191816616,0.0037344225061555344,0.6840260940539428,0.0,observed
427,400,0.03998047641549105,0.0036246899494447762,0.014498759797779105,1.0,False,False,0.6840260940539428,0.9965115866908052,tr0,inf5,0.4699700908715831,0.017981199980839777,0.34100421447501233,0.017981199980839777,0.15886622175807588,0.2023301663433261,0.15886622175807588,0.0037344225061555344,0.4566656191816616,0.0037344225061555344,0.6816399283236084,0.0,observed
428,400,0.03998047641549105,0.0036246899494447762,0.014498759797779105,1.0,False,False,0.6816399283236084,0.9965115866908052,tr0,inf5,0.4688265596796113,0.017981199980839777,0.34100421447501233,0.017981199980839777,0.15886622175807588,0.2023301663433261,0.15886622175807588,0.0037344225061555344,0.4566656191816616,0.0037344225061555344,0.6792620865255657,0.0,observed
429,400,0.03998047641549105,0.0036246899494447762,0.014498759797779105,1.0,False,False,0.6792620865255657,0.9965115866908052,tr0,inf5,0.4676842999700101,0.017981199980839777,0.34100421447501233,0.017981199980839777,0.15886622175807588,0.2023301663433261,0.15886622175807588,0.0037344225061555344,0.4566656191816616,0.0037344225061555344,0.6768925396224985,0.0,observed
430,400,0.03998047641549105,0.0036246899494447762,0.014498759797779105,1.0,False,False,0.6768925396224985,0.9965115866908052,tr0,inf5,0.4665433198099318,0.017981199980839777,0.34100421447501233,0.017981199980839777,0.15886622175807588,0.2023301663433261,0.15886622175807588,0.0037344225061555344,0.4566656191816616,0.0037344225061555344,0.7645312586783847,0.09,observed
431,400,0.03998047641549105,0.0036246899494447762,0.014498759797779105,1.0,False,False,0.7645312586783847,0.9965115866908052,tr0,inf5,0.5069945480183626,0.017981199980839777,0.34100421447501233,0.017981199980839777,0.15886622175807588,0.2023301663433261,0.15886622175807588,0.0037344225061555344,0.4566656191816616,0.0037344225061555344,0.7618642576603155,0.0,observed
432,400,0.03998047641549105,0.0036246899494447762,0.014498759797779105,1.0,False,False,0.7618642576603155,0.9965115866908052,tr0,inf5,0.5058151275727165,0.017981199980839777,0.34100421447501233,0.017981199980839777,0.15886622175807588,0.2023301663433261,0.15886622175807588,0.0037344225061555344,0.4566656191816616,0.0037344225061555344,0.7592065602440935,0.0,observed
433,400,0.03998047641549105,0.0036246899494447762,0.014498759797779105,1.0,False,False,0.7592065602440935,0.9965115866908052,tr0,inf5,0.5046366881910572,0.017981199980839777,0.34100421447501233,0.017981199980839777,0.15886622175807588,0.2023301663433261,0.15886622175807588,0.0037344225061555344,0.4566656191816616,0.0037344225061555344,0.75655813397491,0.0,observed
434,400,0.03998047641549105,0.0036246899494447762,0.014498759797779105,1.0,False,False,0.75655813397491,0.9965115866908052,tr0,inf5,0.5034592399927533,0.017981199980839777,0.34100421447501233,0.017981199980839777,0.15886622175807588,0.2023301663433261,0.15886622175807588,0.0037344225061555344,0.4566656191816616,0.0037344225061555344,0.7539189465111723,0.0,observed
435,400,0.03998047641549105,0.0036246899494447762,0.014498759797779105,1.0,False,False,0.7539189465111723,0.9965115866908052,tr0,inf5,0.5022827930321443,0.017981199980839777,0.34100421447501233,0.017981199980839777,0.15886622175807588,0.2023301663433261,0.15886622175807588,0.0037344225061555344,0.4566656191816616,0.0037344225061555344,0.7512889656241086,0.0,observed
436,400,0.03998047641549105,0.0036246899494447762,0.014498759797779105,1.0,False,False,0.7512889656241086,0.9965115866908052,tr0,inf5,0.5011073572985465,0.017981199980839777,0.34100421447501233,0.017981199980839777,0.15886622175807588,0.2023301663433261,0.15886622175807588,0.0037344225061555344,0.4566656191816616,0.0037344225061555344,0.7486681591973743,0.0,observed
437,400,0.03998047641549105,0.0036246899494447762,0.014498759797779105,1.0,False,False,0.7486681591973743,0.9965115866908052,tr0,inf5,0.49993294271626126,0.017981199980839777,0.34100421447501233,0.017981199980839777,0.15886622175807588,0.2023301663433261,0.15886622175807588,0.0037344225061555344,0.4566656191816616,0.0037344225061555344,0.7460564952266598,0.0,observed
438,400,0.03998047641549105,0.0036246899494447762,0.014498759797779105,1.0,False,False,0.7460564952266598,0.9965115866908052,tr0,inf5,0.49875955914458797,0.017981199980839777,0.34100421447501233,0.017981199980839777,0.15886622175807588,0.2023301663433261,0.15886622175807588,0.0037344225061555344,0.4566656191816616,0.0037344225061555344,0.7434539418192999,0.0,observed
439,400,0.03998047641549105,0.0036246899494447762,0.014498759797779105,1.0,False,False,0.7434539418192999,0.9965115866908052,tr0,inf5,0.49758721637783954,0.017981199980839777,0.34100421447501233,0.017981199980839777,0.15886622175807588,0.2023301663433261,0.15886622175807588,0.0037344225061555344,0.4566656191816616,0.0037344225061555344,0.7408604671938841,0.0,observed
440,400,0.03998047641549105,0.0036246899494447762,0.014498759797779105,1.0,False,False,0.7408604671938841,0.9965115866908052,tr0,inf5,0.4964159241453615,0.017981199980839777,0.34100421447501233,0.017981199980839777,0.15886622175807588,0.2023301663433261,0.15886622175807588,0.0037344225061555344,0.4566656191816616,0.0037344225061555344,0.8282760396798686,0.09,observed
441,400,0.03998047641549105,0.0036246899494447762,0.014498759797779105,1.0,False,False,0.8282760396798686,0.9965115866908052,tr0,inf5,0.5342681417709931,0.017981199980839777,0.34100421447501233,0.017981199980839777,0.15886622175807588,0.2023301663433261,0.15886622175807588,0.0037344225061555344,0.4566656191816616,0.0037344225061555344,0.8253866705193622,0.0,observed
442,400,0.03998047641549105,0.0036246899494447762,0.014498759797779105,1.0,False,False,0.8253866705193622,0.9965115866908052,tr0,inf5,0.5330691593765235,0.017981199980839777,0.34100421447501233,0.017981199980839777,0.15886622175807588,0.2023301663433261,0.15886622175807588,0.0037344225061555344,0.4566656191816616,0.0037344225061555344,0.8225073806726905,0.0,observed
443,400,0.03998047641549105,0.0036246899494447762,0.014498759797779105,1.0,False,False,0.8225073806726905,0.9965115866908052,tr0,inf5,0.531870908359881,0.017981199980839777,0.34100421447501233,0.017981199980839777,0.15886622175807588,0.2023301663433261,0.15886622175807588,0.0037344225061555344,0.4566656191816616,0.0037344225061555344,0.8196381349790409,0.0,observed
444,400,0.03998047641549105,0.0036246899494447762,0.014498759797779105,1.0,False,False,0.8196381349790409,0.9965115866908052,tr0,inf5,0.5306734003239729,0.017981199980839777,0.34100421447501233,0.017981199980839777,0.15886622175807588,0.2023301663433261,0.15886622175807588,0.0037344225061555344,0.4566656191816616,0.0037344225061555344,0.8167788984002564,0.0,observed
445,400,0.03998047641549105,0.0036246899494447762,0.014498759797779105,1.0,False,False,0.8167788984002564,0.9965115866908052,tr0,inf5,0.5294766468075605,0.017981199980839777,0.34100421447501233,0.017981199980839777,0.15886622175807588,0.2023301663433261,0.15886622175807588,0.0037344225061555344,0.4566656191816616,0.0037344225061555344,0.8139296360204075,0.0,observed
446,400,0.03998047641549105,0.0036246899494447762,0.014498759797779105,1.0,False,False,0.8139296360204075,0.9965115866908052,tr0,inf5,0.5282806592851769,0.017981199980839777,0.34100421447501233,0.017981199980839777,0.15886622175807588,0.2023301663433261,0.15886622175807588,0.0037344225061555344,0.4566656191816616,0.0037344225061555344,0.8110903130453658,0.0,observed
447,400,0.03998047641549105,0.0036246899494447762,0.014498759797779105,1.0,False,False,0.8110903130453658,0.9965115866908052,tr0,inf5,0.5270854491670497,0.017981199980839777,0.34100421447501233,0.017981199980839777,0.15886622175807588,0.2023301663433261,0.15886622175807588,0.0037344225061555344,0.4566656191816616,0.0037344225061555344,0.8082608948023794,0.0,observed
448,400,0.03998047641549105,0.0036246899494447762,0.014498759797779105,1.0,False,False,0.8082608948023794,0.9965115866908052,tr0,inf5,0.5258910277990279,0.017981199980839777,0.34100421447501233,0.017981199980839777,0.15886622175807588,0.2023301663433261,0.15886622175807588,0.0037344225061555344,0.4566656191816616,0.0037344225061555344,0.8054413467396491,0.0,observed
449,400,0.03998047641549105,0.0036246899494447762,0.014498759797779105,1.0,False,False,0.8054413467396491,0.9965115866908052,tr0,inf5,0.5246974064625124,0.017981199980839777,0.34100421447501233,0.017981199980839777,0.15886622175807588,0.2023301663433261,0.15886622175807588,0.0037344225061555344,0.4566656191816616,0.0037344225061555344,0.8026316344259067,0.0,observed
450,400,0.03998047641549105,0.0036246899494447762,0.014498759797779105,1.0,False,False,0.8026316344259067,0.9965115866908052,tr0,inf5,0.523504596374391,0.017981199980839777,0.34100421447501233,0.017981199980839777,0.15886622175807588,0.2023301663433261,0.15886622175807588,0.0037344225061555344,0.4566656191816616,0.0037344225061555344,0.8898317235499945,0.09,observed
451,450,0.03540164826071942,0.004029950127958211,0.016119800511832844,1.0,False,False,0.8898317235499945,0.9968454721289058,tr0,inf5,0.5599020155952993,0.008757286614490201,0.38626006319519246,0.0,0.16407742186630758,0.1951460342037649,0.01908390908430646,0.0,0.41859390260104257,0.0,0.8870247245774723,0.0,observed
452,450,0.03540164826071942,0.004029950127958211,0.016119800511832844,1.0,False,False,0.8870247245774723,0.9968454721289058,tr0,inf5,0.5588050403333843,0.008757286614490201,0.38626006319519246,0.0,0.16407742186630758,0.1951460342037649,0.01908390908430646,0.0,0.41859390260104257,0.0,0.884226580361443,0.0,observed
453,450,0.03540164826071942,0.004029950127958211,0.016119800511832844,1.0,False,False,0.884226580361443,0.9968454721289058,tr0,inf5,0.5577084565607239,0.008757286614490201,0.38626006319519246,0.0,0.16407742186630758,0.1951460342037649,0.01908390908430646,0.0,0.41859390260104257,0.0,0.8814372629693306,0.0,observed
454,450,0.03540164826071942,0.004029950127958211,0.016119800511832844,1.0,False,False,0.8814372629693306,0.9968454721289058,tr0,inf5,0.5566122738287534,0.008757286614490201,0.38626006319519246,0.0,0.16407742186630758,0.1951460342037649,0.01908390908430646,0.0,0.41859390260104257,0.0,0.8786567445566729,0.0,observed
455,450,0.03540164826071942,0.004029950127958211,0.016119800511832844,1.0,False,False,0.8786567445566729,0.9968454721289058,tr0,inf5,0.5555165016477657,0.008757286614490201,0.38626006319519246,0.0,0.16407742186630758,0.1951460342037649,0.01908390908430646,0.0,0.41859390260104257,0.0,0.875884997366844,0.0,observed
456,450,0.03540164826071942,0.004029950127958211,0.016119800511832844,1.0,False,False,0.875884997366844,0.9968454721289058,tr0,inf5,0.5544211494868058,0.008757286614490201,0.38626006319519246,0.0,0.16407742186630758,0.1951460342037649,0.01908390908430646,0.0,0.41859390260104257,0.0,0.873121993730777,0.0,observed
457,450,0.03540164826071942,0.004029950127958211,0.016119800511832844,1.0,False,False,0.873121993730777,0.9968454721289058,tr0,inf5,0.5533262267735671,0.008757286614490201,0.38626006319519246,0.0,0.16407742186630758,0.1951460342037649,0.01908390908430646,0.0,0.41859390260104257,0.0,0.870367706066688,0.0,observed
458,450,0.03540164826071942,0.004029950127958211,0.016119800511832844,1.0,False,False,0.870367706066688,0.9968454721289058,tr0,inf5,0.5522317428942914,0.008757286614490201,0.38626006319519246,0.0,0.16407742186630758,0.1951460342037649,0.01908390908430646,0.0,0.41859390260104257,0.0,0.8676221068798003,0.0,observed
459,450,0.03540164826071942,0.004029950127958211,0.016119800511832844,1.0,False,False,0.8676221068798003,0.9968454721289058,tr0,inf5,0.5511377071936707,0.008757286614490201,0.38626006319519246,0.0,0.16407742186630758,0.1951460342037649,0.01908390908430646,0.0,0.41859390260104257,0.0,0.8648851687620706,0.0,observed
460,450,0.03540164826071942,0.004029950127958211,0.016119800511832844,1.0,False,False,0.8648851687620706,0.9968454721289058,tr0,inf5,0.5500441289747512,0.008757286614490201,0.38626006319519246,0.0,0.16407742186630758,0.1951460342037649,0.01908390908430646,0.0,0.41859390260104257,0.0,0.9521568643919146,0.09,observed
461,450,0.03540164826071942,0.004029950127958211,0.016119800511832844,1.0,False,False,0.9521568643919146,0.9968454721289058,tr0,inf5,0.5834820660717485,0.008757286614490201,0.38626006319519246,0.0,0.16407742186630758,0.1951460342037649,0.01908390908430646,0.0,0.41859390260104257,0.0,0.9491532590255367,0.0,observed
462,450,0.03540164826071942,0.004029950127958211,0.016119800511832844,1.0,False,False,0.9491532590255367,0.9968454721289058,tr0,inf5,0.5823790732140864,0.008757286614490201,0.38626006319519246,0.0,0.16407742186630758,0.1951460342037649,0.01908390908430646,0.0,0.41859390260104257,0.0,0.9461591286160008,0.0,observed
463,450,0.03540164826071942,0.004029950127958211,0.016119800511832844,1.0,False,False,0.9461591286160008,0.9968454721289058,tr0,inf5,0.5812762575361885,0.008757286614490201,0.38626006319519246,0.0,0.16407742186630758,0.1951460342037649,0.01908390908430646,0.0,0.41859390260104257,0.0,0.9431744432742915,0.0,observed
464,450,0.03540164826071942,0.004029950127958211,0.016119800511832844,1.0,False,False,0.9431744432742915,0.9968454721289058,tr0,inf5,0.5801736294405015,0.008757286614490201,0.38626006319519246,0.0,0.16407742186630758,0.1951460342037649,0.01908390908430646,0.0,0.41859390260104257,0.0,0.940199173205679,0.0,observed
465,450,0.03540164826071942,0.004029950127958211,0.016119800511832844,1.0,False,False,0.940199173205679,0.9968454721289058,tr0,inf5,0.5790711992912563,0.008757286614490201,0.38626006319519246,0.0,0.16407742186630758,0.1951460342037649,0.01908390908430646,0.0,0.41859390260104257,0.0,0.937233288709422,0.0,observed
466,450,0.03540164826071942,0.004029950127958211,0.016119800511832844,1.0,False,False,0.937233288709422,0.9968454721289058,tr0,inf5,0.5779689774143004,0.008757286614490201,0.38626006319519246,0.0,0.16407742186630758,0.1951460342037649,0.01908390908430646,0.0,0.41859390260104257,0.0,0.9342767601784709,0.0,observed
467,450,0.03540164826071942,0.004029950127958211,0.016119800511832844,1.0,False,False,0.9342767601784709,0.9968454721289058,tr0,inf5,0.576866974096938,0.008757286614490201,0.38626006319519246,0.0,0.16407742186630758,0.1951460342037649,0.01908390908430646,0.0,0.41859390260104257,0.0,0.9313295580991724,0.0,observed
468,450,0.03540164826071942,0.004029950127958211,0.016119800511832844,1.0,False,False,0.9313295580991724,0.9968454721289058,tr0,inf5,0.5757651995877678,0.008757286614490201,0.38626006319519246,0.0,0.16407742186630758,0.1951460342037649,0.01908390908430646,0.0,0.41859390260104257,0.0,0.9283916530509747,0.0,observed
469,450,0.03540164826071942,0.004029950127958211,0.016119800511832844,1.0,False,False,0.9283916530509747,0.9968454721289058,tr0,inf5,0.5746636640965285,0.008757286614490201,0.38626006319519246,0.0,0.16407742186630758,0.1951460342037649,0.01908390908430646,0.0,0.41859390260104257,0.0,0.9254630157061342,0.0,observed
470,450,0.03540164826071942,0.004029950127958211,0.016119800511832844,1.0,False,False,0.9254630157061342,0.9968454721289058,tr0,inf5,0.5735623777939429,0.008757286614490201,0.38626006319519246,0.0,0.16407742186630758,0.1951460342037649,0.01908390908430646,0.0,0.41859390260104257,0.0,1.0125436168294224,0.09,observed
471,450,0.03540164826071942,0.004029950127958211,0.016119800511832844,1.0,False,False,1.0125436168294224,0.9968454721289058,tr0,inf5,0.6049688928623712,0.008757286614490201,0.38626006319519246,0.0,0.16407742186630758,0.1951460342037649,0.01908390908430646,0.0,0.41859390260104257,0.0,1.0093495197694355,0.0,observed
472,450,0.03540164826071942,0.004029950127958211,0.016119800511832844,1.0,False,False,1.0093495197694355,0.9968454721289058,tr0,inf5,0.603864576033737,0.008757286614490201,0.38626006319519246,0.0,0.16407742186630758,0.1951460342037649,0.01908390908430646,0.0,0.41859390260104257,0.0,1.0061654985776474,0.0,observed
473,450,0.03540164826071942,0.004029950127958211,0.016119800511832844,1.0,False,False,1.0061654985776474,0.9968454721289058,tr0,inf5,0.6027602265802686,0.008757286614490201,0.38626006319519246,0.0,0.16407742186630758,0.1951460342037649,0.01908390908430646,0.0,0.41859390260104257,0.0,1.002991521469451,0.0,observed
474,450,0.03540164826071942,0.004029950127958211,0.016119800511832844,1.0,False,False,1.002991521469451,0.9968454721289058,tr0,inf5,0.6016558556109847,0.008757286614490201,0.38626006319519246,0.0,0.16407742186630758,0.1951460342037649,0.01908390908430646,0.0,0.41859390260104257,0.0,0.9998275567605044,0.0,observed
475,450,0.03540164826071942,0.004029950127958211,0.016119800511832844,1.0,False,False,0.9998275567605044,0.9968454721289058,tr0,inf5,0.6005514742005066,0.008757286614490201,0.38626006319519246,0.0,0.16407742186630758,0.1951460342037649,0.01908390908430646,0.0,0.41859390260104257,0.0,0.9966735728664154,0.0,observed
476,450,0.03540164826071942,0.004029950127958211,0.016119800511832844,1.0,False,False,0.9966735728664154,0.9968454721289058,tr0,inf5,0.5994470933888332,0.008757286614490201,0.38626006319519246,0.0,0.16407742186630758,0.1951460342037649,0.01908390908430646,0.0,0.41859390260104257,0.0,0.9935295383024253,0.0,observed
477,450,0.03540164826071942,0.004029950127958211,0.016119800511832844,1.0,False,False,0.9935295383024253,0.9968454721289058,tr0,inf5,0.59834272418112,0.008757286614490201,0.38626006319519246,0.0,0.16407742186630758,0.1951460342037649,0.01908390908430646,0.0,0.41859390260104257,0.0,0.990395421683095,0.0,observed
478,450,0.03540164826071942,0.004029950127958211,0.016119800511832844,1.0,False,False,0.990395421683095,0.9968454721289058,tr0,inf5,0.5972383775474605,0.008757286614490201,0.38626006319519246,0.0,0.16407742186630758,0.1951460342037649,0.01908390908430646,0.0,0.41859390260104257,0.0,0.9872711917219916,0.0,observed
479,450,0.03540164826071942,0.004029950127958211,0.016119800511832844,1.0,False,False,0.9872711917219916,0.9968454721289058,tr0,inf5,0.5961340644226707,0.008757286614490201,0.38626006319519246,0.0,0.16407742186630758,0.1951460342037649,0.01908390908430646,0.0,0.41859390260104257,0.0,0.9841568172313763,0.0,observed
480,450,0.03540164826071942,0.004029950127958211,0.016119800511832844,1.0,False,False,0.9841568172313763,0.9968454721289058,tr0,inf5,0.5950297957060774,0.008757286614490201,0.38626006319519246,0.0,0.16407742186630758,0.1951460342037649,0.01908390908430646,0.0,0.41859390260104257,0.0,1.0710522671218925,0.09,observed
481,450,0.03540164826071942,0.004029950127958211,0.016119800511832844,1.0,False,False,1.0710522671218925,0.9968454721289058,tr0,inf5,0.6245857233521683,0.008757286614490201,0.38626006319519246,0.0,0.16407742186630758,0.1951460342037649,0.01908390908430646,0.0,0.41859390260104257,0.0,1.0676736028938578,0.0,observed
482,450,0.03540164826071942,0.004029950127958211,0.016119800511832844,1.0,False,False,1.0676736028938578,0.9968454721289058,tr0,inf5,0.6234838777786343,0.008757286614490201,0.38626006319519246,0.0,0.16407742186630758,0.1951460342037649,0.01908390908430646,0.0,0.41859390260104257,0.0,1.0643055967562975,0.0,observed
483,450,0.03540164826071942,0.004029950127958211,0.016119800511832844,1.0,False,False,1.0643055967562975,0.9968454721289058,tr0,inf5,0.6223817965851594,0.008757286614490201,0.38626006319519246,0.0,0.16407742186630758,0.1951460342037649,0.01908390908430646,0.0,0.41859390260104257,0.0,1.0609482150879683,0.0,observed
484,450,0.03540164826071942,0.004029950127958211,0.016119800511832844,1.0,False,False,1.0609482150879683,0.9968454721289058,tr0,inf5,0.6212794914513373,0.008757286614490201,0.38626006319519246,0.0,0.16407742186630758,0.1951460342037649,0.01908390908430646,0.0,0.41859390260104257,0.0,1.0576014243736858,0.0,observed
485,450,0.03540164826071942,0.004029950127958211,0.016119800511832844,1.0,False,False,1.0576014243736858,0.9968454721289058,tr0,inf5,0.6201769740268922,0.008757286614490201,0.38626006319519246,0.0,0.16407742186630758,0.1951460342037649,0.01908390908430646,0.0,0.41859390260104257,0.0,1.05426519120399,0.0,observed
486,450,0.03540164826071942,0.004029950127958211,0.016119800511832844,1.0,False,False,1.05426519120399,0.9968454721289058,tr0,inf5,0.6190742559313965,0.008757286614490201,0.38626006319519246,0.0,0.16407742186630758,0.1951460342037649,0.01908390908430646,0.0,0.41859390260104257,0.0,1.0509394822748126,0.0,observed
487,450,0.03540164826071942,0.004029950127958211,0.016119800511832844,1.0,False,False,1.0509394822748126,0.9968454721289058,tr0,inf5,0.6179713487539928,0.008757286614490201,0.38626006319519246,0.0,0.16407742186630758,0.1951460342037649,0.01908390908430646,0.0,0.41859390260104257,0.0,1.0476242643871434,0.0,observed
488,450,0.03540164826071942,0.004029950127958211,0.016119800511832844,1.0,False,False,1.0476242643871434,0.9968454721289058,tr0,inf5,0.6168682640531179,0.008757286614490201,0.38626006319519246,0.0,0.16407742186630758,0.1951460342037649,0.01908390908430646,0.0,0.41859390260104257,0.0,1.0443195044466997,0.0,observed
489,450,0.03540164826071942,0.004029950127958211,0.016119800511832844,1.0,False,False,1.0443195044466997,0.9968454721289058,tr0,inf5,0.6157650133562315,0.008757286614490201,0.38626006319519246,0.0,0.16407742186630758,0.1951460342037649,0.01908390908430646,0.0,0.41859390260104257,0.0,1.0410251694635955,0.0,observed
490,450,0.03540164826071942,0.004029950127958211,0.016119800511832844,1.0,False,False,1.0410251694635955,0.9968454721289058,tr0,inf5,0.6146616081595465,0.008757286614490201,0.38626006319519246,0.0,0.16407742186630758,0.1951460342037649,0.01908390908430646,0.0,0.41859390260104257,0.0,1.1277412265520121,0.09,observed
491,450,0.03540164826071942,0.004029950127958211,0.016119800511832844,1.0,False,False,1.1277412265520121,0.9968454721289058,tr0,inf5,0.6425284569356831,0.008757286614490201,0.38626006319519246,0.0,0.16407742186630758,0.1951460342037649,0.01908390908430646,0.0,0.41859390260104257,0.0,1.1241837354214719,0.0,observed
492,450,0.03540164826071942,0.004029950127958211,0.016119800511832844,1.0,False,False,1.1241837354214719,0.9968454721289058,tr0,inf5,0.641432133556577,0.008757286614490201,0.38626006319519246,0.0,0.16407742186630758,0.1951460342037649,0.01908390908430646,0.0,0.41859390260104257,0.0,1.120637466495854,0.0,observed
493,450,0.03540164826071942,0.004029950127958211,0.016119800511832844,1.0,False,False,1.120637466495854,0.9968454721289058,tr0,inf5,0.6403353799365342,0.008757286614490201,0.38626006319519246,0.0,0.16407742186630758,0.1951460342037649,0.01908390908430646,0.0,0.41859390260104257,0.0,1.1171023843744006,0.0,observed
494,450,0.03540164826071942,0.004029950127958211,0.016119800511832844,1.0,False,False,1.1171023843744006,0.9968454721289058,tr0,inf5,0.6392382082000231,0.008757286614490201,0.38626006319519246,0.0,0.16407742186630758,0.1951460342037649,0.01908390908430646,0.0,0.41859390260104257,0.0,1.1135784537680258,0.0,observed
495,450,0.03540164826071942,0.004029950127958211,0.016119800511832844,1.0,False,False,1.1135784537680258,0.9968454721289058,tr0,inf5,0.6381406304467108,0.008757286614490201,0.38626006319519246,0.0,0.16407742186630758,0.1951460342037649,0.01908390908430646,0.0,0.41859390260104257,0.0,1.1100656394989645,0.0,observed
496,450,0.03540164826071942,0.004029950127958211,0.016119800511832844,1.0,False,False,1.1100656394989645,0.9968454721289058,tr0,inf5,0.6370426587511293,0.008757286614490201,0.38626006319519246,0.0,0.16407742186630758,0.1951460342037649,0.01908390908430646,0.0,0.41859390260104257,0.0,1.1065639065004211,0.0,observed
497,450,0.03540164826071942,0.004029950127958211,0.016119800511832844,1.0,False,False,1.1065639065004211,0.9968454721289058,tr0,inf5,0.6359443051623411,0.008757286614490201,0.38626006319519246,0.0,0.16407742186630758,0.1951460342037649,0.01908390908430646,0.0,0.41859390260104257,0.0,1.1030732198162188,0.0,observed
498,450,0.03540164826071942,0.004029950127958211,0.016119800511832844,1.0,False,False,1.1030732198162188,0.9968454721289058,tr0,inf5,0.6348455817036104,0.008757286614490201,0.38626006319519246,0.0,0.16407742186630758,0.1951460342037649,0.01908390908430646,0.0,0.41859390260104257,0.0,1.099593544600451,0.0,observed
499,450,0.03540164826071942,0.004029950127958211,0.016119800511832844,1.0,False,False,1.099593544600451,0.9968454721289058,tr0,inf5,0.6337465003720768,0.008757286614490201,0.38626006319519246,0.0,0.16407742186630758,0.1951460342037649,0.01908390908430646,0.0,0.41859390260104257,0.0,1.0961248461171336,0.0,observed
500,450,0.03540164826071942,0.004029950127958211,0.016119800511832844,1.0,False,False,1.0961248461171336,0.9968454721289058,tr0,inf5,0.6326470731384328,0.008757286614490201,0.38626006319519246,0.0,0.16407742186630758,0.1951460342037649,0.01908390908430646,0.0,0.41859390260104257,0.0,1.1826670897398583,0.09,observed
501,500,0.04990960563772474,0.007052368110325247,0.028209472441300988,1.0,False,False,1.1826670897398583,0.9954430421001561,tr0,inf5,0.6556317714301051,0.018256572625947837,0.33762172642541244,0.005533632680680647,0.21558204078042795,0.2029194542865319,0.06017333376028741,0.0,0.45945881928805565,0.0,1.177277725602383,0.0,observed
502,500,0.04990960563772474,0.007052368110325247,0.028209472441300988,1.0,False,False,1.177277725602383,0.9954430421001561,tr0,inf5,0.6540662060571373,0.018256572625947837,0.33762172642541244,0.005533632680680647,0.21558204078042795,0.2029194542865319,0.06017333376028741,0.0,0.45945881928805565,0.0,1.1719129205703889,0.0,observed
503,500,0.04990960563772474,0.007052368110325247,0.028209472441300988,1.0,False,False,1.1719129205703889,0.9954430421001561,tr0,inf5,0.6524993725308272,0.018256572625947837,0.33762172642541244,0.005533632680680647,0.21558204078042795,0.2029194542865319,0.06017333376028741,0.0,0.45945881928805565,0.0,1.1665725627290664,0.0,observed
504,500,0.04990960563772474,0.007052368110325247,0.028209472441300988,1.0,False,False,1.1665725627290664,0.9954430421001561,tr0,inf5,0.6509313082467594,0.018256572625947837,0.33762172642541244,0.005533632680680647,0.21558204078042795,0.2029194542865319,0.06017333376028741,0.0,0.45945881928805565,0.0,1.161256540673597,0.0,observed
505,500,0.04990960563772474,0.007052368110325247,0.028209472441300988,1.0,False,False,1.161256540673597,0.9954430421001561,tr0,inf5,0.6493620505150082,0.018256572625947837,0.33762172642541244,0.005533632680680647,0.21558204078042795,0.2029194542865319,0.06017333376028741,0.0,0.45945881928805565,0.0,1.1559647435068292,0.0,observed
506,500,0.04990960563772474,0.007052368110325247,0.028209472441300988,1.0,False,False,1.1559647435068292,0.9954430421001561,tr0,inf5,0.6477916365577345,0.018256572625947837,0.33762172642541244,0.005533632680680647,0.21558204078042795,0.2029194542865319,0.06017333376028741,0.0,0.45945881928805565,0.0,1.1506970608369647,0.0,observed
507,500,0.04990960563772474,0.007052368110325247,0.028209472441300988,1.0,False,False,1.1506970608369647,0.9954430421001561,tr0,inf5,0.6462201035068111,0.018256572625947837,0.33762172642541244,0.005533632680680647,0.21558204078042795,0.2029194542865319,0.06017333376028741,0.0,0.45945881928805565,0.0,1.1454533827752564,0.0,observed
508,500,0.04990960563772474,0.007052368110325247,0.028209472441300988,1.0,False,False,1.1454533827752564,0.9954430421001561,tr0,inf5,0.6446474884014791,0.018256572625947837,0.33762172642541244,0.005533632680680647,0.21558204078042795,0.2029194542865319,0.06017333376028741,0.0,0.45945881928805565,0.0,1.1402335999337159,0.0,observed
509,500,0.04990960563772474,0.007052368110325247,0.028209472441300988,1.0,False,False,1.1402335999337159,0.9954430421001561,tr0,inf5,0.6430738281860349,0.018256572625947837,0.33762172642541244,0.005533632680680647,0.21558204078042795,0.2029194542865319,0.06017333376028741,0.0,0.45945881928805565,0.0,1.1350376034228304,0.0,observed
510,500,0.04990960563772474,0.007052368110325247,0.028209472441300988,1.0,False,False,1.1350376034228304,0.9954430421001561,tr0,inf5,0.6414991597075473,0.018256572625947837,0.33762172642541244,0.005533632680680647,0.21558204078042795,0.2029194542865319,0.06017333376028741,0.0,0.45945881928805565,0.0,1.219865284849293,0.09,observed
511,500,0.04990960563772474,0.007052368110325247,0.028209472441300988,1.0,False,False,1.219865284849293,0.9954430421001561,tr0,inf5,0.6662104711355916,0.018256572625947837,0.33762172642541244,0.005533632680680647,0.21558204078042795,0.2029194542865319,0.06017333376028741,0.0,0.45945881928805565,0.0,1.2143064101027536,0.0,observed
512,500,0.04990960563772474,0.007052368110325247,0.028209472441300988,1.0,False,False,1.2143064101027536,0.9954430421001561,tr0,inf5,0.6646544967656766,0.018256572625947837,0.33762172642541244,0.005533632680680647,0.21558204078042795,0.2029194542865319,0.06017333376028741,0.0,0.45945881928805565,0.0,1.2087728669144049,0.0,observed
513,500,0.04990960563772474,0.007052368110325247,0.028209472441300988,1.0,False,False,1.2087728669144049,0.9954430421001561,tr0,inf5,0.6630969986238665,0.018256572625947837,0.33762172642541244,0.005533632680680647,0.21558204078042795,0.2029194542865319,0.06017333376028741,0.0,0.45945881928805565,0.0,1.2032645398494024,0.0,observed
514,500,0.04990960563772474,0.007052368110325247,0.028209472441300988,1.0,False,False,1.2032645398494024,0.9954430421001561,tr0,inf5,0.6615380146197709,0.018256572625947837,0.33762172642541244,0.005533632680680647,0.21558204078042795,0.2029194542865319,0.06017333376028741,0.0,0.45945881928805565,0.0,1.1977813139989337,0.0,observed
515,500,0.04990960563772474,0.007052368110325247,0.028209472441300988,1.0,False,False,1.1977813139989337,0.9954430421001561,tr0,inf5,0.6599775825945905,0.018256572625947837,0.33762172642541244,0.005533632680680647,0.21558204078042795,0.2029194542865319,0.06017333376028741,0.0,0.45945881928805565,0.0,1.1923230749778209,0.0,observed
516,500,0.04990960563772474,0.007052368110325247,0.028209472441300988,1.0,False,False,1.1923230749778209,0.9954430421001561,tr0,inf5,0.658415740318508,0.018256572625947837,0.33762172642541244,0.005533632680680647,0.21558204078042795,0.2029194542865319,0.06017333376028741,0.0,0.45945881928805565,0.0,1.1868897089221344,0.0,observed
517,500,0.04990960563772474,0.007052368110325247,0.028209472441300988,1.0,False,False,1.1868897089221344,0.9954430421001561,tr0,inf5,0.6568525254881088,0.018256572625947837,0.33762172642541244,0.005533632680680647,0.21558204078042795,0.2029194542865319,0.06017333376028741,0.0,0.45945881928805565,0.0,1.1814811024868184,0.0,observed
518,500,0.04990960563772474,0.007052368110325247,0.028209472441300988,1.0,False,False,1.1814811024868184,0.9954430421001561,tr0,inf5,0.655287975723832,0.018256572625947837,0.33762172642541244,0.005533632680680647,0.21558204078042795,0.2029194542865319,0.06017333376028741,0.0,0.45945881928805565,0.0,1.176097142843325,0.0,observed
519,500,0.04990960563772474,0.007052368110325247,0.028209472441300988,1.0,False,False,1.176097142843325,0.9954430421001561,tr0,inf5,0.6537221285674519,0.018256572625947837,0.33762172642541244,0.005533632680680647,0.21558204078042795,0.2029194542865319,0.06017333376028741,0.0,0.45945881928805565,0.0,1.170737717677261,0.0,observed
520,500,0.04990960563772474,0.007052368110325247,0.028209472441300988,1.0,False,False,1.170737717677261,0.9954430421001561,tr0,inf5,0.6521550214795886,0.018256572625947837,0.33762172642541244,0.005533632680680647,0.21558204078042795,0.2029194542865319,0.06017333376028741,0.0,0.45945881928805565,0.0,1.2554027151860465,0.09,observed
521,500,0.04990960563772474,0.007052368110325247,0.028209472441300988,1.0,False,False,1.2554027151860465,0.9954430421001561,tr0,inf5,0.6759558766733053,0.018256572625947837,0.33762172642541244,0.005533632680680647,0.21558204078042795,0.2029194542865319,0.06017333376028741,0.0,0.45945881928805565,0.0,1.249681897865594,0.0,observed
522,500,0.04990960563772474,0.007052368110325247,0.028209472441300988,1.0,False,False,1.249681897865594,0.9954430421001561,tr0,inf5,0.674410354931637,0.018256572625947837,0.33762172642541244,0.005533632680680647,0.21558204078042795,0.2029194542865319,0.06017333376028741,0.0,0.45945881928805565,0.0,1.2439871500688233,0.0,observed
523,500,0.04990960563772474,0.007052368110325247,0.028209472441300988,1.0,False,False,1.2439871500688233,0.9954430421001561,tr0,inf5,0.6728630696752049,0.018256572625947837,0.33762172642541244,0.005533632680680647,0.21558204078042795,0.2029194542865319,0.06017333376028741,0.0,0.45945881928805565,0.0,1.2383183529980129,0.0,observed
524,500,0.04990960563772474,0.007052368110325247,0.028209472441300988,1.0,False,False,1.2383183529980129,0.9954430421001561,tr0,inf5,0.6713140591820594,0.018256572625947837,0.33762172642541244,0.005533632680680647,0.21558204078042795,0.2029194542865319,0.06017333376028741,0.0,0.45945881928805565,0.0,1.232675388396797,0.0,observed
525,500,0.04990960563772474,0.007052368110325247,0.028209472441300988,1.0,False,False,1.232675388396797,0.9954430421001561,tr0,inf5,0.6697633616789291,0.018256572625947837,0.33762172642541244,0.005533632680680647,0.21558204078042795,0.2029194542865319,0.06017333376028741,0.0,0.45945881928805565,0.0,1.227058138547699,0.0,observed
526,500,0.04990960563772474,0.007052368110325247,0.028209472441300988,1.0,False,False,1.227058138547699,0.9954430421001561,tr0,inf5,0.6682110153384242,0.018256572625947837,0.33762172642541244,0.005533632680680647,0.21558204078042795,0.2029194542865319,0.06017333376028741,0.0,0.45945881928805565,0.0,1.2214664862696765,0.0,observed
527,500,0.04990960563772474,0.007052368110325247,0.028209472441300988,1.0,False,False,1.2214664862696765,0.9954430421001561,tr0,inf5,0.666657058276271,0.018256572625947837,0.33762172642541244,0.005533632680680647,0.21558204078042795,0.2029194542865319,0.06017333376028741,0.0,0.45945881928805565,0.0,1.2159003149156753,0.0,observed
528,500,0.04990960563772474,0.007052368110325247,0.028209472441300988,1.0,False,False,1.2159003149156753,0.9954430421001561,tr0,inf5,0.6651015285485742,0.018256572625947837,0.33762172642541244,0.005533632680680647,0.21558204078042795,0.2029194542865319,0.06017333376028741,0.0,0.45945881928805565,0.0,1.2103595083701977,0.0,observed
529,500,0.04990960563772474,0.007052368110325247,0.028209472441300988,1.0,False,False,1.2103595083701977,0.9954430421001561,tr0,inf5,0.6635444641491103,0.018256572625947837,0.33762172642541244,0.005533632680680647,0.21558204078042795,0.2029194542865319,0.06017333376028741,0.0,0.45945881928805565,0.0,1.204843951046879,0.0,observed
530,500,0.04990960563772474,0.007052368110325247,0.028209472441300988,1.0,False,False,1.204843951046879,0.9954430421001561,tr0,inf5,0.6619859030066491,0.018256572625947837,0.33762172642541244,0.005533632680680647,0.21558204078042795,0.2029194542865319,0.06017333376028741,0.0,0.45945881928805565,0.0,1.2893535278860768,0.09,observed
531,500,0.04990960563772474,0.007052368110325247,0.028209472441300988,1.0,False,False,1.2893535278860768,0.9954430421001561,tr0,inf5,0.6849482202986169,0.018256572625947837,0.33762172642541244,0.005533632680680647,0.21558204078042795,0.2029194542865319,0.06017333376028741,0.0,0.45945881928805565,0.0,1.2834779981414848,0.0,observed
532,500,0.04990960563772474,0.007052368110325247,0.028209472441300988,1.0,False,False,1.2834779981414848,0.9954430421001561,tr0,inf5,0.6834137692249298,0.018256572625947837,0.33762172642541244,0.005533632680680647,0.21558204078042795,0.2029194542865319,0.06017333376028741,0.0,0.45945881928805565,0.0,1.277629242938578,0.0,observed
533,500,0.04990960563772474,0.007052368110325247,0.028209472441300988,1.0,False,False,1.277629242938578,0.9954430421001561,tr0,inf5,0.6818773301233829,0.018256572625947837,0.33762172642541244,0.005533632680680647,0.21558204078042795,0.2029194542865319,0.06017333376028741,0.0,0.45945881928805565,0.0,1.2718071402668976,0.0,observed
534,500,0.04990960563772474,0.007052368110325247,0.028209472441300988,1.0,False,False,1.2718071402668976,0.9954430421001561,tr0,inf5,0.6803389415144625,0.018256572625947837,0.33762172642541244,0.005533632680680647,0.21558204078042795,0.2029194542865319,0.06017333376028741,0.0,0.45945881928805565,0.0,1.2660115686719804,0.0,observed
535,500,0.04990960563772474,0.007052368110325247,0.028209472441300988,1.0,False,False,1.2660115686719804,0.9954430421001561,tr0,inf5,0.6787986418842491,0.018256572625947837,0.33762172642541244,0.005533632680680647,0.21558204078042795,0.2029194542865319,0.06017333376028741,0.0,0.45945881928805565,0.0,1.2602424072528269,0.0,observed
536,500,0.04990960563772474,0.007052368110325247,0.028209472441300988,1.0,False,False,1.2602424072528269,0.9954430421001561,tr0,inf5,0.6772564696814529,0.018256572625947837,0.33762172642541244,0.005533632680680647,0.21558204078042795,0.2029194542865319,0.06017333376028741,0.0,0.45945881928805565,0.0,1.2544995356593778,0.0,observed
537,500,0.04990960563772474,0.007052368110325247,0.028209472441300988,1.0,False,False,1.2544995356593778,0.9954430421001561,tr0,inf5,0.6757124633144769,0.018256572625947837,0.33762172642541244,0.005533632680680647,0.21558204078042795,0.2029194542865319,0.06017333376028741,0.0,0.45945881928805565,0.0,1.2487828340900042,0.0,observed
538,500,0.04990960563772474,0.007052368110325247,0.028209472441300988,1.0,False,False,1.2487828340900042,0.9954430421001561,tr0,inf5,0.6741666611485089,0.018256572625947837,0.33762172642541244,0.005533632680680647,0.21558204078042795,0.2029194542865319,0.06017333376028741,0.0,0.45945881928805565,0.0,1.2430921832890083,0.0,observed
539,500,0.04990960563772474,0.007052368110325247,0.028209472441300988,1.0,False,False,1.2430921832890083,0.9954430421001561,tr0,inf5,0.6726191015026428,0.018256572625947837,0.33762172642541244,0.005533632680680647,0.21558204078042795,0.2029194542865319,0.06017333376028741,0.0,0.45945881928805565,0.0,1.2374274645441352,0.0,observed
540,500,0.04990960563772474,0.007052368110325247,0.028209472441300988,1.0,False,False,1.2374274645441352,0.9954430421001561,tr0,inf5,0.6710698226470289,0.018256572625947837,0.33762172642541244,0.005533632680680647,0.21558204078042795,0.2029194542865319,0.06017333376028741,0.0,0.45945881928805565,0.0,1.321788559684097,0.09,observed
541,500,0.04990960563772474,0.007052368110325247,0.028209472441300988,1.0,False,False,1.321788559684097,0.9954430421001561,tr0,inf5,0.6932585781210968,0.018256572625947837,0.33762172642541244,0.005533632680680647,0.21558204078042795,0.2029194542865319,0.06017333376028741,0.0,0.45945881928805565,0.0,1.3157652248651213,0.0,observed
542,500,0.04990960563772474,0.007052368110325247,0.028209472441300988,1.0,False,False,1.3157652248651213,0.9954430421001561,tr0,inf5,0.6917356170822947,0.018256572625947837,0.33762172642541244,0.005533632680680647,0.21558204078042795,0.2029194542865319,0.06017333376028741,0.0,0.45945881928805565,0.0,1.3097693381293323,0.0,observed
543,500,0.04990960563772474,0.007052368110325247,0.028209472441300988,1.0,False,False,1.3097693381293323,0.9954430421001561,tr0,inf5,0.6902104580070474,0.018256572625947837,0.33762172642541244,0.005533632680680647,0.21558204078042795,0.2029194542865319,0.06017333376028741,0.0,0.45945881928805565,0.0,1.3038007743969704,0.0,observed
544,500,0.04990960563772474,0.007052368110325247,0.028209472441300988,1.0,False,False,1.3038007743969704,0.9954430421001561,tr0,inf5,0.6886831395498331,0.018256572625947837,0.33762172642541244,0.005533632680680647,0.21558204078042795,0.2029194542865319,0.06017333376028741,0.0,0.45945881928805565,0.0,1.2978594091582596,0.0,observed
545,500,0.04990960563772474,0.007052368110325247,0.028209472441300988,1.0,False,False,1.2978594091582596,0.9954430421001561,tr0,inf5,0.6871537003473479,0.018256572625947837,0.33762172642541244,0.005533632680680647,0.21558204078042795,0.2029194542865319,0.06017333376028741,0.0,0.45945881928805565,0.0,1.291945118470809,0.0,observed
546,500,0.04990960563772474,0.007052368110325247,0.028209472441300988,1.0,False,False,1.291945118470809,0.9954430421001561,tr0,inf5,0.6856221790153877,0.018256572625947837,0.33762172642541244,0.005533632680680647,0.21558204078042795,0.2029194542865319,0.06017333376028741,0.0,0.45945881928805565,0.0,1.2860577789570287,0.0,observed
547,500,0.04990960563772474,0.007052368110325247,0.028209472441300988,1.0,False,False,1.2860577789570287,0.9954430421001561,tr0,inf5,0.684088614145758,0.018256572625947837,0.33762172642541244,0.005533632680680647,0.21558204078042795,0.2029194542865319,0.06017333376028741,0.0,0.45945881928805565,0.0,1.2801972678015547,0.0,observed
548,500,0.04990960563772474,0.007052368110325247,0.028209472441300988,1.0,False,False,1.2801972678015547,0.9954430421001561,tr0,inf5,0.6825530443032118,0.018256572625947837,0.33762172642541244,0.005533632680680647,0.21558204078042795,0.2029194542865319,0.06017333376028741,0.0,0.45945881928805565,0.0,1.274363462748688,0.0,observed
549,500,0.04990960563772474,0.007052368110325247,0.028209472441300988,1.0,False,False,1.274363462748688,0.9954430421001561,tr0,inf5,0.6810155080224157,0.018256572625947837,0.33762172642541244,0.005533632680680647,0.21558204078042795,0.2029194542865319,0.06017333376028741,0.0,0.45945881928805565,0.0,1.2685562420998429,0.0,observed
550,500,0.04990960563772474,0.007052368110325247,0.028209472441300988,1.0,False,False,1.2685562420998429,0.9954430421001561,tr0,inf5,0.6794760438049432,0.018256572625947837,0.33762172642541244,0.005533632680680647,0.21558204078042795,0.2029194542865319,0.06017333376028741,0.0,0.45945881928805565,0.0,1.3527754847110098,0.09,observed
551,550,0.03871437129959001,0.004756796573517328,0.019027186294069312,1.0,False,False,1.3527754847110098,0.9965223065701514,tr0,inf5,0.7037020082312089,0.0019762715800738084,0.38964892171589266,0.0,0.1804547507789974,0.19118656875569115,0.008826060489923404,0.008215854429496074,0.4191645095284162,0.009699817131164004,1.34807094629577,0.0,observed
552,550,0.03871437129959001,0.004756796573517328,0.019027186294069312,1.0,False,False,1.34807094629577,0.9965223065701514,tr0,inf5,0.7025450266698503,0.0019762715800738084,0.38964892171589266,0.0,0.1804547507789974,0.19118656875569115,0.008826060489923404,0.008215854429496074,0.4191645095284162,0.009699817131164004,1.3433827688228674,0.0,observed
553,550,0.03871437129959001,0.004756796573517328,0.019027186294069312,1.0,False,False,1.3433827688228674,0.9965223065701514,tr0,inf5,0.7013866413053103,0.0019762715800738084,0.38964892171589266,0.0,0.1804547507789974,0.19118656875569115,0.008826060489923404,0.008215854429496074,0.4191645095284162,0.009699817131164004,1.3387108953939604,0.0,observed
554,550,0.03871437129959001,0.004756796573517328,0.019027186294069312,1.0,False,False,1.3387108953939604,0.9965223065701514,tr0,inf5,0.700226869376379,0.0019762715800738084,0.38964892171589266,0.0,0.1804547507789974,0.19118656875569115,0.008826060489923404,0.008215854429496074,0.4191645095284162,0.009699817131164004,1.334055269308582,0.0,observed
555,550,0.03871437129959001,0.004756796573517328,0.019027186294069312,1.0,False,False,1.334055269308582,0.9965223065701514,tr0,inf5,0.6990657281218485,0.0019762715800738084,0.38964892171589266,0.0,0.1804547507789974,0.19118656875569115,0.008826060489923404,0.008215854429496074,0.4191645095284162,0.009699817131164004,1.3294158340634528,0.0,observed
556,550,0.03871437129959001,0.004756796573517328,0.019027186294069312,1.0,False,False,1.3294158340634528,0.9965223065701514,tr0,inf5,0.6979032347796645,0.0019762715800738084,0.38964892171589266,0.0,0.1804547507789974,0.19118656875569115,0.008826060489923404,0.008215854429496074,0.4191645095284162,0.009699817131164004,1.3247925333517936,0.0,observed
557,550,0.03871437129959001,0.004756796573517328,0.019027186294069312,1.0,False,False,1.3247925333517936,0.9965223065701514,tr0,inf5,0.6967394065860844,0.0019762715800738084,0.38964892171589266,0.0,0.1804547507789974,0.19118656875569115,0.008826060489923404,0.008215854429496074,0.4191645095284162,0.009699817131164004,1.3201853110626436,0.0,observed
558,550,0.03871437129959001,0.004756796573517328,0.019027186294069312,1.0,False,False,1.3201853110626436,0.9965223065701514,tr0,inf5,0.6955742607748397,0.0019762715800738084,0.38964892171589266,0.0,0.1804547507789974,0.19118656875569115,0.008826060489923404,0.008215854429496074,0.4191645095284162,0.009699817131164004,1.3155941112801783,0.0,observed
559,550,0.03871437129959001,0.004756796573517328,0.019027186294069312,1.0,False,False,1.3155941112801783,0.9965223065701514,tr0,inf5,0.6944078145763055,0.0019762715800738084,0.38964892171589266,0.0,0.1804547507789974,0.19118656875569115,0.008826060489923404,0.008215854429496074,0.4191645095284162,0.009699817131164004,1.3110188782830317,0.0,observed
560,550,0.03871437129959001,0.004756796573517328,0.019027186294069312,1.0,False,False,1.3110188782830317,0.9965223065701514,tr0,inf5,0.693240085216672,0.0019762715800738084,0.38964892171589266,0.0,0.1804547507789974,0.19118656875569115,0.008826060489923404,0.008215854429496074,0.4191645095284162,0.009699817131164004,1.3964595565436193,0.09,observed
561,550,0.03871437129959001,0.004756796573517328,0.019027186294069312,1.0,False,False,1.3964595565436193,0.9965223065701514,tr0,inf5,0.714189199978422,0.0019762715800738084,0.38964892171589266,0.0,0.1804547507789974,0.19118656875569115,0.008826060489923404,0.008215854429496074,0.4191645095284162,0.009699817131164004,1.3916030983187784,0.0,observed
562,550,0.03871437129959001,0.004756796573517328,0.019027186294069312,1.0,False,False,1.3916030983187784,0.9965223065701514,tr0,inf5,0.7130458206405226,0.0019762715800738084,0.38964892171589266,0.0,0.1804547507789974,0.19118656875569115,0.008826060489923404,0.008215854429496074,0.4191645095284162,0.009699817131164004,1.3867635293667981,0.0,observed
563,550,0.03871437129959001,0.004756796573517328,0.019027186294069312,1.0,False,False,1.3867635293667981,0.9965223065701514,tr0,inf5,0.7119008803804535,0.0019762715800738084,0.38964892171589266,0.0,0.1804547507789974,0.19118656875569115,0.008826060489923404,0.008215854429496074,0.4191645095284162,0.009699817131164004,1.3819407909519656,0.0,observed
564,550,0.03871437129959001,0.004756796573517328,0.019027186294069312,1.0,False,False,1.3819407909519656,0.9965223065701514,tr0,inf5,0.7107543963969902,0.0019762715800738084,0.38964892171589266,0.0,0.1804547507789974,0.19118656875569115,0.008826060489923404,0.008215854429496074,0.4191645095284162,0.009699817131164004,1.3771348245428323,0.0,observed
565,550,0.03871437129959001,0.004756796573517328,0.019027186294069312,1.0,False,False,1.3771348245428323,0.9965223065701514,tr0,inf5,0.7096063858968737,0.0019762715800738084,0.38964892171589266,0.0,0.1804547507789974,0.19118656875569115,0.008826060489923404,0.008215854429496074,0.4191645095284162,0.009699817131164004,1.372345571811504,0.0,observed
566,550,0.03871437129959001,0.004756796573517328,0.019027186294069312,1.0,False,False,1.372345571811504,0.9965223065701514,tr0,inf5,0.7084568660939182,0.0019762715800738084,0.38964892171589266,0.0,0.1804547507789974,0.19118656875569115,0.008826060489923404,0.008215854429496074,0.4191645095284162,0.009699817131164004,1.3675729746329335,0.0,observed
567,550,0.03871437129959001,0.004756796573517328,0.019027186294069312,1.0,False,False,1.3675729746329335,0.9965223065701514,tr0,inf5,0.7073058542081231,0.0019762715800738084,0.38964892171589266,0.0,0.1804547507789974,0.19118656875569115,0.008826060489923404,0.008215854429496074,0.4191645095284162,0.009699817131164004,1.362816975084214,0.0,observed
568,550,0.03871437129959001,0.004756796573517328,0.019027186294069312,1.0,False,False,1.362816975084214,0.9965223065701514,tr0,inf5,0.7061533674647891,0.0019762715800738084,0.38964892171589266,0.0,0.1804547507789974,0.19118656875569115,0.008826060489923404,0.008215854429496074,0.4191645095284162,0.009699817131164004,1.3580775154438776,0.0,observed
569,550,0.03871437129959001,0.004756796573517328,0.019027186294069312,1.0,False,False,1.3580775154438776,0.9965223065701514,tr0,inf5,0.70499942309364,0.0019762715800738084,0.38964892171589266,0.0,0.1804547507789974,0.19118656875569115,0.008826060489923404,0.008215854429496074,0.4191645095284162,0.009699817131164004,1.3533545381911933,0.0,observed
570,550,0.03871437129959001,0.004756796573517328,0.019027186294069312,1.0,False,False,1.3533545381911933,0.9965223065701514,tr0,inf5,0.7038440383279495,0.0019762715800738084,0.38964892171589266,0.0,0.1804547507789974,0.19118656875569115,0.008826060489923404,0.008215854429496074,0.4191645095284162,0.009699817131164004,1.4386479860054702,0.09,observed
571,550,0.03871437129959001,0.004756796573517328,0.019027186294069312,1.0,False,False,1.4386479860054702,0.9965223065701514,tr0,inf5,0.7238916218362978,0.0019762715800738084,0.38964892171589266,0.0,0.1804547507789974,0.19118656875569115,0.008826060489923404,0.008215854429496074,0.4191645095284162,0.009699817131164004,1.433644809356674,0.0,observed
572,550,0.03871437129959001,0.004756796573517328,0.019027186294069312,1.0,False,False,1.433644809356674,0.9965223065701514,tr0,inf5,0.7227622779556497,0.0019762715800738084,0.38964892171589266,0.0,0.1804547507789974,0.19118656875569115,0.008826060489923404,0.008215854429496074,0.4191645095284162,0.009699817131164004,1.4286590322224377,0.0,observed
573,550,0.03871437129959001,0.004756796573517328,0.019027186294069312,1.0,False,False,1.4286590322224377,0.9965223065701514,tr0,inf5,0.7216312266688981,0.0019762715800738084,0.38964892171589266,0.0,0.1804547507789974,0.19118656875569115,0.008826060489923404,0.008215854429496074,0.4191645095284162,0.009699817131164004,1.423690594092584,0.0,observed
574,550,0.03871437129959001,0.004756796573517328,0.019027186294069312,1.0,False,False,1.423690594092584,0.9965223065701514,tr0,inf5,0.7204984850696863,0.0019762715800738084,0.38964892171589266,0.0,0.1804547507789974,0.19118656875569115,0.008826060489923404,0.008215854429496074,0.4191645095284162,0.009699817131164004,1.418739434667371,0.0,observed
575,550,0.03871437129959001,0.004756796573517328,0.019027186294069312,1.0,False,False,1.418739434667371,0.9965223065701514,tr0,inf5,0.7193640702674415,0.0019762715800738084,0.38964892171589266,0.0,0.1804547507789974,0.19118656875569115,0.008826060489923404,0.008215854429496074,0.4191645095284162,0.009699817131164004,1.413805493856761,0.0,observed
576,550,0.03871437129959001,0.004756796573517328,0.019027186294069312,1.0,False,False,1.413805493856761,0.9965223065701514,tr0,inf5,0.7182279993864435,0.0019762715800738084,0.38964892171589266,0.0,0.1804547507789974,0.19118656875569115,0.008826060489923404,0.008215854429496074,0.4191645095284162,0.009699817131164004,1.4088887117796915,0.0,observed
577,550,0.03871437129959001,0.004756796573517328,0.019027186294069312,1.0,False,False,1.4088887117796915,0.9965223065701514,tr0,inf5,0.717090289564896,0.0019762715800738084,0.38964892171589266,0.0,0.1804547507789974,0.19118656875569115,0.008826060489923404,0.008215854429496074,0.4191645095284162,0.009699817131164004,1.4039890287633474,0.0,observed
578,550,0.03871437129959001,0.004756796573517328,0.019027186294069312,1.0,False,False,1.4039890287633474,0.9965223065701514,tr0,inf5,0.7159509579540043,0.0019762715800738084,0.38964892171589266,0.0,0.1804547507789974,0.19118656875569115,0.008826060489923404,0.008215854429496074,0.4191645095284162,0.009699817131164004,1.3991063853424377,0.0,observed
579,550,0.03871437129959001,0.004756796573517328,0.019027186294069312,1.0,False,False,1.3991063853424377,0.9965223065701514,tr0,inf5,0.7148100217170565,0.0019762715800738084,0.38964892171589266,0.0,0.1804547507789974,0.19118656875569115,0.008826060489923404,0.008215854429496074,0.4191645095284162,0.009699817131164004,1.3942407222584732,0.0,observed
580,550,0.03871437129959001,0.004756796573517328,0.019027186294069312,1.0,False,False,1.3942407222584732,0.9965223065701514,tr0,inf5,0.7136674980285087,0.0019762715800738084,0.38964892171589266,0.0,0.1804547507789974,0.19118656875569115,0.008826060489923404,0.008215854429496074,0.4191645095284162,0.009699817131164004,1.4793919804590476,0.09,observed
581,550,0.03871437129959001,0.004756796573517328,0.019027186294069312,1.0,False,False,1.4793919804590476,0.9965223065701514,tr0,inf5,0.7328812076965094,0.0019762715800738084,0.38964892171589266,0.0,0.1804547507789974,0.19118656875569115,0.008826060489923404,0.008215854429496074,0.4191645095284162,0.009699817131164004,1.4742471086884346,0.0,observed
582,550,0.03871437129959001,0.004756796573517328,0.019027186294069312,1.0,False,False,1.4742471086884346,0.9965223065701514,tr0,inf5,0.731766166729525,0.0019762715800738084,0.38964892171589266,0.0,0.1804547507789974,0.19118656875569115,0.008826060489923404,0.008215854429496074,0.4191645095284162,0.009699817131164004,1.4691201292045755,0.0,observed
583,550,0.03871437129959001,0.004756796573517328,0.019027186294069312,1.0,False,False,1.4691201292045755,0.9965223065701514,tr0,inf5,0.7306492820100983,0.0019762715800738084,0.38964892171589266,0.0,0.1804547507789974,0.19118656875569115,0.008826060489923404,0.008215854429496074,0.4191645095284162,0.009699817131164004,1.4640109797835823,0.0,observed
584,550,0.03871437129959001,0.004756796573517328,0.019027186294069312,1.0,False,False,1.4640109797835823,0.9965223065701514,tr0,inf5,0.7295305704711529,0.0019762715800738084,0.38964892171589266,0.0,0.1804547507789974,0.19118656875569115,0.008826060489923404,0.008215854429496074,0.4191645095284162,0.009699817131164004,1.4589195984179628,0.0,observed
585,550,0.03871437129959001,0.004756796573517328,0.019027186294069312,1.0,False,False,1.4589195984179628,0.9965223065701514,tr0,inf5,0.7284100490690179,0.0019762715800738084,0.38964892171589266,0.0,0.1804547507789974,0.19118656875569115,0.008826060489923404,0.008215854429496074,0.4191645095284162,0.009699817131164004,1.4538459233158674,0.0,observed
586,550,0.03871437129959001,0.004756796573517328,0.019027186294069312,1.0,False,False,1.4538459233158674,0.9965223065701514,tr0,inf5,0.7272877347824626,0.0019762715800738084,0.38964892171589266,0.0,0.1804547507789974,0.19118656875569115,0.008826060489923404,0.008215854429496074,0.4191645095284162,0.009699817131164004,1.4487898929003395,0.0,observed
587,550,0.03871437129959001,0.004756796573517328,0.019027186294069312,1.0,False,False,1.4487898929003395,0.9965223065701514,tr0,inf5,0.7261636446117363,0.0019762715800738084,0.38964892171589266,0.0,0.1804547507789974,0.19118656875569115,0.008826060489923404,0.008215854429496074,0.4191645095284162,0.009699817131164004,1.443751445808569,0.0,observed
588,550,0.03871437129959001,0.004756796573517328,0.019027186294069312,1.0,False,False,1.443751445808569,0.9965223065701514,tr0,inf5,0.7250377955776119,0.0019762715800738084,0.38964892171589266,0.0,0.1804547507789974,0.19118656875569115,0.008826060489923404,0.008215854429496074,0.4191645095284162,0.009699817131164004,1.438730520891146,0.0,observed
589,550,0.03871437129959001,0.004756796573517328,0.019027186294069312,1.0,False,False,1.438730520891146,0.9965223065701514,tr0,inf5,0.7239102047204315,0.0019762715800738084,0.38964892171589266,0.0,0.1804547507789974,0.19118656875569115,0.008826060489923404,0.008215854429496074,0.4191645095284162,0.009699817131164004,1.4337270572113203,0.0,observed
590,550,0.03871437129959001,0.004756796573517328,0.019027186294069312,1.0,False,False,1.4337270572113203,0.9965223065701514,tr0,inf5,0.7227808890991586,0.0019762715800738084,0.38964892171589266,0.0,0.1804547507789974,0.19118656875569115,0.008826060489923404,0.008215854429496074,0.4191645095284162,0.009699817131164004,1.5187409940442604,0.09,observed
591,550,0.03871437129959001,0.004756796573517328,0.019027186294069312,1.0,False,False,1.5187409940442604,0.9965223065701514,tr0,inf5,0.7412221656711864,0.0019762715800738084,0.38964892171589266,0.0,0.1804547507789974,0.19118656875569115,0.008826060489923404,0.008215854429496074,0.4191645095284162,0.009699817131164004,1.513459278467631,0.0,observed
592,550,0.03871437129959001,0.004756796573517328,0.019027186294069312,1.0,False,False,1.513459278467631,0.9965223065701514,tr0,inf5,0.740121559456143,0.0019762715800738084,0.38964892171589266,0.0,0.1804547507789974,0.19118656875569115,0.008826060489923404,0.008215854429496074,0.4191645095284162,0.009699817131164004,1.5081959310785609,0.0,observed
593,550,0.03871437129959001,0.004756796573517328,0.019027186294069312,1.0,False,False,1.5081959310785609,0.9965223065701514,tr0,inf5,0.7390189827492446,0.0019762715800738084,0.38964892171589266,0.0,0.1804547507789974,0.19118656875569115,0.008826060489923404,0.008215854429496074,0.4191645095284162,0.009699817131164004,1.5029508879981246,0.0,observed
594,550,0.03871437129959001,0.004756796573517328,0.019027186294069312,1.0,False,False,1.5029508879981246,0.9965223065701514,tr0,inf5,0.7379144522756512,0.0019762715800738084,0.38964892171589266,0.0,0.1804547507789974,0.19118656875569115,0.008826060489923404,0.008215854429496074,0.4191645095284162,0.009699817131164004,1.4977240855695484,0.0,observed
595,550,0.03871437129959001,0.004756796573517328,0.019027186294069312,1.0,False,False,1.4977240855695484,0.9965223065701514,tr0,inf5,0.7368079847913152,0.0019762715800738084,0.38964892171589266,0.0,0.1804547507789974,0.19118656875569115,0.008826060489923404,0.008215854429496074,0.4191645095284162,0.009699817131164004,1.492515460357437,0.0,observed
596,550,0.03871437129959001,0.004756796573517328,0.019027186294069312,1.0,False,False,1.492515460357437,0.9965223065701514,tr0,inf5,0.7356995970819896,0.0019762715800738084,0.38964892171589266,0.0,0.1804547507789974,0.19118656875569115,0.008826060489923404,0.008215854429496074,0.4191645095284162,0.009699817131164004,1.4873249491470046,0.0,observed
597,550,0.03871437129959001,0.004756796573517328,0.019027186294069312,1.0,False,False,1.4873249491470046,0.9965223065701514,tr0,inf5,0.7345893059622404,0.0019762715800738084,0.38964892171589266,0.0,0.1804547507789974,0.19118656875569115,0.008826060489923404,0.008215854429496074,0.4191645095284162,0.009699817131164004,1.4821524889433062,0.0,observed
598,550,0.03871437129959001,0.004756796573517328,0.019027186294069312,1.0,False,False,1.4821524889433062,0.9965223065701514,tr0,inf5,0.7334771282744603,0.0019762715800738084,0.38964892171589266,0.0,0.1804547507789974,0.19118656875569115,0.008826060489923404,0.008215854429496074,0.4191645095284162,0.009699817131164004,1.4769980169704744,0.0,observed
599,550,0.03871437129959001,0.004756796573517328,0.019027186294069312,1.0,False,False,1.4769980169704744,0.9965223065701514,tr0,inf5,0.7323630808878886,0.0019762715800738084,0.38964892171589266,0.0,0.1804547507789974,0.19118656875569115,0.008826060489923404,0.008215854429496074,0.4191645095284162,0.009699817131164004,1.4718614706709567,0.0,observed
600,550,0.03871437129959001,0.004756796573517328,0.019027186294069312,1.0,False,False,1.4718614706709567,0.9965223065701514,tr0,inf5,0.7312471806976325,0.0019762715800738084,0.38964892171589266,0.0,0.1804547507789974,0.19118656875569115,0.008826060489923404,0.008215854429496074,0.4191645095284162,0.009699817131164004,1.556742787704757,0.09,observed
601,600,0.04259042198614631,0.005833667473849359,0.023334669895397436,1.0,False,False,1.556742787704757,0.9961260728432003,tr0,inf5,0.7479565375117844,0.021201818006328584,0.40035223007190485,0.011786478847072101,0.21897826145088772,0.15573338942314333,0.043389798104185945,0.0,0.4439143805049518,0.0,1.5507120795433156,0.0,observed
602,600,0.04259042198614631,0.005833667473849359,0.023334669895397436,1.0,False,False,1.5507120795433156,0.9961260728432003,tr0,inf5,0.7467479032059553,0.021201818006328584,0.40035223007190485,0.011786478847072101,0.21897826145088772,0.15573338942314333,0.043389798104185945,0.0,0.4439143805049518,0.0,1.5447047339059954,0.0,observed
603,600,0.04259042198614631,0.005833667473849359,0.023334669895397436,1.0,False,False,1.5447047339059954,0.9961260728432003,tr0,inf5,0.7455366826026125,0.021201818006328584,0.40035223007190485,0.011786478847072101,0.21897826145088772,0.15573338942314333,0.043389798104185945,0.0,0.4439143805049518,0.0,1.5387206602880799,0.0,observed
604,600,0.04259042198614631,0.005833667473849359,0.023334669895397436,1.0,False,False,1.5387206602880799,0.9961260728432003,tr0,inf5,0.7443228984698191,0.021201818006328584,0.40035223007190485,0.011786478847072101,0.21897826145088772,0.15573338942314333,0.043389798104185945,0.0,0.4439143805049518,0.0,1.532759768535461,0.0,observed
605,600,0.04259042198614631,0.005833667473849359,0.023334669895397436,1.0,False,False,1.532759768535461,0.9961260728432003,tr0,inf5,0.7431065736336304,0.021201818006328584,0.40035223007190485,0.011786478847072101,0.21897826145088772,0.15573338942314333,0.043389798104185945,0.0,0.4439143805049518,0.0,1.5268219688432816,0.0,observed
606,600,0.04259042198614631,0.005833667473849359,0.023334669895397436,1.0,False,False,1.5268219688432816,0.9961260728432003,tr0,inf5,0.7418877309763594,0.021201818006328584,0.40035223007190485,0.011786478847072101,0.21897826145088772,0.15573338942314333,0.043389798104185945,0.0,0.4439143805049518,0.0,1.5209071717545812,0.0,observed
607,600,0.04259042198614631,0.005833667473849359,0.023334669895397436,1.0,False,False,1.5209071717545812,0.9961260728432003,tr0,inf5,0.7406663934348446,0.021201818006328584,0.40035223007190485,0.011786478847072101,0.21897826145088772,0.15573338942314333,0.043389798104185945,0.0,0.4439143805049518,0.0,1.5150152881589498,0.0,observed
608,600,0.04259042198614631,0.005833667473849359,0.023334669895397436,1.0,False,False,1.5150152881589498,0.9961260728432003,tr0,inf5,0.7394425839987268,0.021201818006328584,0.40035223007190485,0.011786478847072101,0.21897826145088772,0.15573338942314333,0.043389798104185945,0.0,0.4439143805049518,0.0,1.5091462292911841,0.0,observed
609,600,0.04259042198614631,0.005833667473849359,0.023334669895397436,1.0,False,False,1.5091462292911841,0.9961260728432003,tr0,inf5,0.7382163257087286,0.021201818006328584,0.40035223007190485,0.011786478847072101,0.21897826145088772,0.15573338942314333,0.043389798104185945,0.0,0.4439143805049518,0.0,1.5032999067299513,0.0,observed
610,600,0.04259042198614631,0.005833667473849359,0.023334669895397436,1.0,False,False,1.5032999067299513,0.9961260728432003,tr0,inf5,0.736987641654942,0.021201818006328584,0.40035223007190485,0.011786478847072101,0.21897826145088772,0.15573338942314333,0.043389798104185945,0.0,0.4439143805049518,0.0,1.5874762323964557,0.09,observed
611,600,0.04259042198614631,0.005833667473849359,0.023334669895397436,1.0,False,False,1.5874762323964557,0.9961260728432003,tr0,inf5,0.7540039702120348,0.021201818006328584,0.40035223007190485,0.011786478847072101,0.21897826145088772,0.15573338942314333,0.043389798104185945,0.0,0.4439143805049518,0.0,1.581326465109001,0.0,observed
612,600,0.04259042198614631,0.005833667473849359,0.023334669895397436,1.0,False,False,1.581326465109001,0.9961260728432003,tr0,inf5,0.7528087063181366,0.021201818006328584,0.40035223007190485,0.011786478847072101,0.21897826145088772,0.15573338942314333,0.043389798104185945,0.0,0.4439143805049518,0.0,1.5752005215720493,0.0,observed
613,600,0.04259042198614631,0.005833667473849359,0.023334669895397436,1.0,False,False,1.5752005215720493,0.9961260728432003,tr0,inf5,0.7516107423941618,0.021201818006328584,0.40035223007190485,0.011786478847072101,0.21897826145088772,0.15573338942314333,0.043389798104185945,0.0,0.4439143805049518,0.0,1.5690983094941262,0.0,observed
614,600,0.04259042198614631,0.005833667473849359,0.023334669895397436,1.0,False,False,1.5690983094941262,0.9961260728432003,tr0,inf5,0.7504101008895088,0.021201818006328584,0.40035223007190485,0.011786478847072101,0.21897826145088772,0.15573338942314333,0.043389798104185945,0.0,0.4439143805049518,0.0,1.5630197369412884,0.0,observed
615,600,0.04259042198614631,0.005833667473849359,0.023334669895397436,1.0,False,False,1.5630197369412884,0.9961260728432003,tr0,inf5,0.749206804320387,0.021201818006328584,0.40035223007190485,0.011786478847072101,0.21897826145088772,0.15573338942314333,0.043389798104185945,0.0,0.4439143805049518,0.0,1.5569647123357375,0.0,observed
616,600,0.04259042198614631,0.005833667473849359,0.023334669895397436,1.0,False,False,1.5569647123357375,0.9961260728432003,tr0,inf5,0.7480008752680586,0.021201818006328584,0.40035223007190485,0.011786478847072101,0.21897826145088772,0.15573338942314333,0.043389798104185945,0.0,0.4439143805049518,0.0,1.5509331444544412,0.0,observed
617,600,0.04259042198614631,0.005833667473849359,0.023334669895397436,1.0,False,False,1.5509331444544412,0.9961260728432003,tr0,inf5,0.7467923363770806,0.021201818006328584,0.40035223007190485,0.011786478847072101,0.21897826145088772,0.15573338942314333,0.043389798104185945,0.0,0.4439143805049518,0.0,1.5449249424277585,0.0,observed
618,600,0.04259042198614631,0.005833667473849359,0.023334669895397436,1.0,False,False,1.5449249424277585,0.9961260728432003,tr0,inf5,0.745581210353555,0.021201818006328584,0.40035223007190485,0.011786478847072101,0.21897826145088772,0.15573338942314333,0.043389798104185945,0.0,0.4439143805049518,0.0,1.5389400157380704,0.0,observed
619,600,0.04259042198614631,0.005833667473849359,0.023334669895397436,1.0,False,False,1.5389400157380704,0.9961260728432003,tr0,inf5,0.7443675199633815,0.021201818006328584,0.40035223007190485,0.011786478847072101,0.21897826145088772,0.15573338942314333,0.043389798104185945,0.0,0.4439143805049518,0.0,1.532978274218417,0.0,observed
620,600,0.04259042198614631,0.005833667473849359,0.023334669895397436,1.0,False,False,1.532978274218417,0.9961260728432003,tr0,inf5,0.7431512880305164,0.021201818006328584,0.40035223007190485,0.011786478847072101,0.21897826145088772,0.15573338942314333,0.043389798104185945,0.0,0.4439143805049518,0.0,1.6170396280511385,0.09,observed
621,600,0.04259042198614631,0.005833667473849359,0.023334669895397436,1.0,False,False,1.6170396280511385,0.9961260728432003,tr0,inf5,0.7596483931820242,0.021201818006328584,0.40035223007190485,0.011786478847072101,0.21897826145088772,0.15573338942314333,0.043389798104185945,0.0,0.4439143805049518,0.0,1.61077533432241,0.0,observed
622,600,0.04259042198614631,0.005833667473849359,0.023334669895397436,1.0,False,False,1.61077533432241,0.9961260728432003,tr0,inf5,0.7584662695288732,0.021201818006328584,0.40035223007190485,0.011786478847072101,0.21897826145088772,0.15573338942314333,0.043389798104185945,0.0,0.4439143805049518,0.0,1.6045353080112754,0.0,observed
623,600,0.04259042198614631,0.005833667473849359,0.023334669895397436,1.0,False,False,1.6045353080112754,0.9961260728432003,tr0,inf5,0.7572813400940578,0.021201818006328584,0.40035223007190485,0.011786478847072101,0.21897826145088772,0.15573338942314333,0.043389798104185945,0.0,0.4439143805049518,0.0,1.5983194551075266,0.0,observed
624,600,0.04259042198614631,0.005833667473849359,0.023334669895397436,1.0,False,False,1.5983194551075266,0.9961260728432003,tr0,inf5,0.7560936269851617,0.021201818006328584,0.40035223007190485,0.011786478847072101,0.21897826145088772,0.15573338942314333,0.043389798104185945,0.0,0.4439143805049518,0.0,1.5921276819651442,0.0,observed
625,600,0.04259042198614631,0.005833667473849359,0.023334669895397436,1.0,False,False,1.5921276819651442,0.9961260728432003,tr0,inf5,0.754903152385006,0.021201818006328584,0.40035223007190485,0.011786478847072101,0.21897826145088772,0.15573338942314333,0.043389798104185945,0.0,0.4439143805049518,0.0,1.5859598953008869,0.0,observed
626,600,0.04259042198614631,0.005833667473849359,0.023334669895397436,1.0,False,False,1.5859598953008869,0.9961260728432003,tr0,inf5,0.7537099385498688,0.021201818006328584,0.40035223007190485,0.011786478847072101,0.21897826145088772,0.15573338942314333,0.043389798104185945,0.0,0.4439143805049518,0.0,1.5798160021928855,0.0,observed
627,600,0.04259042198614631,0.005833667473849359,0.023334669895397436,1.0,False,False,1.5798160021928855,0.9961260728432003,tr0,inf5,0.7525140078077096,0.021201818006328584,0.40035223007190485,0.011786478847072101,0.21897826145088772,0.15573338942314333,0.043389798104185945,0.0,0.4439143805049518,0.0,1.5736959100792438,0.0,observed
628,600,0.04259042198614631,0.005833667473849359,0.023334669895397436,1.0,False,False,1.5736959100792438,0.9961260728432003,tr0,inf5,0.7513153825563977,0.021201818006328584,0.40035223007190485,0.011786478847072101,0.21897826145088772,0.15573338942314333,0.043389798104185945,0.0,0.4439143805049518,0.0,1.5675995267566432,0.0,observed
629,600,0.04259042198614631,0.005833667473849359,0.023334669895397436,1.0,False,False,1.5675995267566432,0.9961260728432003,tr0,inf5,0.7501140852619446,0.021201818006328584,0.40035223007190485,0.011786478847072101,0.21897826145088772,0.15573338942314333,0.043389798104185945,0.0,0.4439143805049518,0.0,1.5615267603789542,0.0,observed
630,600,0.04259042198614631,0.005833667473849359,0.023334669895397436,1.0,False,False,1.5615267603789542,0.9961260728432003,tr0,inf5,0.7489101384567394,0.021201818006328584,0.40035223007190485,0.011786478847072101,0.21897826145088772,0.15573338942314333,0.043389798104185945,0.0,0.4439143805049518,0.0,1.6454775194558529,0.09,observed
631,600,0.04259042198614631,0.005833667473849359,0.023334669895397436,1.0,False,False,1.6454775194558529,0.9961260728432003,tr0,inf5,0.7649227150048792,0.021201818006328584,0.40035223007190485,0.011786478847072101,0.21897826145088772,0.15573338942314333,0.043389798104185945,0.0,0.4439143805049518,0.0,1.6391030594073295,0.0,observed
632,600,0.04259042198614631,0.005833667473849359,0.023334669895397436,1.0,False,False,1.6391030594073295,0.9961260728432003,tr0,inf5,0.7637534640704241,0.021201818006328584,0.40035223007190485,0.011786478847072101,0.21897826145088772,0.15573338942314333,0.043389798104185945,0.0,0.4439143805049518,0.0,1.632753293552698,0.0,observed
633,600,0.04259042198614631,0.005833667473849359,0.023334669895397436,1.0,False,False,1.632753293552698,0.9961260728432003,tr0,inf5,0.7625813090335521,0.021201818006328584,0.40035223007190485,0.011786478847072101,0.21897826145088772,0.15573338942314333,0.043389798104185945,0.0,0.4439143805049518,0.0,1.6264281262284501,0.0,observed
634,600,0.04259042198614631,0.005833667473849359,0.023334669895397436,1.0,False,False,1.6264281262284501,0.9961260728432003,tr0,inf5,0.761406271641895,0.021201818006328584,0.40035223007190485,0.011786478847072101,0.21897826145088772,0.15573338942314333,0.043389798104185945,0.0,0.4439143805049518,0.0,1.6201274621416708,0.0,observed
635,600,0.04259042198614631,0.005833667473849359,0.023334669895397436,1.0,False,False,1.6201274621416708,0.9961260728432003,tr0,inf5,0.7602283737263511,0.021201818006328584,0.40035223007190485,0.011786478847072101,0.21897826145088772,0.15573338942314333,0.043389798104185945,0.0,0.4439143805049518,0.0,1.6138512063686032,0.0,observed
636,600,0.04259042198614631,0.005833667473849359,0.023334669895397436,1.0,False,False,1.6138512063686032,0.9961260728432003,tr0,inf5,0.7590476371992925,0.021201818006328584,0.40035223007190485,0.011786478847072101,0.21897826145088772,0.15573338942314333,0.043389798104185945,0.0,0.4439143805049518,0.0,1.607599264353218,0.0,observed
637,600,0.04259042198614631,0.005833667473849359,0.023334669895397436,1.0,False,False,1.607599264353218,0.9961260728432003,tr0,inf5,0.7578640840527755,0.021201818006328584,0.40035223007190485,0.011786478847072101,0.21897826145088772,0.15573338942314333,0.043389798104185945,0.0,0.4439143805049518,0.0,1.6013715419057888,0.0,observed
638,600,0.04259042198614631,0.005833667473849359,0.023334669895397436,1.0,False,False,1.6013715419057888,0.9961260728432003,tr0,inf5,0.7566777363567522,0.021201818006328584,0.40035223007190485,0.011786478847072101,0.21897826145088772,0.15573338942314333,0.043389798104185945,0.0,0.4439143805049518,0.0,1.5951679452014738,0.0,observed
639,600,0.04259042198614631,0.005833667473849359,0.023334669895397436,1.0,False,False,1.5951679452014738,0.9961260728432003,tr0,inf5,0.755488616257287,0.021201818006328584,0.40035223007190485,0.011786478847072101,0.21897826145088772,0.15573338942314333,0.043389798104185945,0.0,0.4439143805049518,0.0,1.5889883807789014,0.0,observed
640,600,0.04259042198614631,0.005833667473849359,0.023334669895397436,1.0,False,False,1.5889883807789014,0.9961260728432003,tr0,inf5,0.754296745974776,0.021201818006328584,0.40035223007190485,0.011786478847072101,0.21897826145088772,0.15573338942314333,0.043389798104185945,0.0,0.4439143805049518,0.0,1.672832755538763,0.09,observed
641,600,0.04259042198614631,0.005833667473849359,0.023334669895397436,1.0,False,False,1.672832755538763,0.9961260728432003,tr0,inf5,0.7698566484236914,0.021201818006328584,0.40035223007190485,0.011786478847072101,0.21897826145088772,0.15573338942314333,0.043389798104185945,0.0,0.4439143805049518,0.0,1.6663523232982973,0.0,observed
642,600,0.04259042198614631,0.005833667473849359,0.023334669895397436,1.0,False,False,1.6663523232982973,0.9961260728432003,tr0,inf5,0.7686999740755444,0.021201818006328584,0.40035223007190485,0.011786478847072101,0.21897826145088772,0.15573338942314333,0.043389798104185945,0.0,0.4439143805049518,0.0,1.6598969957802758,0.0,observed
643,600,0.04259042198614631,0.005833667473849359,0.023334669895397436,1.0,False,False,1.6598969957802758,0.9961260728432003,tr0,inf5,0.7675403042140891,0.021201818006328584,0.40035223007190485,0.011786478847072101,0.21897826145088772,0.15573338942314333,0.043389798104185945,0.0,0.4439143805049518,0.0,1.6534666757308325,0.0,observed
644,600,0.04259042198614631,0.005833667473849359,0.023334669895397436,1.0,False,False,1.6534666757308325,0.9961260728432003,tr0,inf5,0.7663776602132158,0.021201818006328584,0.40035223007190485,0.011786478847072101,0.21897826145088772,0.15573338942314333,0.043389798104185945,0.0,0.4439143805049518,0.0,1.6470612662728554,0.0,observed
645,600,0.04259042198614631,0.005833667473849359,0.023334669895397436,1.0,False,False,1.6470612662728554,0.9961260728432003,tr0,inf5,0.765212063537723,0.021201818006328584,0.40035223007190485,0.011786478847072101,0.21897826145088772,0.15573338942314333,0.043389798104185945,0.0,0.4439143805049518,0.0,1.640680670904528,0.0,observed
646,600,0.04259042198614631,0.005833667473849359,0.023334669895397436,1.0,False,False,1.640680670904528,0.9961260728432003,tr0,inf5,0.764043535741514,0.021201818006328584,0.40035223007190485,0.011786478847072101,0.21897826145088772,0.15573338942314333,0.043389798104185945,0.0,0.4439143805049518,0.0,1.6343247934978746,0.0,observed
647,600,0.04259042198614631,0.005833667473849359,0.023334669895397436,1.0,False,False,1.6343247934978746,0.9961260728432003,tr0,inf5,0.7628720984657976,0.021201818006328584,0.40035223007190485,0.011786478847072101,0.21897826145088772,0.15573338942314333,0.043389798104185945,0.0,0.4439143805049518,0.0,1.627993538297312,0.0,observed
648,600,0.04259042198614631,0.005833667473849359,0.023334669895397436,1.0,False,False,1.627993538297312,0.9961260728432003,tr0,inf5,0.7616977734372908,0.021201818006328584,0.40035223007190485,0.011786478847072101,0.21897826145088772,0.15573338942314333,0.043389798104185945,0.0,0.4439143805049518,0.0,1.6216868099182078,0.0,observed
649,600,0.04259042198614631,0.005833667473849359,0.023334669895397436,1.0,False,False,1.6216868099182078,0.9961260728432003,tr0,inf5,0.7605205824664211,0.021201818006328584,0.40035223007190485,0.011786478847072101,0.21897826145088772,0.15573338942314333,0.043389798104185945,0.0,0.4439143805049518,0.0,1.6154045133454418,0.0,observed
650,600,0.04259042198614631,0.005833667473849359,0.023334669895397436,1.0,False,False,1.6154045133454418,0.9961260728432003,tr0,inf5,0.7593405474455346,0.021201818006328584,0.40035223007190485,0.011786478847072101,0.21897826145088772,0.15573338942314333,0.043389798104185945,0.0,0.4439143805049518,0.0,1.6991465539319761,0.09,observed
651,650,0.6173566642150374,0.12292716426025857,0.4917086570410343,1.0,False,True,1.6991465539319761,0.9407772937219763,tr2,inf5,0.9609261800697287,0.6129311240126467,0.17600684640100192,0.6564320336207663,1.0,0.41686753480553945,0.8766533243919268,0.22747046841577587,0.40712561879345865,0.2708338024417064,1.5985184966451464,0.0,observed
652,650,0.6173566642150374,0.12292716426025857,0.4917086570410343,1.0,False,True,1.5985184966451464,0.9407772937219763,tr2,inf5,0.9680797539479293,0.6129311240126467,0.17600684640100192,0.6564320336207663,1.0,0.41686753480553945,0.8766533243919268,0.22747046841577587,0.40712561879345865,0.2708338024417064,1.503849905238343,0.0,observed
653,650,0.6173566642150374,0.12292716426025857,0.4917086570410343,1.0,False,True,1.503849905238343,0.9407772937219763,tr2,inf5,0.9747048130363232,0.6129311240126467,0.17600684640100192,0.6564320336207663,1.0,0.41686753480553945,0.8766533243919268,0.22747046841577587,0.40712561879345865,0.2708338024417064,1.4147878440141788,0.0,observed
654,650,0.6173566642150374,0.12292716426025857,0.4917086570410343,1.0,False,True,1.4147878440141788,0.9407772937219763,tr2,inf5,0.9807963130829533,0.6129311240126467,0.17600684640100192,0.6564320336207663,1.0,0.41686753480553945,0.8766533243919268,0.22747046841577587,0.40712561879345865,0.2708338024417064,1.3310002790824087,0.0,observed
655,650,0.6173566642150374,0.12292716426025857,0.4917086570410343,1.0,False,True,1.3310002790824087,0.9407772937219763,tr2,inf5,0.9863560314341742,0.6129311240126467,0.17600684640100192,0.6564320336207663,1.0,0.41686753480553945,0.8766533243919268,0.22747046841577587,0.40712561879345865,0.2708338024417064,1.2521748404983435,0.0,observed
656,650,0.6173566642150374,0.12292716426025857,0.4917086570410343,1.0,False,True,1.2521748404983435,0.9407772937219763,tr2,inf5,0.9913917600090205,0.6129311240126467,0.17600684640100192,0.6564320336207663,1.0,0.41686753480553945,0.8766533243919268,0.22747046841577587,0.40712561879345865,0.2708338024417064,1.1780176577107788,0.0,observed
657,650,0.6173566642150374,0.12292716426025857,0.4917086570410343,1.0,False,True,1.1780176577107788,0.9407772937219763,tr3,inf4,1.000445149416243,0.6129311240126467,0.17600684640100192,0.6564320336207663,1.0,0.41686753480553945,0.8766533243919268,0.22747046841577587,0.40712561879345865,0.2708338024417064,1.1082522639778478,0.0,observed
658,650,0.6173566642150374,0.12292716426025857,0.4917086570410343,1.0,False,True,1.1082522639778478,0.9407772937219763,tr3,inf4,1.0117658856093574,0.6129311240126467,0.17600684640100192,0.6564320336207663,1.0,0.41686753480553945,0.8766533243919268,0.22747046841577587,0.40712561879345865,0.2708338024417064,1.042618565666333,0.0,observed
659,650,0.6173566642150374,0.12292716426025857,0.4917086570410343,1.0,False,True,1.042618565666333,0.9407772937219763,tr3,inf4,1.0224789137681656,0.6129311240126467,0.17600684640100192,0.6564320336207663,1.0,0.41686753480553945,0.8766533243919268,0.22747046841577587,0.40712561879345865,0.2708338024417064,0.9808718725918613,0.0,observed
660,650,0.6173566642150374,0.12292716426025857,0.4917086570410343,1.0,False,True,0.9808718725918613,0.9407772937219763,tr3,inf4,1.0320232753068055,0.6129311240126467,0.17600684640100192,0.6564320336207663,1.0,0.41686753480553945,0.8766533243919268,0.22747046841577587,0.40712561879345865,0.2708338024417064,1.0127819857849785,0.09,observed
661,650,0.6173566642150374,0.12292716426025857,0.4917086570410343,1.0,False,True,1.0127819857849785,0.9407772937219763,tr3,inf4,1.0267817303582538,0.6129311240126467,0.17600684640100192,0.6564320336207663,1.0,0.41686753480553945,0.8766533243919268,0.22747046841577587,0.40712561879345865,0.2708338024417064,0.9528022957171611,0.0,observed
662,650,0.6173566642150374,0.12292716426025857,0.4917086570410343,1.0,False,True,0.9528022957171611,0.9407772937219763,tr3,inf4,1.0366379646515125,0.6129311240126467,0.17600684640100192,0.6564320336207663,1.0,0.41686753480553945,0.8766533243919268,0.22747046841577587,0.40712561879345865,0.2708338024417064,0.896374765216877,0.0,observed
663,650,0.6173566642150374,0.12292716426025857,0.4917086570410343,1.0,False,True,0.896374765216877,0.9407772937219763,tr3,inf4,1.0451808428321427,0.6129311240126467,0.17600684640100192,0.6564320336207663,1.0,0.41686753480553945,0.8766533243919268,0.22747046841577587,0.40712561879345865,0.2708338024417064,0.8432890257814054,0.0,observed
664,650,0.6173566642150374,0.12292716426025857,0.4917086570410343,1.0,False,True,0.8432890257814054,0.9407772937219763,tr3,inf4,1.0539303807752973,0.6129311240126467,0.17600684640100192,0.6564320336207663,1.0,0.41686753480553945,0.8766533243919268,0.22747046841577587,0.40712561879345865,0.2708338024417064,0.7933471675000725,0.0,observed
665,650,0.6173566642150374,0.12292716426025857,0.4917086570410343,1.0,False,True,0.7933471675000725,0.9407772937219763,tr3,inf4,1.0621417585777004,0.6129311240126467,0.17600684640100192,0.6564320336207663,1.0,0.41686753480553945,0.8766533243919268,0.22747046841577587,0.40712561879345865,0.2708338024417064,0.7463630012227136,0.0,observed
666,650,0.6173566642150374,0.12292716426025857,0.4917086570410343,1.0,False,True,0.7463630012227136,0.9407772937219763,tr3,inf4,1.0689454313503477,0.6129311240126467,0.17600684640100192,0.6564320336207663,1.0,0.41686753480553945,0.8766533243919268,0.22747046841577587,0.40712561879345865,0.2708338024417064,0.7021613644245166,0.0,observed
667,650,0.6173566642150374,0.12292716426025857,0.4917086570410343,1.0,False,True,0.7021613644245166,0.9407772937219763,tr3,inf4,1.0761833728035837,0.6129311240126467,0.17600684640100192,0.6564320336207663,1.0,0.41686753480553945,0.8766533243919268,0.22747046841577587,0.40712561879345865,0.2708338024417064,0.6605774681794271,0.0,observed
668,650,0.6173566642150374,0.12292716426025857,0.4917086570410343,1.0,False,True,0.6605774681794271,0.9407772937219763,tr3,inf4,1.082950935109848,0.6129311240126467,0.17600684640100192,0.6564320336207663,1.0,0.41686753480553945,0.8766533243919268,0.22747046841577587,0.40712561879345865,0.2708338024417064,0.6214562828075563,0.0,observed
669,650,0.6173566642150374,0.12292716426025857,0.4917086570410343,1.0,False,True,0.6214562828075563,0.9407772937219763,tr3,inf4,1.0887192598245592,0.6129311240126467,0.17600684640100192,0.6564320336207663,1.0,0.41686753480553945,0.8766533243919268,0.22747046841577587,0.40712561879345865,0.2708338024417064,0.5846519599062119,0.0,observed
670,650,0.6173566642150374,0.12292716426025857,0.4917086570410343,1.0,False,True,0.5846519599062119,0.9407772937219763,tr3,inf4,1.0946419969905405,0.6129311240126467,0.17600684640100192,0.6564320336207663,1.0,0.41686753480553945,0.8766533243919268,0.22747046841577587,0.40712561879345865,0.2708338024417064,0.6400272886098154,0.09,observed
671,650,0.6173566642150374,0.12292716426025857,0.4917086570410343,1.0,False,True,0.6400272886098154,0.9407772937219763,tr3,inf4,1.0857128480788785,0.6129311240126467,0.17600684640100192,0.6564320336207663,1.0,0.41686753480553945,0.8766533243919268,0.22747046841577587,0.40712561879345865,0.2708338024417064,0.6021231404865564,0.0,observed
672,650,0.6173566642150374,0.12292716426025857,0.4917086570410343,1.0,False,True,0.6021231404865564,0.9407772937219763,tr3,inf4,1.0917995895054193,0.6129311240126467,0.17600684640100192,0.6564320336207663,1.0,0.41686753480553945,0.8766533243919268,0.22747046841577587,0.40712561879345865,0.2708338024417064,0.5664637785943198,0.0,observed
673,650,0.6173566642150374,0.12292716426025857,0.4917086570410343,1.0,False,True,0.5664637785943198,0.9407772937219763,tr3,inf4,1.0975143210666372,0.6129311240126467,0.17600684640100192,0.6564320336207663,1.0,0.41686753480553945,0.8766533243919268,0.22747046841577587,0.40712561879345865,0.2708338024417064,0.532916260617489,0.0,observed
674,650,0.6173566642150374,0.12292716426025857,0.4917086570410343,1.0,False,True,0.532916260617489,0.9407772937219763,tr3,inf4,1.102841874675347,0.6129311240126467,0.17600684640100192,0.6564320336207663,1.0,0.41686753480553945,0.8766533243919268,0.22747046841577587,0.40712561879345865,0.2708338024417064,0.5013555174441567,0.0,observed
675,650,0.6173566642150374,0.12292716426025857,0.4917086570410343,1.0,False,True,0.5013555174441567,0.9407772937219763,tr3,inf4,1.1077301308236476,0.6129311240126467,0.17600684640100192,0.6564320336207663,1.0,0.41686753480553945,0.8766533243919268,0.22747046841577587,0.40712561879345865,0.2708338024417064,0.4716638868936948,0.0,observed
676,650,0.6173566642150374,0.12292716426025857,0.4917086570410343,1.0,False,True,0.4716638868936948,0.9407772937219763,tr3,inf4,1.112355203547927,0.6129311240126467,0.17600684640100192,0.6564320336207663,1.0,0.41686753480553945,0.8766533243919268,0.22747046841577587,0.40712561879345865,0.2708338024417064,0.44373067505823854,0.0,observed
677,650,0.6173566642150374,0.12292716426025857,0.4917086570410343,1.0,False,True,0.44373067505823854,0.9407772937219763,tr3,inf4,1.1166599278350549,0.6129311240126467,0.17600684640100192,0.6564320336207663,1.0,0.41686753480553945,0.8766533243919268,0.22747046841577587,0.40712561879345865,0.2708338024417064,0.4174517436227153,0.0,observed
678,650,0.6173566642150374,0.12292716426025857,0.4917086570410343,1.0,False,True,0.4174517436227153,0.9407772937219763,tr3,inf4,1.1204187218242012,0.6129311240126467,0.17600684640100192,0.6564320336207663,1.0,0.41686753480553945,0.8766533243919268,0.22747046841577587,0.40712561879345865,0.2708338024417064,0.39272912162489837,0.0,observed
679,650,0.6173566642150374,0.12292716426025857,0.4917086570410343,1.0,False,True,0.39272912162489837,0.9407772937219763,tr3,inf4,1.1241557840994743,0.6129311240126467,0.17600684640100192,0.6564320336207663,1.0,0.41686753480553945,0.8766533243919268,0.22747046841577587,0.40712561879345865,0.2708338024417064,0.36947064020808074,0.0,observed
680,650,0.6173566642150374,0.12292716426025857,0.4917086570410343,1.0,False,True,0.36947064020808074,0.9407772937219763,tr3,inf4,1.1276312973697211,0.6129311240126467,0.17600684640100192,0.6564320336207663,1.0,0.41686753480553945,0.8766533243919268,0.22747046841577587,0.40712561879345865,0.2708338024417064,0.43758958900468414,0.09,observed
681,650,0.6173566642150374,0.12292716426025857,0.4917086570410343,1.0,False,True,0.43758958900468414,0.9407772937219763,tr3,inf4,1.1172354660763752,0.6129311240126467,0.17600684640100192,0.6564320336207663,1.0,0.41686753480553945,0.8766533243919268,0.22747046841577587,0.40712561879345865,0.2708338024417064,0.4116743493047386,0.0,observed
682,650,0.6173566642150374,0.12292716426025857,0.4917086570410343,1.0,False,True,0.4116743493047386,0.9407772937219763,tr3,inf4,1.121192357374557,0.6129311240126467,0.17600684640100192,0.6564320336207663,1.0,0.41686753480553945,0.8766533243919268,0.22747046841577587,0.40712561879345865,0.2708338024417064,0.38729388023366756,0.0,observed
683,650,0.6173566642150374,0.12292716426025857,0.4917086570410343,1.0,False,True,0.38729388023366756,0.9407772937219763,tr3,inf4,1.1248731071976246,0.6129311240126467,0.17600684640100192,0.6564320336207663,1.0,0.41686753480553945,0.8766533243919268,0.22747046841577587,0.40712561879345865,0.2708338024417064,0.364357288521313,0.0,observed
684,650,0.6173566642150374,0.12292716426025857,0.4917086570410343,1.0,False,True,0.364357288521313,0.9407772937219763,tr3,inf4,1.1282189278647226,0.6129311240126467,0.17600684640100192,0.6564320336207663,1.0,0.41686753480553945,0.8766533243919268,0.22747046841577587,0.40712561879345865,0.2708338024417064,0.34277906384295814,0.0,observed
685,650,0.6173566642150374,0.12292716426025857,0.4917086570410343,1.0,False,True,0.34277906384295814,0.9407772937219763,tr3,inf4,1.1314059183171208,0.6129311240126467,0.17600684640100192,0.6564320336207663,1.0,0.41686753480553945,0.8766533243919268,0.22747046841577587,0.40712561879345865,0.2708338024417064,0.3224787600267307,0.0,observed
686,650,0.6173566642150374,0.12292716426025857,0.4917086570410343,1.0,False,True,0.3224787600267307,0.9407772937219763,tr3,inf4,1.1343693230189391,0.6129311240126467,0.17600684640100192,0.6564320336207663,1.0,0.41686753480553945,0.8766533243919268,0.22747046841577587,0.40712561879345865,0.2708338024417064,0.3033806951407663,0.0,observed
687,650,0.6173566642150374,0.12292716426025857,0.4917086570410343,1.0,False,True,0.3033806951407663,0.9407772937219763,tr3,inf4,1.1372048280120386,0.6129311240126467,0.17600684640100192,0.6564320336207663,1.0,0.41686753480553945,0.8766533243919268,0.22747046841577587,0.40712561879345865,0.2708338024417064,0.28541366934202206,0.0,observed
688,650,0.6173566642150374,0.12292716426025857,0.4917086570410343,1.0,False,True,0.28541366934202206,0.9407772937219763,tr3,inf4,1.1397628136236568,0.6129311240126467,0.17600684640100192,0.6564320336207663,1.0,0.41686753480553945,0.8766533243919268,0.22747046841577587,0.40712561879345865,0.2708338024417064,0.2685106994348465,0.0,observed
689,650,0.6173566642150374,0.12292716426025857,0.4917086570410343,1.0,False,True,0.2685106994348465,0.9407772937219763,tr3,inf4,1.1421413504105222,0.6129311240126467,0.17600684640100192,0.6564320336207663,1.0,0.41686753480553945,0.8766533243919268,0.22747046841577587,0.40712561879345865,0.2708338024417064,0.25260876914970987,0.0,observed
690,650,0.6173566642150374,0.12292716426025857,0.4917086570410343,1.0,False,True,0.25260876914970987,0.9407772937219763,tr3,inf4,1.1442015093765825,0.6129311240126467,0.17600684640100192,0.6564320336207663,1.0,0.41686753480553945,0.8766533243919268,0.22747046841577587,0.40712561879345865,0.2708338024417064,0.3276485942111035,0.09,observed
691,650,0.6173566642150374,0.12292716426025857,0.4917086570410343,1.0,False,True,0.3276485942111035,0.9407772937219763,tr3,inf4,1.1335135301196178,0.6129311240126467,0.17600684640100192,0.6564320336207663,1.0,0.41686753480553945,0.8766533243919268,0.22747046841577587,0.40712561879345865,0.2708338024417064,0.30824435775373193,0.0,observed
692,650,0.6173566642150374,0.12292716426025857,0.4917086570410343,1.0,False,True,0.30824435775373193,0.9407772937219763,tr3,inf4,1.1363269630050412,0.6129311240126467,0.17600684640100192,0.6564320336207663,1.0,0.41686753480553945,0.8766533243919268,0.22747046841577587,0.40712561879345865,0.2708338024417064,0.2899892926926246,0.0,observed
693,650,0.6173566642150374,0.12292716426025857,0.4917086570410343,1.0,False,True,0.2899892926926246,0.9407772937219763,tr3,inf4,1.138901319163276,0.6129311240126467,0.17600684640100192,0.6564320336207663,1.0,0.41686753480553945,0.8766533243919268,0.22747046841577587,0.40712561879345865,0.2708338024417064,0.2728153419877174,0.0,observed
694,650,0.6173566642150374,0.12292716426025857,0.4917086570410343,1.0,False,True,0.2728153419877174,0.9407772937219763,tr3,inf4,1.141336298859454,0.6129311240126467,0.17600684640100192,0.6564320336207663,1.0,0.41686753480553945,0.8766533243919268,0.22747046841577587,0.40712561879345865,0.2708338024417064,0.25665847912104023,0.0,observed
695,650,0.6173566642150374,0.12292716426025857,0.4917086570410343,1.0,False,True,0.25665847912104023,0.9407772937219763,tr3,inf4,1.143600915398173,0.6129311240126467,0.17600684640100192,0.6564320336207663,1.0,0.41686753480553945,0.8766533243919268,0.22747046841577587,0.40712561879345865,0.2708338024417064,0.24145846939829058,0.0,observed
696,650,0.6173566642150374,0.12292716426025857,0.4917086570410343,1.0,False,True,0.24145846939829058,0.9407772937219763,tr3,inf4,1.1455649231248195,0.6129311240126467,0.17600684640100192,0.6564320336207663,1.0,0.41686753480553945,0.8766533243919268,0.22747046841577587,0.40712561879345865,0.2708338024417064,0.22715864538677444,0.0,observed
697,650,0.6173566642150374,0.12292716426025857,0.4917086570410343,1.0,False,True,0.22715864538677444,0.9407772937219763,tr3,inf4,1.1475320631971953,0.6129311240126467,0.17600684640100192,0.6564320336207663,1.0,0.41686753480553945,0.8766533243919268,0.22747046841577587,0.40712561879345865,0.2708338024417064,0.21370569565251973,0.0,observed
698,650,0.6173566642150374,0.12292716426025857,0.4917086570410343,1.0,False,True,0.21370569565251973,0.9407772937219763,tr3,inf4,1.1493626192562447,0.6129311240126467,0.17600684640100192,0.6564320336207663,1.0,0.41686753480553945,0.8766533243919268,0.22747046841577587,0.40712561879345865,0.2708338024417064,0.20104946600894982,0.0,observed
699,650,0.6173566642150374,0.12292716426025857,0.4917086570410343,1.0,False,True,0.20104946600894982,0.9407772937219763,tr3,inf4,1.1510140323552946,0.6129311240126467,0.17600684640100192,0.6564320336207663,1.0,0.41686753480553945,0.8766533243919268,0.22747046841577587,0.40712561879345865,0.2708338024417064,0.18914277253614828,0.0,observed
700,650,0.6173566642150374,0.12292716426025857,0.4917086570410343,1.0,False,True,0.18914277253614828,0.9407772937219763,tr3,inf4,1.1526030674343493,0.6129311240126467,0.17600684640100192,0.6564320336207663,1.0,0.41686753480553945,0.8766533243919268,0.22747046841577587,0.40712561879345865,0.2708338024417064,0.2679412256736289,0.09,observed
701,700,0.0272556507266949,0.003109979170121485,0.01243991668048594,1.0,False,False,0.2679412256736289,0.9975707496082548,tr0,inf5,0.22396869708749229,0.01697256517531796,0.3279976466531123,0.02131055159179956,0.17328682247013064,0.12516063819718612,0.023301717114539735,0.0,0.5468417151497015,0.014216995065397206,0.2672903293461965,0.0,observed
702,700,0.0272556507266949,0.003109979170121485,0.01243991668048594,1.0,False,False,0.2672903293461965,0.9975707496082548,tr0,inf5,0.22349410564524042,0.01697256517531796,0.3279976466531123,0.02131055159179956,0.17328682247013064,0.12516063819718612,0.023301717114539735,0.0,0.5468417151497015,0.014216995065397206,0.26664101420892256,0.0,observed
703,700,0.0272556507266949,0.003109979170121485,0.01243991668048594,1.0,False,False,0.26664101420892256,0.9975707496082548,tr0,inf5,0.22302035921929872,0.01697256517531796,0.3279976466531123,0.02131055159179956,0.17328682247013064,0.12516063819718612,0.023301717114539735,0.0,0.5468417151497015,0.014216995065397206,0.2659932764207002,0.0,observed
704,700,0.0272556507266949,0.003109979170121485,0.01243991668048594,1.0,False,False,0.2659932764207002,0.9975707496082548,tr0,inf5,0.22254745705194498,0.01697256517531796,0.3279976466531123,0.02131055159179956,0.17328682247013064,0.12516063819718612,0.023301717114539735,0.0,0.5468417151497015,0.014216995065397206,0.2653471121497536,0.0,observed
705,700,0.0272556507266949,0.003109979170121485,0.01243991668048594,1.0,False,False,0.2653471121497536,0.9975707496082548,tr0,inf5,0.22207539838233192,0.01697256517531796,0.3279976466531123,0.02131055159179956,0.17328682247013064,0.12516063819718612,0.023301717114539735,0.0,0.5468417151497015,0.014216995065397206,0.26470251757361535,0.0,observed
706,700,0.0272556507266949,0.003109979170121485,0.01243991668048594,1.0,False,False,0.26470251757361535,0.9975707496082548,tr0,inf5,0.22160418244651078,0.01697256517531796,0.3279976466531123,0.02131055159179956,0.17328682247013064,0.12516063819718612,0.023301717114539735,0.0,0.5468417151497015,0.014216995065397206,0.2640594888791037,0.0,observed
707,700,0.0272556507266949,0.003109979170121485,0.01243991668048594,1.0,False,False,0.2640594888791037,0.9975707496082548,tr0,inf5,0.2211338084774541,0.01697256517531796,0.3279976466531123,0.02131055159179956,0.17328682247013064,0.12516063819718612,0.023301717114539735,0.0,0.5468417151497015,0.014216995065397206,0.2634180222623001,0.0,observed
708,700,0.0272556507266949,0.003109979170121485,0.01243991668048594,1.0,False,False,0.2634180222623001,0.9975707496082548,tr0,inf5,0.22066427570507915,0.01697256517531796,0.3279976466531123,0.02131055159179956,0.17328682247013064,0.12516063819718612,0.023301717114539735,0.0,0.5468417151497015,0.014216995065397206,0.2627781139285266,0.0,observed
709,700,0.0272556507266949,0.003109979170121485,0.01243991668048594,1.0,False,False,0.2627781139285266,0.9975707496082548,tr0,inf5,0.2201955833562707,0.01697256517531796,0.3279976466531123,0.02131055159179956,0.17328682247013064,0.12516063819718612,0.023301717114539735,0.0,0.5468417151497015,0.014216995065397206,0.26213976009232365,0.0,observed
710,700,0.0272556507266949,0.003109979170121485,0.01243991668048594,1.0,False,False,0.26213976009232365,0.9975707496082548,tr0,inf5,0.21972773065490417,0.01697256517531796,0.3279976466531123,0.02131055159179956,0.17328682247013064,0.12516063819718612,0.023301717114539735,0.0,0.5468417151497015,0.014216995065397206,0.3515029569774274,0.09,observed
711,700,0.0272556507266949,0.003109979170121485,0.01243991668048594,1.0,False,False,0.3515029569774274,0.9975707496082548,tr0,inf5,0.2824013104274065,0.01697256517531796,0.3279976466531123,0.02131055159179956,0.17328682247013064,0.12516063819718612,0.023301717114539735,0.0,0.5468417151497015,0.014216995065397206,0.3506490682814904,0.0,observed
712,700,0.0272556507266949,0.003109979170121485,0.01243991668048594,1.0,False,False,0.3506490682814904,0.9975707496082548,tr0,inf5,0.2818285631519635,0.01697256517531796,0.3279976466531123,0.02131055159179956,0.17328682247013064,0.12516063819718612,0.023301717114539735,0.0,0.5468417151497015,0.014216995065397206,0.3497972538950025,0.0,observed
713,700,0.0272556507266949,0.003109979170121485,0.01243991668048594,1.0,False,False,0.3497972538950025,0.9975707496082548,tr0,inf5,0.2812567197335149,0.01697256517531796,0.3279976466531123,0.02131055159179956,0.17328682247013064,0.12516063819718612,0.023301717114539735,0.0,0.5468417151497015,0.014216995065397206,0.34894750877894665,0.0,observed
714,700,0.0272556507266949,0.003109979170121485,0.01243991668048594,1.0,False,False,0.34894750877894665,0.9975707496082548,tr0,inf5,0.28068577992854493,0.01697256517531796,0.3279976466531123,0.02131055159179956,0.17328682247013064,0.12516063819718612,0.023301717114539735,0.0,0.5468417151497015,0.014216995065397206,0.34809982790654687,0.0,observed
715,700,0.0272556507266949,0.003109979170121485,0.01243991668048594,1.0,False,False,0.34809982790654687,0.9975707496082548,tr0,inf5,0.28011574348731266,0.01697256517531796,0.3279976466531123,0.02131055159179956,0.17328682247013064,0.12516063819718612,0.023301717114539735,0.0,0.5468417151497015,0.014216995065397206,0.34725420626323844,0.0,observed
716,700,0.0272556507266949,0.003109979170121485,0.01243991668048594,1.0,False,False,0.34725420626323844,0.9975707496082548,tr0,inf5,0.2795466101538836,0.01697256517531796,0.3279976466531123,0.02131055159179956,0.17328682247013064,0.12516063819718612,0.023301717114539735,0.0,0.5468417151497015,0.014216995065397206,0.3464106388466383,0.0,observed
717,700,0.0272556507266949,0.003109979170121485,0.01243991668048594,1.0,False,False,0.3464106388466383,0.9975707496082548,tr0,inf5,0.2789783796661619,0.01697256517531796,0.3279976466531123,0.02131055159179956,0.17328682247013064,0.12516063819718612,0.023301717114539735,0.0,0.5468417151497015,0.014216995065397206,0.3455691206665154,0.0,observed
718,700,0.0272556507266949,0.003109979170121485,0.01243991668048594,1.0,False,False,0.3455691206665154,0.9975707496082548,tr0,inf5,0.27841105175592185,0.01697256517531796,0.3279976466531123,0.02131055159179956,0.17328682247013064,0.12516063819718612,0.023301717114539735,0.0,0.5468417151497015,0.014216995065397206,0.3447296467447612,0.0,observed
719,700,0.0272556507266949,0.003109979170121485,0.01243991668048594,1.0,False,False,0.3447296467447612,0.9975707496082548,tr0,inf5,0.27784462614884015,0.01697256517531796,0.3279976466531123,0.02131055159179956,0.17328682247013064,0.12516063819718612,0.023301717114539735,0.0,0.5468417151497015,0.014216995065397206,0.3438922121153603,0.0,observed
720,700,0.0272556507266949,0.003109979170121485,0.01243991668048594,1.0,False,False,0.3438922121153603,0.9975707496082548,tr0,inf5,0.27727910256452726,0.01697256517531796,0.3279976466531123,0.02131055159179956,0.17328682247013064,0.12516063819718612,0.023301717114539735,0.0,0.5468417151497015,0.014216995065397206,0.43305681182436095,0.09,observed
721,700,0.0272556507266949,0.003109979170121485,0.01243991668048594,1.0,False,False,0.43305681182436095,0.9975707496082548,tr0,inf5,0.3349100969619745,0.01697256517531796,0.3279976466531123,0.02131055159179956,0.17328682247013064,0.12516063819718612,0.023301717114539735,0.0,0.5468417151497015,0.014216995065397206,0.43200480839458866,0.0,observed
722,700,0.0272556507266949,0.003109979170121485,0.01243991668048594,1.0,False,False,0.43200480839458866,0.9975707496082548,tr0,inf5,0.3342596624734497,0.01697256517531796,0.3279976466531123,0.02131055159179956,0.17328682247013064,0.12516063819718612,0.023301717114539735,0.0,0.5468417151497015,0.014216995065397206,0.4309553605445603,0.0,observed
723,700,0.0272556507266949,0.003109979170121485,0.01243991668048594,1.0,False,False,0.4309553605445603,0.9975707496082548,tr0,inf5,0.3336101259270293,0.01697256517531796,0.3279976466531123,0.02131055159179956,0.17328682247013064,0.12516063819718612,0.023301717114539735,0.0,0.5468417151497015,0.014216995065397206,0.4299084620661327,0.0,observed
724,700,0.0272556507266949,0.003109979170121485,0.01243991668048594,1.0,False,False,0.4299084620661327,0.9975707496082548,tr0,inf5,0.33296148773871503,0.01697256517531796,0.3279976466531123,0.02131055159179956,0.17328682247013064,0.12516063819718612,0.023301717114539735,0.0,0.5468417151497015,0.014216995065397206,0.428864106766244,0.0,observed
725,700,0.0272556507266949,0.003109979170121485,0.01243991668048594,1.0,False,False,0.428864106766244,0.9975707496082548,tr0,inf5,0.3323137483153338,0.01697256517531796,0.3279976466531123,0.02131055159179956,0.17328682247013064,0.12516063819718612,0.023301717114539735,0.0,0.5468417151497015,0.014216995065397206,0.4278222884668766,0.0,observed
726,700,0.0272556507266949,0.003109979170121485,0.01243991668048594,1.0,False,False,0.4278222884668766,0.9975707496082548,tr0,inf5,0.33166690805457416,0.01697256517531796,0.3279976466531123,0.02131055159179956,0.17328682247013064,0.12516063819718612,0.023301717114539735,0.0,0.5468417151497015,0.014216995065397206,0.4267830010050211,0.0,observed
727,700,0.0272556507266949,0.003109979170121485,0.01243991668048594,1.0,False,False,0.4267830010050211,0.9975707496082548,tr0,inf5,0.3310209673450219,0.01697256517531796,0.3279976466531123,0.02131055159179956,0.17328682247013064,0.12516063819718612,0.023301717114539735,0.0,0.5468417151497015,0.014216995065397206,0.4257462382326394,0.0,observed
728,700,0.0272556507266949,0.003109979170121485,0.01243991668048594,1.0,False,False,0.4257462382326394,0.9975707496082548,tr0,inf5,0.33037592656619635,0.01697256517531796,0.3279976466531123,0.02131055159179956,0.17328682247013064,0.12516063819718612,0.023301717114539735,0.0,0.5468417151497015,0.014216995065397206,0.4247119940166287,0.0,observed
729,700,0.0272556507266949,0.003109979170121485,0.01243991668048594,1.0,False,False,0.4247119940166287,0.9975707496082548,tr0,inf5,0.3297317860885862,0.01697256517531796,0.3279976466531123,0.02131055159179956,0.17328682247013064,0.12516063819718612,0.023301717114539735,0.0,0.5468417151497015,0.014216995065397206,0.42368026223878485,0.0,observed
730,700,0.0272556507266949,0.003109979170121485,0.01243991668048594,1.0,False,False,0.42368026223878485,0.9975707496082548,tr0,inf5,0.32908854627368567,0.01697256517531796,0.3279976466531123,0.02131055159179956,0.17328682247013064,0.12516063819718612,0.023301717114539735,0.0,0.5468417151497015,0.014216995065397206,0.5126510367957665,0.09,observed
731,700,0.0272556507266949,0.003109979170121485,0.01243991668048594,1.0,False,False,0.5126510367957665,0.9975707496082548,tr0,inf5,0.3821893353135573,0.01697256517531796,0.3279976466531123,0.02131055159179956,0.17328682247013064,0.12516063819718612,0.023301717114539735,0.0,0.5468417151497015,0.014216995065397206,0.5114056790638017,0.0,observed
732,700,0.0272556507266949,0.003109979170121485,0.01243991668048594,1.0,False,False,0.5114056790638017,0.9975707496082548,tr0,inf5,0.381478195180594,0.01697256517531796,0.3279976466531123,0.02131055159179956,0.17328682247013064,0.12516063819718612,0.023301717114539735,0.0,0.5468417151497015,0.014216995065397206,0.5101633466175952,0.0,observed
733,700,0.0272556507266949,0.003109979170121485,0.01243991668048594,1.0,False,False,0.5101633466175952,0.9975707496082548,tr0,inf5,0.38076789963691526,0.01697256517531796,0.3279976466531123,0.02131055159179956,0.17328682247013064,0.12516063819718612,0.023301717114539735,0.0,0.5468417151497015,0.014216995065397206,0.5089240321079703,0.0,observed
734,700,0.0272556507266949,0.003109979170121485,0.01243991668048594,1.0,False,False,0.5089240321079703,0.9975707496082548,tr0,inf5,0.38005844982312387,0.01697256517531796,0.3279976466531123,0.02131055159179956,0.17328682247013064,0.12516063819718612,0.023301717114539735,0.0,0.5468417151497015,0.014216995065397206,0.5076877282036034,0.0,observed
735,700,0.0272556507266949,0.003109979170121485,0.01243991668048594,1.0,False,False,0.5076877282036034,0.9975707496082548,tr0,inf5,0.37934984686815537,0.01697256517531796,0.3279976466531123,0.02131055159179956,0.17328682247013064,0.12516063819718612,0.023301717114539735,0.0,0.5468417151497015,0.014216995065397206,0.5064544275909806,0.0,observed
736,700,0.0272556507266949,0.003109979170121485,0.01243991668048594,1.0,False,False,0.5064544275909806,0.9975707496082548,tr0,inf5,0.3786420918893129,0.01697256517531796,0.3279976466531123,0.02131055159179956,0.17328682247013064,0.12516063819718612,0.023301717114539735,0.0,0.5468417151497015,0.014216995065397206,0.505224122974354,0.0,observed
737,700,0.0272556507266949,0.003109979170121485,0.01243991668048594,1.0,False,False,0.505224122974354,0.9975707496082548,tr0,inf5,0.37793518599230225,0.01697256517531796,0.3279976466531123,0.02131055159179956,0.17328682247013064,0.12516063819718612,0.023301717114539735,0.0,0.5468417151497015,0.014216995065397206,0.5039968070756995,0.0,observed
738,700,0.0272556507266949,0.003109979170121485,0.01243991668048594,1.0,False,False,0.5039968070756995,0.9975707496082548,tr0,inf5,0.37722913027126714,0.01697256517531796,0.3279976466531123,0.02131055159179956,0.17328682247013064,0.12516063819718612,0.023301717114539735,0.0,0.5468417151497015,0.014216995065397206,0.5027724726346725,0.0,observed
739,700,0.0272556507266949,0.003109979170121485,0.01243991668048594,1.0,False,False,0.5027724726346725,0.9975707496082548,tr0,inf5,0.37652392580882377,0.01697256517531796,0.3279976466531123,0.02131055159179956,0.17328682247013064,0.12516063819718612,0.023301717114539735,0.0,0.5468417151497015,0.014216995065397206,0.501551112408566,0.0,observed
740,700,0.0272556507266949,0.003109979170121485,0.01243991668048594,1.0,False,False,0.501551112408566,0.9975707496082548,tr0,inf5,0.37581957367609675,0.01697256517531796,0.3279976466531123,0.02131055159179956,0.17328682247013064,0.12516063819718612,0.023301717114539735,0.0,0.5468417151497015,0.014216995065397206,0.5903327191722672,0.09,observed
741,700,0.0272556507266949,0.003109979170121485,0.01243991668048594,1.0,False,False,0.5903327191722672,0.9975707496082548,tr0,inf5,0.42484238259655976,0.01697256517531796,0.3279976466531123,0.02131055159179956,0.17328682247013064,0.12516063819718612,0.023301717114539735,0.0,0.5468417151497015,0.014216995065397206,0.5888986531829579,0.0,observed
742,700,0.0272556507266949,0.003109979170121485,0.01243991668048594,1.0,False,False,0.5888986531829579,0.9975707496082548,tr0,inf5,0.4240846177329558,0.01697256517531796,0.3279976466531123,0.02131055159179956,0.17328682247013064,0.12516063819718612,0.023301717114539735,0.0,0.5468417151497015,0.014216995065397206,0.5874680708990149,0.0,observed
743,700,0.0272556507266949,0.003109979170121485,0.01243991668048594,1.0,False,False,0.5874680708990149,0.9975707496082548,tr0,inf5,0.42332761016619813,0.01697256517531796,0.3279976466531123,0.02131055159179956,0.17328682247013064,0.12516063819718612,0.023301717114539735,0.0,0.5468417151497015,0.014216995065397206,0.5860409638576456,0.0,observed
744,700,0.0272556507266949,0.003109979170121485,0.01243991668048594,1.0,False,False,0.5860409638576456,0.9975707496082548,tr0,inf5,0.42257136177080745,0.01697256517531796,0.3279976466531123,0.02131055159179956,0.17328682247013064,0.12516063819718612,0.023301717114539735,0.0,0.5468417151497015,0.014216995065397206,0.5846173236166157,0.0,observed
745,700,0.0272556507266949,0.003109979170121485,0.01243991668048594,1.0,False,False,0.5846173236166157,0.9975707496082548,tr0,inf5,0.4218158744077582,0.01697256517531796,0.3279976466531123,0.02131055159179956,0.17328682247013064,0.12516063819718612,0.023301717114539735,0.0,0.5468417151497015,0.014216995065397206,0.5831971417541989,0.0,observed
746,700,0.0272556507266949,0.003109979170121485,0.01243991668048594,1.0,False,False,0.5831971417541989,0.9975707496082548,tr0,inf5,0.4210611499245079,0.01697256517531796,0.3279976466531123,0.02131055159179956,0.17328682247013064,0.12516063819718612,0.023301717114539735,0.0,0.5468417151497015,0.014216995065397206,0.5817804098691278,0.0,observed
747,700,0.0272556507266949,0.003109979170121485,0.01243991668048594,1.0,False,False,0.5817804098691278,0.9975707496082548,tr0,inf5,0.42030719015502616,0.01697256517531796,0.3279976466531123,0.02131055159179956,0.17328682247013064,0.12516063819718612,0.023301717114539735,0.0,0.5468417151497015,0.014216995065397206,0.5803671195805435,0.0,observed
748,700,0.0272556507266949,0.003109979170121485,0.01243991668048594,1.0,False,False,0.5803671195805435,0.9975707496082548,tr0,inf5,0.4195539969198241,0.01697256517531796,0.3279976466531123,0.02131055159179956,0.17328682247013064,0.12516063819718612,0.023301717114539735,0.0,0.5468417151497015,0.014216995065397206,0.5789572625279464,0.0,observed
749,700,0.0272556507266949,0.003109979170121485,0.01243991668048594,1.0,False,False,0.5789572625279464,0.9975707496082548,tr0,inf5,0.41880157202598384,0.01697256517531796,0.3279976466531123,0.02131055159179956,0.17328682247013064,0.12516063819718612,0.023301717114539735,0.0,0.5468417151497015,0.014216995065397206,0.5775508303711466,0.0,observed
750,700,0.0272556507266949,0.003109979170121485,0.01243991668048594,1.0,False,False,0.5775508303711466,0.9975707496082548,tr0,inf5,0.41804991726718777,0.01697256517531796,0.3279976466531123,0.02131055159179956,0.17328682247013064,0.12516063819718612,0.023301717114539735,0.0,0.5468417151497015,0.014216995065397206,0.6661478147902147,0.09,observed
751,750,0.04274189601268307,0.005979501800292102,0.023918007201168406,1.0,False,False,0.6661478147902147,0.996102288174962,tr0,inf5,0.4608898139599658,0.026485330571691914,0.30632549908433765,0.019957546318720265,0.22621457461764435,0.14830772342876725,0.025589709438605626,0.0019792099253277077,0.5453667774868952,0.013570546984345722,0.6635513625752837,0.0,observed
752,750,0.04274189601268307,0.005979501800292102,0.023918007201168406,1.0,False,False,0.6635513625752837,0.996102288174962,tr0,inf5,0.45962415085209646,0.026485330571691914,0.30632549908433765,0.019957546318720265,0.22621457461764435,0.14830772342876725,0.025589709438605626,0.0019792099253277077,0.5453667774868952,0.013570546984345722,0.6609650305828539,0.0,observed
753,750,0.04274189601268307,0.005979501800292102,0.023918007201168406,1.0,False,False,0.6609650305828539,0.996102288174962,tr0,inf5,0.45836014965474076,0.026485330571691914,0.30632549908433765,0.019957546318720265,0.22621457461764435,0.14830772342876725,0.025589709438605626,0.0019792099253277077,0.5453667774868952,0.013570546984345722,0.6583887793672146,0.0,observed
754,750,0.04274189601268307,0.005979501800292102,0.023918007201168406,1.0,False,False,0.6583887793672146,0.996102288174962,tr0,inf5,0.4570978209358794,0.026485330571691914,0.30632549908433765,0.019957546318720265,0.22621457461764435,0.14830772342876725,0.025589709438605626,0.0019792099253277077,0.5453667774868952,0.013570546984345722,0.6558225696364027,0.0,observed
755,750,0.04274189601268307,0.005979501800292102,0.023918007201168406,1.0,False,False,0.6558225696364027,0.996102288174962,tr0,inf5,0.4558371751661167,0.026485330571691914,0.30632549908433765,0.019957546318720265,0.22621457461764435,0.14830772342876725,0.025589709438605626,0.0019792099253277077,0.5453667774868952,0.013570546984345722,0.6532663622516042,0.0,observed
756,750,0.04274189601268307,0.005979501800292102,0.023918007201168406,1.0,False,False,0.6532663622516042,0.996102288174962,tr0,inf5,0.4545782227188854,0.026485330571691914,0.30632549908433765,0.019957546318720265,0.22621457461764435,0.14830772342876725,0.025589709438605626,0.0019792099253277077,0.5453667774868952,0.013570546984345722,0.6507201182265566,0.0,observed
757,750,0.04274189601268307,0.005979501800292102,0.023918007201168406,1.0,False,False,0.6507201182265566,0.996102288174962,tr0,inf5,0.45332097387065573,0.026485330571691914,0.30632549908433765,0.019957546318720265,0.22621457461764435,0.14830772342876725,0.025589709438605626,0.0019792099253277077,0.5453667774868952,0.013570546984345722,0.6481837987269549,0.0,observed
758,750,0.04274189601268307,0.005979501800292102,0.023918007201168406,1.0,False,False,0.6481837987269549,0.996102288174962,tr0,inf5,0.4520654388011484,0.026485330571691914,0.30632549908433765,0.019957546318720265,0.22621457461764435,0.14830772342876725,0.025589709438605626,0.0019792099253277077,0.5453667774868952,0.013570546984345722,0.6456573650698588,0.0,observed
759,750,0.04274189601268307,0.005979501800292102,0.023918007201168406,1.0,False,False,0.6456573650698588,0.996102288174962,tr0,inf5,0.45081162759355226,0.026485330571691914,0.30632549908433765,0.019957546318720265,0.22621457461764435,0.14830772342876725,0.025589709438605626,0.0019792099253277077,0.5453667774868952,0.013570546984345722,0.6431407787231032,0.0,observed
760,750,0.04274189601268307,0.005979501800292102,0.023918007201168406,1.0,False,False,0.6431407787231032,0.996102288174962,tr0,inf5,0.4495595502347456,0.026485330571691914,0.30632549908433765,0.019957546318720265,0.22621457461764435,0.14830772342876725,0.025589709438605626,0.0019792099253277077,0.5453667774868952,0.013570546984345722,0.73063400130471,0.09,observed
761,750,0.04274189601268307,0.005979501800292102,0.023918007201168406,1.0,False,False,0.73063400130471,0.996102288174962,tr0,inf5,0.4912925590040311,0.026485330571691914,0.30632549908433765,0.019957546318720265,0.22621457461764435,0.14830772342876725,0.025589709438605626,0.0019792099253277077,0.5453667774868952,0.013570546984345722,0.7277862005180499,0.0,observed
762,750,0.04274189601268307,0.005979501800292102,0.023918007201168406,1.0,False,False,0.7277862005180499,0.996102288174962,tr0,inf5,0.4899909036708505,0.026485330571691914,0.30632549908433765,0.019957546318720265,0.22621457461764435,0.14830772342876725,0.025589709438605626,0.0019792099253277077,0.5453667774868952,0.013570546984345722,0.7249494996381912,0.0,observed
763,750,0.04274189601268307,0.005979501800292102,0.023918007201168406,1.0,False,False,0.7249494996381912,0.996102288174962,tr0,inf5,0.48869063136550045,0.026485330571691914,0.30632549908433765,0.019957546318720265,0.22621457461764435,0.14830772342876725,0.025589709438605626,0.0019792099253277077,0.5453667774868952,0.013570546984345722,0.7221238554008961,0.0,observed
764,750,0.04274189601268307,0.005979501800292102,0.023918007201168406,1.0,False,False,0.7221238554008961,0.996102288174962,tr0,inf5,0.4873917550078559,0.026485330571691914,0.30632549908433765,0.019957546318720265,0.22621457461764435,0.14830772342876725,0.025589709438605626,0.0019792099253277077,0.5453667774868952,0.013570546984345722,0.719309224710558,0.0,observed
765,750,0.04274189601268307,0.005979501800292102,0.023918007201168406,1.0,False,False,0.719309224710558,0.996102288174962,tr0,inf5,0.4860942874169844,0.026485330571691914,0.30632549908433765,0.019957546318720265,0.22621457461764435,0.14830772342876725,0.025589709438605626,0.0019792099253277077,0.5453667774868952,0.013570546984345722,0.7165055646395448,0.0,observed
766,750,0.04274189601268307,0.005979501800292102,0.023918007201168406,1.0,False,False,0.7165055646395448,0.996102288174962,tr0,inf5,0.4847982413112302,0.026485330571691914,0.30632549908433765,0.019957546318720265,0.22621457461764435,0.14830772342876725,0.025589709438605626,0.0019792099253277077,0.5453667774868952,0.013570546984345722,0.7137128324275438,0.0,observed
767,750,0.04274189601268307,0.005979501800292102,0.023918007201168406,1.0,False,False,0.7137128324275438,0.996102288174962,tr0,inf5,0.48350362930830487,0.026485330571691914,0.30632549908433765,0.019957546318720265,0.22621457461764435,0.14830772342876725,0.025589709438605626,0.0019792099253277077,0.5453667774868952,0.013570546984345722,0.7109309854809096,0.0,observed
768,750,0.04274189601268307,0.005979501800292102,0.023918007201168406,1.0,False,False,0.7109309854809096,0.996102288174962,tr0,inf5,0.4822104639253827,0.026485330571691914,0.30632549908433765,0.019957546318720265,0.22621457461764435,0.14830772342876725,0.025589709438605626,0.0019792099253277077,0.5453667774868952,0.013570546984345722,0.7081599813720147,0.0,observed
769,750,0.04274189601268307,0.005979501800292102,0.023918007201168406,1.0,False,False,0.7081599813720147,0.996102288174962,tr0,inf5,0.4809187575792027,0.026485330571691914,0.30632549908433765,0.019957546318720265,0.22621457461764435,0.14830772342876725,0.025589709438605626,0.0019792099253277077,0.5453667774868952,0.013570546984345722,0.7053997778386024,0.0,observed
770,750,0.04274189601268307,0.005979501800292102,0.023918007201168406,1.0,False,False,0.7053997778386024,0.996102288174962,tr0,inf5,0.4796285225861758,0.026485330571691914,0.30632549908433765,0.019957546318720265,0.22621457461764435,0.14830772342876725,0.025589709438605626,0.0019792099253277077,0.5453667774868952,0.013570546984345722,0.7926503327831417,0.09,observed
771,750,0.04274189601268307,0.005979501800292102,0.023918007201168406,1.0,False,False,0.7926503327831417,0.996102288174962,tr0,inf5,0.5187384193155008,0.026485330571691914,0.30632549908433765,0.019957546318720265,0.22621457461764435,0.14830772342876725,0.025589709438605626,0.0019792099253277077,0.5453667774868952,0.013570546984345722,0.7895608102079326,0.0,observed
772,750,0.04274189601268307,0.005979501800292102,0.023918007201168406,1.0,False,False,0.7895608102079326,0.996102288174962,tr0,inf5,0.5174110342285756,0.026485330571691914,0.30632549908433765,0.019957546318720265,0.22621457461764435,0.14830772342876725,0.025589709438605626,0.0019792099253277077,0.5453667774868952,0.013570546984345722,0.7864833297013986,0.0,observed
773,750,0.04274189601268307,0.005979501800292102,0.023918007201168406,1.0,False,False,0.7864833297013986,0.996102288174962,tr0,inf5,0.5160847395774079,0.026485330571691914,0.30632549908433765,0.019957546318720265,0.22621457461764435,0.14830772342876725,0.025589709438605626,0.0019792099253277077,0.5453667774868952,0.013570546984345722,0.7834178443270262,0.0,observed
774,750,0.04274189601268307,0.005979501800292102,0.023918007201168406,1.0,False,False,0.7834178443270262,0.996102288174962,tr0,inf5,0.5147595503931969,0.026485330571691914,0.30632549908433765,0.019957546318720265,0.22621457461764435,0.14830772342876725,0.025589709438605626,0.0019792099253277077,0.5453667774868952,0.013570546984345722,0.7803643073312471,0.0,observed
775,750,0.04274189601268307,0.005979501800292102,0.023918007201168406,1.0,False,False,0.7803643073312471,0.996102288174962,tr0,inf5,0.5134354816060264,0.026485330571691914,0.30632549908433765,0.019957546318720265,0.22621457461764435,0.14830772342876725,0.025589709438605626,0.0019792099253277077,0.5453667774868952,0.013570546984345722,0.7773226721427245,0.0,observed
776,750,0.04274189601268307,0.005979501800292102,0.023918007201168406,1.0,False,False,0.7773226721427245,0.996102288174962,tr0,inf5,0.5121125480448117,0.026485330571691914,0.30632549908433765,0.019957546318720265,0.22621457461764435,0.14830772342876725,0.025589709438605626,0.0019792099253277077,0.5453667774868952,0.013570546984345722,0.7742928923716438,0.0,observed
777,750,0.04274189601268307,0.005979501800292102,0.023918007201168406,1.0,False,False,0.7742928923716438,0.996102288174962,tr0,inf5,0.5107907644372537,0.026485330571691914,0.30632549908433765,0.019957546318720265,0.22621457461764435,0.14830772342876725,0.025589709438605626,0.0019792099253277077,0.5453667774868952,0.013570546984345722,0.771274921809004,0.0,observed
778,750,0.04274189601268307,0.005979501800292102,0.023918007201168406,1.0,False,False,0.771274921809004,0.996102288174962,tr0,inf5,0.5094701454097998,0.026485330571691914,0.30632549908433765,0.019957546318720265,0.22621457461764435,0.14830772342876725,0.025589709438605626,0.0019792099253277077,0.5453667774868952,0.013570546984345722,0.7682687144259138,0.0,observed
779,750,0.04274189601268307,0.005979501800292102,0.023918007201168406,1.0,False,False,0.7682687144259138,0.996102288174962,tr0,inf5,0.5081507054876129,0.026485330571691914,0.30632549908433765,0.019957546318720265,0.22621457461764435,0.14830772342876725,0.025589709438605626,0.0019792099253277077,0.5453667774868952,0.013570546984345722,0.7652742243728893,0.0,observed
780,750,0.04274189601268307,0.005979501800292102,0.023918007201168406,1.0,False,False,0.7652742243728893,0.996102288174962,tr0,inf5,0.5068324590945461,0.026485330571691914,0.30632549908433765,0.019957546318720265,0.22621457461764435,0.14830772342876725,0.025589709438605626,0.0019792099253277077,0.5453667774868952,0.013570546984345722,0.8522914059791543,0.09,observed
781,750,0.04274189601268307,0.005979501800292102,0.023918007201168406,1.0,False,False,0.8522914059791543,0.996102288174962,tr0,inf5,0.5435750927735935,0.026485330571691914,0.30632549908433765,0.019957546318720265,0.22621457461764435,0.14830772342876725,0.025589709438605626,0.0019792099253277077,0.5453667774868952,0.013570546984345722,0.8489694196876911,0.0,observed
782,750,0.04274189601268307,0.005979501800292102,0.023918007201168406,1.0,False,False,0.8489694196876911,0.996102288174962,tr0,inf5,0.5422303100722621,0.026485330571691914,0.30632549908433765,0.019957546318720265,0.22621457461764435,0.14830772342876725,0.025589709438605626,0.0019792099253277077,0.5453667774868952,0.013570546984345722,0.8456603815414788,0.0,observed
783,750,0.04274189601268307,0.005979501800292102,0.023918007201168406,1.0,False,False,0.8456603815414788,0.996102288174962,tr0,inf5,0.5408863203155275,0.026485330571691914,0.30632549908433765,0.019957546318720265,0.22621457461764435,0.14830772342876725,0.025589709438605626,0.0019792099253277077,0.5453667774868952,0.013570546984345722,0.8423642410723785,0.0,observed
784,750,0.04274189601268307,0.005979501800292102,0.023918007201168406,1.0,False,False,0.8423642410723785,0.996102288174962,tr0,inf5,0.5395431403937035,0.026485330571691914,0.30632549908433765,0.019957546318720265,0.22621457461764435,0.14830772342876725,0.025589709438605626,0.0019792099253277077,0.5453667774868952,0.013570546984345722,0.8390809480089616,0.0,observed
785,750,0.04274189601268307,0.005979501800292102,0.023918007201168406,1.0,False,False,0.8390809480089616,0.996102288174962,tr0,inf5,0.5382007870983883,0.026485330571691914,0.30632549908433765,0.019957546318720265,0.22621457461764435,0.14830772342876725,0.025589709438605626,0.0019792099253277077,0.5453667774868952,0.013570546984345722,0.835810452275743,0.0,observed
786,750,0.04274189601268307,0.005979501800292102,0.023918007201168406,1.0,False,False,0.835810452275743,0.996102288174962,tr0,inf5,0.5368592771222631,0.026485330571691914,0.30632549908433765,0.019957546318720265,0.22621457461764435,0.14830772342876725,0.025589709438605626,0.0019792099253277077,0.5453667774868952,0.013570546984345722,0.8325527039924175,0.0,observed
787,750,0.04274189601268307,0.005979501800292102,0.023918007201168406,1.0,False,False,0.8325527039924175,0.996102288174962,tr0,inf5,0.5355186270589,0.026485330571691914,0.30632549908433765,0.019957546318720265,0.22621457461764435,0.14830772342876725,0.025589709438605626,0.0019792099253277077,0.5453667774868952,0.013570546984345722,0.829307653473099,0.0,observed
788,750,0.04274189601268307,0.005979501800292102,0.023918007201168406,1.0,False,False,0.829307653473099,0.996102288174962,tr0,inf5,0.534178853402578,0.026485330571691914,0.30632549908433765,0.019957546318720265,0.22621457461764435,0.14830772342876725,0.025589709438605626,0.0019792099253277077,0.5453667774868952,0.013570546984345722,0.8260752512255624,0.0,observed
789,750,0.04274189601268307,0.005979501800292102,0.023918007201168406,1.0,False,False,0.8260752512255624,0.996102288174962,tr0,inf5,0.5328399725481062,0.026485330571691914,0.30632549908433765,0.019957546318720265,0.22621457461764435,0.14830772342876725,0.025589709438605626,0.0019792099253277077,0.5453667774868952,0.013570546984345722,0.8228554479504893,0.0,observed
790,750,0.04274189601268307,0.005979501800292102,0.023918007201168406,1.0,False,False,0.8228554479504893,0.996102288174962,tr0,inf5,0.5315020007906587,0.026485330571691914,0.30632549908433765,0.019957546318720265,0.22621457461764435,0.14830772342876725,0.025589709438605626,0.0019792099253277077,0.5453667774868952,0.013570546984345722,0.9096481945407157,0.09,observed
791,750,0.04274189601268307,0.005979501800292102,0.023918007201168406,1.0,False,False,0.9096481945407157,0.996102288174962,tr0,inf5,0.5661030703906654,0.026485330571691914,0.30632549908433765,0.019957546318720265,0.22621457461764435,0.14830772342876725,0.025589709438605626,0.0019792099253277077,0.5453667774868952,0.013570546984345722,0.9061026480162299,0.0,observed
792,750,0.04274189601268307,0.005979501800292102,0.023918007201168406,1.0,False,False,0.9061026480162299,0.996102288174962,tr0,inf5,0.5647476428585975,0.026485330571691914,0.30632549908433765,0.019957546318720265,0.22621457461764435,0.14830772342876725,0.025589709438605626,0.0019792099253277077,0.5453667774868952,0.013570546984345722,0.9025709210103589,0.0,observed
793,750,0.04274189601268307,0.005979501800292102,0.023918007201168406,1.0,False,False,0.9025709210103589,0.996102288174962,tr0,inf5,0.5633927122639238,0.026485330571691914,0.30632549908433765,0.019957546318720265,0.22621457461764435,0.14830772342876725,0.025589709438605626,0.0019792099253277077,0.5453667774868952,0.013570546984345722,0.8990529596586013,0.0,observed
794,750,0.04274189601268307,0.005979501800292102,0.023918007201168406,1.0,False,False,0.8990529596586013,0.996102288174962,tr0,inf5,0.5620382971054276,0.026485330571691914,0.30632549908433765,0.019957546318720265,0.22621457461764435,0.14830772342876725,0.025589709438605626,0.0019792099253277077,0.5453667774868952,0.013570546984345722,0.8955487103064046,0.0,observed
795,750,0.04274189601268307,0.005979501800292102,0.023918007201168406,1.0,False,False,0.8955487103064046,0.996102288174962,tr0,inf5,0.5606844157878551,0.026485330571691914,0.30632549908433765,0.019957546318720265,0.22621457461764435,0.14830772342876725,0.025589709438605626,0.0019792099253277077,0.5453667774868952,0.013570546984345722,0.8920581195083458,0.0,observed
796,750,0.04274189601268307,0.005979501800292102,0.023918007201168406,1.0,False,False,0.8920581195083458,0.996102288174962,tr0,inf5,0.5593310866215625,0.026485330571691914,0.30632549908433765,0.019957546318720265,0.22621457461764435,0.14830772342876725,0.025589709438605626,0.0019792099253277077,0.5453667774868952,0.013570546984345722,0.888581134027317,0.0,observed
797,750,0.04274189601268307,0.005979501800292102,0.023918007201168406,1.0,False,False,0.888581134027317,0.996102288174962,tr0,inf5,0.5579783278221714,0.026485330571691914,0.30632549908433765,0.019957546318720265,0.22621457461764435,0.14830772342876725,0.025589709438605626,0.0019792099253277077,0.5453667774868952,0.013570546984345722,0.8851177008337131,0.0,observed
798,750,0.04274189601268307,0.005979501800292102,0.023918007201168406,1.0,False,False,0.8851177008337131,0.996102288174962,tr0,inf5,0.5566261575102343,0.026485330571691914,0.30632549908433765,0.019957546318720265,0.22621457461764435,0.14830772342876725,0.025589709438605626,0.0019792099253277077,0.5453667774868952,0.013570546984345722,0.8816677671046231,0.0,observed
799,750,0.04274189601268307,0.005979501800292102,0.023918007201168406,1.0,False,False,0.8816677671046231,0.996102288174962,tr0,inf5,0.5552745937109097,0.026485330571691914,0.30632549908433765,0.019957546318720265,0.22621457461764435,0.14830772342876725,0.025589709438605626,0.0019792099253277077,0.5453667774868952,0.013570546984345722,0.8782312802230247,0.0,observed
800,750,0.04274189601268307,0.005979501800292102,0.023918007201168406,1.0,False,False,0.8782312802230247,0.996102288174962,tr0,inf5,0.5539236543536462,0.026485330571691914,0.30632549908433765,0.019957546318720265,0.22621457461764435,0.14830772342876725,0.025589709438605626,0.0019792099253277077,0.5453667774868952,0.013570546984345722,0.9648081877769811,0.09,observed
801,800,0.019546086001849042,0.0012436366559075566,0.004974546623630226,1.0,False,False,0.9648081877769811,0.9983368221873794,tr0,inf5,0.5913643842680945,0.010723915643620567,0.35631111043129227,0.01465253744287537,0.11287895324105542,0.12391649184455802,0.00973251584447677,0.0033427550781634638,0.5197723977241496,0.013057058175576917,0.9632035402056357,0.0,observed
802,800,0.019546086001849042,0.0012436366559075566,0.004974546623630226,1.0,False,False,0.9632035402056357,0.9983368221873794,tr0,inf5,0.5907797001603557,0.010723915643620567,0.35631111043129227,0.01465253744287537,0.11287895324105542,0.12391649184455802,0.00973251584447677,0.0033427550781634638,0.5197723977241496,0.013057058175576917,0.961601561448528,0.0,observed
803,800,0.019546086001849042,0.0012436366559075566,0.004974546623630226,1.0,False,False,0.961601561448528,0.9983368221873794,tr0,inf5,0.5901950518632001,0.010723915643620567,0.35631111043129227,0.01465253744287537,0.11287895324105542,0.12391649184455802,0.00973251584447677,0.0033427550781634638,0.5197723977241496,0.013057058175576917,0.9600022470669455,0.0,observed
804,800,0.019546086001849042,0.0012436366559075566,0.004974546623630226,1.0,False,False,0.9600022470669455,0.9983368221873794,tr0,inf5,0.5896104409333561,0.010723915643620567,0.35631111043129227,0.01465253744287537,0.11287895324105542,0.12391649184455802,0.00973251584447677,0.0033427550781634638,0.5197723977241496,0.013057058175576917,0.9584055926295578,0.0,observed
805,800,0.019546086001849042,0.0012436366559075566,0.004974546623630226,1.0,False,False,0.9584055926295578,0.9983368221873794,tr0,inf5,0.589025868924661,0.010723915643620567,0.35631111043129227,0.01465253744287537,0.11287895324105542,0.12391649184455802,0.00973251584447677,0.0033427550781634638,0.5197723977241496,0.013057058175576917,0.9568115937124049,0.0,observed
806,800,0.019546086001849042,0.0012436366559075566,0.004974546623630226,1.0,False,False,0.9568115937124049,0.9983368221873794,tr0,inf5,0.5884413373880533,0.010723915643620567,0.35631111043129227,0.01465253744287537,0.11287895324105542,0.12391649184455802,0.00973251584447677,0.0033427550781634638,0.5197723977241496,0.013057058175576917,0.9552202458988842,0.0,observed
807,800,0.019546086001849042,0.0012436366559075566,0.004974546623630226,1.0,False,False,0.9552202458988842,0.9983368221873794,tr0,inf5,0.5878568478715652,0.010723915643620567,0.35631111043129227,0.01465253744287537,0.11287895324105542,0.12391649184455802,0.00973251584447677,0.0033427550781634638,0.5197723977241496,0.013057058175576917,0.9536315447797392,0.0,observed
808,800,0.019546086001849042,0.0012436366559075566,0.004974546623630226,1.0,False,False,0.9536315447797392,0.9983368221873794,tr0,inf5,0.5872724019203158,0.010723915643620567,0.35631111043129227,0.01465253744287537,0.11287895324105542,0.12391649184455802,0.00973251584447677,0.0033427550781634638,0.5197723977241496,0.013057058175576917,0.9520454859530465,0.0,observed
809,800,0.019546086001849042,0.0012436366559075566,0.004974546623630226,1.0,False,False,0.9520454859530465,0.9983368221873794,tr0,inf5,0.5866880010765037,0.010723915643620567,0.35631111043129227,0.01465253744287537,0.11287895324105542,0.12391649184455802,0.00973251584447677,0.0033427550781634638,0.5197723977241496,0.013057058175576917,0.9504620650242038,0.0,observed
810,800,0.019546086001849042,0.0012436366559075566,0.004974546623630226,1.0,False,False,0.9504620650242038,0.9983368221873794,tr0,inf5,0.586103646879399,0.010723915643620567,0.35631111043129227,0.01465253744287537,0.11287895324105542,0.12391649184455802,0.00973251584447677,0.0033427550781634638,0.5197723977241496,0.013057058175576917,1.038881277605918,0.09,observed
811,800,0.019546086001849042,0.0012436366559075566,0.004974546623630226,1.0,False,False,1.038881277605918,0.9983368221873794,tr0,inf5,0.6173580848197133,0.010723915643620567,0.35631111043129227,0.01465253744287537,0.11287895324105542,0.12391649184455802,0.00973251584447677,0.0033427550781634638,0.5197723977241496,0.013057058175576917,1.037153433315057,0.0,observed
812,800,0.019546086001849042,0.0012436366559075566,0.004974546623630226,1.0,False,False,1.037153433315057,0.9983368221873794,tr0,inf5,0.616773424723435,0.010723915643620567,0.35631111043129227,0.01465253744287537,0.11287895324105542,0.12391649184455802,0.00973251584447677,0.0033427550781634638,0.5197723977241496,0.013057058175576917,1.035428462736484,0.0,observed
813,800,0.019546086001849042,0.0012436366559075566,0.004974546623630226,1.0,False,False,1.035428462736484,0.9983368221873794,tr0,inf5,0.6161887284679728,0.010723915643620567,0.35631111043129227,0.01465253744287537,0.11287895324105542,0.12391649184455802,0.00973251584447677,0.0033427550781634638,0.5197723977241496,0.013057058175576917,1.033706361090705,0.0,observed
814,800,0.019546086001849042,0.0012436366559075566,0.004974546623630226,1.0,False,False,1.033706361090705,0.9983368221873794,tr0,inf5,0.6156039977300426,0.010723915643620567,0.35631111043129227,0.01465253744287537,0.11287895324105542,0.12391649184455802,0.00973251584447677,0.0033427550781634638,0.5197723977241496,0.013057058175576917,1.0319871236061742,0.0,observed
815,800,0.019546086001849042,0.0012436366559075566,0.004974546623630226,1.0,False,False,1.0319871236061742,0.9983368221873794,tr0,inf5,0.6150192341838647,0.010723915643620567,0.35631111043129227,0.01465253744287537,0.11287895324105542,0.12391649184455802,0.00973251584447677,0.0033427550781634638,0.5197723977241496,0.013057058175576917,1.0302707455192823,0.0,observed
816,800,0.019546086001849042,0.0012436366559075566,0.004974546623630226,1.0,False,False,1.0302707455192823,0.9983368221873794,tr0,inf5,0.6144344395011534,0.010723915643620567,0.35631111043129227,0.01465253744287537,0.11287895324105542,0.12391649184455802,0.00973251584447677,0.0033427550781634638,0.5197723977241496,0.013057058175576917,1.0285572220743426,0.0,observed
817,800,0.019546086001849042,0.0012436366559075566,0.004974546623630226,1.0,False,False,1.0285572220743426,0.9983368221873794,tr0,inf5,0.6138496153511062,0.010723915643620567,0.35631111043129227,0.01465253744287537,0.11287895324105542,0.12391649184455802,0.00973251584447677,0.0033427550781634638,0.5197723977241496,0.013057058175576917,1.0268465485235778,0.0,observed
818,800,0.019546086001849042,0.0012436366559075566,0.004974546623630226,1.0,False,False,1.0268465485235778,0.9983368221873794,tr0,inf5,0.6132647634003944,0.010723915643620567,0.35631111043129227,0.01465253744287537,0.11287895324105542,0.12391649184455802,0.00973251584447677,0.0033427550781634638,0.5197723977241496,0.013057058175576917,1.0251387201271074,0.0,observed
819,800,0.019546086001849042,0.0012436366559075566,0.004974546623630226,1.0,False,False,1.0251387201271074,0.9983368221873794,tr0,inf5,0.612679885313153,0.010723915643620567,0.35631111043129227,0.01465253744287537,0.11287895324105542,0.12391649184455802,0.00973251584447677,0.0033427550781634638,0.5197723977241496,0.013057058175576917,1.0234337321529337,0.0,observed
820,800,0.019546086001849042,0.0012436366559075566,0.004974546623630226,1.0,False,False,1.0234337321529337,0.9983368221873794,tr0,inf5,0.6120949827509692,0.010723915643620567,0.35631111043129227,0.01465253744287537,0.11287895324105542,0.12391649184455802,0.00973251584447677,0.0033427550781634638,0.5197723977241496,0.013057058175576917,1.1117315798769294,0.09,observed
821,800,0.019546086001849042,0.0012436366559075566,0.004974546623630226,1.0,False,False,1.1117315798769294,0.9983368221873794,tr0,inf5,0.6411118111634944,0.010723915643620567,0.35631111043129227,0.01465253744287537,0.11287895324105542,0.12391649184455802,0.00973251584447677,0.0033427550781634638,0.5197723977241496,0.013057058175576917,1.1098825725796884,0.0,observed
822,800,0.019546086001849042,0.0012436366559075566,0.004974546623630226,1.0,False,False,1.1098825725796884,0.9983368221873794,tr0,inf5,0.6405300760074761,0.010723915643620567,0.35631111043129227,0.01465253744287537,0.11287895324105542,0.12391649184455802,0.00973251584447677,0.0033427550781634638,0.5197723977241496,0.013057058175576917,1.1080366405103597,0.0,observed
823,800,0.019546086001849042,0.0012436366559075566,0.004974546623630226,1.0,False,False,1.1080366405103597,0.9983368221873794,tr0,inf5,0.6399482344384214,0.010723915643620567,0.35631111043129227,0.01465253744287537,0.11287895324105542,0.12391649184455802,0.00973251584447677,0.0033427550781634638,0.5197723977241496,0.013057058175576917,1.1061937785542921,0.0,observed
824,800,0.019546086001849042,0.0012436366559075566,0.004974546623630226,1.0,False,False,1.1061937785542921,0.9983368221873794,tr0,inf5,0.6393662882249953,0.010723915643620567,0.35631111043129227,0.01465253744287537,0.11287895324105542,0.12391649184455802,0.00973251584447677,0.0033427550781634638,0.5197723977241496,0.013057058175576917,1.1043539816053416,0.0,observed
825,800,0.019546086001849042,0.0012436366559075566,0.004974546623630226,1.0,False,False,1.1043539816053416,0.9983368221873794,tr0,inf5,0.6387842391338501,0.010723915643620567,0.35631111043129227,0.01465253744287537,0.11287895324105542,0.12391649184455802,0.00973251584447677,0.0033427550781634638,0.5197723977241496,0.013057058175576917,1.1025172445658564,0.0,observed
826,800,0.019546086001849042,0.0012436366559075566,0.004974546623630226,1.0,False,False,1.1025172445658564,0.9983368221873794,tr0,inf5,0.6382020889296114,0.010723915643620567,0.35631111043129227,0.01465253744287537,0.11287895324105542,0.12391649184455802,0.00973251584447677,0.0033427550781634638,0.5197723977241496,0.013057058175576917,1.1006835623466629,0.0,observed
827,800,0.019546086001849042,0.0012436366559075566,0.004974546623630226,1.0,False,False,1.1006835623466629,0.9983368221873794,tr0,inf5,0.637619839374865,0.010723915643620567,0.35631111043129227,0.01465253744287537,0.11287895324105542,0.12391649184455802,0.00973251584447677,0.0033427550781634638,0.5197723977241496,0.013057058175576917,1.0988529298670517,0.0,observed
828,800,0.019546086001849042,0.0012436366559075566,0.004974546623630226,1.0,False,False,1.0988529298670517,0.9983368221873794,tr0,inf5,0.637037492230144,0.010723915643620567,0.35631111043129227,0.01465253744287537,0.11287895324105542,0.12391649184455802,0.00973251584447677,0.0033427550781634638,0.5197723977241496,0.013057058175576917,1.0970253420547638,0.0,observed
829,800,0.019546086001849042,0.0012436366559075566,0.004974546623630226,1.0,False,False,1.0970253420547638,0.9983368221873794,tr0,inf5,0.6364550492539156,0.010723915643620567,0.35631111043129227,0.01465253744287537,0.11287895324105542,0.12391649184455802,0.00973251584447677,0.0033427550781634638,0.5197723977241496,0.013057058175576917,1.0952007938459758,0.0,observed
830,800,0.019546086001849042,0.0012436366559075566,0.004974546623630226,1.0,False,False,1.0952007938459758,0.9983368221873794,tr0,inf5,0.635872512202568,0.010723915643620567,0.35631111043129227,0.01465253744287537,0.11287895324105542,0.12391649184455802,0.00973251584447677,0.0033427550781634638,0.5197723977241496,0.013057058175576917,1.1833792801852867,0.09,observed
831,800,0.019546086001849042,0.0012436366559075566,0.004974546623630226,1.0,False,False,1.1833792801852867,0.9983368221873794,tr0,inf5,0.6628449352294318,0.010723915643620567,0.35631111043129227,0.01465253744287537,0.11287895324105542,0.12391649184455802,0.00973251584447677,0.0033427550781634638,0.5197723977241496,0.013057058175576917,1.1814111100225677,0.0,observed
832,800,0.019546086001849042,0.0012436366559075566,0.004974546623630226,1.0,False,False,1.1814111100225677,0.9983368221873794,tr0,inf5,0.6622684887222041,0.010723915643620567,0.35631111043129227,0.01465253744287537,0.11287895324105542,0.12391649184455802,0.00973251584447677,0.0033427550781634638,0.5197723977241496,0.013057058175576917,1.1794462132767947,0.0,observed
833,800,0.019546086001849042,0.0012436366559075566,0.004974546623630226,1.0,False,False,1.1794462132767947,0.9983368221873794,tr0,inf5,0.6616918681188577,0.010723915643620567,0.35631111043129227,0.01465253744287537,0.11287895324105542,0.12391649184455802,0.00973251584447677,0.0033427550781634638,0.5197723977241496,0.013057058175576917,1.1774845845036934,0.0,observed
834,800,0.019546086001849042,0.0012436366559075566,0.004974546623630226,1.0,False,False,1.1774845845036934,0.9983368221873794,tr0,inf5,0.6611150752533286,0.010723915643620567,0.35631111043129227,0.01465253744287537,0.11287895324105542,0.12391649184455802,0.00973251584447677,0.0033427550781634638,0.5197723977241496,0.013057058175576917,1.1755262182680442,0.0,observed
835,800,0.019546086001849042,0.0012436366559075566,0.004974546623630226,1.0,False,False,1.1755262182680442,0.9983368221873794,tr0,inf5,0.6605381119580884,0.010723915643620567,0.35631111043129227,0.01465253744287537,0.11287895324105542,0.12391649184455802,0.00973251584447677,0.0033427550781634638,0.5197723977241496,0.013057058175576917,1.173571109143667,0.0,observed
836,800,0.019546086001849042,0.0012436366559075566,0.004974546623630226,1.0,False,False,1.173571109143667,0.9983368221873794,tr0,inf5,0.6599609800641297,0.010723915643620567,0.35631111043129227,0.01465253744287537,0.11287895324105542,0.12391649184455802,0.00973251584447677,0.0033427550781634638,0.5197723977241496,0.013057058175576917,1.1716192517134065,0.0,observed
837,800,0.019546086001849042,0.0012436366559075566,0.004974546623630226,1.0,False,False,1.1716192517134065,0.9983368221873794,tr0,inf5,0.6593836814009494,0.010723915643620567,0.35631111043129227,0.01465253744287537,0.11287895324105542,0.12391649184455802,0.00973251584447677,0.0033427550781634638,0.5197723977241496,0.013057058175576917,1.1696706405691177,0.0,observed
838,800,0.019546086001849042,0.0012436366559075566,0.004974546623630226,1.0,False,False,1.1696706405691177,0.9983368221873794,tr0,inf5,0.658806217796533,0.010723915643620567,0.35631111043129227,0.01465253744287537,0.11287895324105542,0.12391649184455802,0.00973251584447677,0.0033427550781634638,0.5197723977241496,0.013057058175576917,1.1677252703116494,0.0,observed
839,800,0.019546086001849042,0.0012436366559075566,0.004974546623630226,1.0,False,False,1.1677252703116494,0.9983368221873794,tr0,inf5,0.6582285910773389,0.010723915643620567,0.35631111043129227,0.01465253744287537,0.11287895324105542,0.12391649184455802,0.00973251584447677,0.0033427550781634638,0.5197723977241496,0.013057058175576917,1.1657831355508308,0.0,observed
840,800,0.019546086001849042,0.0012436366559075566,0.004974546623630226,1.0,False,False,1.1657831355508308,0.9983368221873794,tr0,inf5,0.657650803068283,0.010723915643620567,0.35631111043129227,0.01465253744287537,0.11287895324105542,0.12391649184455802,0.00973251584447677,0.0033427550781634638,0.5197723977241496,0.013057058175576917,1.2538442309054554,0.09,observed
841,800,0.019546086001849042,0.0012436366559075566,0.004974546623630226,1.0,False,False,1.2538442309054554,0.9983368221873794,tr0,inf5,0.6827530733448341,0.010723915643620567,0.35631111043129227,0.01465253744287537,0.11287895324105542,0.12391649184455802,0.00973251584447677,0.0033427550781634638,0.5197723977241496,0.013057058175576917,1.251758865000131,0.0,observed
842,800,0.019546086001849042,0.0012436366559075566,0.004974546623630226,1.0,False,False,1.251758865000131,0.9983368221873794,tr0,inf5,0.6821838252900263,0.010723915643620567,0.35631111043129227,0.01465253744287537,0.11287895324105542,0.12391649184455802,0.00973251584447677,0.0033427550781634638,0.5197723977241496,0.013057058175576917,1.2496769674291117,0.0,observed
843,800,0.019546086001849042,0.0012436366559075566,0.004974546623630226,1.0,False,False,1.2496769674291117,0.9983368221873794,tr0,inf5,0.6816143386311796,0.010723915643620567,0.35631111043129227,0.01465253744287537,0.11287895324105542,0.12391649184455802,0.00973251584447677,0.0033427550781634638,0.5197723977241496,0.013057058175576917,1.2475985324239407,0.0,observed
844,800,0.019546086001849042,0.0012436366559075566,0.004974546623630226,1.0,False,False,1.2475985324239407,0.9983368221873794,tr0,inf5,0.6810446152426317,0.010723915643620567,0.35631111043129227,0.01465253744287537,0.11287895324105542,0.12391649184455802,0.00973251584447677,0.0033427550781634638,0.5197723977241496,0.013057058175576917,1.2455235542257552,0.0,observed
845,800,0.019546086001849042,0.0012436366559075566,0.004974546623630226,1.0,False,False,1.2455235542257552,0.9983368221873794,tr0,inf5,0.6804746569978557,0.010723915643620567,0.35631111043129227,0.01465253744287537,0.11287895324105542,0.12391649184455802,0.00973251584447677,0.0033427550781634638,0.5197723977241496,0.013057058175576917,1.2434520270852707,0.0,observed
846,800,0.019546086001849042,0.0012436366559075566,0.004974546623630226,1.0,False,False,1.2434520270852707,0.9983368221873794,tr0,inf5,0.6799044657694414,0.010723915643620567,0.35631111043129227,0.01465253744287537,0.11287895324105542,0.12391649184455802,0.00973251584447677,0.0033427550781634638,0.5197723977241496,0.013057058175576917,1.2413839452627644,0.0,observed
847,800,0.019546086001849042,0.0012436366559075566,0.004974546623630226,1.0,False,False,1.2413839452627644,0.9983368221873794,tr0,inf5,0.6793340434290768,0.010723915643620567,0.35631111043129227,0.01465253744287537,0.11287895324105542,0.12391649184455802,0.00973251584447677,0.0033427550781634638,0.5197723977241496,0.013057058175576917,1.23931930302806,0.0,observed
848,800,0.019546086001849042,0.0012436366559075566,0.004974546623630226,1.0,False,False,1.23931930302806,0.9983368221873794,tr0,inf5,0.6787633918475304,0.010723915643620567,0.35631111043129227,0.01465253744287537,0.11287895324105542,0.12391649184455802,0.00973251584447677,0.0033427550781634638,0.5197723977241496,0.013057058175576917,1.2372580946605114,0.0,observed
849,800,0.019546086001849042,0.0012436366559075566,0.004974546623630226,1.0,False,False,1.2372580946605114,0.9983368221873794,tr0,inf5,0.6781925128946324,0.010723915643620567,0.35631111043129227,0.01465253744287537,0.11287895324105542,0.12391649184455802,0.00973251584447677,0.0033427550781634638,0.5197723977241496,0.013057058175576917,1.2352003144489867,0.0,observed
850,800,0.019546086001849042,0.0012436366559075566,0.004974546623630226,1.0,False,False,1.2352003144489867,0.9983368221873794,tr0,inf5,0.6776214084392567,0.010723915643620567,0.35631111043129227,0.01465253744287537,0.11287895324105542,0.12391649184455802,0.00973251584447677,0.0033427550781634638,0.5197723977241496,0.013057058175576917,1.3231459566918533,0.09,observed
851,850,0.025744408528696403,0.004257712368985371,0.017030849475941485,1.0,False,False,1.3231459566918533,0.9975998303281854,tr0,inf5,0.6994917484152677,0.0009141355343541643,0.3781466938901562,0.01089481264280363,0.19371719418077263,0.1311124255439676,0.017629975750901593,0.0,0.4907408805658762,0.009405044188506238,1.3199701818952174,0.0,observed
852,850,0.025744408528696403,0.004257712368985371,0.017030849475941485,1.0,False,False,1.3199701818952174,0.9975998303281854,tr0,inf5,0.6986842041335541,0.0009141355343541643,0.3781466938901562,0.01089481264280363,0.19371719418077263,0.1311124255439676,0.017629975750901593,0.0,0.4907408805658762,0.009405044188506238,1.316802029496933,0.0,observed
853,850,0.025744408528696403,0.004257712368985371,0.017030849475941485,1.0,False,False,1.316802029496933,0.9975998303281854,tr0,inf5,0.6978760386867029,0.0009141355343541643,0.3781466938901562,0.01089481264280363,0.19371719418077263,0.1311124255439676,0.017629975750901593,0.0,0.4907408805658762,0.009405044188506238,1.3136414812019506,0.0,observed
854,850,0.025744408528696403,0.004257712368985371,0.017030849475941485,1.0,False,False,1.3136414812019506,0.9975998303281854,tr0,inf5,0.6970672577543797,0.0009141355343541643,0.3781466938901562,0.01089481264280363,0.19371719418077263,0.1311124255439676,0.017629975750901593,0.0,0.4907408805658762,0.009405044188506238,1.3104885187591322,0.0,observed
855,850,0.025744408528696403,0.004257712368985371,0.017030849475941485,1.0,False,False,1.3104885187591322,0.9975998303281854,tr0,inf5,0.6962578670151617,0.0009141355343541643,0.3781466938901562,0.01089481264280363,0.19371719418077263,0.1311124255439676,0.017629975750901593,0.0,0.4907408805658762,0.009405044188506238,1.3073431239611453,0.0,observed
856,850,0.025744408528696403,0.004257712368985371,0.017030849475941485,1.0,False,False,1.3073431239611453,0.9975998303281854,tr0,inf5,0.6954478721464072,0.0009141355343541643,0.3781466938901562,0.01089481264280363,0.19371719418077263,0.1311124255439676,0.017629975750901593,0.0,0.4907408805658762,0.009405044188506238,1.3042052786443585,0.0,observed
857,850,0.025744408528696403,0.004257712368985371,0.017030849475941485,1.0,False,False,1.3042052786443585,0.9975998303281854,tr0,inf5,0.6946372788241304,0.0009141355343541643,0.3781466938901562,0.01089481264280363,0.19371719418077263,0.1311124255439676,0.017629975750901593,0.0,0.4907408805658762,0.009405044188506238,1.3010749646887358,0.0,observed
858,850,0.025744408528696403,0.004257712368985371,0.017030849475941485,1.0,False,False,1.3010749646887358,0.9975998303281854,tr0,inf5,0.6938260927228723,0.0009141355343541643,0.3781466938901562,0.01089481264280363,0.19371719418077263,0.1311124255439676,0.017629975750901593,0.0,0.4907408805658762,0.009405044188506238,1.2979521640177327,0.0,observed
859,850,0.025744408528696403,0.004257712368985371,0.017030849475941485,1.0,False,False,1.2979521640177327,0.9975998303281854,tr0,inf5,0.6930143195155747,0.0009141355343541643,0.3781466938901562,0.01089481264280363,0.19371719418077263,0.1311124255439676,0.017629975750901593,0.0,0.4907408805658762,0.009405044188506238,1.2948368585981913,0.0,observed
860,850,0.025744408528696403,0.004257712368985371,0.017030849475941485,1.0,False,False,1.2948368585981913,0.9975998303281854,tr0,inf5,0.6922019648734545,0.0009141355343541643,0.3781466938901562,0.01089481264280363,0.19371719418077263,0.1311124255439676,0.017629975750901593,0.0,0.4907408805658762,0.009405044188506238,1.3817290304402363,0.09,observed
861,850,0.025744408528696403,0.004257712368985371,0.017030849475941485,1.0,False,False,1.3817290304402363,0.9975998303281854,tr0,inf5,0.7139374938993828,0.0009141355343541643,0.3781466938901562,0.01089481264280363,0.19371719418077263,0.1311124255439676,0.017629975750901593,0.0,0.4907408805658762,0.009405044188506238,1.378412646326708,0.0,observed
862,850,0.025744408528696403,0.004257712368985371,0.017030849475941485,1.0,False,False,1.378412646326708,0.9975998303281854,tr0,inf5,0.7131421229613659,0.0009141355343541643,0.3781466938901562,0.01089481264280363,0.19371719418077263,0.1311124255439676,0.017629975750901593,0.0,0.4907408805658762,0.009405044188506238,1.375104222097749,0.0,observed
863,850,0.025744408528696403,0.004257712368985371,0.017030849475941485,1.0,False,False,1.375104222097749,0.9975998303281854,tr0,inf5,0.7123460284260008,0.0009141355343541643,0.3781466938901562,0.01089481264280363,0.19371719418077263,0.1311124255439676,0.017629975750901593,0.0,0.4907408805658762,0.009405044188506238,1.3718037386482858,0.0,observed
864,850,0.025744408528696403,0.004257712368985371,0.017030849475941485,1.0,False,False,1.3718037386482858,0.9975998303281854,tr0,inf5,0.7115492159699275,0.0009141355343541643,0.3781466938901562,0.01089481264280363,0.19371719418077263,0.1311124255439676,0.017629975750901593,0.0,0.4907408805658762,0.009405044188506238,1.3685111769191003,0.0,observed
865,850,0.025744408528696403,0.004257712368985371,0.017030849475941485,1.0,False,False,1.3685111769191003,0.9975998303281854,tr0,inf5,0.7107516912711072,0.0009141355343541643,0.3781466938901562,0.01089481264280363,0.19371719418077263,0.1311124255439676,0.017629975750901593,0.0,0.4907408805658762,0.009405044188506238,1.3652265178967198,0.0,observed
866,850,0.025744408528696403,0.004257712368985371,0.017030849475941485,1.0,False,False,1.3652265178967198,0.9975998303281854,tr0,inf5,0.7099534600086838,0.0009141355343541643,0.3781466938901562,0.01089481264280363,0.19371719418077263,0.1311124255439676,0.017629975750901593,0.0,0.4907408805658762,0.009405044188506238,1.3619497426133071,0.0,observed
867,850,0.025744408528696403,0.004257712368985371,0.017030849475941485,1.0,False,False,1.3619497426133071,0.9975998303281854,tr0,inf5,0.7091545278628463,0.0009141355343541643,0.3781466938901562,0.01089481264280363,0.19371719418077263,0.1311124255439676,0.017629975750901593,0.0,0.4907408805658762,0.009405044188506238,1.358680832146551,0.0,observed
868,850,0.025744408528696403,0.004257712368985371,0.017030849475941485,1.0,False,False,1.358680832146551,0.9975998303281854,tr0,inf5,0.7083549005146917,0.0009141355343541643,0.3781466938901562,0.01089481264280363,0.19371719418077263,0.1311124255439676,0.017629975750901593,0.0,0.4907408805658762,0.009405044188506238,1.3554197676195572,0.0,observed
869,850,0.025744408528696403,0.004257712368985371,0.017030849475941485,1.0,False,False,1.3554197676195572,0.9975998303281854,tr0,inf5,0.7075545836460879,0.0009141355343541643,0.3781466938901562,0.01089481264280363,0.19371719418077263,0.1311124255439676,0.017629975750901593,0.0,0.4907408805658762,0.009405044188506238,1.3521665302007388,0.0,observed
870,850,0.025744408528696403,0.004257712368985371,0.017030849475941485,1.0,False,False,1.3521665302007388,0.9975998303281854,tr0,inf5,0.7067535829395374,0.0009141355343541643,0.3781466938901562,0.01089481264280363,0.19371719418077263,0.1311124255439676,0.017629975750901593,0.0,0.4907408805658762,0.009405044188506238,1.4389211011037084,0.09,observed
871,850,0.025744408528696403,0.004257712368985371,0.017030849475941485,1.0,False,False,1.4389211011037084,0.9975998303281854,tr0,inf5,0.7272469545849776,0.0009141355343541643,0.3781466938901562,0.01089481264280363,0.19371719418077263,0.1311124255439676,0.017629975750901593,0.0,0.4907408805658762,0.009405044188506238,1.4354674463167052,0.0,observed
872,850,0.025744408528696403,0.004257712368985371,0.017030849475941485,1.0,False,False,1.4354674463167052,0.9975998303281854,tr0,inf5,0.7264646507820994,0.0009141355343541643,0.3781466938901562,0.01089481264280363,0.19371719418077263,0.1311124255439676,0.017629975750901593,0.0,0.4907408805658762,0.009405044188506238,1.4320220808871789,0.0,observed
873,850,0.025744408528696403,0.004257712368985371,0.017030849475941485,1.0,False,False,1.4320220808871789,0.9975998303281854,tr0,inf5,0.7256815279065514,0.0009141355343541643,0.3781466938901562,0.01089481264280363,0.19371719418077263,0.1311124255439676,0.017629975750901593,0.0,0.4907408805658762,0.009405044188506238,1.4285849849192647,0.0,observed
874,850,0.025744408528696403,0.004257712368985371,0.017030849475941485,1.0,False,False,1.4285849849192647,0.9975998303281854,tr0,inf5,0.7248975915913113,0.0009141355343541643,0.3781466938901562,0.01089481264280363,0.19371719418077263,0.1311124255439676,0.017629975750901593,0.0,0.4907408805658762,0.009405044188506238,1.4251561385648517,0.0,observed
875,850,0.025744408528696403,0.004257712368985371,0.017030849475941485,1.0,False,False,1.4251561385648517,0.9975998303281854,tr0,inf5,0.7241128474730905,0.0009141355343541643,0.3781466938901562,0.01089481264280363,0.19371719418077263,0.1311124255439676,0.017629975750901593,0.0,0.4907408805658762,0.009405044188506238,1.421735522023468,0.0,observed
876,850,0.025744408528696403,0.004257712368985371,0.017030849475941485,1.0,False,False,1.421735522023468,0.9975998303281854,tr0,inf5,0.7233273011921866,0.0009141355343541643,0.3781466938901562,0.01089481264280363,0.19371719418077263,0.1311124255439676,0.017629975750901593,0.0,0.4907408805658762,0.009405044188506238,1.4183231155421658,0.0,observed
877,850,0.025744408528696403,0.004257712368985371,0.017030849475941485,1.0,False,False,1.4183231155421658,0.9975998303281854,tr0,inf5,0.7225409583923372,0.0009141355343541643,0.3781466938901562,0.01089481264280363,0.19371719418077263,0.1311124255439676,0.017629975750901593,0.0,0.4907408805658762,0.009405044188506238,1.414918899415408,0.0,observed
878,850,0.025744408528696403,0.004257712368985371,0.017030849475941485,1.0,False,False,1.414918899415408,0.9975998303281854,tr0,inf5,0.7217538247205747,0.0009141355343541643,0.3781466938901562,0.01089481264280363,0.19371719418077263,0.1311124255439676,0.017629975750901593,0.0,0.4907408805658762,0.009405044188506238,1.411522853984954,0.0,observed
879,850,0.025744408528696403,0.004257712368985371,0.017030849475941485,1.0,False,False,1.411522853984954,0.9975998303281854,tr0,inf5,0.7209659058270799,0.0009141355343541643,0.3781466938901562,0.01089481264280363,0.19371719418077263,0.1311124255439676,0.017629975750901593,0.0,0.4907408805658762,0.009405044188506238,1.408134959639746,0.0,observed
880,850,0.025744408528696403,0.004257712368985371,0.017030849475941485,1.0,False,False,1.408134959639746,0.9975998303281854,tr0,inf5,0.7201772073650378,0.0009141355343541643,0.3781466938901562,0.01089481264280363,0.19371719418077263,0.1311124255439676,0.017629975750901593,0.0,0.4907408805658762,0.009405044188506238,1.494755196815797,0.09,observed
881,850,0.025744408528696403,0.004257712368985371,0.017030849475941485,1.0,False,False,1.494755196815797,0.9975998303281854,tr0,inf5,0.739526379455898,0.0009141355343541643,0.3781466938901562,0.01089481264280363,0.19371719418077263,0.1311124255439676,0.017629975750901593,0.0,0.4907408805658762,0.009405044188506238,1.4911675307256125,0.0,observed
882,850,0.025744408528696403,0.004257712368985371,0.017030849475941485,1.0,False,False,1.4911675307256125,0.9975998303281854,tr0,inf5,0.7387577992247929,0.0009141355343541643,0.3781466938901562,0.01089481264280363,0.19371719418077263,0.1311124255439676,0.017629975750901593,0.0,0.4907408805658762,0.009405044188506238,1.4875884756427702,0.0,observed
883,850,0.025744408528696403,0.004257712368985371,0.017030849475941485,1.0,False,False,1.4875884756427702,0.9975998303281854,tr0,inf5,0.7379883113003189,0.0009141355343541643,0.3781466938901562,0.01089481264280363,0.19371719418077263,0.1311124255439676,0.017629975750901593,0.0,0.4907408805658762,0.009405044188506238,1.4840180108993917,0.0,observed
884,850,0.025744408528696403,0.004257712368985371,0.017030849475941485,1.0,False,False,1.4840180108993917,0.9975998303281854,tr0,inf5,0.7372179212363823,0.0009141355343541643,0.3781466938901562,0.01089481264280363,0.19371719418077263,0.1311124255439676,0.017629975750901593,0.0,0.4907408805658762,0.009405044188506238,1.4804561158772045,0.0,observed
885,850,0.025744408528696403,0.004257712368985371,0.017030849475941485,1.0,False,False,1.4804561158772045,0.9975998303281854,tr0,inf5,0.7364466345930061,0.0009141355343541643,0.3781466938901562,0.01089481264280363,0.19371719418077263,0.1311124255439676,0.017629975750901593,0.0,0.4907408805658762,0.009405044188506238,1.4769027700074238,0.0,observed
886,850,0.025744408528696403,0.004257712368985371,0.017030849475941485,1.0,False,False,1.4769027700074238,0.9975998303281854,tr0,inf5,0.7356744569361764,0.0009141355343541643,0.3781466938901562,0.01089481264280363,0.19371719418077263,0.1311124255439676,0.017629975750901593,0.0,0.4907408805658762,0.009405044188506238,1.473357952770633,0.0,observed
887,850,0.025744408528696403,0.004257712368985371,0.017030849475941485,1.0,False,False,1.473357952770633,0.9975998303281854,tr0,inf5,0.7349013938376895,0.0009141355343541643,0.3781466938901562,0.01089481264280363,0.19371719418077263,0.1311124255439676,0.017629975750901593,0.0,0.4907408805658762,0.009405044188506238,1.4698216436966662,0.0,observed
888,850,0.025744408528696403,0.004257712368985371,0.017030849475941485,1.0,False,False,1.4698216436966662,0.9975998303281854,tr0,inf5,0.7341274508749988,0.0009141355343541643,0.3781466938901562,0.01089481264280363,0.19371719418077263,0.1311124255439676,0.017629975750901593,0.0,0.4907408805658762,0.009405044188506238,1.4662938223644888,0.0,observed
889,850,0.025744408528696403,0.004257712368985371,0.017030849475941485,1.0,False,False,1.4662938223644888,0.9975998303281854,tr0,inf5,0.7333526336310626,0.0009141355343541643,0.3781466938901562,0.01089481264280363,0.19371719418077263,0.1311124255439676,0.017629975750901593,0.0,0.4907408805658762,0.009405044188506238,1.4627744684020805,0.0,observed
890,850,0.025744408528696403,0.004257712368985371,0.017030849475941485,1.0,False,False,1.4627744684020805,0.9975998303281854,tr0,inf5,0.7325769476941926,0.0009141355343541643,0.3781466938901562,0.01089481264280363,0.19371719418077263,0.1311124255439676,0.017629975750901593,0.0,0.4907408805658762,0.009405044188506238,1.5492635614863173,0.09,observed
891,850,0.025744408528696403,0.004257712368985371,0.017030849475941485,1.0,False,False,1.5492635614863173,0.9975998303281854,tr0,inf5,0.7508706998738257,0.0009141355343541643,0.3781466938901562,0.01089481264280363,0.19371719418077263,0.1311124255439676,0.017629975750901593,0.0,0.4907408805658762,0.009405044188506238,1.5455450660723904,0.0,observed
892,850,0.025744408528696403,0.004257712368985371,0.017030849475941485,1.0,False,False,1.5455450660723904,0.9975998303281854,tr0,inf5,0.7501163024640057,0.0009141355343541643,0.3781466938901562,0.01089481264280363,0.19371719418077263,0.1311124255439676,0.017629975750901593,0.0,0.4907408805658762,0.009405044188506238,1.5418354956783809,0.0,observed
893,850,0.025744408528696403,0.004257712368985371,0.017030849475941485,1.0,False,False,1.5418354956783809,0.9975998303281854,tr0,inf5,0.7493609154091472,0.0009141355343541643,0.3781466938901562,0.01089481264280363,0.19371719418077263,0.1311124255439676,0.017629975750901593,0.0,0.4907408805658762,0.009405044188506238,1.5381348288827263,0.0,observed
894,850,0.025744408528696403,0.004257712368985371,0.017030849475941485,1.0,False,False,1.5381348288827263,0.9975998303281854,tr0,inf5,0.7486045441535458,0.0009141355343541643,0.3781466938901562,0.01089481264280363,0.19371719418077263,0.1311124255439676,0.017629975750901593,0.0,0.4907408805658762,0.009405044188506238,1.5344430443152803,0.0,observed
895,850,0.025744408528696403,0.004257712368985371,0.017030849475941485,1.0,False,False,1.5344430443152803,0.9975998303281854,tr0,inf5,0.7478471941499456,0.0009141355343541643,0.3781466938901562,0.01089481264280363,0.19371719418077263,0.1311124255439676,0.017629975750901593,0.0,0.4907408805658762,0.009405044188506238,1.530760120657188,0.0,observed
896,850,0.025744408528696403,0.004257712368985371,0.017030849475941485,1.0,False,False,1.530760120657188,0.9975998303281854,tr0,inf5,0.747088870859379,0.0009141355343541643,0.3781466938901562,0.01089481264280363,0.19371719418077263,0.1311124255439676,0.017629975750901593,0.0,0.4907408805658762,0.009405044188506238,1.5270860366407633,0.0,observed
897,850,0.025744408528696403,0.004257712368985371,0.017030849475941485,1.0,False,False,1.5270860366407633,0.9975998303281854,tr0,inf5,0.7463295797510089,0.0009141355343541643,0.3781466938901562,0.01089481264280363,0.19371719418077263,0.1311124255439676,0.017629975750901593,0.0,0.4907408805658762,0.009405044188506238,1.5234207710493666,0.0,observed
898,850,0.025744408528696403,0.004257712368985371,0.017030849475941485,1.0,False,False,1.5234207710493666,0.9975998303281854,tr0,inf5,0.7455693263019711,0.0009141355343541643,0.3781466938901562,0.01089481264280363,0.19371719418077263,0.1311124255439676,0.017629975750901593,0.0,0.4907408805658762,0.009405044188506238,1.5197643027172816,0.0,observed
899,850,0.025744408528696403,0.004257712368985371,0.017030849475941485,1.0,False,False,1.5197643027172816,0.9975998303281854,tr0,inf5,0.7448081159972156,0.0009141355343541643,0.3781466938901562,0.01089481264280363,0.19371719418077263,0.1311124255439676,0.017629975750901593,0.0,0.4907408805658762,0.009405044188506238,1.5161166105295931,0.0,observed
900,850,0.025744408528696403,0.004257712368985371,0.017030849475941485,1.0,False,False,1.5161166105295931,0.9975998303281854,tr0,inf5,0.7440459543293501,0.0009141355343541643,0.3781466938901562,0.01089481264280363,0.19371719418077263,0.1311124255439676,0.017629975750901593,0.0,0.4907408805658762,0.009405044188506238,1.6024776734220658,0.09,observed
901,900,0.035791104814412535,0.003212190045301093,0.012848760181204372,1.0,False,False,1.6024776734220658,0.9968797364112228,tr0,inf5,0.758692348259687,0.022944033680811826,0.3463304022646094,0.01401579408551161,0.15688509021640976,0.17513520315358974,0.011439454134353624,0.0007706577782488111,0.4785343945818008,0.008958584029143882,1.5974775206858587,0.0,observed
902,900,0.035791104814412535,0.003212190045301093,0.012848760181204372,1.0,False,False,1.5974775206858587,0.9968797364112228,tr0,inf5,0.7577332634870704,0.022944033680811826,0.3463304022646094,0.01401579408551161,0.15688509021640976,0.17513520315358974,0.011439454134353624,0.0007706577782488111,0.4785343945818008,0.008958584029143882,1.5924929697441725,0.0,observed
903,900,0.035791104814412535,0.003212190045301093,0.012848760181204372,1.0,False,False,1.5924929697441725,0.9968797364112228,tr0,inf5,0.756772386234985,0.022944033680811826,0.3463304022646094,0.01401579408551161,0.15688509021640976,0.17513520315358974,0.011439454134353624,0.0007706577782488111,0.4785343945818008,0.008958584029143882,1.5875239719152963,0.0,observed
904,900,0.035791104814412535,0.003212190045301093,0.012848760181204372,1.0,False,False,1.5875239719152963,0.9968797364112228,tr0,inf5,0.7558097281492195,0.022944033680811826,0.3463304022646094,0.01401579408551161,0.15688509021640976,0.17513520315358974,0.011439454134353624,0.0007706577782488111,0.4785343945818008,0.008958584029143882,1.5825704786694181,0.0,observed
905,900,0.035791104814412535,0.003212190045301093,0.012848760181204372,1.0,False,False,1.5825704786694181,0.9968797364112228,tr0,inf5,0.7548453009058029,0.022944033680811826,0.3463304022646094,0.01401579408551161,0.15688509021640976,0.17513520315358974,0.011439454134353624,0.0007706577782488111,0.4785343945818008,0.008958584029143882,1.5776324416281524,0.0,observed
906,900,0.035791104814412535,0.003212190045301093,0.012848760181204372,1.0,False,False,1.5776324416281524,0.9968797364112228,tr0,inf5,0.7538791162104019,0.022944033680811826,0.3463304022646094,0.01401579408551161,0.15688509021640976,0.17513520315358974,0.011439454134353624,0.0007706577782488111,0.4785343945818008,0.008958584029143882,1.5727098125640664,0.0,observed
907,900,0.035791104814412535,0.003212190045301093,0.012848760181204372,1.0,False,False,1.5727098125640664,0.9968797364112228,tr0,inf5,0.7529111857977221,0.022944033680811826,0.3463304022646094,0.01401579408551161,0.15688509021640976,0.17513520315358974,0.011439454134353624,0.0007706577782488111,0.4785343945818008,0.008958584029143882,1.5678025434002103,0.0,observed
908,900,0.035791104814412535,0.003212190045301093,0.012848760181204372,1.0,False,False,1.5678025434002103,0.9968797364112228,tr0,inf5,0.7519415214309086,0.022944033680811826,0.3463304022646094,0.01401579408551161,0.15688509021640976,0.17513520315358974,0.011439454134353624,0.0007706577782488111,0.4785343945818008,0.008958584029143882,1.5629105862096464,0.0,observed
909,900,0.035791104814412535,0.003212190045301093,0.012848760181204372,1.0,False,False,1.5629105862096464,0.9968797364112228,tr0,inf5,0.7509701349009481,0.022944033680811826,0.3463304022646094,0.01401579408551161,0.15688509021640976,0.17513520315358974,0.011439454134353624,0.0007706577782488111,0.4785343945818008,0.008958584029143882,1.5580338932149822,0.0,observed
910,900,0.035791104814412535,0.003212190045301093,0.012848760181204372,1.0,False,False,1.5580338932149822,0.9968797364112228,tr0,inf5,0.7499970380260722,0.022944033680811826,0.3463304022646094,0.01401579408551161,0.15688509021640976,0.17513520315358974,0.011439454134353624,0.0007706577782488111,0.4785343945818008,0.008958584029143882,1.643172416787903,0.09,observed
911,900,0.035791104814412535,0.003212190045301093,0.012848760181204372,1.0,False,False,1.643172416787903,0.9968797364112228,tr0,inf5,0.7663222515478425,0.022944033680811826,0.3463304022646094,0.01401579408551161,0.15688509021640976,0.17513520315358974,0.011439454134353624,0.0007706577782488111,0.4785343945818008,0.008958584029143882,1.6380452857257166,0.0,observed
912,900,0.035791104814412535,0.003212190045301093,0.012848760181204372,1.0,False,False,1.6380452857257166,0.9968797364112228,tr0,inf5,0.7653779684021492,0.022944033680811826,0.3463304022646094,0.01401579408551161,0.15688509021640976,0.17513520315358974,0.011439454134353624,0.0007706577782488111,0.4785343945818008,0.008958584029143882,1.6329341526638985,0.0,observed
913,900,0.035791104814412535,0.003212190045301093,0.012848760181204372,1.0,False,False,1.6329341526638985,0.9968797364112228,tr0,inf5,0.7644318004929975,0.022944033680811826,0.3463304022646094,0.01401579408551161,0.15688509021640976,0.17513520315358974,0.011439454134353624,0.0007706577782488111,0.4785343945818008,0.008958584029143882,1.6278389676844707,0.0,observed
914,900,0.035791104814412535,0.003212190045301093,0.012848760181204372,1.0,False,False,1.6278389676844707,0.9968797364112228,tr0,inf5,0.7634837592016345,0.022944033680811826,0.3463304022646094,0.01401579408551161,0.15688509021640976,0.17513520315358974,0.011439454134353624,0.0007706577782488111,0.4785343945818008,0.008958584029143882,1.6227596810252123,0.0,observed
915,900,0.035791104814412535,0.003212190045301093,0.012848760181204372,1.0,False,False,1.6227596810252123,0.9968797364112228,tr0,inf5,0.762533855944404,0.022944033680811826,0.3463304022646094,0.01401579408551161,0.15688509021640976,0.17513520315358974,0.011439454134353624,0.0007706577782488111,0.4785343945818008,0.008958584029143882,1.6176962430791737,0.0,observed
916,900,0.035791104814412535,0.003212190045301093,0.012848760181204372,1.0,False,False,1.6176962430791737,0.9968797364112228,tr0,inf5,0.7615821021721395,0.022944033680811826,0.3463304022646094,0.01401579408551161,0.15688509021640976,0.17513520315358974,0.011439454134353624,0.0007706577782488111,0.4785343945818008,0.008958584029143882,1.612648604394192,0.0,observed
917,900,0.035791104814412535,0.003212190045301093,0.012848760181204372,1.0,False,False,1.612648604394192,0.9968797364112228,tr0,inf5,0.7606285093695558,0.022944033680811826,0.3463304022646094,0.01401579408551161,0.15688509021640976,0.17513520315358974,0.011439454134353624,0.0007706577782488111,0.4785343945818008,0.008958584029143882,1.6076167156724086,0.0,observed
918,900,0.035791104814412535,0.003212190045301093,0.012848760181204372,1.0,False,False,1.6076167156724086,0.9968797364112228,tr0,inf5,0.759673089054643,0.022944033680811826,0.3463304022646094,0.01401579408551161,0.15688509021640976,0.17513520315358974,0.011439454134353624,0.0007706577782488111,0.4785343945818008,0.008958584029143882,1.6026005277697866,0.0,observed
919,900,0.035791104814412535,0.003212190045301093,0.012848760181204372,1.0,False,False,1.6026005277697866,0.9968797364112228,tr0,inf5,0.7587158527780598,0.022944033680811826,0.3463304022646094,0.01401579408551161,0.15688509021640976,0.17513520315358974,0.011439454134353624,0.0007706577782488111,0.4785343945818008,0.008958584029143882,1.5975999916956314,0.0,observed
920,900,0.035791104814412535,0.003212190045301093,0.012848760181204372,1.0,False,False,1.5975999916956314,0.9968797364112228,tr0,inf5,0.7577568121225294,0.022944033680811826,0.3463304022646094,0.01401579408551161,0.15688509021640976,0.17513520315358974,0.011439454134353624,0.0007706577782488111,0.4785343945818008,0.008958584029143882,1.682615058612113,0.09,observed
921,900,0.035791104814412535,0.003212190045301093,0.012848760181204372,1.0,False,False,1.682615058612113,0.9968797364112228,tr0,inf5,0.7734269113509844,0.022944033680811826,0.3463304022646094,0.01401579408551161,0.15688509021640976,0.17513520315358974,0.011439454134353624,0.0007706577782488111,0.4785343945818008,0.008958584029143882,1.6773648561107974,0.0,observed
922,900,0.035791104814412535,0.003212190045301093,0.012848760181204372,1.0,False,False,1.6773648561107974,0.9968797364112228,tr0,inf5,0.7724973011099096,0.022944033680811826,0.3463304022646094,0.01401579408551161,0.15688509021640976,0.17513520315358974,0.011439454134353624,0.0007706577782488111,0.4785343945818008,0.008958584029143882,1.6721310356251804,0.0,observed
923,900,0.035791104814412535,0.003212190045301093,0.012848760181204372,1.0,False,False,1.6721310356251804,0.9968797364112228,tr0,inf5,0.771565720927393,0.022944033680811826,0.3463304022646094,0.01401579408551161,0.15688509021640976,0.17513520315358974,0.011439454134353624,0.0007706577782488111,0.4785343945818008,0.008958584029143882,1.666913546039055,0.0,observed
924,900,0.035791104814412535,0.003212190045301093,0.012848760181204372,1.0,False,False,1.666913546039055,0.9968797364112228,tr0,inf5,0.7706321818983977,0.022944033680811826,0.3463304022646094,0.01401579408551161,0.15688509021640976,0.17513520315358974,0.011439454134353624,0.0007706577782488111,0.4785343945818008,0.008958584029143882,1.6617123363957098,0.0,observed
925,900,0.035791104814412535,0.003212190045301093,0.012848760181204372,1.0,False,False,1.6617123363957098,0.9968797364112228,tr0,inf5,0.7696966951576178,0.022944033680811826,0.3463304022646094,0.01401579408551161,0.15688509021640976,0.17513520315358974,0.011439454134353624,0.0007706577782488111,0.4785343945818008,0.008958584029143882,1.6565273558974325,0.0,observed
926,900,0.035791104814412535,0.003212190045301093,0.012848760181204372,1.0,False,False,1.6565273558974325,0.9968797364112228,tr0,inf5,0.7687592718788685,0.022944033680811826,0.3463304022646094,0.01401579408551161,0.15688509021640976,0.17513520315358974,0.011439454134353624,0.0007706577782488111,0.4785343945818008,0.008958584029143882,1.6513585539050124,0.0,observed
927,900,0.035791104814412535,0.003212190045301093,0.012848760181204372,1.0,False,False,1.6513585539050124,0.9968797364112228,tr0,inf5,0.7678199232744728,0.022944033680811826,0.3463304022646094,0.01401579408551161,0.15688509021640976,0.17513520315358974,0.011439454134353624,0.0007706577782488111,0.4785343945818008,0.008958584029143882,1.646205879937247,0.0,observed
928,900,0.035791104814412535,0.003212190045301093,0.012848760181204372,1.0,False,False,1.646205879937247,0.9968797364112228,tr0,inf5,0.7668786605946503,0.022944033680811826,0.3463304022646094,0.01401579408551161,0.15688509021640976,0.17513520315358974,0.011439454134353624,0.0007706577782488111,0.4785343945818008,0.008958584029143882,1.641069283670448,0.0,observed
929,900,0.035791104814412535,0.003212190045301093,0.012848760181204372,1.0,False,False,1.641069283670448,0.9968797364112228,tr0,inf5,0.7659354951269071,0.022944033680811826,0.3463304022646094,0.01401579408551161,0.15688509021640976,0.17513520315358974,0.011439454134353624,0.0007706577782488111,0.4785343945818008,0.008958584029143882,1.6359487149379504,0.0,observed
930,900,0.035791104814412535,0.003212190045301093,0.012848760181204372,1.0,False,False,1.6359487149379504,0.9968797364112228,tr0,inf5,0.7649904381954248,0.022944033680811826,0.3463304022646094,0.01401579408551161,0.15688509021640976,0.17513520315358974,0.011439454134353624,0.0007706577782488111,0.4785343945818008,0.008958584029143882,1.7208441237296228,0.09,observed
931,900,0.035791104814412535,0.003212190045301093,0.012848760181204372,1.0,False,False,1.7208441237296228,0.9968797364112228,tr0,inf5,0.7800506481415019,0.022944033680811826,0.3463304022646094,0.01401579408551161,0.15688509021640976,0.17513520315358974,0.011439454134353624,0.0007706577782488111,0.4785343945818008,0.008958584029143882,1.7154746364683882,0.0,observed
932,900,0.035791104814412535,0.003212190045301093,0.012848760181204372,1.0,False,False,1.7154746364683882,0.9968797364112228,tr0,inf5,0.7791355220990774,0.022944033680811826,0.3463304022646094,0.01401579408551161,0.15688509021640976,0.17513520315358974,0.011439454134353624,0.0007706577782488111,0.4785343945818008,0.008958584029143882,1.710121903422745,0.0,observed
933,900,0.035791104814412535,0.003212190045301093,0.012848760181204372,1.0,False,False,1.710121903422745,0.9968797364112228,tr0,inf5,0.778218347581295,0.022944033680811826,0.3463304022646094,0.01401579408551161,0.15688509021640976,0.17513520315358974,0.011439454134353624,0.0007706577782488111,0.4785343945818008,0.008958584029143882,1.7047858723151248,0.0,observed
934,900,0.035791104814412535,0.003212190045301093,0.012848760181204372,1.0,False,False,1.7047858723151248,0.9968797364112228,tr0,inf5,0.7772991353794576,0.022944033680811826,0.3463304022646094,0.01401579408551161,0.15688509021640976,0.17513520315358974,0.011439454134353624,0.0007706577782488111,0.4785343945818008,0.008958584029143882,1.6994664910310782,0.0,observed
935,900,0.035791104814412535,0.003212190045301093,0.012848760181204372,1.0,False,False,1.6994664910310782,0.9968797364112228,tr0,inf5,0.7763778963290061,0.022944033680811826,0.3463304022646094,0.01401579408551161,0.15688509021640976,0.17513520315358974,0.011439454134353624,0.0007706577782488111,0.4785343945818008,0.008958584029143882,1.694163707618767,0.0,observed
936,900,0.035791104814412535,0.003212190045301093,0.012848760181204372,1.0,False,False,1.694163707618767,0.9968797364112228,tr0,inf5,0.7754546413089066,0.022944033680811826,0.3463304022646094,0.01401579408551161,0.15688509021640976,0.17513520315358974,0.011439454134353624,0.0007706577782488111,0.4785343945818008,0.008958584029143882,1.6888774702884564,0.0,observed
937,900,0.035791104814412535,0.003212190045301093,0.012848760181204372,1.0,False,False,1.6888774702884564,0.9968797364112228,tr0,inf5,0.7745293812410373,0.022944033680811826,0.3463304022646094,0.01401579408551161,0.15688509021640976,0.17513520315358974,0.011439454134353624,0.0007706577782488111,0.4785343945818008,0.008958584029143882,1.6836077274120091,0.0,observed
938,900,0.035791104814412535,0.003212190045301093,0.012848760181204372,1.0,False,False,1.6836077274120091,0.9968797364112228,tr0,inf5,0.7736021270895753,0.022944033680811826,0.3463304022646094,0.01401579408551161,0.15688509021640976,0.17513520315358974,0.011439454134353624,0.0007706577782488111,0.4785343945818008,0.008958584029143882,1.6783544275223816,0.0,observed
939,900,0.035791104814412535,0.003212190045301093,0.012848760181204372,1.0,False,False,1.6783544275223816,0.9968797364112228,tr0,inf5,0.772672889860383,0.022944033680811826,0.3463304022646094,0.01401579408551161,0.15688509021640976,0.17513520315358974,0.011439454134353624,0.0007706577782488111,0.4785343945818008,0.008958584029143882,1.6731175193131207,0.0,observed
940,900,0.035791104814412535,0.003212190045301093,0.012848760181204372,1.0,False,False,1.6731175193131207,0.9968797364112228,tr0,inf5,0.7717416806003957,0.022944033680811826,0.3463304022646094,0.01401579408551161,0.15688509021640976,0.17513520315358974,0.011439454134353624,0.0007706577782488111,0.4785343945818008,0.008958584029143882,1.7578969516378629,0.09,observed
941,900,0.035791104814412535,0.003212190045301093,0.012848760181204372,1.0,False,False,1.7578969516378629,0.9968797364112228,tr0,inf5,0.7862334010514408,0.022944033680811826,0.3463304022646094,0.01401579408551161,0.15688509021640976,0.17513520315358974,0.011439454134353624,0.0007706577782488111,0.4785343945818008,0.008958584029143882,1.7524118497868448,0.0,observed
942,900,0.035791104814412535,0.003212190045301093,0.012848760181204372,1.0,False,False,1.7524118497868448,0.9968797364112228,tr0,inf5,0.7853325228387477,0.022944033680811826,0.3463304022646094,0.01401579408551161,0.15688509021640976,0.17513520315358974,0.011439454134353624,0.0007706577782488111,0.4785343945818008,0.008958584029143882,1.7469438628994134,0.0,observed
943,900,0.035791104814412535,0.003212190045301093,0.012848760181204372,1.0,False,False,1.7469438628994134,0.9968797364112228,tr0,inf5,0.7844295238132557,0.022944033680811826,0.3463304022646094,0.01401579408551161,0.15688509021640976,0.17513520315358974,0.011439454134353624,0.0007706577782488111,0.4785343945818008,0.008958584029143882,1.7414929375723707,0.0,observed
944,900,0.035791104814412535,0.003212190045301093,0.012848760181204372,1.0,False,False,1.7414929375723707,0.9968797364112228,tr0,inf5,0.783524414449063,0.022944033680811826,0.3463304022646094,0.01401579408551161,0.15688509021640976,0.17513520315358974,0.011439454134353624,0.0007706577782488111,0.4785343945818008,0.008958584029143882,1.736059020569151,0.0,observed
945,900,0.035791104814412535,0.003212190045301093,0.012848760181204372,1.0,False,False,1.736059020569151,0.9968797364112228,tr0,inf5,0.7826172052685814,0.022944033680811826,0.3463304022646094,0.01401579408551161,0.15688509021640976,0.17513520315358974,0.011439454134353624,0.0007706577782488111,0.4785343945818008,0.008958584029143882,1.730642058819301,0.0,observed
946,900,0.035791104814412535,0.003212190045301093,0.012848760181204372,1.0,False,False,1.730642058819301,0.9968797364112228,tr0,inf5,0.7817079068419251,0.022944033680811826,0.3463304022646094,0.01401579408551161,0.15688509021640976,0.17513520315358974,0.011439454134353624,0.0007706577782488111,0.4785343945818008,0.008958584029143882,1.7252419994179609,0.0,observed
947,900,0.035791104814412535,0.003212190045301093,0.012848760181204372,1.0,False,False,1.7252419994179609,0.9968797364112228,tr0,inf5,0.7807965297862985,0.022944033680811826,0.3463304022646094,0.01401579408551161,0.15688509021640976,0.17513520315358974,0.011439454134353624,0.0007706577782488111,0.4785343945818008,0.008958584029143882,1.7198587896253479,0.0,observed
948,900,0.035791104814412535,0.003212190045301093,0.012848760181204372,1.0,False,False,1.7198587896253479,0.9968797364112228,tr0,inf5,0.7798830847653831,0.022944033680811826,0.3463304022646094,0.01401579408551161,0.15688509021640976,0.17513520315358974,0.011439454134353624,0.0007706577782488111,0.4785343945818008,0.008958584029143882,1.7144923768662417,0.0,observed
949,900,0.035791104814412535,0.003212190045301093,0.012848760181204372,1.0,False,False,1.7144923768662417,0.9968797364112228,tr0,inf5,0.7789675824887259,0.022944033680811826,0.3463304022646094,0.01401579408551161,0.15688509021640976,0.17513520315358974,0.011439454134353624,0.0007706577782488111,0.4785343945818008,0.008958584029143882,1.70914270872947,0.0,observed
950,900,0.035791104814412535,0.003212190045301093,0.012848760181204372,1.0,False,False,1.70914270872947,0.9968797364112228,tr0,inf5,0.7780500337111256,0.022944033680811826,0.3463304022646094,0.01401579408551161,0.15688509021640976,0.17513520315358974,0.011439454134353624,0.0007706577782488111,0.4785343945818008,0.008958584029143882,1.7938097329673974,0.09,observed
951,950,0.019918811180574855,0.0005458179863250505,0.002183271945300202,1.0,False,False,1.7938097329673974,0.998362829666648,tr0,inf5,0.7964233241649429,0.02864156513441063,0.36642789483038596,0.013737113362832936,0.06812387133404378,0.13833246084204887,0.0,0.0,0.4952396443275653,0.007592180475960349,1.7908729608889051,0.0,observed
952,950,0.019918811180574855,0.0005458179863250505,0.002183271945300202,1.0,False,False,1.7908729608889051,0.998362829666648,tr0,inf5,0.7959560047831925,0.02864156513441063,0.36642789483038596,0.013737113362832936,0.06812387133404378,0.13833246084204887,0.0,0.0,0.4952396443275653,0.007592180475960349,1.7879409968065356,0.0,observed
953,950,0.019918811180574855,0.0005458179863250505,0.002183271945300202,1.0,False,False,1.7879409968065356,0.998362829666648,tr0,inf5,0.7954880794307709,0.02864156513441063,0.36642789483038596,0.013737113362832936,0.06812387133404378,0.13833246084204887,0.0,0.0,0.4952396443275653,0.007592180475960349,1.7850138328487801,0.0,observed
954,950,0.019918811180574855,0.0005458179863250505,0.002183271945300202,1.0,False,False,1.7850138328487801,0.998362829666648,tr0,inf5,0.7950195495727682,0.02864156513441063,0.36642789483038596,0.013737113362832936,0.06812387133404378,0.13833246084204887,0.0,0.0,0.4952396443275653,0.007592180475960349,1.782091461157017,0.0,observed
955,950,0.019918811180574855,0.0005458179863250505,0.002183271945300202,1.0,False,False,1.782091461157017,0.998362829666648,tr0,inf5,0.7945504166782896,0.02864156513441063,0.36642789483038596,0.013737113362832936,0.06812387133404378,0.13833246084204887,0.0,0.0,0.4952396443275653,0.007592180475960349,1.779173873885491,0.0,observed
956,950,0.019918811180574855,0.0005458179863250505,0.002183271945300202,1.0,False,False,1.779173873885491,0.998362829666648,tr0,inf5,0.7940806822204308,0.02864156513441063,0.36642789483038596,0.013737113362832936,0.06812387133404378,0.13833246084204887,0.0,0.0,0.4952396443275653,0.007592180475960349,1.7762610632012907,0.0,observed
957,950,0.019918811180574855,0.0005458179863250505,0.002183271945300202,1.0,False,False,1.7762610632012907,0.998362829666648,tr0,inf5,0.7936103476762542,0.02864156513441063,0.36642789483038596,0.013737113362832936,0.06812387133404378,0.13833246084204887,0.0,0.0,0.4952396443275653,0.007592180475960349,1.7733530212843294,0.0,observed
958,950,0.019918811180574855,0.0005458179863250505,0.002183271945300202,1.0,False,False,1.7733530212843294,0.998362829666648,tr0,inf5,0.7931394145267642,0.02864156513441063,0.36642789483038596,0.013737113362832936,0.06812387133404378,0.13833246084204887,0.0,0.0,0.4952396443275653,0.007592180475960349,1.7704497403273225,0.0,observed
959,950,0.019918811180574855,0.0005458179863250505,0.002183271945300202,1.0,False,False,1.7704497403273225,0.998362829666648,tr0,inf5,0.7926678842568834,0.02864156513441063,0.36642789483038596,0.013737113362832936,0.06812387133404378,0.13833246084204887,0.0,0.0,0.4952396443275653,0.007592180475960349,1.767551212535768,0.0,observed
960,950,0.019918811180574855,0.0005458179863250505,0.002183271945300202,1.0,False,False,1.767551212535768,0.998362829666648,tr0,inf5,0.7921957583554282,0.02864156513441063,0.36642789483038596,0.013737113362832936,0.06812387133404378,0.13833246084204887,0.0,0.0,0.4952396443275653,0.007592180475960349,1.8546574301279242,0.09,observed
961,950,0.019918811180574855,0.0005458179863250505,0.002183271945300202,1.0,False,False,1.8546574301279242,0.998362829666648,tr0,inf5,0.805803347437338,0.02864156513441063,0.36642789483038596,0.013737113362832936,0.06812387133404378,0.13833246084204887,0.0,0.0,0.4952396443275653,0.007592180475960349,1.8516210400047879,0.0,observed
962,950,0.019918811180574855,0.0005458179863250505,0.002183271945300202,1.0,False,False,1.8516210400047879,0.998362829666648,tr0,inf5,0.8053486767621131,0.02864156513441063,0.36642789483038596,0.013737113362832936,0.06812387133404378,0.13833246084204887,0.0,0.0,0.4952396443275653,0.007592180475960349,1.8485896209694817,0.0,observed
963,950,0.019918811180574855,0.0005458179863250505,0.002183271945300202,1.0,False,False,1.8485896209694817,0.998362829666648,tr0,inf5,0.8048933712005012,0.02864156513441063,0.36642789483038596,0.013737113362832936,0.06812387133404378,0.13833246084204887,0.0,0.0,0.4952396443275653,0.007592180475960349,1.845563164883488,0.0,observed
964,950,0.019918811180574855,0.0005458179863250505,0.002183271945300202,1.0,False,False,1.845563164883488,0.998362829666648,tr0,inf5,0.8044374321306307,0.02864156513441063,0.36642789483038596,0.013737113362832936,0.06812387133404378,0.13833246084204887,0.0,0.0,0.4952396443275653,0.007592180475960349,1.8425416636216136,0.0,observed
965,950,0.019918811180574855,0.0005458179863250505,0.002183271945300202,1.0,False,False,1.8425416636216136,0.998362829666648,tr0,inf5,0.8039808609351321,0.02864156513441063,0.36642789483038596,0.013737113362832936,0.06812387133404378,0.13833246084204887,0.0,0.0,0.4952396443275653,0.007592180475960349,1.8395251090719673,0.0,observed
966,950,0.019918811180574855,0.0005458179863250505,0.002183271945300202,1.0,False,False,1.8395251090719673,0.998362829666648,tr0,inf5,0.8035236590011149,0.02864156513441063,0.36642789483038596,0.013737113362832936,0.06812387133404378,0.13833246084204887,0.0,0.0,0.4952396443275653,0.007592180475960349,1.8365134931359386,0.0,observed
967,950,0.019918811180574855,0.0005458179863250505,0.002183271945300202,1.0,False,False,1.8365134931359386,0.998362829666648,tr0,inf5,0.8030658277201432,0.02864156513441063,0.36642789483038596,0.013737113362832936,0.06812387133404378,0.13833246084204887,0.0,0.0,0.4952396443275653,0.007592180475960349,1.8335068077281758,0.0,observed
968,950,0.019918811180574855,0.0005458179863250505,0.002183271945300202,1.0,False,False,1.8335068077281758,0.998362829666648,tr0,inf5,0.8026073684882127,0.02864156513441063,0.36642789483038596,0.013737113362832936,0.06812387133404378,0.13833246084204887,0.0,0.0,0.4952396443275653,0.007592180475960349,1.8305050447765643,0.0,observed
969,950,0.019918811180574855,0.0005458179863250505,0.002183271945300202,1.0,False,False,1.8305050447765643,0.998362829666648,tr0,inf5,0.8021482827057264,0.02864156513441063,0.36642789483038596,0.013737113362832936,0.06812387133404378,0.13833246084204887,0.0,0.0,0.4952396443275653,0.007592180475960349,1.827508196222205,0.0,observed
970,950,0.019918811180574855,0.0005458179863250505,0.002183271945300202,1.0,False,False,1.827508196222205,0.998362829666648,tr0,inf5,0.8016885717774708,0.02864156513441063,0.36642789483038596,0.013737113362832936,0.06812387133404378,0.13833246084204887,0.0,0.0,0.4952396443275653,0.007592180475960349,1.9145162540193925,0.09,observed
971,950,0.019918811180574855,0.0005458179863250505,0.002183271945300202,1.0,False,False,1.9145162540193925,0.998362829666648,tr0,inf5,0.8144904450405831,0.02864156513441063,0.36642789483038596,0.013737113362832936,0.06812387133404378,0.13833246084204887,0.0,0.0,0.4952396443275653,0.007592180475960349,1.9113818648055918,0.0,observed
972,950,0.019918811180574855,0.0005458179863250505,0.002183271945300202,1.0,False,False,1.9113818648055918,0.998362829666648,tr0,inf5,0.8140483483815965,0.02864156513441063,0.36642789483038596,0.013737113362832936,0.06812387133404378,0.13833246084204887,0.0,0.0,0.4952396443275653,0.007592180475960349,1.908252607120825,0.0,observed
973,950,0.019918811180574855,0.0005458179863250505,0.002183271945300202,1.0,False,False,1.908252607120825,0.998362829666648,tr0,inf5,0.8136055910420045,0.02864156513441063,0.36642789483038596,0.013737113362832936,0.06812387133404378,0.13833246084204887,0.0,0.0,0.4952396443275653,0.007592180475960349,1.9051284725639053,0.0,observed
974,950,0.019918811180574855,0.0005458179863250505,0.002183271945300202,1.0,False,False,1.9051284725639053,0.998362829666648,tr0,inf5,0.8131621743080163,0.02864156513441063,0.36642789483038596,0.013737113362832936,0.06812387133404378,0.13833246084204887,0.0,0.0,0.4952396443275653,0.007592180475960349,1.9020094527473994,0.0,observed
975,950,0.019918811180574855,0.0005458179863250505,0.002183271945300202,1.0,False,False,1.9020094527473994,0.998362829666648,tr0,inf5,0.8127180994707955,0.02864156513441063,0.36642789483038596,0.013737113362832936,0.06812387133404378,0.13833246084204887,0.0,0.0,0.4952396443275653,0.007592180475960349,1.8988955392976063,0.0,observed
976,950,0.019918811180574855,0.0005458179863250505,0.002183271945300202,1.0,False,False,1.8988955392976063,0.998362829666648,tr0,inf5,0.8122733678264376,0.02864156513441063,0.36642789483038596,0.013737113362832936,0.06812387133404378,0.13833246084204887,0.0,0.0,0.4952396443275653,0.007592180475960349,1.8957867238545338,0.0,observed
977,950,0.019918811180574855,0.0005458179863250505,0.002183271945300202,1.0,False,False,1.8957867238545338,0.998362829666648,tr0,inf5,0.8118279806759469,0.02864156513441063,0.36642789483038596,0.013737113362832936,0.06812387133404378,0.13833246084204887,0.0,0.0,0.4952396443275653,0.007592180475960349,1.8926829980718767,0.0,observed
978,950,0.019918811180574855,0.0005458179863250505,0.002183271945300202,1.0,False,False,1.8926829980718767,0.998362829666648,tr0,inf5,0.8113819393252135,0.02864156513441063,0.36642789483038596,0.013737113362832936,0.06812387133404378,0.13833246084204887,0.0,0.0,0.4952396443275653,0.007592180475960349,1.8895843536169936,0.0,observed
979,950,0.019918811180574855,0.0005458179863250505,0.002183271945300202,1.0,False,False,1.8895843536169936,0.998362829666648,tr0,inf5,0.8109352450849897,0.02864156513441063,0.36642789483038596,0.013737113362832936,0.06812387133404378,0.13833246084204887,0.0,0.0,0.4952396443275653,0.007592180475960349,1.8864907821708858,0.0,observed
980,950,0.019918811180574855,0.0005458179863250505,0.002183271945300202,1.0,False,False,1.8864907821708858,0.998362829666648,tr0,inf5,0.8104878992708676,0.02864156513441063,0.36642789483038596,0.013737113362832936,0.06812387133404378,0.13833246084204887,0.0,0.0,0.4952396443275653,0.007592180475960349,1.9734022754281737,0.09,observed
981,950,0.019918811180574855,0.0005458179863250505,0.002183271945300202,1.0,False,False,1.9734022754281737,0.998362829666648,tr0,inf5,0.8225437014750371,0.02864156513441063,0.36642789483038596,0.013737113362832936,0.06812387133404378,0.13833246084204887,0.0,0.0,0.4952396443275653,0.007592180475960349,1.9701714797670733,0.0,observed
982,950,0.019918811180574855,0.0005458179863250505,0.002183271945300202,1.0,False,False,1.9701714797670733,0.998362829666648,tr0,inf5,0.8221140454848497,0.02864156513441063,0.36642789483038596,0.013737113362832936,0.06812387133404378,0.13833246084204887,0.0,0.0,0.4952396443275653,0.007592180475960349,1.9669459734687824,0.0,observed
983,950,0.019918811180574855,0.0005458179863250505,0.002183271945300202,1.0,False,False,1.9669459734687824,0.998362829666648,tr0,inf5,0.8216837059542004,0.02864156513441063,0.36642789483038596,0.013737113362832936,0.06812387133404378,0.13833246084204887,0.0,0.0,0.4952396443275653,0.007592180475960349,1.9637257478737131,0.0,observed
984,950,0.019918811180574855,0.0005458179863250505,0.002183271945300202,1.0,False,False,1.9637257478737131,0.998362829666648,tr0,inf5,0.8212526840736122,0.02864156513441063,0.36642789483038596,0.013737113362832936,0.06812387133404378,0.13833246084204887,0.0,0.0,0.4952396443275653,0.007592180475960349,1.9605107943364548,0.0,observed
985,950,0.019918811180574855,0.0005458179863250505,0.002183271945300202,1.0,False,False,1.9605107943364548,0.998362829666648,tr0,inf5,0.8208209810389788,0.02864156513441063,0.36642789483038596,0.013737113362832936,0.06812387133404378,0.13833246084204887,0.0,0.0,0.4952396443275653,0.007592180475960349,1.9573011042257509,0.0,observed
986,950,0.019918811180574855,0.0005458179863250505,0.002183271945300202,1.0,False,False,1.9573011042257509,0.998362829666648,tr0,inf5,0.8203885980515427,0.02864156513441063,0.36642789483038596,0.013737113362832936,0.06812387133404378,0.13833246084204887,0.0,0.0,0.4952396443275653,0.007592180475960349,1.9540966689244754,0.0,observed
987,950,0.019918811180574855,0.0005458179863250505,0.002183271945300202,1.0,False,False,1.9540966689244754,0.998362829666648,tr0,inf5,0.8199555363178725,0.02864156513441063,0.36642789483038596,0.013737113362832936,0.06812387133404378,0.13833246084204887,0.0,0.0,0.4952396443275653,0.007592180475960349,1.9508974798296104,0.0,observed
988,950,0.019918811180574855,0.0005458179863250505,0.002183271945300202,1.0,False,False,1.9508974798296104,0.998362829666648,tr0,inf5,0.8195217970498414,0.02864156513441063,0.36642789483038596,0.013737113362832936,0.06812387133404378,0.13833246084204887,0.0,0.0,0.4952396443275653,0.007592180475960349,1.9477035283522222,0.0,observed
989,950,0.019918811180574855,0.0005458179863250505,0.002183271945300202,1.0,False,False,1.9477035283522222,0.998362829666648,tr0,inf5,0.8190873814646045,0.02864156513441063,0.36642789483038596,0.013737113362832936,0.06812387133404378,0.13833246084204887,0.0,0.0,0.4952396443275653,0.007592180475960349,1.9445148059174389,0.0,observed
990,950,0.019918811180574855,0.0005458179863250505,0.002183271945300202,1.0,False,False,1.9445148059174389,0.998362829666648,tr0,inf5,0.8186522907845768,0.02864156513441063,0.36642789483038596,0.013737113362832936,0.06812387133404378,0.13833246084204887,0.0,0.0,0.4952396443275653,0.007592180475960349,2.031331303964427,0.09,observed
991,950,0.019918811180574855,0.0005458179863250505,0.002183271945300202,1.0,False,False,2.031331303964427,0.998362829666648,tr0,inf5,0.8300165722561588,0.02864156513441063,0.36642789483038596,0.013737113362832936,0.06812387133404378,0.13833246084204887,0.0,0.0,0.4952396443275653,0.007592180475960349,2.0280056686163674,0.0,observed
992,950,0.019918811180574855,0.0005458179863250505,0.002183271945300202,1.0,False,False,2.0280056686163674,0.998362829666648,tr0,inf5,0.8295991761861184,0.02864156513441063,0.36642789483038596,0.013737113362832936,0.06812387133404378,0.13833246084204887,0.0,0.0,0.4952396443275653,0.007592180475960349,2.024685477899839,0.0,observed
993,950,0.019918811180574855,0.0005458179863250505,0.002183271945300202,1.0,False,False,2.024685477899839,0.998362829666648,tr0,inf5,0.829181076461869,0.02864156513441063,0.36642789483038596,0.013737113362832936,0.06812387133404378,0.13833246084204887,0.0,0.0,0.4952396443275653,0.007592180475960349,2.021370722901053,0.0,observed
994,950,0.019918811180574855,0.0005458179863250505,0.002183271945300202,1.0,False,False,2.021370722901053,0.998362829666648,tr0,inf5,0.8287622741755385,0.02864156513441063,0.36642789483038596,0.013737113362832936,0.06812387133404378,0.13833246084204887,0.0,0.0,0.4952396443275653,0.007592180475960349,2.0180613947208133,0.0,observed
995,950,0.019918811180574855,0.0005458179863250505,0.002183271945300202,1.0,False,False,2.0180613947208133,0.998362829666648,tr0,inf5,0.8283427704250045,0.02864156513441063,0.36642789483038596,0.013737113362832936,0.06812387133404378,0.13833246084204887,0.0,0.0,0.4952396443275653,0.007592180475960349,2.0147574844744933,0.0,observed
996,950,0.019918811180574855,0.0005458179863250505,0.002183271945300202,1.0,False,False,2.0147574844744933,0.998362829666648,tr0,inf5,0.8279225663138726,0.02864156513441063,0.36642789483038596,0.013737113362832936,0.06812387133404378,0.13833246084204887,0.0,0.0,0.4952396443275653,0.007592180475960349,2.011458983292013,0.0,observed
997,950,0.019918811180574855,0.0005458179863250505,0.002183271945300202,1.0,False,False,2.011458983292013,0.998362829666648,tr0,inf5,0.8275016629514568,0.02864156513441063,0.36642789483038596,0.013737113362832936,0.06812387133404378,0.13833246084204887,0.0,0.0,0.4952396443275653,0.007592180475960349,2.008165882317813,0.0,observed
998,950,0.019918811180574855,0.0005458179863250505,0.002183271945300202,1.0,False,False,2.008165882317813,0.998362829666648,tr0,inf5,0.8270800614527567,0.02864156513441063,0.36642789483038596,0.013737113362832936,0.06812387133404378,0.13833246084204887,0.0,0.0,0.4952396443275653,0.007592180475960349,2.004878172710833,0.0,observed
999,950,0.019918811180574855,0.0005458179863250505,0.002183271945300202,1.0,False,False,2.004878172710833,0.998362829666648,tr0,inf5,0.8266577629384378,0.02864156513441063,0.36642789483038596,0.013737113362832936,0.06812387133404378,0.13833246084204887,0.0,0.0,0.4952396443275653,0.007592180475960349,2.001595845644486,0.0,observed
1000,950,0.019918811180574855,0.0005458179863250505,0.002183271945300202,1.0,False,False,2.001595845644486,0.998362829666648,tr0,inf5,0.8262347685348097,0.02864156513441063,0.36642789483038596,0.013737113362832936,0.06812387133404378,0.13833246084204887,0.0,0.0,0.4952396443275653,0.007592180475960349,2.0883188923066363,0.09,observed
1001,1000,0.017539055402786795,0.0012506105148386425,0.00500244205935457,1.0,False,False,2.0883188923066363,0.99849682672659,tr0,inf5,0.8376548756367818,0.0011385772565195072,0.3922249040446313,0.007301756102810547,0.09802613977879275,0.16175169825512092,0.003571116816147076,0.0027724609770774637,0.44602339770024785,0.008911246881645506,2.0851797871613638,0.0,observed
1002,1000,0.017539055402786795,0.0012506105148386425,0.00500244205935457,1.0,False,False,2.0851797871613638,0.99849682672659,tr0,inf5,0.8372824398547061,0.0011385772565195072,0.3922249040446313,0.007301756102810547,0.09802613977879275,0.16175169825512092,0.003571116816147076,0.0027724609770774637,0.44602339770024785,0.008911246881645506,2.082045400635048,0.0,observed
1003,1000,0.017539055402786795,0.0012506105148386425,0.00500244205935457,1.0,False,False,2.082045400635048,0.99849682672659,tr0,inf5,0.8369093955968868,0.0011385772565195072,0.3922249040446313,0.007301756102810547,0.09802613977879275,0.16175169825512092,0.003571116816147076,0.0027724609770774637,0.44602339770024785,0.008911246881645506,2.078915725634787,0.0,observed
1004,1000,0.017539055402786795,0.0012506105148386425,0.00500244205935457,1.0,False,False,2.078915725634787,0.99849682672659,tr0,inf5,0.8365357436310115,0.0011385772565195072,0.3922249040446313,0.007301756102810547,0.09802613977879275,0.16175169825512092,0.003571116816147076,0.0027724609770774637,0.44602339770024785,0.008911246881645506,2.075790755078341,0.0,observed
1005,1000,0.017539055402786795,0.0012506105148386425,0.00500244205935457,1.0,False,False,2.075790755078341,0.99849682672659,tr0,inf5,0.8361614847291003,0.0011385772565195072,0.3922249040446313,0.007301756102810547,0.09802613977879275,0.16175169825512092,0.003571116816147076,0.0027724609770774637,0.44602339770024785,0.008911246881645506,2.0726704818941157,0.0,observed
1006,1000,0.017539055402786795,0.0012506105148386425,0.00500244205935457,1.0,False,False,2.0726704818941157,0.99849682672659,tr0,inf5,0.8357866196674951,0.0011385772565195072,0.3922249040446313,0.007301756102810547,0.09802613977879275,0.16175169825512092,0.003571116816147076,0.0027724609770774637,0.44602339770024785,0.008911246881645506,2.0695548990211465,0.0,observed
1007,1000,0.017539055402786795,0.0012506105148386425,0.00500244205935457,1.0,False,False,2.0695548990211465,0.99849682672659,tr0,inf5,0.8354111492268451,0.0011385772565195072,0.3922249040446313,0.007301756102810547,0.09802613977879275,0.16175169825512092,0.003571116816147076,0.0027724609770774637,0.44602339770024785,0.008911246881645506,2.066443999409083,0.0,observed
1008,1000,0.017539055402786795,0.0012506105148386425,0.00500244205935457,1.0,False,False,2.066443999409083,0.99849682672659,tr0,inf5,0.835035074192094,0.0011385772565195072,0.3922249040446313,0.007301756102810547,0.09802613977879275,0.16175169825512092,0.003571116816147076,0.0027724609770774637,0.44602339770024785,0.008911246881645506,2.063337776018173,0.0,observed
1009,1000,0.017539055402786795,0.0012506105148386425,0.00500244205935457,1.0,False,False,2.063337776018173,0.99849682672659,tr0,inf5,0.8346583953524683,0.0011385772565195072,0.3922249040446313,0.007301756102810547,0.09802613977879275,0.16175169825512092,0.003571116816147076,0.0027724609770774637,0.44602339770024785,0.008911246881645506,2.0602362218192454,0.0,observed
1010,1000,0.017539055402786795,0.0012506105148386425,0.00500244205935457,1.0,False,False,2.0602362218192454,0.99849682672659,tr0,inf5,0.8342811135014628,0.0011385772565195072,0.3922249040446313,0.007301756102810547,0.09802613977879275,0.16175169825512092,0.003571116816147076,0.0027724609770774637,0.44602339770024785,0.008911246881645506,2.1471393297936956,0.09,observed
1011,1000,0.017539055402786795,0.0012506105148386425,0.00500244205935457,1.0,False,False,2.1471393297936956,0.99849682672659,tr0,inf5,0.8444216527410331,0.0011385772565195072,0.3922249040446313,0.007301756102810547,0.09802613977879275,0.16175169825512092,0.003571116816147076,0.0027724609770774637,0.44602339770024785,0.008911246881645506,2.143911807338862,0.0,observed
1012,1000,0.017539055402786795,0.0012506105148386425,0.00500244205935457,1.0,False,False,2.143911807338862,0.99849682672659,tr0,inf5,0.8440605850509879,0.0011385772565195072,0.3922249040446313,0.007301756102810547,0.09802613977879275,0.16175169825512092,0.003571116816147076,0.0027724609770774637,0.44602339770024785,0.008911246881645506,2.1406891364095224,0.0,observed
1013,1000,0.017539055402786795,0.0012506105148386425,0.00500244205935457,1.0,False,False,2.1406891364095224,0.99849682672659,tr0,inf5,0.8436988955039435,0.0011385772565195072,0.3922249040446313,0.007301756102810547,0.09802613977879275,0.16175169825512092,0.003571116816147076,0.0027724609770774637,0.44602339770024785,0.008911246881645506,2.1374713097129927,0.0,observed
1014,1000,0.017539055402786795,0.0012506105148386425,0.00500244205935457,1.0,False,False,2.1374713097129927,0.99849682672659,tr0,inf5,0.8433365847853341,0.0011385772565195072,0.3922249040446313,0.007301756102810547,0.09802613977879275,0.16175169825512092,0.003571116816147076,0.0027724609770774637,0.44602339770024785,0.008911246881645506,2.1342583199675516,0.0,observed
1015,1000,0.017539055402786795,0.0012506105148386425,0.00500244205935457,1.0,False,False,2.1342583199675516,0.99849682672659,tr0,inf5,0.8429736535851542,0.0011385772565195072,0.3922249040446313,0.007301756102810547,0.09802613977879275,0.16175169825512092,0.003571116816147076,0.0027724609770774637,0.44602339770024785,0.008911246881645506,2.1310501599024234,0.0,observed
1016,1000,0.017539055402786795,0.0012506105148386425,0.00500244205935457,1.0,False,False,2.1310501599024234,0.99849682672659,tr0,inf5,0.8426101025979466,0.0011385772565195072,0.3922249040446313,0.007301756102810547,0.09802613977879275,0.16175169825512092,0.003571116816147076,0.0027724609770774637,0.44602339770024785,0.008911246881645506,2.1278468222577622,0.0,observed
1017,1000,0.017539055402786795,0.0012506105148386425,0.00500244205935457,1.0,False,False,2.1278468222577622,0.99849682672659,tr0,inf5,0.842245932522791,0.0011385772565195072,0.3922249040446313,0.007301756102810547,0.09802613977879275,0.16175169825512092,0.003571116816147076,0.0027724609770774637,0.44602339770024785,0.008911246881645506,2.124648299784634,0.0,observed
1018,1000,0.017539055402786795,0.0012506105148386425,0.00500244205935457,1.0,False,False,2.124648299784634,0.99849682672659,tr0,inf5,0.8418811440632916,0.0011385772565195072,0.3922249040446313,0.007301756102810547,0.09802613977879275,0.16175169825512092,0.003571116816147076,0.0027724609770774637,0.44602339770024785,0.008911246881645506,2.1214545852450017,0.0,observed
1019,1000,0.017539055402786795,0.0012506105148386425,0.00500244205935457,1.0,False,False,2.1214545852450017,0.99849682672659,tr0,inf5,0.8415157379275653,0.0011385772565195072,0.3922249040446313,0.007301756102810547,0.09802613977879275,0.16175169825512092,0.003571116816147076,0.0027724609770774637,0.44602339770024785,0.008911246881645506,2.1182656714117085,0.0,observed
1020,1000,0.017539055402786795,0.0012506105148386425,0.00500244205935457,1.0,False,False,2.1182656714117085,0.99849682672659,tr0,inf5,0.8411497148282301,0.0011385772565195072,0.3922249040446313,0.007301756102810547,0.09802613977879275,0.16175169825512092,0.003571116816147076,0.0027724609770774637,0.44602339770024785,0.008911246881645506,2.2050815510684605,0.09,observed
1021,1000,0.017539055402786795,0.0012506105148386425,0.00500244205935457,1.0,False,False,2.2050815510684605,0.99849682672659,tr0,inf5,0.8507093585919385,0.0011385772565195072,0.3922249040446313,0.007301756102810547,0.09802613977879275,0.16175169825512092,0.003571116816147076,0.0027724609770774637,0.44602339770024785,0.008911246881645506,2.201766931415205,0.0,observed
1022,1000,0.017539055402786795,0.0012506105148386425,0.00500244205935457,1.0,False,False,2.201766931415205,0.99849682672659,tr0,inf5,0.8503594069847316,0.0011385772565195072,0.3922249040446313,0.007301756102810547,0.09802613977879275,0.16175169825512092,0.003571116816147076,0.0027724609770774637,0.44602339770024785,0.008911246881645506,2.1984572942096237,0.0,observed
1023,1000,0.017539055402786795,0.0012506105148386425,0.00500244205935457,1.0,False,False,2.1984572942096237,0.99849682672659,tr0,inf5,0.8500088221547965,0.0011385772565195072,0.3922249040446313,0.007301756102810547,0.09802613977879275,0.16175169825512092,0.003571116816147076,0.0027724609770774637,0.44602339770024785,0.008911246881645506,2.1951526319622343,0.0,observed
1024,1000,0.017539055402786795,0.0012506105148386425,0.00500244205935457,1.0,False,False,2.1951526319622343,0.99849682672659,tr0,inf5,0.8496576047049534,0.0011385772565195072,0.3922249040446313,0.007301756102810547,0.09802613977879275,0.16175169825512092,0.003571116816147076,0.0027724609770774637,0.44602339770024785,0.008911246881645506,2.1918529371948132,0.0,observed
1025,1000,0.017539055402786795,0.0012506105148386425,0.00500244205935457,1.0,False,False,2.1918529371948132,0.99849682672659,tr0,inf5,0.8493057552427827,0.0011385772565195072,0.3922249040446313,0.007301756102810547,0.09802613977879275,0.16175169825512092,0.003571116816147076,0.0027724609770774637,0.44602339770024785,0.008911246881645506,2.188558202440377,0.0,observed
1026,1000,0.017539055402786795,0.0012506105148386425,0.00500244205935457,1.0,False,False,2.188558202440377,0.99849682672659,tr0,inf5,0.8489532743806129,0.0011385772565195072,0.3922249040446313,0.007301756102810547,0.09802613977879275,0.16175169825512092,0.003571116816147076,0.0027724609770774637,0.44602339770024785,0.008911246881645506,2.1852684202431663,0.0,observed
1027,1000,0.017539055402786795,0.0012506105148386425,0.00500244205935457,1.0,False,False,2.1852684202431663,0.99849682672659,tr0,inf5,0.8486001627355101,0.0011385772565195072,0.3922249040446313,0.007301756102810547,0.09802613977879275,0.16175169825512092,0.003571116816147076,0.0027724609770774637,0.44602339770024785,0.008911246881645506,2.18198358315863,0.0,observed
1028,1000,0.017539055402786795,0.0012506105148386425,0.00500244205935457,1.0,False,False,2.18198358315863,0.99849682672659,tr0,inf5,0.8482464209292683,0.0011385772565195072,0.3922249040446313,0.007301756102810547,0.09802613977879275,0.16175169825512092,0.003571116816147076,0.0027724609770774637,0.44602339770024785,0.008911246881645506,2.178703683753407,0.0,observed
1029,1000,0.017539055402786795,0.0012506105148386425,0.00500244205935457,1.0,False,False,2.178703683753407,0.99849682672659,tr0,inf5,0.8478920495883973,0.0011385772565195072,0.3922249040446313,0.007301756102810547,0.09802613977879275,0.16175169825512092,0.003571116816147076,0.0027724609770774637,0.44602339770024785,0.008911246881645506,2.175428714605309,0.0,observed
1030,1000,0.017539055402786795,0.0012506105148386425,0.00500244205935457,1.0,False,False,2.175428714605309,0.99849682672659,tr0,inf5,0.847537049344112,0.0011385772565195072,0.3922249040446313,0.007301756102810547,0.09802613977879275,0.16175169825512092,0.003571116816147076,0.0027724609770774637,0.44602339770024785,0.008911246881645506,2.2621586683033055,0.09,observed
1031,1000,0.017539055402786795,0.0012506105148386425,0.00500244205935457,1.0,False,False,2.2621586683033055,0.99849682672659,tr0,inf5,0.8565570059413742,0.0011385772565195072,0.3922249040446313,0.007301756102810547,0.09802613977879275,0.16175169825512092,0.003571116816147076,0.0027724609770774637,0.44602339770024785,0.008911246881645506,2.2587582518528992,0.0,observed
1032,1000,0.017539055402786795,0.0012506105148386425,0.00500244205935457,1.0,False,False,2.2587582518528992,0.99849682672659,tr0,inf5,0.8562178989343481,0.0011385772565195072,0.3922249040446313,0.007301756102810547,0.09802613977879275,0.16175169825512092,0.003571116816147076,0.0027724609770774637,0.44602339770024785,0.008911246881645506,2.2553629468176197,0.0,observed
1033,1000,0.017539055402786795,0.0012506105148386425,0.00500244205935457,1.0,False,False,2.2553629468176197,0.99849682672659,tr0,inf5,0.8558781492011847,0.0011385772565195072,0.3922249040446313,0.007301756102810547,0.09802613977879275,0.16175169825512092,0.003571116816147076,0.0027724609770774637,0.44602339770024785,0.008911246881645506,2.251972745514124,0.0,observed
1034,1000,0.017539055402786795,0.0012506105148386425,0.00500244205935457,1.0,False,False,2.251972745514124,0.99849682672659,tr0,inf5,0.8555377572622734,0.0011385772565195072,0.3922249040446313,0.007301756102810547,0.09802613977879275,0.16175169825512092,0.003571116816147076,0.0027724609770774637,0.44602339770024785,0.008911246881645506,2.2485876402706197,0.0,observed
1035,1000,0.017539055402786795,0.0012506105148386425,0.00500244205935457,1.0,False,False,2.2485876402706197,0.99849682672659,tr0,inf5,0.8551967236429355,0.0011385772565195072,0.3922249040446313,0.007301756102810547,0.09802613977879275,0.16175169825512092,0.003571116816147076,0.0027724609770774637,0.44602339770024785,0.008911246881645506,2.245207623426845,0.0,observed
1036,1000,0.017539055402786795,0.0012506105148386425,0.00500244205935457,1.0,False,False,2.245207623426845,0.99849682672659,tr0,inf5,0.8548550488734142,0.0011385772565195072,0.3922249040446313,0.007301756102810547,0.09802613977879275,0.16175169825512092,0.003571116816147076,0.0027724609770774637,0.44602339770024785,0.008911246881645506,2.2418326873340533,0.0,observed
1037,1000,0.017539055402786795,0.0012506105148386425,0.00500244205935457,1.0,False,False,2.2418326873340533,0.99849682672659,tr0,inf5,0.8545127334888655,0.0011385772565195072,0.3922249040446313,0.007301756102810547,0.09802613977879275,0.16175169825512092,0.003571116816147076,0.0027724609770774637,0.44602339770024785,0.008911246881645506,2.238462824354996,0.0,observed
1038,1000,0.017539055402786795,0.0012506105148386425,0.00500244205935457,1.0,False,False,2.238462824354996,0.99849682672659,tr0,inf5,0.8541697780293479,0.0011385772565195072,0.3922249040446313,0.007301756102810547,0.09802613977879275,0.16175169825512092,0.003571116816147076,0.0027724609770774637,0.44602339770024785,0.008911246881645506,2.235098026863904,0.0,observed
1039,1000,0.017539055402786795,0.0012506105148386425,0.00500244205935457,1.0,False,False,2.235098026863904,0.99849682672659,tr0,inf5,0.8538261830398131,0.0011385772565195072,0.3922249040446313,0.007301756102810547,0.09802613977879275,0.16175169825512092,0.003571116816147076,0.0027724609770774637,0.44602339770024785,0.008911246881645506,2.2317382872464706,0.0,observed
1040,1000,0.017539055402786795,0.0012506105148386425,0.00500244205935457,1.0,False,False,2.2317382872464706,0.99849682672659,tr0,inf5,0.8534819490700956,0.0011385772565195072,0.3922249040446313,0.007301756102810547,0.09802613977879275,0.16175169825512092,0.003571116816147076,0.0027724609770774637,0.44602339770024785,0.008911246881645506,2.3183835978998357,0.09,observed
1041,1000,0.017539055402786795,0.0012506105148386425,0.00500244205935457,1.0,False,False,2.3183835978998357,0.99849682672659,tr0,inf5,0.8620000655446526,0.0011385772565195072,0.3922249040446313,0.007301756102810547,0.09802613977879275,0.16175169825512092,0.003571116816147076,0.0027724609770774637,0.44602339770024785,0.008911246881645506,2.3148986656379607,0.0,observed
1042,1000,0.017539055402786795,0.0012506105148386425,0.00500244205935457,1.0,False,False,2.3148986656379607,0.99849682672659,tr0,inf5,0.8616715172763808,0.0011385772565195072,0.3922249040446313,0.007301756102810547,0.09802613977879275,0.16175169825512092,0.003571116816147076,0.0027724609770774637,0.44602339770024785,0.008911246881645506,2.3114189718331213,0.0,observed
1043,1000,0.017539055402786795,0.0012506105148386425,0.00500244205935457,1.0,False,False,2.3114189718331213,0.99849682672659,tr0,inf5,0.8613423184940737,0.0011385772565195072,0.3922249040446313,0.007301756102810547,0.09802613977879275,0.16175169825512092,0.003571116816147076,0.0027724609770774637,0.44602339770024785,0.008911246881645506,2.307944508611009,0.0,observed
1044,1000,0.017539055402786795,0.0012506105148386425,0.00500244205935457,1.0,False,False,2.307944508611009,0.99849682672659,tr0,inf5,0.8610124696363397,0.0011385772565195072,0.3922249040446313,0.007301756102810547,0.09802613977879275,0.16175169825512092,0.003571116816147076,0.0027724609770774637,0.44602339770024785,0.008911246881645506,2.3044752681091514,0.0,observed
1045,1000,0.017539055402786795,0.0012506105148386425,0.00500244205935457,1.0,False,False,2.3044752681091514,0.99849682672659,tr0,inf5,0.8606819711468653,0.0011385772565195072,0.3922249040446313,0.007301756102810547,0.09802613977879275,0.16175169825512092,0.003571116816147076,0.0027724609770774637,0.44602339770024785,0.008911246881645506,2.3010112424768954,0.0,observed
1046,1000,0.017539055402786795,0.0012506105148386425,0.00500244205935457,1.0,False,False,2.3010112424768954,0.99849682672659,tr0,inf5,0.8603508234744067,0.0011385772565195072,0.3922249040446313,0.007301756102810547,0.09802613977879275,0.16175169825512092,0.003571116816147076,0.0027724609770774637,0.44602339770024785,0.008911246881645506,2.297552423875388,0.0,observed
1047,1000,0.017539055402786795,0.0012506105148386425,0.00500244205935457,1.0,False,False,2.297552423875388,0.99849682672659,tr0,inf5,0.8600190270727809,0.0011385772565195072,0.3922249040446313,0.007301756102810547,0.09802613977879275,0.16175169825512092,0.003571116816147076,0.0027724609770774637,0.44602339770024785,0.008911246881645506,2.2940988044775605,0.0,observed
1048,1000,0.017539055402786795,0.0012506105148386425,0.00500244205935457,1.0,False,False,2.2940988044775605,0.99849682672659,tr0,inf5,0.859686582400858,0.0011385772565195072,0.3922249040446313,0.007301756102810547,0.09802613977879275,0.16175169825512092,0.003571116816147076,0.0027724609770774637,0.44602339770024785,0.008911246881645506,2.290650376468108,0.0,observed
1049,1000,0.017539055402786795,0.0012506105148386425,0.00500244205935457,1.0,False,False,2.290650376468108,0.99849682672659,tr0,inf5,0.8593534899225517,0.0011385772565195072,0.3922249040446313,0.007301756102810547,0.09802613977879275,0.16175169825512092,0.003571116816147076,0.0027724609770774637,0.44602339770024785,0.008911246881645506,2.287207132043475,0.0,observed
1050,1000,0.017539055402786795,0.0012506105148386425,0.00500244205935457,1.0,False,False,2.287207132043475,0.99849682672659,tr0,inf5,0.8590197501068112,0.0011385772565195072,0.3922249040446313,0.007301756102810547,0.09802613977879275,0.16175169825512092,0.003571116816147076,0.0027724609770774637,0.44602339770024785,0.008911246881645506,2.3737690634118342,0.09,observed
1051,1050,0.4595789435548479,0.22975244038393144,0.9190097615357258,1.0,False,False,2.3737690634118342,0.9448534892848977,tr0,inf5,0.7427850435613802,0.4198011646718115,0.07642090337162763,0.08992940112297135,1.0,0.42749735931416666,0.11051940106521616,0.0,0.49608173731420574,0.006413783898601038,2.242863982321215,0.0,observed
1052,1050,0.4595789435548479,0.22975244038393144,0.9190097615357258,1.0,False,False,2.242863982321215,0.9448534892848977,tr0,inf5,0.7321167469344905,0.4198011646718115,0.07642090337162763,0.08992940112297135,1.0,0.42749735931416666,0.11051940106521616,0.0,0.49608173731420574,0.006413783898601038,2.1191778596876207,0.0,observed
1053,1050,0.4595789435548479,0.22975244038393144,0.9190097615357258,1.0,False,False,2.1191778596876207,0.9448534892848977,tr0,inf5,0.7206692619483573,0.4198011646718115,0.07642090337162763,0.08992940112297135,1.0,0.42749735931416666,0.11051940106521616,0.0,0.49608173731420574,0.006413783898601038,2.0023125951411496,0.0,observed
1054,1050,0.4595789435548479,0.22975244038393144,0.9190097615357258,1.0,False,False,2.0023125951411496,0.9448534892848977,tr0,inf5,0.7084715059836731,0.4198011646718115,0.07642090337162763,0.08992940112297135,1.0,0.42749735931416666,0.11051940106521616,0.0,0.49608173731420574,0.006413783898601038,1.8918920421582137,0.0,observed
1055,1050,0.4595789435548479,0.22975244038393144,0.9190097615357258,1.0,False,False,1.8918920421582137,0.9448534892848977,tr0,inf5,0.6955601338325115,0.4198011646718115,0.07642090337162763,0.08992940112297135,1.0,0.42749735931416666,0.11051940106521616,0.0,0.49608173731420574,0.006413783898601038,1.787560797383519,0.0,observed
1056,1050,0.4595789435548479,0.22975244038393144,0.9190097615357258,1.0,False,False,1.787560797383519,0.9448534892848977,tr0,inf5,0.68197868906136,0.4198011646718115,0.07642090337162763,0.08992940112297135,1.0,0.42749735931416666,0.11051940106521616,0.0,0.49608173731420574,0.006413783898601038,1.688983056716712,0.0,observed
1057,1050,0.4595789435548479,0.22975244038393144,0.9190097615357258,1.0,False,False,1.688983056716712,0.9448534892848977,tr0,inf5,0.6677766583442243,0.4198011646718115,0.07642090337162763,0.08992940112297135,1.0,0.42749735931416666,0.11051940106521616,0.0,0.49608173731420574,0.006413783898601038,1.5958415344818575,0.0,observed
1058,1050,0.4595789435548479,0.22975244038393144,0.9190097615357258,1.0,False,False,1.5958415344818575,0.9448534892848977,tr0,inf5,0.653008464948366,0.4198011646718115,0.07642090337162763,0.08992940112297135,1.0,0.42749735931416666,0.11051940106521616,0.0,0.49608173731420574,0.006413783898601038,1.5078364422009485,0.0,observed
1059,1050,0.4595789435548479,0.22975244038393144,0.9190097615357258,1.0,False,False,1.5078364422009485,0.9448534892848977,tr0,inf5,0.6377324352127886,0.4198011646718115,0.07642090337162763,0.08992940112297135,1.0,0.42749735931416666,0.11051940106521616,0.0,0.49608173731420574,0.006413783898601038,1.424684523684492,0.0,observed
1060,1050,0.4595789435548479,0.22975244038393144,0.9190097615357258,1.0,False,False,1.424684523684492,0.9448534892848977,tr0,inf5,0.6220097684560477,0.4198011646718115,0.07642090337162763,0.08992940112297135,1.0,0.42749735931416666,0.11051940106521616,0.0,0.49608173731420574,0.006413783898601038,1.4361181433334849,0.09,observed
1061,1050,0.4595789435548479,0.22975244038393144,0.9190097615357258,1.0,False,False,1.4361181433334849,0.9448534892848977,tr0,inf5,0.6242499765536929,0.4198011646718115,0.07642090337162763,0.08992940112297135,1.0,0.42749735931416666,0.11051940106521616,0.0,0.49608173731420574,0.006413783898601038,1.356921238753992,0.0,observed
1062,1050,0.4595789435548479,0.22975244038393144,0.9190097615357258,1.0,False,False,1.356921238753992,0.9448534892848977,tr0,inf5,0.6081939319295395,0.4198011646718115,0.07642090337162763,0.08992940112297135,1.0,0.42749735931416666,0.11051940106521616,0.0,0.49608173731420574,0.006413783898601038,1.282091767121495,0.0,observed
1063,1050,0.4595789435548479,0.22975244038393144,0.9190097615357258,1.0,False,False,1.282091767121495,0.9448534892848977,tr0,inf5,0.5918092781567098,0.4198011646718115,0.07642090337162763,0.08992940112297135,1.0,0.42749735931416666,0.11051940106521616,0.0,0.49608173731420574,0.006413783898601038,1.211388879748185,0.0,observed
1064,1050,0.4595789435548479,0.22975244038393144,0.9190097615357258,1.0,False,False,1.211388879748185,0.9448534892848977,tr0,inf5,0.5751600991114846,0.4198011646718115,0.07642090337162763,0.08992940112297135,1.0,0.42749735931416666,0.11051940106521616,0.0,0.49608173731420574,0.006413783898601038,1.144585009910996,0.0,observed
1065,1050,0.4595789435548479,0.22975244038393144,0.9190097615357258,1.0,False,False,1.144585009910996,0.9448534892848977,tr0,inf5,0.5583098313348014,0.4198011646718115,0.07642090337162763,0.08992940112297135,1.0,0.42749735931416666,0.11051940106521616,0.0,0.49608173731420574,0.006413783898601038,1.0814651403975937,0.0,observed
1066,1050,0.4595789435548479,0.22975244038393144,0.9190097615357258,1.0,False,False,1.0814651403975937,0.9448534892848977,tr0,inf5,0.5413205425338709,0.4198011646718115,0.07642090337162763,0.08992940112297135,1.0,0.42749735931416666,0.11051940106521616,0.0,0.49608173731420574,0.006413783898601038,1.021826111444648,0.0,observed
1067,1050,0.4595789435548479,0.22975244038393144,0.9190097615357258,1.0,False,False,1.021826111444648,0.9448534892848977,tr0,inf5,0.5242523043597122,0.4198011646718115,0.07642090337162763,0.08992940112297135,1.0,0.42749735931416666,0.11051940106521616,0.0,0.49608173731420574,0.006413783898601038,0.9654759668408944,0.0,observed
1068,1050,0.4595789435548479,0.22975244038393144,0.9190097615357258,1.0,False,False,0.9654759668408944,0.9448534892848977,tr0,inf5,0.5071626612959247,0.4198011646718115,0.07642090337162763,0.08992940112297135,1.0,0.42749735931416666,0.11051940106521616,0.0,0.49608173731420574,0.006413783898601038,0.9122333360903292,0.0,observed
1069,1050,0.4595789435548479,0.22975244038393144,0.9190097615357258,1.0,False,False,0.9122333360903292,0.9448534892848977,tr0,inf5,0.49010619463241806,0.4198011646718115,0.07642090337162763,0.08992940112297135,1.0,0.42749735931416666,0.11051940106521616,0.0,0.49608173731420574,0.006413783898601038,0.8619268506469503,0.0,observed
1070,1050,0.4595789435548479,0.22975244038393144,0.9190097615357258,1.0,False,False,0.8619268506469503,0.9448534892848977,tr0,inf5,0.4731341781668471,0.4198011646718115,0.07642090337162763,0.08992940112297135,1.0,0.42749735931416666,0.11051940106521616,0.0,0.49608173731420574,0.006413783898601038,0.9043945923421138,0.09,observed
1071,1050,0.4595789435548479,0.22975244038393144,0.9190097615357258,1.0,False,False,0.9043945923421138,0.9448534892848977,tr0,inf5,0.4875174482849702,0.4198011646718115,0.07642090337162763,0.08992940112297135,1.0,0.42749735931416666,0.11051940106521616,0.0,0.49608173731420574,0.006413783898601038,0.8545203862648388,0.0,observed
1072,1050,0.4595789435548479,0.22975244038393144,0.9190097615357258,1.0,False,False,0.8545203862648388,0.9448534892848977,tr0,inf5,0.47056255214372766,0.4198011646718115,0.07642090337162763,0.08992940112297135,1.0,0.42749735931416666,0.11051940106521616,0.0,0.49608173731420574,0.006413783898601038,0.8073965686274115,0.0,observed
1073,1050,0.4595789435548479,0.22975244038393144,0.9190097615357258,1.0,False,False,0.8073965686274115,0.9448534892848977,tr0,inf5,0.4537467483695669,0.4198011646718115,0.07642090337162763,0.08992940112297135,1.0,0.42749735931416666,0.11051940106521616,0.0,0.49608173731420574,0.006413783898601038,0.7628714651042631,0.0,observed
1074,1050,0.4595789435548479,0.22975244038393144,0.9190097615357258,1.0,False,False,0.7628714651042631,0.9448534892848977,tr0,inf5,0.4371134222403882,0.4198011646718115,0.07642090337162763,0.08992940112297135,1.0,0.42749735931416666,0.11051940106521616,0.0,0.49608173731420574,0.006413783898601038,0.720801765679645,0.0,observed
1075,1050,0.4595789435548479,0.22975244038393144,0.9190097615357258,1.0,False,False,0.720801765679645,0.9448534892848977,tr0,inf5,0.42070210090427157,0.4198011646718115,0.07642090337162763,0.08992940112297135,1.0,0.42749735931416666,0.11051940106521616,0.0,0.49608173731420574,0.006413783898601038,0.6810520633851278,0.0,observed
1076,1050,0.4595789435548479,0.22975244038393144,0.9190097615357258,1.0,False,False,0.6810520633851278,0.9448534892848977,tr0,inf5,0.4045484221137145,0.4198011646718115,0.07642090337162763,0.08992940112297135,1.0,0.42749735931416666,0.11051940106521616,0.0,0.49608173731420574,0.006413783898601038,0.6434944184741173,0.0,observed
1077,1050,0.4595789435548479,0.22975244038393144,0.9190097615357258,1.0,False,False,0.6434944184741173,0.9448534892848977,tr0,inf5,0.3886841582463278,0.4198011646718115,0.07642090337162763,0.08992940112297135,1.0,0.42749735931416666,0.11051940106521616,0.0,0.49608173731420574,0.006413783898601038,0.6080079466306259,0.0,observed
1078,1050,0.4595789435548479,0.22975244038393144,0.9190097615357258,1.0,False,False,0.6080079466306259,0.9448534892848977,tr0,inf5,0.3731372875378301,0.4198011646718115,0.07642090337162763,0.08992940112297135,1.0,0.42749735931416666,0.11051940106521616,0.0,0.49608173731420574,0.006413783898601038,0.5744784298868927,0.0,observed
1079,1050,0.4595789435548479,0.22975244038393144,0.9190097615357258,1.0,False,False,0.5744784298868927,0.9448534892848977,tr0,inf5,0.3579321047393742,0.4198011646718115,0.07642090337162763,0.08992940112297135,1.0,0.42749735931416666,0.11051940106521616,0.0,0.49608173731420574,0.006413783898601038,0.54279794899754,0.0,observed
1080,1050,0.4595789435548479,0.22975244038393144,0.9190097615357258,1.0,False,False,0.54279794899754,0.9448534892848977,tr0,inf5,0.3430893638470072,0.4198011646718115,0.07642090337162763,0.08992940112297135,1.0,0.42749735931416666,0.11051940106521616,0.0,0.49608173731420574,0.006413783898601038,0.6028645360870115,0.09,observed
1081,1050,0.4595789435548479,0.22975244038393144,0.9190097615357258,1.0,False,False,0.6028645360870115,0.9448534892848977,tr0,inf5,0.3708377965434018,0.4198011646718115,0.07642090337162763,0.08992940112297135,1.0,0.42749735931416666,0.11051940106521616,0.0,0.49608173731420574,0.006413783898601038,0.569618660487934,0.0,observed
1082,1050,0.4595789435548479,0.22975244038393144,0.9190097615357258,1.0,False,False,0.569618660487934,0.9448534892848977,tr0,inf5,0.3556856574892863,0.4198011646718115,0.07642090337162763,0.08992940112297135,1.0,0.42749735931416666,0.11051940106521616,0.0,0.49608173731420574,0.006413783898601038,0.5382061789238138,0.0,observed
1083,1050,0.4595789435548479,0.22975244038393144,0.9190097615357258,1.0,False,False,0.5382061789238138,0.9448534892848977,tr0,inf5,0.3408987737839916,0.4198011646718115,0.07642090337162763,0.08992940112297135,1.0,0.42749735931416666,0.11051940106521616,0.0,0.49608173731420574,0.006413783898601038,0.5085259861108574,0.0,observed
1084,1050,0.4595789435548479,0.22975244038393144,0.9190097615357258,1.0,False,False,0.5085259861108574,0.9448534892848977,tr0,inf5,0.3264940372557859,0.4198011646718115,0.07642090337162763,0.08992940112297135,1.0,0.42749735931416666,0.11051940106521616,0.0,0.49608173731420574,0.006413783898601038,0.48048255236888704,0.0,observed
1085,1050,0.4595789435548479,0.22975244038393144,0.9190097615357258,1.0,False,False,0.48048255236888704,0.9448534892848977,tr0,inf5,0.3124851833236288,0.4198011646718115,0.07642090337162763,0.08992940112297135,1.0,0.42749735931416666,0.11051940106521616,0.0,0.49608173731420574,0.006413783898601038,0.4539856161462565,0.0,observed
1086,1050,0.4595789435548479,0.22975244038393144,0.9190097615357258,1.0,False,False,0.4539856161462565,0.9448534892848977,tr0,inf5,0.2988829931394563,0.4198011646718115,0.07642090337162763,0.08992940112297135,1.0,0.42749735931416666,0.11051940106521616,0.0,0.49608173731420574,0.006413783898601038,0.4289498935009446,0.0,observed
1087,1050,0.4595789435548479,0.22975244038393144,0.9190097615357258,1.0,False,False,0.4289498935009446,0.9448534892848977,tr0,inf5,0.2856955036610816,0.4198011646718115,0.07642090337162763,0.08992940112297135,1.0,0.42749735931416666,0.11051940106521616,0.0,0.49608173731420574,0.006413783898601038,0.4052948036027527,0.0,observed
1088,1050,0.4595789435548479,0.22975244038393144,0.9190097615357258,1.0,False,False,0.4052948036027527,0.9448534892848977,tr0,inf5,0.27292822150034846,0.4198011646718115,0.07642090337162763,0.08992940112297135,1.0,0.42749735931416666,0.11051940106521616,0.0,0.49608173731420574,0.006413783898601038,0.3829442093730982,0.0,observed
1089,1050,0.4595789435548479,0.22975244038393144,0.9190097615357258,1.0,False,False,0.3829442093730982,0.9448534892848977,tr0,inf5,0.2605843370086532,0.4198011646718115,0.07642090337162763,0.08992940112297135,1.0,0.42749735931416666,0.11051940106521616,0.0,0.49608173731420574,0.006413783898601038,0.3618261724276182,0.0,observed
1090,1050,0.4595789435548479,0.22975244038393144,0.9190097615357258,1.0,False,False,0.3618261724276182,0.9448534892848977,tr0,inf5,0.24866493564178105,0.4198011646718115,0.07642090337162763,0.08992940112297135,1.0,0.42749735931416666,0.11051940106521616,0.0,0.49608173731420574,0.006413783898601038,0.43187272153283407,0.09,observed
1091,1050,0.4595789435548479,0.22975244038393144,0.9190097615357258,1.0,False,False,0.43187272153283407,0.9448534892848977,tr0,inf5,0.2872521710415103,0.4198011646718115,0.07642090337162763,0.08992940112297135,1.0,0.42749735931416666,0.11051940106521616,0.0,0.49608173731420574,0.006413783898601038,0.40805644786726325,0.0,observed
1092,1050,0.4595789435548479,0.22975244038393144,0.9190097615357258,1.0,False,False,0.40805644786726325,0.9448534892848977,tr0,inf5,0.27443437264174536,0.4198011646718115,0.07642090337162763,0.08992940112297135,1.0,0.42749735931416666,0.11051940106521616,0.0,0.49608173731420574,0.006413783898601038,0.3855535585925846,0.0,observed
1093,1050,0.4595789435548479,0.22975244038393144,0.9190097615357258,1.0,False,False,0.3855535585925846,0.9448534892848977,tr0,inf5,0.2620397050095219,0.4198011646718115,0.07642090337162763,0.08992940112297135,1.0,0.42749735931416666,0.11051940106521616,0.0,0.49608173731420574,0.006413783898601038,0.3642916251424128,0.0,observed
1094,1050,0.4595789435548479,0.22975244038393144,0.9190097615357258,1.0,False,False,0.3642916251424128,0.9448534892848977,tr0,inf5,0.25006949459846556,0.4198011646718115,0.07642090337162763,0.08992940112297135,1.0,0.42749735931416666,0.11051940106521616,0.0,0.49608173731420574,0.006413783898601038,0.3442022131330747,0.0,observed
1095,1050,0.4595789435548479,0.22975244038393144,0.9190097615357258,1.0,False,False,0.3442022131330747,0.9448534892848977,tr0,inf5,0.23852314483946407,0.4198011646718115,0.07642090337162763,0.08992940112297135,1.0,0.42749735931416666,0.11051940106521616,0.0,0.49608173731420574,0.006413783898601038,0.32522066209836964,0.0,observed
1096,1050,0.4595789435548479,0.22975244038393144,0.9190097615357258,1.0,False,False,0.32522066209836964,0.9448534892848977,tr0,inf5,0.22739833621601802,0.4198011646718115,0.07642090337162763,0.08992940112297135,1.0,0.42749735931416666,0.11051940106521616,0.0,0.49608173731420574,0.006413783898601038,0.30728587737118923,0.0,observed
1097,1050,0.4595789435548479,0.22975244038393144,0.9190097615357258,1.0,False,False,0.30728587737118923,0.9448534892848977,tr0,inf5,0.21669121791571308,0.4198011646718115,0.07642090337162763,0.08992940112297135,1.0,0.42749735931416666,0.11051940106521616,0.0,0.49608173731420574,0.006413783898601038,0.2903401334421393,0.0,observed
1098,1050,0.4595789435548479,0.22975244038393144,0.9190097615357258,1.0,False,False,0.2903401334421393,0.9448534892848977,tr0,inf5,0.2063965898970306,0.4198011646718115,0.07642090337162763,0.08992940112297135,1.0,0.42749735931416666,0.11051940106521616,0.0,0.49608173731420574,0.006413783898601038,0.27432888816224815,0.0,observed
1099,1050,0.4595789435548479,0.22975244038393144,0.9190097615357258,1.0,False,False,0.27432888816224815,0.9448534892848977,tr0,inf5,0.19650807455141445,0.4198011646718115,0.07642090337162763,0.08992940112297135,1.0,0.42749735931416666,0.11051940106521616,0.0,0.49608173731420574,0.006413783898601038,0.25920060719174665,0.0,observed
1100,1050,0.4595789435548479,0.22975244038393144,0.9190097615357258,1.0,False,False,0.25920060719174665,0.9448534892848977,tr0,inf5,0.1870182774338573,0.4198011646718115,0.07642090337162763,0.08992940112297135,1.0,0.42749735931416666,0.11051940106521616,0.0,0.49608173731420574,0.006413783898601038,0.334906598129886,0.09,observed
1101,1100,0.03681133777671378,0.004936946581459766,0.019747786325839064,1.0,False,False,0.334906598129886,0.9966601372513461,tr0,inf5,0.2702757299432353,0.019292769642781236,0.36350350882048504,0.00741789383647729,0.2084116812797027,0.14174113076844305,0.012680156374421665,0.0005211483642053437,0.4947553604110718,0.0062850519697025395,0.3337880560585136,0.0,observed
1102,1100,0.03681133777671378,0.004936946581459766,0.019747786325839064,1.0,False,False,0.3337880560585136,0.9966601372513461,tr0,inf5,0.2695153567755988,0.019292769642781236,0.36350350882048504,0.00741789383647729,0.2084116812797027,0.14174113076844305,0.012680156374421665,0.0005211483642053437,0.4947553604110718,0.0062850519697025395,0.33267324976413815,0.0,observed
1103,1100,0.03681133777671378,0.004936946581459766,0.019747786325839064,1.0,False,False,0.33267324976413815,0.9966601372513461,tr0,inf5,0.26875667642432854,0.019292769642781236,0.36350350882048504,0.00741789383647729,0.2084116812797027,0.14174113076844305,0.012680156374421665,0.0005211483642053437,0.4947553604110718,0.0062850519697025395,0.33156216676977723,0.0,observed
1104,1100,0.03681133777671378,0.004936946581459766,0.019747786325839064,1.0,False,False,0.33156216676977723,0.9966601372513461,tr0,inf5,0.2679996879439341,0.019292769642781236,0.36350350882048504,0.00741789383647729,0.2084116812797027,0.14174113076844305,0.012680156374421665,0.0005211483642053437,0.4947553604110718,0.0062850519697025395,0.33045479464011984,0.0,observed
1105,1100,0.03681133777671378,0.004936946581459766,0.019747786325839064,1.0,False,False,0.33045479464011984,0.9966601372513461,tr0,inf5,0.2672443903690196,0.019292769642781236,0.36350350882048504,0.00741789383647729,0.2084116812797027,0.14174113076844305,0.012680156374421665,0.0005211483642053437,0.4947553604110718,0.0062850519697025395,0.3293511209813872,0.0,observed
1106,1100,0.03681133777671378,0.004936946581459766,0.019747786325839064,1.0,False,False,0.3293511209813872,0.9966601372513461,tr0,inf5,0.26649078271443355,0.019292769642781236,0.36350350882048504,0.00741789383647729,0.2084116812797027,0.14174113076844305,0.012680156374421665,0.0005211483642053437,0.4947553604110718,0.0062850519697025395,0.32825113344119405,0.0,observed
1107,1100,0.03681133777671378,0.004936946581459766,0.019747786325839064,1.0,False,False,0.32825113344119405,0.9966601372513461,tr0,inf5,0.26573886397541807,0.019292769642781236,0.36350350882048504,0.00741789383647729,0.2084116812797027,0.14174113076844305,0.012680156374421665,0.0005211483642053437,0.4947553604110718,0.0062850519697025395,0.32715481970841037,0.0,observed
1108,1100,0.03681133777671378,0.004936946581459766,0.019747786325839064,1.0,False,False,0.32715481970841037,0.9966601372513461,tr0,inf5,0.26498863312775733,0.019292769642781236,0.36350350882048504,0.00741789383647729,0.2084116812797027,0.14174113076844305,0.012680156374421665,0.0005211483642053437,0.4947553604110718,0.0062850519697025395,0.32606216751302364,0.0,observed
1109,1100,0.03681133777671378,0.004936946581459766,0.019747786325839064,1.0,False,False,0.32606216751302364,0.9966601372513461,tr0,inf5,0.26424008912792585,0.019292769642781236,0.36350350882048504,0.00741789383647729,0.2084116812797027,0.14174113076844305,0.012680156374421665,0.0005211483642053437,0.4947553604110718,0.0062850519697025395,0.3249731646260015,0.0,observed
1110,1100,0.03681133777671378,0.004936946581459766,0.019747786325839064,1.0,False,False,0.3249731646260015,0.9966601372513461,tr0,inf5,0.26349323091323623,0.019292769642781236,0.36350350882048504,0.00741789383647729,0.2084116812797027,0.14174113076844305,0.012680156374421665,0.0005211483642053437,0.4947553604110718,0.0062850519697025395,0.41388779885915494,0.09,observed
1111,1100,0.03681133777671378,0.004936946581459766,0.019747786325839064,1.0,False,False,0.41388779885915494,0.9966601372513461,tr0,inf5,0.3218719166163617,0.019292769642781236,0.36350350882048504,0.00741789383647729,0.2084116812797027,0.14174113076844305,0.012680156374421665,0.0005211483642053437,0.4947553604110718,0.0062850519697025395,0.41250547041762287,0.0,observed
1112,1100,0.03681133777671378,0.004936946581459766,0.019747786325839064,1.0,False,False,0.41250547041762287,0.9966601372513461,tr0,inf5,0.32100347246299643,0.019292769642781236,0.36350350882048504,0.00741789383647729,0.2084116812797027,0.14174113076844305,0.012680156374421665,0.0005211483642053437,0.4947553604110718,0.0062850519697025395,0.41112775876335905,0.0,observed
1113,1100,0.03681133777671378,0.004936946581459766,0.019747786325839064,1.0,False,False,0.41112775876335905,0.9966601372513461,tr0,inf5,0.32013673350217886,0.019292769642781236,0.36350350882048504,0.00741789383647729,0.2084116812797027,0.14174113076844305,0.012680156374421665,0.0005211483642053437,0.4947553604110718,0.0062850519697025395,0.4097546484769277,0.0,observed
1114,1100,0.03681133777671378,0.004936946581459766,0.019747786325839064,1.0,False,False,0.4097546484769277,0.9966601372513461,tr0,inf5,0.31927170037276964,0.019292769642781236,0.36350350882048504,0.00741789383647729,0.2084116812797027,0.14174113076844305,0.012680156374421665,0.0005211483642053437,0.4947553604110718,0.0062850519697025395,0.40838612419039183,0.0,observed
1115,1100,0.03681133777671378,0.004936946581459766,0.019747786325839064,1.0,False,False,0.40838612419039183,0.9966601372513461,tr0,inf5,0.3184083736833729,0.019292769642781236,0.36350350882048504,0.00741789383647729,0.2084116812797027,0.14174113076844305,0.012680156374421665,0.0005211483642053437,0.4947553604110718,0.0062850519697025395,0.4070221705871412,0.0,observed
1116,1100,0.03681133777671378,0.004936946581459766,0.019747786325839064,1.0,False,False,0.4070221705871412,0.9966601372513461,tr0,inf5,0.31754675401251115,0.019292769642781236,0.36350350882048504,0.00741789383647729,0.2084116812797027,0.14174113076844305,0.012680156374421665,0.0005211483642053437,0.4947553604110718,0.0062850519697025395,0.40566277240172094,0.0,observed
1117,1100,0.03681133777671378,0.004936946581459766,0.019747786325839064,1.0,False,False,0.40566277240172094,0.9966601372513461,tr0,inf5,0.3166868419087987,0.019292769642781236,0.36350350882048504,0.00741789383647729,0.2084116812797027,0.14174113076844305,0.012680156374421665,0.0005211483642053437,0.4947553604110718,0.0062850519697025395,0.40430791441966074,0.0,observed
1118,1100,0.03681133777671378,0.004936946581459766,0.019747786325839064,1.0,False,False,0.40430791441966074,0.9966601372513461,tr0,inf5,0.31582863789111587,0.019292769642781236,0.36350350882048504,0.00741789383647729,0.2084116812797027,0.14174113076844305,0.012680156374421665,0.0005211483642053437,0.4947553604110718,0.0062850519697025395,0.40295758147730454,0.0,observed
1119,1100,0.03681133777671378,0.004936946581459766,0.019747786325839064,1.0,False,False,0.40295758147730454,0.9966601372513461,tr0,inf5,0.3149721424487823,0.019292769642781236,0.36350350882048504,0.00741789383647729,0.2084116812797027,0.14174113076844305,0.012680156374421665,0.0005211483642053437,0.4947553604110718,0.0062850519697025395,0.4016117584616408,0.0,observed
1120,1100,0.03681133777671378,0.004936946581459766,0.019747786325839064,1.0,False,False,0.4016117584616408,0.9966601372513461,tr0,inf5,0.31411735604173024,0.019292769642781236,0.36350350882048504,0.00741789383647729,0.2084116812797027,0.14174113076844305,0.012680156374421665,0.0005211483642053437,0.4947553604110718,0.0062850519697025395,0.4902704303101334,0.09,observed
1121,1100,0.03681133777671378,0.004936946581459766,0.019747786325839064,1.0,False,False,0.4902704303101334,0.9966601372513461,tr0,inf5,0.36804026698887093,0.019292769642781236,0.36350350882048504,0.00741789383647729,0.2084116812797027,0.14174113076844305,0.012680156374421665,0.0005211483642053437,0.4947553604110718,0.0062850519697025395,0.48863299436317403,0.0,observed
1122,1100,0.03681133777671378,0.004936946581459766,0.019747786325839064,1.0,False,False,0.48863299436317403,0.9966601372513461,tr0,inf5,0.36708708061190737,0.019292769642781236,0.36350350882048504,0.00741789383647729,0.2084116812797027,0.14174113076844305,0.012680156374421665,0.0005211483642053437,0.4947553604110718,0.0062850519697025395,0.48700102722753724,0.0,observed
1123,1100,0.03681133777671378,0.004936946581459766,0.019747786325839064,1.0,False,False,0.48700102722753724,0.9966601372513461,tr0,inf5,0.36613552350616346,0.019292769642781236,0.36350350882048504,0.00741789383647729,0.2084116812797027,0.14174113076844305,0.012680156374421665,0.0005211483642053437,0.4947553604110718,0.0062850519697025395,0.4853745106381438,0.0,observed
1124,1100,0.03681133777671378,0.004936946581459766,0.019747786325839064,1.0,False,False,0.4853745106381438,0.9966601372513461,tr0,inf5,0.3651855980730405,0.019292769642781236,0.36350350882048504,0.00741789383647729,0.2084116812797027,0.14174113076844305,0.012680156374421665,0.0005211483642053437,0.4947553604110718,0.0062850519697025395,0.48375342639091734,0.0,observed
1125,1100,0.03681133777671378,0.004936946581459766,0.019747786325839064,1.0,False,False,0.48375342639091734,0.9966601372513461,tr0,inf5,0.36423730667472914,0.019292769642781236,0.36350350882048504,0.00741789383647729,0.2084116812797027,0.14174113076844305,0.012680156374421665,0.0005211483642053437,0.4947553604110718,0.0062850519697025395,0.4821377563425806,0.0,observed
1126,1100,0.03681133777671378,0.004936946581459766,0.019747786325839064,1.0,False,False,0.4821377563425806,0.9966601372513461,tr0,inf5,0.3632906516343845,0.019292769642781236,0.36350350882048504,0.00741789383647729,0.2084116812797027,0.14174113076844305,0.012680156374421665,0.0005211483642053437,0.4947553604110718,0.0062850519697025395,0.4805274824104524,0.0,observed
1127,1100,0.03681133777671378,0.004936946581459766,0.019747786325839064,1.0,False,False,0.4805274824104524,0.9966601372513461,tr0,inf5,0.36234563523630264,0.019292769642781236,0.36350350882048504,0.00741789383647729,0.2084116812797027,0.14174113076844305,0.012680156374421665,0.0005211483642053437,0.4947553604110718,0.0062850519697025395,0.4789225865722453,0.0,observed
1128,1100,0.03681133777671378,0.004936946581459766,0.019747786325839064,1.0,False,False,0.4789225865722453,0.9966601372513461,tr0,inf5,0.3614022597260964,0.019292769642781236,0.36350350882048504,0.00741789383647729,0.2084116812797027,0.14174113076844305,0.012680156374421665,0.0005211483642053437,0.4947553604110718,0.0062850519697025395,0.47732305086586363,0.0,observed
1129,1100,0.03681133777671378,0.004936946581459766,0.019747786325839064,1.0,False,False,0.47732305086586363,0.9966601372513461,tr0,inf5,0.36046052731087186,0.019292769642781236,0.36350350882048504,0.00741789383647729,0.2084116812797027,0.14174113076844305,0.012680156374421665,0.0005211483642053437,0.4947553604110718,0.0062850519697025395,0.4757288573892029,0.0,observed
1130,1100,0.03681133777671378,0.004936946581459766,0.019747786325839064,1.0,False,False,0.4757288573892029,0.9966601372513461,tr0,inf5,0.3595204401594046,0.019292769642781236,0.36350350882048504,0.00741789383647729,0.2084116812797027,0.14174113076844305,0.012680156374421665,0.0005211483642053437,0.4947553604110718,0.0062850519697025395,0.5641399882999489,0.09,observed
1131,1100,0.03681133777671378,0.004936946581459766,0.019747786325839064,1.0,False,False,0.5641399882999489,0.9966601372513461,tr0,inf5,0.409457545731869,0.019292769642781236,0.36350350882048504,0.00741789383647729,0.2084116812797027,0.14174113076844305,0.012680156374421665,0.0005211483642053437,0.4947553604110718,0.0062850519697025395,0.5622558381679998,0.0,observed
1132,1100,0.03681133777671378,0.004936946581459766,0.019747786325839064,1.0,False,False,0.5622558381679998,0.9966601372513461,tr0,inf5,0.40843871635447737,0.019292769642781236,0.36350350882048504,0.00741789383647729,0.2084116812797027,0.14174113076844305,0.012680156374421665,0.0005211483642053437,0.4947553604110718,0.0062850519697025395,0.5603779808388893,0.0,observed
1133,1100,0.03681133777671378,0.004936946581459766,0.019747786325839064,1.0,False,False,0.5603779808388893,0.9966601372513461,tr0,inf5,0.40742137790959493,0.019292769642781236,0.36350350882048504,0.00741789383647729,0.2084116812797027,0.14174113076844305,0.012680156374421665,0.0005211483642053437,0.4947553604110718,0.0062850519697025395,0.5585063952955196,0.0,observed
1134,1100,0.03681133777671378,0.004936946581459766,0.019747786325839064,1.0,False,False,0.5585063952955196,0.9966601372513461,tr0,inf5,0.4064055345972638,0.019292769642781236,0.36350350882048504,0.00741789383647729,0.2084116812797027,0.14174113076844305,0.012680156374421665,0.0005211483642053437,0.4947553604110718,0.0062850519697025395,0.5566410605909871,0.0,observed
1135,1100,0.03681133777671378,0.004936946581459766,0.019747786325839064,1.0,False,False,0.5566410605909871,0.9966601372513461,tr0,inf5,0.40539119057129885,0.019292769642781236,0.36350350882048504,0.00741789383647729,0.2084116812797027,0.14174113076844305,0.012680156374421665,0.0005211483642053437,0.4947553604110718,0.0062850519697025395,0.554781955848348,0.0,observed
1136,1100,0.03681133777671378,0.004936946581459766,0.019747786325839064,1.0,False,False,0.554781955848348,0.9966601372513461,tr0,inf5,0.4043783499394427,0.019292769642781236,0.36350350882048504,0.00741789383647729,0.2084116812797027,0.14174113076844305,0.012680156374421665,0.0005211483642053437,0.4947553604110718,0.0062850519697025395,0.5529290602603847,0.0,observed
1137,1100,0.03681133777671378,0.004936946581459766,0.019747786325839064,1.0,False,False,0.5529290602603847,0.9966601372513461,tr0,inf5,0.403367016763522,0.019292769642781236,0.36350350882048504,0.00741789383647729,0.2084116812797027,0.14174113076844305,0.012680156374421665,0.0005211483642053437,0.4947553604110718,0.0062850519697025395,0.5510823530893728,0.0,observed
1138,1100,0.03681133777671378,0.004936946581459766,0.019747786325839064,1.0,False,False,0.5510823530893728,0.9966601372513461,tr0,inf5,0.40235719505960427,0.019292769642781236,0.36350350882048504,0.00741789383647729,0.2084116812797027,0.14174113076844305,0.012680156374421665,0.0005211483642053437,0.4947553604110718,0.0062850519697025395,0.5492418136668491,0.0,observed
1139,1100,0.03681133777671378,0.004936946581459766,0.019747786325839064,1.0,False,False,0.5492418136668491,0.9966601372513461,tr0,inf5,0.4013488887981551,0.019292769642781236,0.36350350882048504,0.00741789383647729,0.2084116812797027,0.14174113076844305,0.012680156374421665,0.0005211483642053437,0.4947553604110718,0.0062850519697025395,0.5474074213933801,0.0,observed
1140,1100,0.03681133777671378,0.004936946581459766,0.019747786325839064,1.0,False,False,0.5474074213933801,0.9966601372513461,tr0,inf5,0.40034210190419695,0.019292769642781236,0.36350350882048504,0.00741789383647729,0.2084116812797027,0.14174113076844305,0.012680156374421665,0.0005211483642053437,0.4947553604110718,0.0062850519697025395,0.6355791557383316,0.09,observed
1141,1100,0.03681133777671378,0.004936946581459766,0.019747786325839064,1.0,False,False,0.6355791557383316,0.9966601372513461,tr0,inf5,0.44670466299836414,0.019292769642781236,0.36350350882048504,0.00741789383647729,0.2084116812797027,0.14174113076844305,0.012680156374421665,0.0005211483642053437,0.4947553604110718,0.0062850519697025395,0.6334564085922602,0.0,observed
1142,1100,0.03681133777671378,0.004936946581459766,0.019747786325839064,1.0,False,False,0.6334564085922602,0.9966601372513461,tr0,inf5,0.445635828626597,0.019292769642781236,0.36350350882048504,0.00741789383647729,0.2084116812797027,0.14174113076844305,0.012680156374421665,0.0005211483642053437,0.4947553604110718,0.0062850519697025395,0.6313407511303067,0.0,observed
1143,1100,0.03681133777671378,0.004936946581459766,0.019747786325839064,1.0,False,False,0.6313407511303067,0.9966601372513461,tr0,inf5,0.44456830411129766,0.019292769642781236,0.36350350882048504,0.00741789383647729,0.2084116812797027,0.14174113076844305,0.012680156374421665,0.0005211483642053437,0.4947553604110718,0.0062850519697025395,0.6292321596738994,0.0,observed
1144,1100,0.03681133777671378,0.004936946581459766,0.019747786325839064,1.0,False,False,0.6292321596738994,0.9966601372513461,tr0,inf5,0.4435020953937147,0.019292769642781236,0.36350350882048504,0.00741789383647729,0.2084116812797027,0.14174113076844305,0.012680156374421665,0.0005211483642053437,0.4947553604110718,0.0062850519697025395,0.6271306106235495,0.0,observed
1145,1100,0.03681133777671378,0.004936946581459766,0.019747786325839064,1.0,False,False,0.6271306106235495,0.9966601372513461,tr0,inf5,0.44243720836398653,0.019292769642781236,0.36350350882048504,0.00741789383647729,0.2084116812797027,0.14174113076844305,0.012680156374421665,0.0005211483642053437,0.4947553604110718,0.0062850519697025395,0.6250360804585873,0.0,observed
1146,1100,0.03681133777671378,0.004936946581459766,0.019747786325839064,1.0,False,False,0.6250360804585873,0.9966601372513461,tr0,inf5,0.44137364886125713,0.019292769642781236,0.36350350882048504,0.00741789383647729,0.2084116812797027,0.14174113076844305,0.012680156374421665,0.0005211483642053437,0.4947553604110718,0.0062850519697025395,0.622948545736899,0.0,observed
1147,1100,0.03681133777671378,0.004936946581459766,0.019747786325839064,1.0,False,False,0.622948545736899,0.9966601372513461,tr0,inf5,0.4403114226737938,0.019292769642781236,0.36350350882048504,0.00741789383647729,0.2084116812797027,0.14174113076844305,0.012680156374421665,0.0005211483642053437,0.4947553604110718,0.0062850519697025395,0.6208679830946642,0.0,observed
1148,1100,0.03681133777671378,0.004936946581459766,0.019747786325839064,1.0,False,False,0.6208679830946642,0.9966601372513461,tr0,inf5,0.4392505355391059,0.019292769642781236,0.36350350882048504,0.00741789383647729,0.2084116812797027,0.14174113076844305,0.012680156374421665,0.0005211483642053437,0.4947553604110718,0.0062850519697025395,0.6187943692460944,0.0,observed
1149,1100,0.03681133777671378,0.004936946581459766,0.019747786325839064,1.0,False,False,0.6187943692460944,0.9966601372513461,tr0,inf5,0.4381909931440652,0.019292769642781236,0.36350350882048504,0.00741789383647729,0.2084116812797027,0.14174113076844305,0.012680156374421665,0.0005211483642053437,0.4947553604110718,0.0062850519697025395,0.6167276809831725,0.0,observed
1150,1100,0.03681133777671378,0.004936946581459766,0.019747786325839064,1.0,False,False,0.6167276809831725,0.9966601372513461,tr0,inf5,0.437132801125027,0.019292769642781236,0.36350350882048504,0.00741789383647729,0.2084116812797027,0.14174113076844305,0.012680156374421665,0.0005211483642053437,0.4947553604110718,0.0062850519697025395,0.7046678951753931,0.09,observed
1151,1150,0.071176692404997,0.003542751923367831,0.180837674360138,0.6666666666666666,False,False,0.7046678951753931,0.9906891111203975,tr0,inf5,0.47453953116844333,0.03084533499992384,0.6853352939551169,0.00904614277834806,0.15901782028437256,0.314664706044883,0.009868647189958626,,0.0,,0.6981068107063916,0.0,observed
1152,1150,0.071176692404997,0.003542751923367831,0.180837674360138,0.6666666666666666,False,False,0.6981068107063916,0.9906891111203975,tr0,inf5,0.47148655265844513,0.03084533499992384,0.6853352939551169,0.00904614277834806,0.15901782028437256,0.314664706044883,0.009868647189958626,,0.0,,0.6916068157658106,0.0,observed
1153,1150,0.071176692404997,0.003542751923367831,0.180837674360138,0.6666666666666666,False,False,0.6916068157658106,0.9906891111203975,tr0,inf5,0.4684421835965856,0.03084533499992384,0.6853352939551169,0.00904614277834806,0.15901782028437256,0.314664706044883,0.009868647189958626,,0.0,,0.6851673415558395,0.0,observed
1154,1150,0.071176692404997,0.003542751923367831,0.180837674360138,0.6666666666666666,False,False,0.6851673415558395,0.9906891111203975,tr0,inf5,0.46540658428783405,0.03084533499992384,0.6853352939551169,0.00904614277834806,0.15901782028437256,0.314664706044883,0.009868647189958626,,0.0,,0.6787878245746803,0.0,observed
1155,1150,0.071176692404997,0.003542751923367831,0.180837674360138,0.6666666666666666,False,False,0.6787878245746803,0.9906891111203975,tr0,inf5,0.4623799117969496,0.03084533499992384,0.6853352939551169,0.00904614277834806,0.15901782028437256,0.314664706044883,0.009868647189958626,,0.0,,0.6724677065672384,0.0,observed
1156,1150,0.071176692404997,0.003542751923367831,0.180837674360138,0.6666666666666666,False,False,0.6724677065672384,0.9906891111203975,tr0,inf5,0.4593623199604815,0.03084533499992384,0.6853352939551169,0.00904614277834806,0.15901782028437256,0.314664706044883,0.009868647189958626,,0.0,,0.6662064344762697,0.0,observed
1157,1150,0.071176692404997,0.003542751923367831,0.180837674360138,0.6666666666666666,False,False,0.6662064344762697,0.9906891111203975,tr0,inf5,0.4563539593996928,0.03084533499992384,0.6853352939551169,0.00904614277834806,0.15901782028437256,0.314664706044883,0.009868647189958626,,0.0,,0.6600034603939849,0.0,observed
1158,1150,0.071176692404997,0.003542751923367831,0.180837674360138,0.6666666666666666,False,False,0.6600034603939849,0.9906891111203975,tr0,inf5,0.4533549775343802,0.03084533499992384,0.6853352939551169,0.00904614277834806,0.15901782028437256,0.314664706044883,0.009868647189958626,,0.0,,0.6538582415141034,0.0,observed
1159,1150,0.071176692404997,0.003542751923367831,0.180837674360138,0.6666666666666666,False,False,0.6538582415141034,0.9906891111203975,tr0,inf5,0.4503655185975606,0.03084533499992384,0.6853352939551169,0.00904614277834806,0.15901782028437256,0.314664706044883,0.009868647189958626,,0.0,,0.6477702400843534,0.0,observed
1160,1150,0.071176692404997,0.003542751923367831,0.180837674360138,0.6666666666666666,False,False,0.6477702400843534,0.9906891111203975,tr0,inf5,0.4473857236509961,0.03084533499992384,0.6853352939551169,0.00904614277834806,0.15901782028437256,0.314664706044883,0.009868647189958626,,0.0,,0.7317389233594145,0.09,observed
1161,1150,0.071176692404997,0.003542751923367831,0.180837674360138,0.6666666666666666,False,False,0.7317389233594145,0.9906891111203975,tr0,inf5,0.486926419743682,0.03084533499992384,0.6853352939551169,0.00904614277834806,0.15901782028437256,0.314664706044883,0.009868647189958626,,0.0,,0.724925783555135,0.0,observed
1162,1150,0.071176692404997,0.003542751923367831,0.180837674360138,0.6666666666666666,False,False,0.724925783555135,0.9906891111203975,tr0,inf5,0.48384043755643436,0.03084533499992384,0.6853352939551169,0.00904614277834806,0.15901782028437256,0.314664706044883,0.009868647189958626,,0.0,,0.7181760801384944,0.0,observed
1163,1150,0.071176692404997,0.003542751923367831,0.180837674360138,0.6666666666666666,False,False,0.7181760801384944,0.9906891111203975,tr0,inf5,0.4807623857655955,0.03084533499992384,0.6853352939551169,0.00904614277834806,0.15901782028437256,0.314664706044883,0.009868647189958626,,0.0,,0.7114892224603364,0.0,observed
1164,1150,0.071176692404997,0.003542751923367831,0.180837674360138,0.6666666666666666,False,False,0.7114892224603364,0.9906891111203975,tr0,inf5,0.47769243783538706,0.03084533499992384,0.6853352939551169,0.00904614277834806,0.15901782028437256,0.314664706044883,0.009868647189958626,,0.0,,0.7048646253709734,0.0,observed
1165,1150,0.071176692404997,0.003542751923367831,0.180837674360138,0.6666666666666666,False,False,0.7048646253709734,0.9906891111203975,tr0,inf5,0.47463076395143566,0.03084533499992384,0.6853352939551169,0.00904614277834806,0.15901782028437256,0.314664706044883,0.009868647189958626,,0.0,,0.6983017091689816,0.0,observed
1166,1150,0.071176692404997,0.003542751923367831,0.180837674360138,0.6666666666666666,False,False,0.6983017091689816,0.9906891111203975,tr0,inf5,0.47157753102874667,0.03084533499992384,0.6853352939551169,0.00904614277834806,0.15901782028437256,0.314664706044883,0.009868647189958626,,0.0,,0.6917998995504727,0.0,observed
1167,1150,0.071176692404997,0.003542751923367831,0.180837674360138,0.6666666666666666,False,False,0.6917998995504727,0.9906891111203975,tr0,inf5,0.4685329027207228,0.03084533499992384,0.6853352939551169,0.00904614277834806,0.15901782028437256,0.314664706044883,0.009868647189958626,,0.0,,0.685358627558838,0.0,observed
1168,1150,0.071176692404997,0.003542751923367831,0.180837674360138,0.6666666666666666,False,False,0.685358627558838,0.9906891111203975,tr0,inf5,0.46549703942919707,0.03084533499992384,0.6853352939551169,0.00904614277834806,0.15901782028437256,0.314664706044883,0.009868647189958626,,0.0,,0.6789773295349608,0.0,observed
1169,1150,0.071176692404997,0.003542751923367831,0.180837674360138,0.6666666666666666,False,False,0.6789773295349608,0.9906891111203975,tr0,inf5,0.46247009831544905,0.03084533499992384,0.6853352939551169,0.00904614277834806,0.15901782028437256,0.314664706044883,0.009868647189958626,,0.0,,0.6726554470678915,0.0,observed
1170,1150,0.071176692404997,0.003542751923367831,0.180837674360138,0.6666666666666666,False,False,0.6726554470678915,0.9906891111203975,tr0,inf5,0.4594522333121764,0.03084533499992384,0.6853352939551169,0.00904614277834806,0.15901782028437256,0.314664706044883,0.009868647189958626,,0.0,,0.756392426945983,0.09,observed
1171,1150,0.071176692404997,0.003542751923367831,0.180837674360138,0.6666666666666666,False,False,0.756392426945983,0.9906891111203975,tr0,inf5,0.49791906023431093,0.03084533499992384,0.6853352939551169,0.00904614277834806,0.15901782028437256,0.314664706044883,0.009868647189958626,,0.0,,0.7493497411093161,0.0,observed
1172,1150,0.071176692404997,0.003542751923367831,0.180837674360138,0.6666666666666666,False,False,0.7493497411093161,0.9906891111203975,tr0,inf5,0.494806430569627,0.03084533499992384,0.6853352939551169,0.00904614277834806,0.15901782028437256,0.314664706044883,0.009868647189958626,,0.0,,0.7423726289378884,0.0,observed
1173,1150,0.071176692404997,0.003542751923367831,0.180837674360138,0.6666666666666666,False,False,0.7423726289378884,0.9906891111203975,tr0,inf5,0.49170109036901627,0.03084533499992384,0.6853352939551169,0.00904614277834806,0.15901782028437256,0.314664706044883,0.009868647189958626,,0.0,,0.7354604798825893,0.0,observed
1174,1150,0.071176692404997,0.003542751923367831,0.180837674360138,0.6666666666666666,False,False,0.7354604798825893,0.9906891111203975,tr0,inf5,0.48860322475839274,0.03084533499992384,0.6853352939551169,0.00904614277834806,0.15901782028437256,0.314664706044883,0.009868647189958626,,0.0,,0.7286126890790634,0.0,observed
1175,1150,0.071176692404997,0.003542751923367831,0.180837674360138,0.6666666666666666,False,False,0.7286126890790634,0.9906891111203975,tr0,inf5,0.485513015565678,0.03084533499992384,0.6853352939551169,0.00904614277834806,0.15901782028437256,0.314664706044883,0.009868647189958626,,0.0,,0.7218286572947799,0.0,observed
1176,1150,0.071176692404997,0.003542751923367831,0.180837674360138,0.6666666666666666,False,False,0.7218286572947799,0.9906891111203975,tr0,inf5,0.4824306413248329,0.03084533499992384,0.6853352939551169,0.00904614277834806,0.15901782028437256,0.314664706044883,0.009868647189958626,,0.0,,0.7151077908765955,0.0,observed
1177,1150,0.071176692404997,0.003542751923367831,0.180837674360138,0.6666666666666666,False,False,0.7151077908765955,0.9906891111203975,tr0,inf5,0.4793562772810412,0.03084533499992384,0.6853352939551169,0.00904614277834806,0.15901782028437256,0.314664706044883,0.009868647189958626,,0.0,,0.7084495016988055,0.0,observed
1178,1150,0.071176692404997,0.003542751923367831,0.180837674360138,0.6666666666666666,False,False,0.7084495016988055,0.9906891111203975,tr0,inf5,0.4762900953970139,0.03084533499992384,0.6853352939551169,0.00904614277834806,0.15901782028437256,0.314664706044883,0.009868647189958626,,0.0,,0.7018532071116781,0.0,observed
1179,1150,0.071176692404997,0.003542751923367831,0.180837674360138,0.6666666666666666,False,False,0.7018532071116781,0.9906891111203975,tr0,inf5,0.4732322643603852,0.03084533499992384,0.6853352939551169,0.00904614277834806,0.15901782028437256,0.314664706044883,0.009868647189958626,,0.0,,0.6953183298904686,0.0,observed
1180,1150,0.071176692404997,0.003542751923367831,0.180837674360138,0.6666666666666666,False,False,0.6953183298904686,0.9906891111203975,tr0,inf5,0.47018294959216805,0.03084533499992384,0.6853352939551169,0.00904614277834806,0.15901782028437256,0.314664706044883,0.009868647189958626,,0.0,,0.7788442981849076,0.09,observed
1181,1150,0.071176692404997,0.003542751923367831,0.180837674360138,0.6666666666666666,False,False,0.7788442981849076,0.9906891111203975,tr0,inf5,0.5076969523664668,0.03084533499992384,0.6853352939551169,0.00904614277834806,0.15901782028437256,0.314664706044883,0.009868647189958626,,0.0,,0.771592565469996,0.0,observed
1182,1150,0.071176692404997,0.003542751923367831,0.180837674360138,0.6666666666666666,False,False,0.771592565469996,0.9906891111203975,tr0,inf5,0.5045627599950077,0.03084533499992384,0.6853352939551169,0.00904614277834806,0.15901782028437256,0.314664706044883,0.009868647189958626,,0.0,,0.7644083528325775,0.0,observed
1183,1150,0.071176692404997,0.003542751923367831,0.180837674360138,0.6666666666666666,False,False,0.7644083528325775,0.9906891111203975,tr0,inf5,0.5014352569091635,0.03084533499992384,0.6853352939551169,0.00904614277834806,0.15901782028437256,0.314664706044883,0.009868647189958626,,0.0,,0.7572910316007133,0.0,observed
1184,1150,0.071176692404997,0.003542751923367831,0.180837674360138,0.6666666666666666,False,False,0.7572910316007133,0.9906891111203975,tr0,inf5,0.4983146385602056,0.03084533499992384,0.6853352939551169,0.00904614277834806,0.15901782028437256,0.314664706044883,0.009868647189958626,,0.0,,0.7502399789559595,0.0,observed
1185,1150,0.071176692404997,0.003542751923367831,0.180837674360138,0.6666666666666666,False,False,0.7502399789559595,0.9906891111203975,tr0,inf5,0.4952010970965807,0.03084533499992384,0.6853352939551169,0.00904614277834806,0.15901782028437256,0.314664706044883,0.009868647189958626,,0.0,,0.7432545778788653,0.0,observed
1186,1150,0.071176692404997,0.003542751923367831,0.180837674360138,0.6666666666666666,False,False,0.7432545778788653,0.9906891111203975,tr0,inf5,0.4920948213641411,0.03084533499992384,0.6853352939551169,0.00904614277834806,0.15901782028437256,0.314664706044883,0.009868647189958626,,0.0,,0.7363342170949793,0.0,observed
1187,1150,0.071176692404997,0.003542751923367831,0.180837674360138,0.6666666666666666,False,False,0.7363342170949793,0.9906891111203975,tr0,inf5,0.4889959969076226,0.03084533499992384,0.6853352939551169,0.00904614277834806,0.15901782028437256,0.314664706044883,0.009868647189958626,,0.0,,0.7294782910213587,0.0,observed
1188,1150,0.071176692404997,0.003542751923367831,0.180837674360138,0.6666666666666666,False,False,0.7294782910213587,0.9906891111203975,tr0,inf5,0.48590480597334107,0.03084533499992384,0.6853352939551169,0.00904614277834806,0.15901782028437256,0.314664706044883,0.009868647189958626,,0.0,,0.7226861997135765,0.0,observed
1189,1150,0.071176692404997,0.003542751923367831,0.180837674360138,0.6666666666666666,False,False,0.7226861997135765,0.9906891111203975,tr0,inf5,0.48282142751307594,0.03084533499992384,0.6853352939551169,0.00904614277834806,0.15901782028437256,0.314664706044883,0.009868647189958626,,0.0,,0.7159573488132212,0.0,observed
1190,1150,0.071176692404997,0.003542751923367831,0.180837674360138,0.6666666666666666,False,False,0.7159573488132212,0.9906891111203975,tr0,inf5,0.4797460371891081,0.03084533499992384,0.6853352939551169,0.00904614277834806,0.15901782028437256,0.314664706044883,0.009868647189958626,,0.0,,0.7992911494958864,0.09,observed
1191,1150,0.071176692404997,0.003542751923367831,0.180837674360138,0.6666666666666666,False,False,0.7992911494958864,0.9906891111203975,tr0,inf5,0.5164126517446783,0.03084533499992384,0.6853352939551169,0.00904614277834806,0.15901782028437256,0.314664706044883,0.009868647189958626,,0.0,,0.7918490384204805,0.0,observed
1192,1150,0.071176692404997,0.003542751923367831,0.180837674360138,0.6666666666666666,False,False,0.7918490384204805,0.9906891111203975,tr0,inf5,0.5132609766159638,0.03084533499992384,0.6853352939551169,0.00904614277834806,0.15901782028437256,0.314664706044883,0.009868647189958626,,0.0,,0.7844762200143273,0.0,observed
1193,1150,0.071176692404997,0.003542751923367831,0.180837674360138,0.6666666666666666,False,False,0.7844762200143273,0.9906891111203975,tr0,inf5,0.510115432093734,0.03084533499992384,0.6853352939551169,0.00904614277834806,0.15901782028437256,0.314664706044883,0.009868647189958626,,0.0,,0.7771720491010833,0.0,observed
1194,1150,0.071176692404997,0.003542751923367831,0.180837674360138,0.6666666666666666,False,False,0.7771720491010833,0.9906891111203975,tr0,inf5,0.5069762227692944,0.03084533499992384,0.6853352939551169,0.00904614277834806,0.15901782028437256,0.314664706044883,0.009868647189958626,,0.0,,0.7699358865115701,0.0,observed
1195,1150,0.071176692404997,0.003542751923367831,0.180837674360138,0.6666666666666666,False,False,0.7699358865115701,0.9906891111203975,tr0,inf5,0.503843549937271,0.03084533499992384,0.6853352939551169,0.00904614277834806,0.15901782028437256,0.314664706044883,0.009868647189958626,,0.0,,0.7627670990278426,0.0,observed
1196,1150,0.071176692404997,0.003542751923367831,0.180837674360138,0.6666666666666666,False,False,0.7627670990278426,0.9906891111203975,tr0,inf5,0.5007176115922164,0.03084533499992384,0.6853352939551169,0.00904614277834806,0.15901782028437256,0.314664706044883,0.009868647189958626,,0.0,,0.7556650593277775,0.0,observed
1197,1150,0.071176692404997,0.003542751923367831,0.180837674360138,0.6666666666666666,False,False,0.7556650593277775,0.9906891111203975,tr0,inf5,0.4975986024265528,0.03084533499992384,0.6853352939551169,0.00904614277834806,0.15901782028437256,0.314664706044883,0.009868647189958626,,0.0,,0.7486291459301783,0.0,observed
1198,1150,0.071176692404997,0.003542751923367831,0.180837674360138,0.6666666666666666,False,False,0.7486291459301783,0.9906891111203975,tr0,inf5,0.4944867138298192,0.03084533499992384,0.6853352939551169,0.00904614277834806,0.15901782028437256,0.314664706044883,0.009868647189958626,,0.0,,0.7416587431403906,0.0,observed
1199,1150,0.071176692404997,0.003542751923367831,0.180837674360138,0.6666666666666666,False,False,0.7416587431403906,0.9906891111203975,tr0,inf5,0.49138213388918967,0.03084533499992384,0.6853352939551169,0.00904614277834806,0.15901782028437256,0.314664706044883,0.009868647189958626,,0.0,,0.7347532409964248,0.0,observed
1200,1150,0.071176692404997,0.003542751923367831,0.180837674360138,0.6666666666666666,False,False,0.7347532409964248,0.9906891111203975,tr0,inf5,0.48828504739123524,0.03084533499992384,0.6853352939551169,0.00904614277834806,0.15901782028437256,0.314664706044883,0.009868647189958626,,0.0,,0.8179120352155792,0.09,observed
1201,1200,0.04607330391384906,0.0014875068452066373,0.17261669404749325,0.6666666666666666,False,False,0.8179120352155792,0.9928618018059422,tr0,inf5,0.5288224269289344,0.020824483472886134,0.7,0.007633777611726841,0.10498721827609589,0.30000000000000004,0.006793213710427661,,0.0,,0.8120736170029053,0.0,observed
1202,1200,0.04607330391384906,0.0014875068452066373,0.17261669404749325,0.6666666666666666,False,False,0.8120736170029053,0.9928618018059422,tr0,inf5,0.5263760649469995,0.020824483472886134,0.7,0.007633777611726841,0.10498721827609589,0.30000000000000004,0.006793213710427661,,0.0,,0.8062768745765732,0.0,observed
1203,1200,0.04607330391384906,0.0014875068452066373,0.17261669404749325,0.6666666666666666,False,False,0.8062768745765732,0.9928618018059422,tr0,inf5,0.5239329941320128,0.020824483472886134,0.7,0.007633777611726841,0.10498721827609589,0.30000000000000004,0.006793213710427661,,0.0,,0.8005215104465601,0.0,observed
1204,1200,0.04607330391384906,0.0014875068452066373,0.17261669404749325,0.6666666666666666,False,False,0.8005215104465601,0.9928618018059422,tr0,inf5,0.5214933113704743,0.020824483472886134,0.7,0.007633777611726841,0.10498721827609589,0.30000000000000004,0.006793213710427661,,0.0,,0.794807229246386,0.0,observed
1205,1200,0.04607330391384906,0.0014875068452066373,0.17261669404749325,0.6666666666666666,False,False,0.794807229246386,0.9928618018059422,tr0,inf5,0.5190571124111847,0.020824483472886134,0.7,0.007633777611726841,0.10498721827609589,0.30000000000000004,0.006793213710427661,,0.0,,0.7891337377179554,0.0,observed
1206,1200,0.04607330391384906,0.0014875068452066373,0.17261669404749325,0.6666666666666666,False,False,0.7891337377179554,0.9928618018059422,tr0,inf5,0.5166244918632119,0.020824483472886134,0.7,0.007633777611726841,0.10498721827609589,0.30000000000000004,0.006793213710427661,,0.0,,0.783500744696507,0.0,observed
1207,1200,0.04607330391384906,0.0014875068452066373,0.17261669404749325,0.6666666666666666,False,False,0.783500744696507,0.9928618018059422,tr0,inf5,0.5141955431941503,0.020824483472886134,0.7,0.007633777611726841,0.10498721827609589,0.30000000000000004,0.006793213710427661,,0.0,,0.7779079610956714,0.0,observed
1208,1200,0.04607330391384906,0.0014875068452066373,0.17261669404749325,0.6666666666666666,False,False,0.7779079610956714,0.9928618018059422,tr0,inf5,0.5117703587286654,0.020824483472886134,0.7,0.007633777611726841,0.10498721827609589,0.30000000000000004,0.006793213710427661,,0.0,,0.7723550998926351,0.0,observed
1209,1200,0.04607330391384906,0.0014875068452066373,0.17261669404749325,0.6666666666666666,False,False,0.7723550998926351,0.9928618018059422,tr0,inf5,0.5093490296473216,0.020824483472886134,0.7,0.007633777611726841,0.10498721827609589,0.30000000000000004,0.006793213710427661,,0.0,,0.7668418761134101,0.0,observed
1210,1200,0.04607330391384906,0.0014875068452066373,0.17261669404749325,0.6666666666666666,False,False,0.7668418761134101,0.9928618018059422,tr0,inf5,0.506931645985688,0.020824483472886134,0.7,0.007633777611726841,0.10498721827609589,0.30000000000000004,0.006793213710427661,,0.0,,0.8513680068182095,0.09,observed
1211,1200,0.04607330391384906,0.0014875068452066373,0.17261669404749325,0.6666666666666666,False,False,0.8513680068182095,0.9928618018059422,tr0,inf5,0.5425687369409596,0.020824483472886134,0.7,0.007633777611726841,0.10498721827609589,0.30000000000000004,0.006793213710427661,,0.0,,0.8452907732494611,0.0,observed
1212,1200,0.04607330391384906,0.0014875068452066373,0.17261669404749325,0.6666666666666666,False,False,0.8452907732494611,0.9928618018059422,tr0,inf5,0.5401057981893479,0.020824483472886134,0.7,0.007633777611726841,0.10498721827609589,0.30000000000000004,0.006793213710427661,,0.0,,0.839256920178398,0.0,observed
1213,1200,0.04607330391384906,0.0014875068452066373,0.17261669404749325,0.6666666666666666,False,False,0.839256920178398,0.9928618018059422,tr0,inf5,0.5376455875406208,0.020824483472886134,0.7,0.007633777611726841,0.10498721827609589,0.30000000000000004,0.006793213710427661,,0.0,,0.8332661379464301,0.0,observed
1214,1200,0.04607330391384906,0.0014875068452066373,0.17261669404749325,0.6666666666666666,False,False,0.8332661379464301,0.9928618018059422,tr0,inf5,0.5351882081963583,0.020824483472886134,0.7,0.007633777611726841,0.10498721827609589,0.30000000000000004,0.006793213710427661,,0.0,,0.8273181191053713,0.0,observed
1215,1200,0.04607330391384906,0.0014875068452066373,0.17261669404749325,0.6666666666666666,False,False,0.8273181191053713,0.9928618018059422,tr0,inf5,0.5327337622374334,0.020824483472886134,0.7,0.007633777611726841,0.10498721827609589,0.30000000000000004,0.006793213710427661,,0.0,,0.821412558401662,0.0,observed
1216,1200,0.04607330391384906,0.0014875068452066373,0.17261669404749325,0.6666666666666666,False,False,0.821412558401662,0.9928618018059422,tr0,inf5,0.5302823506202562,0.020824483472886134,0.7,0.007633777611726841,0.10498721827609589,0.30000000000000004,0.006793213710427661,,0.0,,0.815549152760703,0.0,observed
1217,1200,0.04607330391384906,0.0014875068452066373,0.17261669404749325,0.6666666666666666,False,False,0.815549152760703,0.9928618018059422,tr0,inf5,0.5278340731733364,0.020824483472886134,0.7,0.007633777611726841,0.10498721827609589,0.30000000000000004,0.006793213710427661,,0.0,,0.8097276012713012,0.0,observed
1218,1200,0.04607330391384906,0.0014875068452066373,0.17261669404749325,0.6666666666666666,False,False,0.8097276012713012,0.9928618018059422,tr0,inf5,0.5253890285941605,0.020824483472886134,0.7,0.007633777611726841,0.10498721827609589,0.30000000000000004,0.006793213710427661,,0.0,,0.8039476051702276,0.0,observed
1219,1200,0.04607330391384906,0.0014875068452066373,0.17261669404749325,0.6666666666666666,False,False,0.8039476051702276,0.9928618018059422,tr0,inf5,0.5229473144463782,0.020824483472886134,0.7,0.007633777611726841,0.10498721827609589,0.30000000000000004,0.006793213710427661,,0.0,,0.7982088678268844,0.0,observed
1220,1200,0.04607330391384906,0.0014875068452066373,0.17261669404749325,0.6666666666666666,False,False,0.7982088678268844,0.9928618018059422,tr0,inf5,0.5205090271572929,0.020824483472886134,0.7,0.007633777611726841,0.10498721827609589,0.30000000000000004,0.006793213710427661,,0.0,,0.8825110947280815,0.09,observed
1221,1200,0.04607330391384906,0.0014875068452066373,0.17261669404749325,0.6666666666666666,False,False,0.8825110947280815,0.9928618018059422,tr0,inf5,0.5549579564499701,0.020824483472886134,0.7,0.007633777611726841,0.10498721827609589,0.30000000000000004,0.006793213710427661,,0.0,,0.8762115556254576,0.0,observed
1222,1200,0.04607330391384906,0.0014875068452066373,0.17261669404749325,0.6666666666666666,False,False,0.8762115556254576,0.9928618018059422,tr0,inf5,0.5524829318977705,0.020824483472886134,0.7,0.007633777611726841,0.10498721827609589,0.30000000000000004,0.006793213710427661,,0.0,,0.8699569838814794,0.0,observed
1223,1200,0.04607330391384906,0.0014875068452066373,0.17261669404749325,0.6666666666666666,False,False,0.8699569838814794,0.9928618018059422,tr0,inf5,0.5500101011381863,0.020824483472886134,0.7,0.007633777611726841,0.10498721827609589,0.30000000000000004,0.006793213710427661,,0.0,,0.8637470585102286,0.0,observed
1224,1200,0.04607330391384906,0.0014875068452066373,0.17261669404749325,0.6666666666666666,False,False,0.8637470585102286,0.9928618018059422,tr0,inf5,0.5475395729249799,0.020824483472886134,0.7,0.007633777611726841,0.10498721827609589,0.30000000000000004,0.006793213710427661,,0.0,,0.8575814608170481,0.0,observed
1225,1200,0.04607330391384906,0.0014875068452066373,0.17261669404749325,0.6666666666666666,False,False,0.8575814608170481,0.9928618018059422,tr0,inf5,0.5450714549150203,0.020824483472886134,0.7,0.007633777611726841,0.10498721827609589,0.30000000000000004,0.006793213710427661,,0.0,,0.8514598743821864,0.0,observed
1226,1200,0.04607330391384906,0.0014875068452066373,0.17261669404749325,0.6666666666666666,False,False,0.8514598743821864,0.9928618018059422,tr0,inf5,0.5426058536628553,0.020824483472886134,0.7,0.007633777611726841,0.10498721827609589,0.30000000000000004,0.006793213710427661,,0.0,,0.8453819850445587,0.0,observed
1227,1200,0.04607330391384906,0.0014875068452066373,0.17261669404749325,0.6666666666666666,False,False,0.8453819850445587,0.9928618018059422,tr0,inf5,0.540142874615629,0.020824483472886134,0.7,0.007633777611726841,0.10498721827609589,0.30000000000000004,0.006793213710427661,,0.0,,0.8393474808856247,0.0,observed
1228,1200,0.04607330391384906,0.0014875068452066373,0.17261669404749325,0.6666666666666666,False,False,0.8393474808856247,0.9928618018059422,tr0,inf5,0.5376826221083346,0.020824483472886134,0.7,0.007633777611726841,0.10498721827609589,0.30000000000000004,0.006793213710427661,,0.0,,0.8333560522133799,0.0,observed
1229,1200,0.04607330391384906,0.0014875068452066373,0.17261669404749325,0.6666666666666666,False,False,0.8333560522133799,0.9928618018059422,tr0,inf5,0.5352251993594016,0.020824483472886134,0.7,0.007633777611726841,0.10498721827609589,0.30000000000000004,0.006793213710427661,,0.0,,0.8274073915464633,0.0,observed
1230,1200,0.04607330391384906,0.0014875068452066373,0.17261669404749325,0.6666666666666666,False,False,0.8274073915464633,0.9928618018059422,tr0,inf5,0.5327707084666118,0.020824483472886134,0.7,0.007633777611726841,0.10498721827609589,0.30000000000000004,0.006793213710427661,,0.0,,0.9115011935983762,0.09,observed
1231,1200,0.04607330391384906,0.0014875068452066373,0.17261669404749325,0.6666666666666666,False,False,0.9115011935983762,0.9928618018059422,tr0,inf5,0.5661490332007598,0.020824483472886134,0.7,0.007633777611726841,0.10498721827609589,0.30000000000000004,0.006793213710427661,,0.0,,0.9049947174243508,0.0,observed
1232,1200,0.04607330391384906,0.0014875068452066373,0.17261669404749325,0.6666666666666666,False,False,0.9049947174243508,0.9928618018059422,tr0,inf5,0.5636654922636052,0.020824483472886134,0.7,0.007633777611726841,0.10498721827609589,0.30000000000000004,0.006793213710427661,,0.0,,0.8985346857668004,0.0,observed
1233,1200,0.04607330391384906,0.0014875068452066373,0.17261669404749325,0.6666666666666666,False,False,0.8985346857668004,0.9928618018059422,tr0,inf5,0.5611836409704117,0.020824483472886134,0.7,0.007633777611726841,0.10498721827609589,0.30000000000000004,0.006793213710427661,,0.0,,0.8921207670955615,0.0,observed
1234,1200,0.04607330391384906,0.0014875068452066373,0.17261669404749325,0.6666666666666666,False,False,0.8921207670955615,0.9928618018059422,tr0,inf5,0.558703592946949,0.020824483472886134,0.7,0.007633777611726841,0.10498721827609589,0.30000000000000004,0.006793213710427661,,0.0,,0.8857526322469985,0.0,observed
1235,1200,0.04607330391384906,0.0014875068452066373,0.17261669404749325,0.6666666666666666,False,False,0.8857526322469985,0.9928618018059422,tr0,inf5,0.5562254607509575,0.020824483472886134,0.7,0.007633777611726841,0.10498721827609589,0.30000000000000004,0.006793213710427661,,0.0,,0.879429954407111,0.0,observed
1236,1200,0.04607330391384906,0.0014875068452066373,0.17261669404749325,0.6666666666666666,False,False,0.879429954407111,0.9928618018059422,tr0,inf5,0.5537493558651196,0.020824483472886134,0.7,0.007633777611726841,0.10498721827609589,0.30000000000000004,0.006793213710427661,,0.0,,0.8731524090947619,0.0,observed
1237,1200,0.04607330391384906,0.0014875068452066373,0.17261669404749325,0.6666666666666666,False,False,0.8731524090947619,0.9928618018059422,tr0,inf5,0.5512753886903953,0.020824483472886134,0.7,0.007633777611726841,0.10498721827609589,0.30000000000000004,0.006793213710427661,,0.0,,0.8669196741450245,0.0,observed
1238,1200,0.04607330391384906,0.0014875068452066373,0.17261669404749325,0.6666666666666666,False,False,0.8669196741450245,0.9928618018059422,tr0,inf5,0.5488036685397141,0.020824483472886134,0.7,0.007633777611726841,0.10498721827609589,0.30000000000000004,0.006793213710427661,,0.0,,0.8607314296926493,0.0,observed
1239,1200,0.04607330391384906,0.0014875068452066373,0.17261669404749325,0.6666666666666666,False,False,0.8607314296926493,0.9928618018059422,tr0,inf5,0.546334303632023,0.020824483472886134,0.7,0.007633777611726841,0.10498721827609589,0.30000000000000004,0.006793213710427661,,0.0,,0.8545873581556483,0.0,observed
1240,1200,0.04607330391384906,0.0014875068452066373,0.17261669404749325,0.6666666666666666,False,False,0.8545873581556483,0.9928618018059422,tr0,inf5,0.5438674010866827,0.020824483472886134,0.7,0.007633777611726841,0.10498721827609589,0.30000000000000004,0.006793213710427661,,0.0,,0.938487144218997,0.09,observed
1241,1200,0.04607330391384906,0.0014875068452066373,0.17261669404749325,0.6666666666666666,False,False,0.938487144218997,0.9928618018059422,tr0,inf5,0.5762788787655251,0.020824483472886134,0.7,0.007633777611726841,0.10498721827609589,0.30000000000000004,0.006793213710427661,,0.0,,0.9317880369809866,0.0,observed
1242,1200,0.04607330391384906,0.0014875068452066373,0.17261669404749325,0.6666666666666666,False,False,0.9317880369809866,0.9928618018059422,tr0,inf5,0.5737896521548919,0.020824483472886134,0.7,0.007633777611726841,0.10498721827609589,0.30000000000000004,0.006793213710427661,,0.0,,0.9251367492981643,0.0,observed
1243,1200,0.04607330391384906,0.0014875068452066373,0.17261669404749325,0.6666666666666666,False,False,0.9251367492981643,0.9928618018059422,tr0,inf5,0.5713016415483968,0.020824483472886134,0.7,0.007633777611726841,0.10498721827609589,0.30000000000000004,0.006793213710427661,,0.0,,0.9185329398250676,0.0,observed
1244,1200,0.04607330391384906,0.0014875068452066373,0.17261669404749325,0.6666666666666666,False,False,0.9185329398250676,0.9928618018059422,tr0,inf5,0.5688149648412616,0.020824483472886134,0.7,0.007633777611726841,0.10498721827609589,0.30000000000000004,0.006793213710427661,,0.0,,0.9119762696528256,0.0,observed
1245,1200,0.04607330391384906,0.0014875068452066373,0.17261669404749325,0.6666666666666666,False,False,0.9119762696528256,0.9928618018059422,tr0,inf5,0.566329738893142,0.020824483472886134,0.7,0.007633777611726841,0.10498721827609589,0.30000000000000004,0.006793213710427661,,0.0,,0.9054664022917662,0.0,observed
1246,1200,0.04607330391384906,0.0014875068452066373,0.17261669404749325,0.6666666666666666,False,False,0.9054664022917662,0.9928618018059422,tr0,inf5,0.5638460795195765,0.020824483472886134,0.7,0.007633777611726841,0.10498721827609589,0.30000000000000004,0.006793213710427661,,0.0,,0.8990030036541471,0.0,observed
1247,1200,0.04607330391384906,0.0014875068452066373,0.17261669404749325,0.6666666666666666,False,False,0.8990030036541471,0.9928618018059422,tr0,inf5,0.561364101483817,0.020824483472886134,0.7,0.007633777611726841,0.10498721827609589,0.30000000000000004,0.006793213710427661,,0.0,,0.8925857420370105,0.0,observed
1248,1200,0.04607330391384906,0.0014875068452066373,0.17261669404749325,0.6666666666666666,False,False,0.8925857420370105,0.9928618018059422,tr0,inf5,0.5588839184890328,0.020824483472886134,0.7,0.007633777611726841,0.10498721827609589,0.30000000000000004,0.006793213710427661,,0.0,,0.8862142881051601,0.0,observed
1249,1200,0.04607330391384906,0.0014875068452066373,0.17261669404749325,0.6666666666666666,False,False,0.8862142881051601,0.9928618018059422,tr0,inf5,0.5564056431708901,0.020824483472886134,0.7,0.007633777611726841,0.10498721827609589,0.30000000000000004,0.006793213710427661,,0.0,,0.8798883148742597,0.0,observed
1250,1200,0.04607330391384906,0.0014875068452066373,0.17261669404749325,0.6666666666666666,False,False,0.8798883148742597,0.9928618018059422,tr0,inf5,0.553929387090496,0.020824483472886134,0.7,0.007633777611726841,0.10498721827609589,0.30000000000000004,0.006793213710427661,,0.0,,0.9636074976940516,0.09,observed
1251,1250,0.04607330391384906,0.0,1.0,0.0,True,False,0.9636074976940516,0.9763141356868921,tr0,inf5,0.585465892168416,,0.0,,,0.0,,,0.0,,0.9407836212525769,0.0,observed
1252,1250,0.04607330391384906,0.0,1.0,0.0,True,False,0.9407836212525769,0.9763141356868921,tr0,inf5,0.5771283634018664,,0.0,,,0.0,,,0.0,,0.918500348051594,0.0,observed
1253,1250,0.04607330391384906,0.0,1.0,0.0,True,False,0.918500348051594,0.9763141356868921,tr0,inf5,0.5688026515806456,,0.0,,,0.0,,,0.0,,0.8967448734361015,0.0,observed
1254,1250,0.04607330391384906,0.0,1.0,0.0,True,False,0.8967448734361015,0.9763141356868921,tr0,inf5,0.5604931796742739,,0.0,,,0.0,,,0.0,,0.8755046960404189,0.0,observed
1255,1250,0.04607330391384906,0.0,1.0,0.0,True,False,0.8755046960404189,0.9763141356868921,tr0,inf5,0.5522042398363577,,0.0,,,0.0,,,0.0,,0.8547676106045168,0.0,observed
1256,1250,0.04607330391384906,0.0,1.0,0.0,True,False,0.8547676106045168,0.9763141356868921,tr0,inf5,0.5439399901592076,,0.0,,,0.0,,,0.0,,0.8345217009604987,0.0,observed
1257,1250,0.04607330391384906,0.0,1.0,0.0,True,False,0.8345217009604987,0.9763141356868921,tr0,inf5,0.5357044519420404,,0.0,,,0.0,,,0.0,,0.8147553331852043,0.0,observed
1258,1250,0.04607330391384906,0.0,1.0,0.0,True,False,0.8147553331852043,0.9763141356868921,tr0,inf5,0.5275015074518619,,0.0,,,0.0,,,0.0,,0.7954571489149985,0.0,observed
1259,1250,0.04607330391384906,0.0,1.0,0.0,True,False,0.7954571489149985,0.9763141356868921,tr0,inf5,0.5193348981554141,,0.0,,,0.0,,,0.0,,0.7766160588189062,0.0,observed
1260,1250,0.04607330391384906,0.0,1.0,0.0,True,False,0.7766160588189062,0.9763141356868921,tr0,inf5,0.5112082234000234,,0.0,,,0.0,,,0.0,,0.8482212362263408,0.09,observed
1261,1250,0.04607330391384906,0.0,1.0,0.0,True,False,0.8482212362263408,0.9763141356868921,tr0,inf5,0.5412953044232547,,0.0,,,0.0,,,0.0,,0.828130383117587,0.0,observed
1262,1250,0.04607330391384906,0.0,1.0,0.0,True,False,0.828130383117587,0.9763141356868921,tr0,inf5,0.5330698037552315,,0.0,,,0.0,,,0.0,,0.8085153992295018,0.0,observed
1263,1250,0.04607330391384906,0.0,1.0,0.0,True,False,0.8085153992295018,0.9763141356868921,tr0,inf5,0.5248781122175892,,0.0,,,0.0,,,0.0,,0.7893650131882936,0.0,observed
1264,1250,0.04607330391384906,0.0,1.0,0.0,True,False,0.7893650131882936,0.9763141356868921,tr0,inf5,0.5167239258181613,,0.0,,,0.0,,,0.0,,0.770668220592401,0.0,observed
1265,1250,0.04607330391384906,0.0,1.0,0.0,True,False,0.770668220592401,0.9763141356868921,tr0,inf5,0.5086107981136672,,0.0,,,0.0,,,0.0,,0.7524142776890251,0.0,observed
1266,1250,0.04607330391384906,0.0,1.0,0.0,True,False,0.7524142776890251,0.9763141356868921,tr0,inf5,0.5005421394488491,,0.0,,,0.0,,,0.0,,0.7345926952004378,0.0,observed
1267,1250,0.04607330391384906,0.0,1.0,0.0,True,False,0.7345926952004378,0.9763141356868921,tr0,inf5,0.49252121659186976,,0.0,,,0.0,,,0.0,,0.71719323229652,0.0,observed
1268,1250,0.04607330391384906,0.0,1.0,0.0,True,False,0.71719323229652,0.9763141356868921,tr0,inf5,0.48455115274310184,,0.0,,,0.0,,,0.0,,0.7002058907100653,0.0,observed
1269,1250,0.04607330391384906,0.0,1.0,0.0,True,False,0.7002058907100653,0.9763141356868921,tr0,inf5,0.47663492789451833,,0.0,,,0.0,,,0.0,,0.6836209089914679,0.0,observed
1270,1250,0.04607330391384906,0.0,1.0,0.0,True,False,0.6836209089914679,0.9763141356868921,tr0,inf5,0.4687753795170692,,0.0,,,0.0,,,0.0,,0.7574287568994924,0.09,observed
1271,1250,0.04607330391384906,0.0,1.0,0.0,True,False,0.7574287568994924,0.9763141356868921,tr0,inf5,0.5027733462719819,,0.0,,,0.0,,,0.0,,0.7394884021367251,0.0,observed
1272,1250,0.04607330391384906,0.0,1.0,0.0,True,False,0.7394884021367251,0.9763141356868921,tr0,inf5,0.49473887673605954,,0.0,,,0.0,,,0.0,,0.7219729801825976,0.0,observed
1273,1250,0.04607330391384906,0.0,1.0,0.0,True,False,0.7219729801825976,0.9763141356868921,tr0,inf5,0.4867544151245348,,0.0,,,0.0,,,0.0,,0.7048724261362624,0.0,observed
1274,1250,0.04607330391384906,0.0,1.0,0.0,True,False,0.7048724261362624,0.9763141356868921,tr0,inf5,0.47882298105761495,,0.0,,,0.0,,,0.0,,0.6881769134927478,0.0,observed
1275,1250,0.04607330391384906,0.0,1.0,0.0,True,False,0.6881769134927478,0.9763141356868921,tr0,inf5,0.4709474514124496,,0.0,,,0.0,,,0.0,,0.6718768484963451,0.0,observed
1276,1250,0.04607330391384906,0.0,1.0,0.0,True,False,0.6718768484963451,0.9763141356868921,tr0,inf5,0.4631305612336839,,0.0,,,0.0,,,0.0,,0.6559628646277421,0.0,observed
1277,1250,0.04607330391384906,0.0,1.0,0.0,True,False,0.6559628646277421,0.9763141356868921,tr0,inf5,0.45537490493375227,,0.0,,,0.0,,,0.0,,0.6404258172217319,0.0,observed
1278,1250,0.04607330391384906,0.0,1.0,0.0,True,False,0.6404258172217319,0.9763141356868921,tr0,inf5,0.4476829377612689,,0.0,,,0.0,,,0.0,,0.6252567782124067,0.0,observed
1279,1250,0.04607330391384906,0.0,1.0,0.0,True,False,0.6252567782124067,0.9763141356868921,tr0,inf5,0.44005697751637063,,0.0,,,0.0,,,0.0,,0.6104470310028166,0.0,observed
1280,1250,0.04607330391384906,0.0,1.0,0.0,True,False,0.6104470310028166,0.9763141356868921,tr0,inf5,0.4324992064924262,,0.0,,,0.0,,,0.0,,0.6859880654561443,0.09,observed
1281,1250,0.04607330391384906,0.0,1.0,0.0,True,False,0.6859880654561443,0.9763141356868921,tr0,inf5,0.46990515473690564,,0.0,,,0.0,,,0.0,,0.6697398452173386,0.0,observed
1282,1250,0.04607330391384906,0.0,1.0,0.0,True,False,0.6697398452173386,0.9763141356868921,tr0,inf5,0.4620962560620978,,0.0,,,0.0,,,0.0,,0.6538764781184389,0.0,observed
1283,1250,0.04607330391384906,0.0,1.0,0.0,True,False,0.6538764781184389,0.9763141356868921,tr0,inf5,0.4543489255507276,,0.0,,,0.0,,,0.0,,0.6383888485801926,0.0,observed
1284,1250,0.04607330391384906,0.0,1.0,0.0,True,False,0.6383888485801926,0.9763141356868921,tr0,inf5,0.44666560008062034,,0.0,,,0.0,,,0.0,,0.623268056933721,0.0,observed
1285,1250,0.04607330391384906,0.0,1.0,0.0,True,False,0.623268056933721,0.9763141356868921,tr0,inf5,0.43904857932657415,,0.0,,,0.0,,,0.0,,0.6085054143064944,0.0,observed
1286,1250,0.04607330391384906,0.0,1.0,0.0,True,False,0.6085054143064944,0.9763141356868921,tr0,inf5,0.4315000277306354,,0.0,,,0.0,,,0.0,,0.5940924376294393,0.0,observed
1287,1250,0.04607330391384906,0.0,1.0,0.0,True,False,0.5940924376294393,0.9763141356868921,tr0,inf5,0.42402197667616265,,0.0,,,0.0,,,0.0,,0.5800208447623049,0.0,observed
1288,1250,0.04607330391384906,0.0,1.0,0.0,True,False,0.5800208447623049,0.9763141356868921,tr0,inf5,0.41661632684645156,,0.0,,,0.0,,,0.0,,0.5662825497344907,0.0,observed
1289,1250,0.04607330391384906,0.0,1.0,0.0,True,False,0.5662825497344907,0.9763141356868921,tr0,inf5,0.4092848507493946,,0.0,,,0.0,,,0.0,,0.5528696580985987,0.0,observed
1290,1250,0.04607330391384906,0.0,1.0,0.0,True,False,0.5528696580985987,0.9763141356868921,tr0,inf5,0.40202919539037046,,0.0,,,0.0,,,0.0,,0.6297744623940409,0.09,observed
1291,1250,0.04607330391384906,0.0,1.0,0.0,True,False,0.6297744623940409,0.9763141356868921,tr0,inf5,0.4423402695106739,,0.0,,,0.0,,,0.0,,0.6148577099299152,0.0,observed
1292,1250,0.04607330391384906,0.0,1.0,0.0,True,False,0.6148577099299152,0.9763141356868921,tr0,inf5,0.43476179741999865,,0.0,,,0.0,,,0.0,,0.6002942736406469,0.0,observed
1293,1250,0.04607330391384906,0.0,1.0,0.0,True,False,0.6002942736406469,0.9763141356868921,tr0,inf5,0.4272529619896988,,0.0,,,0.0,,,0.0,,0.5860757849272589,0.0,observed
1294,1250,0.04607330391384906,0.0,1.0,0.0,True,False,0.5860757849272589,0.9763141356868921,tr0,inf5,0.4198157202264897,,0.0,,,0.0,,,0.0,,0.5721940734082736,0.0,observed
1295,1250,0.04607330391384906,0.0,1.0,0.0,True,False,0.5721940734082736,0.9763141356868921,tr0,inf5,0.4124518998486827,,0.0,,,0.0,,,0.0,,0.5586411622247607,0.0,observed
1296,1250,0.04607330391384906,0.0,1.0,0.0,True,False,0.5586411622247607,0.9763141356868921,tr0,inf5,0.405163201896994,,0.0,,,0.0,,,0.0,,0.5454092634565881,0.0,observed
1297,1250,0.04607330391384906,0.0,1.0,0.0,True,False,0.5454092634565881,0.9763141356868921,tr0,inf5,0.397951203483826,,0.0,,,0.0,,,0.0,,0.5324907736472433,0.0,observed
1298,1250,0.04607330391384906,0.0,1.0,0.0,True,False,0.5324907736472433,0.9763141356868921,tr0,inf5,0.3908173606643953,,0.0,,,0.0,,,0.0,,0.5198782694346528,0.0,observed
1299,1250,0.04607330391384906,0.0,1.0,0.0,True,False,0.5198782694346528,0.9763141356868921,tr0,inf5,0.38376301141385355,,0.0,,,0.0,,,0.0,,0.5075645032854902,0.0,observed
1300,1250,0.04607330391384906,0.0,1.0,0.0,True,False,0.5075645032854902,0.9763141356868921,tr0,inf5,0.37678937869532275,,0.0,,,0.0,,,0.0,,0.58554239933052,0.09,observed
1301,1300,0.04607330391384906,0.0,1.0,0.0,True,False,0.58554239933052,0.9763141356868921,tr0,inf5,0.4195346599808402,,0.0,,,0.0,,,0.0,,0.5716733215104056,0.0,observed
1302,1300,0.04607330391384906,0.0,1.0,0.0,True,False,0.5716733215104056,0.9763141356868921,tr0,inf5,0.4121736627693049,,0.0,,,0.0,,,0.0,,0.5581327447856864,0.0,observed
1303,1300,0.04607330391384906,0.0,1.0,0.0,True,False,0.5581327447856864,0.9763141356868921,tr0,inf5,0.4048878501354438,,0.0,,,0.0,,,0.0,,0.5449128883239902,0.0,observed
1304,1300,0.04607330391384906,0.0,1.0,0.0,True,False,0.5449128883239902,0.9763141356868921,tr0,inf5,0.3976787945402429,,0.0,,,0.0,,,0.0,,0.5320061555886845,0.0,observed
1305,1300,0.04607330391384906,0.0,1.0,0.0,True,False,0.5320061555886845,0.9763141356868921,tr0,inf5,0.3905479474987464,,0.0,,,0.0,,,0.0,,0.5194051299736727,0.0,observed
1306,1300,0.04607330391384906,0.0,1.0,0.0,True,False,0.5194051299736727,0.9763141356868921,tr0,inf5,0.38349664256090193,,0.0,,,0.0,,,0.0,,0.5071025705415841,0.0,observed
1307,1300,0.04607330391384906,0.0,1.0,0.0,True,False,0.5071025705415841,0.9763141356868921,tr0,inf5,0.3765260983827619,,0.0,,,0.0,,,0.0,,0.49509140786290795,0.0,observed
1308,1300,0.04607330391384906,0.0,1.0,0.0,True,False,0.49509140786290795,0.9763141356868921,tr0,inf5,0.3696374218737708,,0.0,,,0.0,,,0.0,,0.4833647399536815,0.0,observed
1309,1300,0.04607330391384906,0.0,1.0,0.0,True,False,0.4833647399536815,0.9763141356868921,tr0,inf5,0.36283161140664466,,0.0,,,0.0,,,0.0,,0.47191582830939793,0.0,observed
1310,1300,0.04607330391384906,0.0,1.0,0.0,True,False,0.47191582830939793,0.9763141356868921,tr0,inf5,0.3561095600771189,,0.0,,,0.0,,,0.0,,0.5507380940328536,0.09,observed
1311,1300,0.04607330391384906,0.0,1.0,0.0,True,False,0.5507380940328536,0.9763141356868921,tr0,inf5,0.4008671452099985,,0.0,,,0.0,,,0.0,,0.5376933862655318,0.0,observed
1312,1300,0.04607330391384906,0.0,1.0,0.0,True,False,0.5376933862655318,0.9763141356868921,tr0,inf5,0.39370143354324855,,0.0,,,0.0,,,0.0,,0.5249576536763908,0.0,observed
1313,1300,0.04607330391384906,0.0,1.0,0.0,True,False,0.5249576536763908,0.9763141356868921,tr0,inf5,0.38661468678403466,,0.0,,,0.0,,,0.0,,0.5125235779212843,0.0,observed
1314,1300,0.04607330391384906,0.0,1.0,0.0,True,False,0.5125235779212843,0.9763141356868921,tr0,inf5,0.37960817417084475,,0.0,,,0.0,,,0.0,,0.5003840139973722,0.0,observed
1315,1300,0.04607330391384906,0.0,1.0,0.0,True,False,0.5003840139973722,0.9763141356868921,tr0,inf5,0.3726830517909222,,0.0,,,0.0,,,0.0,,0.48853198613738213,0.0,observed
1316,1300,0.04607330391384906,0.0,1.0,0.0,True,False,0.48853198613738213,0.9763141356868921,tr0,inf5,0.3658403657639953,,0.0,,,0.0,,,0.0,,0.476960683801119,0.0,observed
1317,1300,0.04607330391384906,0.0,1.0,0.0,True,False,0.476960683801119,0.9763141356868921,tr0,inf5,0.35908105548142516,,0.0,,,0.0,,,0.0,,0.46566345776191853,0.0,observed
1318,1300,0.04607330391384906,0.0,1.0,0.0,True,False,0.46566345776191853,0.9763141356868921,tr0,inf5,0.3524059568884717,,0.0,,,0.0,,,0.0,,0.4546338162857971,0.0,observed
1319,1300,0.04607330391384906,0.0,1.0,0.0,True,False,0.4546338162857971,0.9763141356868921,tr0,inf5,0.3458158057981349,,0.0,,,0.0,,,0.0,,0.44386542140110125,0.0,observed
1320,1300,0.04607330391384906,0.0,1.0,0.0,True,False,0.44386542140110125,0.9763141356868921,tr0,inf5,0.3393112412257642,,0.0,,,0.0,,,0.0,,0.5233520852565143,0.09,observed
1321,1300,0.04607330391384906,0.0,1.0,0.0,True,False,0.5233520852565143,0.9763141356868921,tr0,inf5,0.3857148513623482,,0.0,,,0.0,,,0.0,,0.5109560387771465,0.0,observed
1322,1300,0.04607330391384906,0.0,1.0,0.0,True,False,0.5109560387771465,0.9763141356868921,tr0,inf5,0.3787186772424848,,0.0,,,0.0,,,0.0,,0.49885360337270784,0.0,observed
1323,1300,0.04607330391384906,0.0,1.0,0.0,True,False,0.49885360337270784,0.9763141356868921,tr0,inf5,0.37180403309699056,,0.0,,,0.0,,,0.0,,0.48703782461111694,0.0,observed
1324,1300,0.04607330391384906,0.0,1.0,0.0,True,False,0.48703782461111694,0.9763141356868921,tr0,inf5,0.3649719512255994,,0.0,,,0.0,,,0.0,,0.47550191278202675,0.0,observed
1325,1300,0.04607330391384906,0.0,1.0,0.0,True,False,0.47550191278202675,0.9763141356868921,tr0,inf5,0.358223357616954,,0.0,,,0.0,,,0.0,,0.4642392389952484,0.0,observed
1326,1300,0.04607330391384906,0.0,1.0,0.0,True,False,0.4642392389952484,0.9763141356868921,tr0,inf5,0.3515590752355348,,0.0,,,0.0,,,0.0,,0.45324333137158646,0.0,observed
1327,1300,0.04607330391384906,0.0,1.0,0.0,True,False,0.45324333137158646,0.9763141356868921,tr0,inf5,0.3449798273387413,,0.0,,,0.0,,,0.0,,0.442507871323898,0.0,observed
1328,1300,0.04607330391384906,0.0,1.0,0.0,True,False,0.442507871323898,0.9763141356868921,tr0,inf5,0.3384862408134146,,0.0,,,0.0,,,0.0,,0.43202668992623794,0.0,observed
1329,1300,0.04607330391384906,0.0,1.0,0.0,True,False,0.43202668992623794,0.9763141356868921,tr0,inf5,0.3320788495218126,,0.0,,,0.0,,,0.0,,0.4217937643690039,0.0,observed
1330,1300,0.04607330391384906,0.0,1.0,0.0,True,False,0.4217937643690039,0.9763141356868921,tr0,inf5,0.325758097647748,,0.0,,,0.0,,,0.0,,0.5018032144980447,0.09,observed
1331,1300,0.04607330391384906,0.0,1.0,0.0,True,False,0.5018032144980447,0.9763141356868921,tr0,inf5,0.3734969936598252,,0.0,,,0.0,,,0.0,,0.48991757164756256,0.0,observed
1332,1300,0.04607330391384906,0.0,1.0,0.0,True,False,0.48991757164756256,0.9763141356868921,tr0,inf5,0.36664451663070335,,0.0,,,0.0,,,0.0,,0.47831345052091107,0.0,observed
1333,1300,0.04607330391384906,0.0,1.0,0.0,True,False,0.47831345052091107,0.9763141356868921,tr0,inf5,0.3598753098081553,,0.0,,,0.0,,,0.0,,0.4669841830327383,0.0,observed
1334,1300,0.04607330391384906,0.0,1.0,0.0,True,False,0.4669841830327383,0.9763141356868921,tr0,inf5,0.35319022118767973,,0.0,,,0.0,,,0.0,,0.4559232590370573,0.0,observed
1335,1300,0.04607330391384906,0.0,1.0,0.0,True,False,0.4559232590370573,0.9763141356868921,tr0,inf5,0.3465899982396931,,0.0,,,0.0,,,0.0,,0.4451243225863156,0.0,observed
1336,1300,0.04607330391384906,0.0,1.0,0.0,True,False,0.4451243225863156,0.9763141356868921,tr0,inf5,0.3400752912422245,,0.0,,,0.0,,,0.0,,0.43458116827907206,0.0,observed
1337,1300,0.04607330391384906,0.0,1.0,0.0,True,False,0.43458116827907206,0.9763141356868921,tr0,inf5,0.3336466566254538,,0.0,,,0.0,,,0.0,,0.42428773769418204,0.0,observed
1338,1300,0.04607330391384906,0.0,1.0,0.0,True,False,0.42428773769418204,0.9763141356868921,tr0,inf5,0.3273045603186334,,0.0,,,0.0,,,0.0,,0.4142381159094421,0.0,observed
1339,1300,0.04607330391384906,0.0,1.0,0.0,True,False,0.4142381159094421,0.9763141356868921,tr0,inf5,0.3210493810906252,,0.0,,,0.0,,,0.0,,0.4044265281026936,0.0,observed
1340,1300,0.04607330391384906,0.0,1.0,0.0,True,False,0.4044265281026936,0.9763141356868921,tr0,inf5,0.3148814138759454,,0.0,,,0.0,,,0.0,,0.4848473362334319,0.09,observed
1341,1300,0.04607330391384906,0.0,1.0,0.0,True,False,0.4848473362334319,0.9763141356868921,tr0,inf5,0.363696480053239,,0.0,,,0.0,,,0.0,,0.473363308014835,0.0,observed
1342,1300,0.04607330391384906,0.0,1.0,0.0,True,False,0.473363308014835,0.9763141356868921,tr0,inf5,0.3569636813790015,,0.0,,,0.0,,,0.0,,0.4621512889303917,0.0,observed
1343,1300,0.04607330391384906,0.0,1.0,0.0,True,False,0.4621512889303917,0.9763141356868921,tr0,inf5,0.35031533745165766,,0.0,,,0.0,,,0.0,,0.4512048362086585,0.0,observed
1344,1300,0.04607330391384906,0.0,1.0,0.0,True,False,0.4512048362086585,0.9763141356868921,tr0,inf5,0.3437521531510108,,0.0,,,0.0,,,0.0,,0.4405176596808021,0.0,observed
1345,1300,0.04607330391384906,0.0,1.0,0.0,True,False,0.4405176596808021,0.9763141356868921,tr0,inf5,0.3372747376150843,,0.0,,,0.0,,,0.0,,0.43008361816607477,0.0,observed
1346,1300,0.04607330391384906,0.0,1.0,0.0,True,False,0.43008361816607477,0.9763141356868921,tr0,inf5,0.330883607586815,,0.0,,,0.0,,,0.0,,0.4198967159429026,0.0,observed
1347,1300,0.04607330391384906,0.0,1.0,0.0,True,False,0.4198967159429026,0.9763141356868921,tr0,inf5,0.3245791907592416,,0.0,,,0.0,,,0.0,,0.4099510993035594,0.0,observed
1348,1300,0.04607330391384906,0.0,1.0,0.0,True,False,0.4099510993035594,0.9763141356868921,tr0,inf5,0.31836182911070965,,0.0,,,0.0,,,0.0,,0.40024105319044584,0.0,observed
1349,1300,0.04607330391384906,0.0,1.0,0.0,True,False,0.40024105319044584,0.9763141356868921,tr0,inf5,0.312231782222269,,0.0,,,0.0,,,0.0,,0.39076099791204155,0.0,observed
1350,1300,0.04607330391384906,0.0,1.0,0.0,True,False,0.39076099791204155,0.9763141356868921,tr0,inf5,0.30618923057007497,,0.0,,,0.0,,,0.0,,0.4715054859366423,0.09,observed
1351,1350,0.04607330391384906,0.0,1.0,0.0,True,False,0.4715054859366423,0.9763141356868921,tr0,inf5,0.3558672023776219,,0.0,,,0.0,,,0.0,,0.460337470973861,0.0,observed
1352,1350,0.04607330391384906,0.0,1.0,0.0,True,False,0.460337470973861,0.9763141356868921,tr0,inf5,0.349232783234932,,0.0,,,0.0,,,0.0,,0.4494339800981349,0.0,observed
1353,1350,0.04607330391384906,0.0,1.0,0.0,True,False,0.4494339800981349,0.9763141356868921,tr0,inf5,0.3426836301246304,,0.0,,,0.0,,,0.0,,0.43878874782783045,0.0,observed
1354,1350,0.04607330391384906,0.0,1.0,0.0,True,False,0.43878874782783045,0.9763141356868921,tr0,inf5,0.33622033679767765,,0.0,,,0.0,,,0.0,,0.42839565708466193,0.0,observed
1355,1350,0.04607330391384906,0.0,1.0,0.0,True,False,0.42839565708466193,0.9763141356868921,tr0,inf5,0.32984340515906685,,0.0,,,0.0,,,0.0,,0.4182487356786299,0.0,observed
1356,1350,0.04607330391384906,0.0,1.0,0.0,True,False,0.4182487356786299,0.9763141356868921,tr0,inf5,0.3235532486119373,,0.0,,,0.0,,,0.0,,0.40834215287621695,0.0,observed
1357,1350,0.04607330391384906,0.0,1.0,0.0,True,False,0.40834215287621695,0.9763141356868921,tr0,inf5,0.3173501953903778,,0.0,,,0.0,,,0.0,,0.3986702160498685,0.0,observed
1358,1350,0.04607330391384906,0.0,1.0,0.0,True,False,0.3986702160498685,0.9763141356868921,tr0,inf5,0.3112344918731997,,0.0,,,0.0,,,0.0,,0.3892273674068339,0.0,observed
1359,1350,0.04607330391384906,0.0,1.0,0.0,True,False,0.3892273674068339,0.9763141356868921,tr0,inf5,0.3052063058715935,,0.0,,,0.0,,,0.0,,0.3800081807954874,0.0,observed
1360,1350,0.04607330391384906,0.0,1.0,0.0,True,False,0.3800081807954874,0.9763141356868921,tr0,inf5,0.29926572988418204,,0.0,,,0.0,,,0.0,,0.46100735858729447,0.09,observed
1361,1350,0.04607330391384906,0.0,1.0,0.0,True,False,0.46100735858729447,0.9763141356868921,tr0,inf5,0.3496328258489193,,0.0,,,0.0,,,0.0,,0.4500880008444515,0.0,observed
1362,1350,0.04607330391384906,0.0,1.0,0.0,True,False,0.4500880008444515,0.9763141356868921,tr0,inf5,0.34307848236338573,,0.0,,,0.0,,,0.0,,0.43942727752749183,0.0,observed
1363,1350,0.04607330391384906,0.0,1.0,0.0,True,False,0.43942727752749183,0.9763141356868921,tr0,inf5,0.3366099652928897,,0.0,,,0.0,,,0.0,,0.42901906265649725,0.0,observed
1364,1350,0.04607330391384906,0.0,1.0,0.0,True,False,0.42901906265649725,0.9763141356868921,tr0,inf5,0.3302277820187491,,0.0,,,0.0,,,0.0,,0.4188573753506787,0.0,observed
1365,1350,0.04607330391384906,0.0,1.0,0.0,True,False,0.4188573753506787,0.9763141356868921,tr0,inf5,0.3239323512178047,,0.0,,,0.0,,,0.0,,0.408936376391578,0.0,observed
1366,1350,0.04607330391384906,0.0,1.0,0.0,True,False,0.408936376391578,0.9763141356868921,tr0,inf5,0.3177240061961355,,0.0,,,0.0,,,0.0,,0.399250364867673,0.0,observed
1367,1350,0.04607330391384906,0.0,1.0,0.0,True,False,0.399250364867673,0.9763141356868921,tr0,inf5,0.31160299820419457,,0.0,,,0.0,,,0.0,,0.38979377489845846,0.0,observed
1368,1350,0.04607330391384906,0.0,1.0,0.0,True,False,0.38979377489845846,0.9763141356868921,tr0,inf5,0.3055694997262403,,0.0,,,0.0,,,0.0,,0.3805611724361194,0.0,observed
1369,1350,0.04607330391384906,0.0,1.0,0.0,True,False,0.3805611724361194,0.9763141356868921,tr0,inf5,0.2996236077375421,,0.0,,,0.0,,,0.0,,0.37154725214296025,0.0,observed
1370,1350,0.04607330391384906,0.0,1.0,0.0,True,False,0.37154725214296025,0.9763141356868921,tr0,inf5,0.29376534692342166,,0.0,,,0.0,,,0.0,,0.45274683434279395,0.09,observed
1371,1350,0.04607330391384906,0.0,1.0,0.0,True,False,0.45274683434279395,0.9763141356868921,tr0,inf5,0.34468104482142675,,0.0,,,0.0,,,0.0,,0.44202313425636136,0.0,observed
1372,1350,0.04607330391384906,0.0,1.0,0.0,True,False,0.44202313425636136,0.9763141356868921,tr0,inf5,0.3381913884885104,,0.0,,,0.0,,,0.0,,0.4315534342751105,0.0,observed
1373,1350,0.04607330391384906,0.0,1.0,0.0,True,False,0.4315534342751105,0.9763141356868921,tr0,inf5,0.33178794962997904,,0.0,,,0.0,,,0.0,,0.4213317181870145,0.0,observed
1374,1350,0.04607330391384906,0.0,1.0,0.0,True,False,0.4213317181870145,0.9763141356868921,tr0,inf5,0.3254711684091268,,0.0,,,0.0,,,0.0,,0.41135211227922824,0.0,observed
1375,1350,0.04607330391384906,0.0,1.0,0.0,True,False,0.41135211227922824,0.9763141356868921,tr0,inf5,0.3192413988007789,,0.0,,,0.0,,,0.0,,0.4016088819628721,0.0,observed
1376,1350,0.04607330391384906,0.0,1.0,0.0,True,False,0.4016088819628721,0.9763141356868921,tr0,inf5,0.31309891191167766,,0.0,,,0.0,,,0.0,,0.3920964284777605,0.0,observed
1377,1350,0.04607330391384906,0.0,1.0,0.0,True,False,0.3920964284777605,0.9763141356868921,tr0,inf5,0.3070438992768565,,0.0,,,0.0,,,0.0,,0.382809285675182,0.0,observed
1378,1350,0.04607330391384906,0.0,1.0,0.0,True,False,0.382809285675182,0.9763141356868921,tr0,inf5,0.3010764761253362,,0.0,,,0.0,,,0.0,,0.3737421168768819,0.0,observed
1379,1350,0.04607330391384906,0.0,1.0,0.0,True,False,0.3737421168768819,0.9763141356868921,tr0,inf5,0.29519668460906384,,0.0,,,0.0,,,0.0,,0.3648897118084424,0.0,observed
1380,1350,0.04607330391384906,0.0,1.0,0.0,True,False,0.3648897118084424,0.9763141356868921,tr0,inf5,0.2894044969895761,,0.0,,,0.0,,,0.0,,0.4462469836052986,0.09,observed
1381,1350,0.04607330391384906,0.0,1.0,0.0,True,False,0.4462469836052986,0.9763141356868921,tr0,inf5,0.3407558437439578,,0.0,,,0.0,,,0.0,,0.4356772381014898,0.0,observed
1382,1350,0.04607330391384906,0.0,1.0,0.0,True,False,0.4356772381014898,0.9763141356868921,tr0,inf5,0.3343181408576649,,0.0,,,0.0,,,0.0,,0.42535784615550826,0.0,observed
1383,1350,0.04607330391384906,0.0,1.0,0.0,True,False,0.42535784615550826,0.9763141356868921,tr0,inf5,0.32796693147576605,,0.0,,,0.0,,,0.0,,0.41528287792695306,0.0,observed
1384,1350,0.04607330391384906,0.0,1.0,0.0,True,False,0.41528287792695306,0.9763141356868921,tr0,inf5,0.32170260336956924,,0.0,,,0.0,,,0.0,,0.4054465440288183,0.0,observed
1385,1350,0.04607330391384906,0.0,1.0,0.0,True,False,0.4054465440288183,0.9763141356868921,tr0,inf5,0.31552546012743166,,0.0,,,0.0,,,0.0,,0.39584319220073316,0.0,observed
1386,1350,0.04607330391384906,0.0,1.0,0.0,True,False,0.39584319220073316,0.9763141356868921,tr0,inf5,0.3094357244614911,,0.0,,,0.0,,,0.0,,0.3864673040609991,0.0,observed
1387,1350,0.04607330391384906,0.0,1.0,0.0,True,False,0.3864673040609991,0.9763141356868921,tr0,inf5,0.30343354148629376,,0.0,,,0.0,,,0.0,,0.37731349193555763,0.0,observed
1388,1350,0.04607330391384906,0.0,1.0,0.0,True,False,0.37731349193555763,0.9763141356868921,tr0,inf5,0.29751898196300725,,0.0,,,0.0,,,0.0,,0.36837649576206705,0.0,observed
1389,1350,0.04607330391384906,0.0,1.0,0.0,True,False,0.36837649576206705,0.9763141356868921,tr0,inf5,0.2916920455034819,,0.0,,,0.0,,,0.0,,0.35965118006730856,0.0,observed
1390,1350,0.04607330391384906,0.0,1.0,0.0,True,False,0.35965118006730856,0.9763141356868921,tr0,inf5,0.28595266372897105,,0.0,,,0.0,,,0.0,,0.4411325310161851,0.09,observed
1391,1350,0.04607330391384906,0.0,1.0,0.0,True,False,0.4411325310161851,0.9763141356868921,tr0,inf5,0.337649286178869,,0.0,,,0.0,,,0.0,,0.43068392574243786,0.0,observed
1392,1350,0.04607330391384906,0.0,1.0,0.0,True,False,0.43068392574243786,0.9763141356868921,tr0,inf5,0.33125312279912017,,0.0,,,0.0,,,0.0,,0.42048280471546584,0.0,observed
1393,1350,0.04607330391384906,0.0,1.0,0.0,True,False,0.42048280471546584,0.9763141356868921,tr0,inf5,0.32494365011427867,,0.0,,,0.0,,,0.0,,0.41052330605698023,0.0,observed
1394,1350,0.04607330391384906,0.0,1.0,0.0,True,False,0.41052330605698023,0.9763141356868921,tr0,inf5,0.31872121499915496,,0.0,,,0.0,,,0.0,,0.4007997067323461,0.0,observed
1395,1350,0.04607330391384906,0.0,1.0,0.0,True,False,0.4007997067323461,0.9763141356868921,tr0,inf5,0.31258608173884966,,0.0,,,0.0,,,0.0,,0.3913064192619503,0.0,observed
1396,1350,0.04607330391384906,0.0,1.0,0.0,True,False,0.3913064192619503,0.9763141356868921,tr0,inf5,0.3065384353227947,,0.0,,,0.0,,,0.0,,0.3820379885104636,0.0,observed
1397,1350,0.04607330391384906,0.0,1.0,0.0,True,False,0.3820379885104636,0.9763141356868921,tr0,inf5,0.3005783847075828,,0.0,,,0.0,,,0.0,,0.37298908855215207,0.0,observed
1398,1350,0.04607330391384906,0.0,1.0,0.0,True,False,0.37298908855215207,0.9763141356868921,tr0,inf5,0.294705966042555,,0.0,,,0.0,,,0.0,,0.364154519610436,0.0,observed
1399,1350,0.04607330391384906,0.0,1.0,0.0,True,False,0.364154519610436,0.9763141356868921,tr0,inf5,0.2889211458526726,,0.0,,,0.0,,,0.0,,0.3555292050699382,0.0,observed
1400,1350,0.04607330391384906,0.0,1.0,0.0,True,False,0.3555292050699382,0.9763141356868921,tr0,inf5,0.2832238241737389,,0.0,,,0.0,,,0.0,,0.43710818855930444,0.09,observed
1401,1400,0.04068909143947173,0.007599033750976607,0.03039613500390643,1.0,False,False,0.43710818855930444,0.9961369499847641,tr0,inf5,0.3358259352263531,0.0032648834363625187,0.36749788800228866,0.005158881405104967,0.23425913944897275,0.16857081335192287,0.014151399249012852,0.0,0.4639312986457885,0.005954231284683573,0.4354196177648307,0.0,observed
1402,1400,0.04068909143947173,0.007599033750976607,0.03039613500390643,1.0,False,False,0.4354196177648307,0.9961369499847641,tr0,inf5,0.3347906916973944,0.0032648834363625187,0.36749788800228866,0.005158881405104967,0.23425913944897275,0.16857081335192287,0.014151399249012852,0.0,0.4639312986457885,0.005954231284683573,0.43373757000379026,0.0,observed
1403,1400,0.04068909143947173,0.007599033750976607,0.03039613500390643,1.0,False,False,0.43373757000379026,0.9961369499847641,tr0,inf5,0.333757707935945,0.0032648834363625187,0.36749788800228866,0.005158881405104967,0.23425913944897275,0.16857081335192287,0.014151399249012852,0.0,0.4639312986457885,0.005954231284683573,0.43206202007737876,0.0,observed
1404,1400,0.04068909143947173,0.007599033750976607,0.03039613500390643,1.0,False,False,0.43206202007737876,0.9961369499847641,tr0,inf5,0.3327269857197653,0.0032648834363625187,0.36749788800228866,0.005158881405104967,0.23425913944897275,0.16857081335192287,0.014151399249012852,0.0,0.4639312986457885,0.005954231284683573,0.430392942884136,0.0,observed
1405,1400,0.04068909143947173,0.007599033750976607,0.03039613500390643,1.0,False,False,0.430392942884136,0.9961369499847641,tr0,inf5,0.3316985267674425,0.0032648834363625187,0.36749788800228866,0.005158881405104967,0.23425913944897275,0.16857081335192287,0.014151399249012852,0.0,0.4639312986457885,0.005954231284683573,0.42873031341957,0.0,observed
1406,1400,0.04068909143947173,0.007599033750976607,0.03039613500390643,1.0,False,False,0.42873031341957,0.9961369499847641,tr0,inf5,0.33067233273875785,0.0032648834363625187,0.36749788800228866,0.005158881405104967,0.23425913944897275,0.16857081335192287,0.014151399249012852,0.0,0.4639312986457885,0.005954231284683573,0.42707410677578245,0.0,observed
1407,1400,0.04068909143947173,0.007599033750976607,0.03039613500390643,1.0,False,False,0.42707410677578245,0.9961369499847641,tr0,inf5,0.32964840523505223,0.0032648834363625187,0.36749788800228866,0.005158881405104967,0.23425913944897275,0.16857081335192287,0.014151399249012852,0.0,0.4639312986457885,0.005954231284683573,0.4254242981410954,0.0,observed
1408,1400,0.04068909143947173,0.007599033750976607,0.03039613500390643,1.0,False,False,0.4254242981410954,0.9961369499847641,tr0,inf5,0.3286267457995927,0.0032648834363625187,0.36749788800228866,0.005158881405104967,0.23425913944897275,0.16857081335192287,0.014151399249012852,0.0,0.4639312986457885,0.005954231284683573,0.4237808627996797,0.0,observed
1409,1400,0.04068909143947173,0.007599033750976607,0.03039613500390643,1.0,False,False,0.4237808627996797,0.9961369499847641,tr0,inf5,0.3276073559179377,0.0032648834363625187,0.36749788800228866,0.005158881405104967,0.23425913944897275,0.16857081335192287,0.014151399249012852,0.0,0.4639312986457885,0.005954231284683573,0.4221437761311847,0.0,observed
1410,1400,0.04068909143947173,0.007599033750976607,0.03039613500390643,1.0,False,False,0.4221437761311847,0.9961369499847641,tr0,inf5,0.32659023701830237,0.0032648834363625187,0.36749788800228866,0.005158881405104967,0.23425913944897275,0.16857081335192287,0.014151399249012852,0.0,0.4639312986457885,0.005954231284683573,0.5105130136103694,0.09,observed
1411,1400,0.04068909143947173,0.007599033750976607,0.03039613500390643,1.0,False,False,0.5105130136103694,0.9961369499847641,tr0,inf5,0.37918091453375036,0.0032648834363625187,0.36749788800228866,0.005158881405104967,0.23425913944897275,0.16857081335192287,0.014151399249012852,0.0,0.4639312986457885,0.005954231284683573,0.5085408763053637,0.0,observed
1412,1400,0.04068909143947173,0.007599033750976607,0.03039613500390643,1.0,False,False,0.5085408763053637,0.9961369499847641,tr0,inf5,0.3780572344501599,0.0032648834363625187,0.36749788800228866,0.005158881405104967,0.23425913944897275,0.16857081335192287,0.014151399249012852,0.0,0.4639312986457885,0.005954231284683573,0.5065763574654042,0.0,observed
1413,1400,0.04068909143947173,0.007599033750976607,0.03039613500390643,1.0,False,False,0.5065763574654042,0.9961369499847641,tr0,inf5,0.3769356898037041,0.0032648834363625187,0.36749788800228866,0.005158881405104967,0.23425913944897275,0.16857081335192287,0.014151399249012852,0.0,0.4639312986457885,0.005954231284683573,0.5046194276599794,0.0,observed
1414,1400,0.04068909143947173,0.007599033750976607,0.03039613500390643,1.0,False,False,0.5046194276599794,0.9961369499847641,tr0,inf5,0.37581628504790215,0.0032648834363625187,0.36749788800228866,0.005158881405104967,0.23425913944897275,0.16857081335192287,0.014151399249012852,0.0,0.4639312986457885,0.005954231284683573,0.5026700575722691,0.0,observed
1415,1400,0.04068909143947173,0.007599033750976607,0.03039613500390643,1.0,False,False,0.5026700575722691,0.9961369499847641,tr0,inf5,0.37469902456244664,0.0032648834363625187,0.36749788800228866,0.005158881405104967,0.23425913944897275,0.16857081335192287,0.014151399249012852,0.0,0.4639312986457885,0.005954231284683573,0.5007282179987059,0.0,observed
1416,1400,0.04068909143947173,0.007599033750976607,0.03039613500390643,1.0,False,False,0.5007282179987059,0.9961369499847641,tr0,inf5,0.3735839126535607,0.0032648834363625187,0.36749788800228866,0.005158881405104967,0.23425913944897275,0.16857081335192287,0.014151399249012852,0.0,0.4639312986457885,0.005954231284683573,0.49879387984853696,0.0,observed
1417,1400,0.04068909143947173,0.007599033750976607,0.03039613500390643,1.0,False,False,0.49879387984853696,0.9961369499847641,tr0,inf5,0.37247095355435567,0.0032648834363625187,0.36749788800228866,0.005158881405104967,0.23425913944897275,0.16857081335192287,0.014151399249012852,0.0,0.4639312986457885,0.005954231284683573,0.4968670141433885,0.0,observed
1418,1400,0.04068909143947173,0.007599033750976607,0.03039613500390643,1.0,False,False,0.4968670141433885,0.9961369499847641,tr0,inf5,0.3713601514251893,0.0032648834363625187,0.36749788800228866,0.005158881405104967,0.23425913944897275,0.16857081335192287,0.014151399249012852,0.0,0.4639312986457885,0.005954231284683573,0.4949475920168317,0.0,observed
1419,1400,0.04068909143947173,0.007599033750976607,0.03039613500390643,1.0,False,False,0.4949475920168317,0.9961369499847641,tr0,inf5,0.37025151035402526,0.0032648834363625187,0.36749788800228866,0.005158881405104967,0.23425913944897275,0.16857081335192287,0.014151399249012852,0.0,0.4639312986457885,0.005954231284683573,0.4930355847139501,0.0,observed
1420,1400,0.04068909143947173,0.007599033750976607,0.03039613500390643,1.0,False,False,0.4930355847139501,0.9961369499847641,tr0,inf5,0.36914503435679297,0.0032648834363625187,0.36749788800228866,0.005158881405104967,0.23425913944897275,0.16857081335192287,0.014151399249012852,0.0,0.4639312986457885,0.005954231284683573,0.581130963590909,0.09,observed
1421,1400,0.04068909143947173,0.007599033750976607,0.03039613500390643,1.0,False,False,0.581130963590909,0.9961369499847641,tr0,inf5,0.41799131022503266,0.0032648834363625187,0.36749788800228866,0.005158881405104967,0.23425913944897275,0.16857081335192287,0.014151399249012852,0.0,0.4639312986457885,0.005954231284683573,0.578886025613155,0.0,observed
1422,1400,0.04068909143947173,0.007599033750976607,0.03039613500390643,1.0,False,False,0.578886025613155,0.9961369499847641,tr0,inf5,0.41679924462698986,0.0032648834363625187,0.36749788800228866,0.005158881405104967,0.23425913944897275,0.16857081335192287,0.014151399249012852,0.0,0.4639312986457885,0.005954231284683573,0.5766497599430903,0.0,observed
1423,1400,0.04068909143947173,0.007599033750976607,0.03039613500390643,1.0,False,False,0.5766497599430903,0.9961369499847641,tr0,inf5,0.41560912043060966,0.0032648834363625187,0.36749788800228866,0.005158881405104967,0.23425913944897275,0.16857081335192287,0.014151399249012852,0.0,0.4639312986457885,0.005954231284683573,0.5744221330791563,0.0,observed
1424,1400,0.04068909143947173,0.007599033750976607,0.03039613500390643,1.0,False,False,0.5744221330791563,0.9961369499847641,tr0,inf5,0.4144209447584713,0.0032648834363625187,0.36749788800228866,0.005158881405104967,0.23425913944897275,0.16857081335192287,0.014151399249012852,0.0,0.4639312986457885,0.005954231284683573,0.5722031116492131,0.0,observed
1425,1400,0.04068909143947173,0.007599033750976607,0.03039613500390643,1.0,False,False,0.5722031116492131,0.9961369499847641,tr0,inf5,0.41323472464812594,0.0032648834363625187,0.36749788800228866,0.005158881405104967,0.23425913944897275,0.16857081335192287,0.014151399249012852,0.0,0.4639312986457885,0.005954231284683573,0.5699926624100385,0.0,observed
1426,1400,0.04068909143947173,0.007599033750976607,0.03039613500390643,1.0,False,False,0.5699926624100385,0.9961369499847641,tr0,inf5,0.4120504670524027,0.0032648834363625187,0.36749788800228866,0.005158881405104967,0.23425913944897275,0.16857081335192287,0.014151399249012852,0.0,0.4639312986457885,0.005954231284683573,0.5677907522468311,0.0,observed
1427,1400,0.04068909143947173,0.007599033750976607,0.03039613500390643,1.0,False,False,0.5677907522468311,0.9961369499847641,tr0,inf5,0.4108681788397179,0.0032648834363625187,0.36749788800228866,0.005158881405104967,0.23425913944897275,0.16857081335192287,0.014151399249012852,0.0,0.4639312986457885,0.005954231284683573,0.5655973481727131,0.0,observed
1428,1400,0.04068909143947173,0.007599033750976607,0.03039613500390643,1.0,False,False,0.5655973481727131,0.9961369499847641,tr0,inf5,0.4096878667943849,0.0032648834363625187,0.36749788800228866,0.005158881405104967,0.23425913944897275,0.16857081335192287,0.014151399249012852,0.0,0.4639312986457885,0.005954231284683573,0.5634124173282371,0.0,observed
1429,1400,0.04068909143947173,0.007599033750976607,0.03039613500390643,1.0,False,False,0.5634124173282371,0.9961369499847641,tr0,inf5,0.40850953761692743,0.0032648834363625187,0.36749788800228866,0.005158881405104967,0.23425913944897275,0.16857081335192287,0.014151399249012852,0.0,0.4639312986457885,0.005954231284683573,0.5612359269808932,0.0,observed
1430,1400,0.04068909143947173,0.007599033750976607,0.03039613500390643,1.0,False,False,0.5612359269808932,0.9961369499847641,tr0,inf5,0.40733319792439426,0.0032648834363625187,0.36749788800228866,0.005158881405104967,0.23425913944897275,0.16857081335192287,0.014151399249012852,0.0,0.4639312986457885,0.005954231284683573,0.6490678445246187,0.09,observed
1431,1400,0.04068909143947173,0.007599033750976607,0.03039613500390643,1.0,False,False,0.6490678445246187,0.9961369499847641,tr0,inf5,0.4528286550983268,0.0032648834363625187,0.36749788800228866,0.005158881405104967,0.23425913944897275,0.16857081335192287,0.014151399249012852,0.0,0.4639312986457885,0.005954231284683573,0.6465604629779388,0.0,observed
1432,1400,0.04068909143947173,0.007599033750976607,0.03039613500390643,1.0,False,False,0.6465604629779388,0.9961369499847641,tr0,inf5,0.4515845168776493,0.0032648834363625187,0.36749788800228866,0.005158881405104967,0.23425913944897275,0.16857081335192287,0.014151399249012852,0.0,0.4639312986457885,0.005954231284683573,0.6440627675715809,0.0,observed
1433,1400,0.04068909143947173,0.007599033750976607,0.03039613500390643,1.0,False,False,0.6440627675715809,0.9961369499847641,tr0,inf5,0.45034207946748617,0.0032648834363625187,0.36749788800228866,0.005158881405104967,0.23425913944897275,0.16857081335192287,0.014151399249012852,0.0,0.4639312986457885,0.005954231284683573,0.6415747208875006,0.0,observed
1434,1400,0.04068909143947173,0.007599033750976607,0.03039613500390643,1.0,False,False,0.6415747208875006,0.9961369499847641,tr0,inf5,0.44910135253741,0.0032648834363625187,0.36749788800228866,0.005158881405104967,0.23425913944897275,0.16857081335192287,0.014151399249012852,0.0,0.4639312986457885,0.005954231284683573,0.6390962856522011,0.0,observed
1435,1400,0.04068909143947173,0.007599033750976607,0.03039613500390643,1.0,False,False,0.6390962856522011,0.9961369499847641,tr0,inf5,0.4478623456643607,0.0032648834363625187,0.36749788800228866,0.005158881405104967,0.23425913944897275,0.16857081335192287,0.014151399249012852,0.0,0.4639312986457885,0.005954231284683573,0.6366274247361752,0.0,observed
1436,1400,0.04068909143947173,0.007599033750976607,0.03039613500390643,1.0,False,False,0.6366274247361752,0.9961369499847641,tr0,inf5,0.44662506833286725,0.0032648834363625187,0.36749788800228866,0.005158881405104967,0.23425913944897275,0.16857081335192287,0.014151399249012852,0.0,0.4639312986457885,0.005954231284683573,0.6341681011533485,0.0,observed
1437,1400,0.04068909143947173,0.007599033750976607,0.03039613500390643,1.0,False,False,0.6341681011533485,0.9961369499847641,tr0,inf5,0.44538952993527403,0.0032648834363625187,0.36749788800228866,0.005158881405104967,0.23425913944897275,0.16857081335192287,0.014151399249012852,0.0,0.4639312986457885,0.005954231284683573,0.6317182780605259,0.0,observed
1438,1400,0.04068909143947173,0.007599033750976607,0.03039613500390643,1.0,False,False,0.6317182780605259,0.9961369499847641,tr0,inf5,0.44415573977196954,0.0032648834363625187,0.36749788800228866,0.005158881405104967,0.23425913944897275,0.16857081335192287,0.014151399249012852,0.0,0.4639312986457885,0.005954231284683573,0.6292779187568395,0.0,observed
1439,1400,0.04068909143947173,0.007599033750976607,0.03039613500390643,1.0,False,False,0.6292779187568395,0.9961369499847641,tr0,inf5,0.4429237070516198,0.0032648834363625187,0.36749788800228866,0.005158881405104967,0.23425913944897275,0.16857081335192287,0.014151399249012852,0.0,0.4639312986457885,0.005954231284683573,0.6268469866831983,0.0,observed
1440,1400,0.04068909143947173,0.007599033750976607,0.03039613500390643,1.0,False,False,0.6268469866831983,0.9961369499847641,tr0,inf5,0.44169344089140455,0.0032648834363625187,0.36749788800228866,0.005158881405104967,0.23425913944897275,0.16857081335192287,0.014151399249012852,0.0,0.4639312986457885,0.005954231284683573,0.7144254454217411,0.09,observed
1441,1400,0.04068909143947173,0.007599033750976607,0.03039613500390643,1.0,False,False,0.7144254454217411,0.9961369499847641,tr0,inf5,0.48418206613848574,0.0032648834363625187,0.36749788800228866,0.005158881405104967,0.23425913944897275,0.16857081335192287,0.014151399249012852,0.0,0.4639312986457885,0.005954231284683573,0.7116655841939198,0.0,observed
1442,1400,0.04068909143947173,0.007599033750976607,0.03039613500390643,1.0,False,False,0.7116655841939198,0.9961369499847641,tr0,inf5,0.48289912758591874,0.0032648834363625187,0.36749788800228866,0.005158881405104967,0.23425913944897275,0.16857081335192287,0.014151399249012852,0.0,0.4639312986457885,0.005954231284683573,0.7089163844480566,0.0,observed
1443,1400,0.04068909143947173,0.007599033750976607,0.03039613500390643,1.0,False,False,0.7089163844480566,0.9961369499847641,tr0,inf5,0.4816176199977727,0.0032648834363625187,0.36749788800228866,0.005158881405104967,0.23425913944897275,0.16857081335192287,0.014151399249012852,0.0,0.4639312986457885,0.005954231284683573,0.7061778049983135,0.0,observed
1444,1400,0.04068909143947173,0.007599033750976607,0.03039613500390643,1.0,False,False,0.7061778049983135,0.9961369499847641,tr0,inf5,0.4803375553990516,0.0032648834363625187,0.36749788800228866,0.005158881405104967,0.23425913944897275,0.16857081335192287,0.014151399249012852,0.0,0.4639312986457885,0.005954231284683573,0.7034498048179555,0.0,observed
1445,1400,0.04068909143947173,0.007599033750976607,0.03039613500390643,1.0,False,False,0.7034498048179555,0.9961369499847641,tr0,inf5,0.47905894571796886,0.0032648834363625187,0.36749788800228866,0.005158881405104967,0.23425913944897275,0.16857081335192287,0.014151399249012852,0.0,0.4639312986457885,0.005954231284683573,0.7007323430387358,0.0,observed
1446,1400,0.04068909143947173,0.007599033750976607,0.03039613500390643,1.0,False,False,0.7007323430387358,0.9961369499847641,tr0,inf5,0.4777818027860587,0.0032648834363625187,0.36749788800228866,0.005158881405104967,0.23425913944897275,0.16857081335192287,0.014151399249012852,0.0,0.4639312986457885,0.005954231284683573,0.6980253789502837,0.0,observed
1447,1400,0.04068909143947173,0.007599033750976607,0.03039613500390643,1.0,False,False,0.6980253789502837,0.9961369499847641,tr0,inf5,0.47650613833829314,0.0032648834363625187,0.36749788800228866,0.005158881405104967,0.23425913944897275,0.16857081335192287,0.014151399249012852,0.0,0.4639312986457885,0.005954231284683573,0.6953288719994948,0.0,observed
1448,1400,0.04068909143947173,0.007599033750976607,0.03039613500390643,1.0,False,False,0.6953288719994948,0.9961369499847641,tr0,inf5,0.4752319640132043,0.0032648834363625187,0.36749788800228866,0.005158881405104967,0.23425913944897275,0.16857081335192287,0.014151399249012852,0.0,0.4639312986457885,0.005954231284683573,0.6926427817899232,0.0,observed
1449,1400,0.04068909143947173,0.007599033750976607,0.03039613500390643,1.0,False,False,0.6926427817899232,0.9961369499847641,tr0,inf5,0.47395929135301135,0.0032648834363625187,0.36749788800228866,0.005158881405104967,0.23425913944897275,0.16857081335192287,0.014151399249012852,0.0,0.4639312986457885,0.005954231284683573,0.6899670680811766,0.0,observed
1450,1400,0.04068909143947173,0.007599033750976607,0.03039613500390643,1.0,False,False,0.6899670680811766,0.9961369499847641,tr0,inf5,0.4726881318037526,0.0032648834363625187,0.36749788800228866,0.005158881405104967,0.23425913944897275,0.16857081335192287,0.014151399249012852,0.0,0.4639312986457885,0.005954231284683573,0.7773016907883132,0.09,observed
1451,1450,0.053359882777943665,0.00821491703182122,0.03285966812728488,1.0,False,False,0.7773016907883132,0.9950740160152188,tr0,inf5,0.5102038127912966,0.02426500850318448,0.34478038643796394,0.0077079863476215175,0.24134868749856783,0.18642646966771773,0.013529866102966644,0.0,0.46879314389431836,0.005519435682536138,0.7734727151081466,0.0,observed
1452,1450,0.053359882777943665,0.00821491703182122,0.03285966812728488,1.0,False,False,0.7734727151081466,0.9950740160152188,tr0,inf5,0.5085388647081865,0.02426500850318448,0.34478038643796394,0.0077079863476215175,0.24134868749856783,0.18642646966771773,0.013529866102966644,0.0,0.46879314389431836,0.005519435682536138,0.7696626009008587,0.0,observed
1453,1450,0.053359882777943665,0.00821491703182122,0.03285966812728488,1.0,False,False,0.7696626009008587,0.9950740160152188,tr0,inf5,0.5068757780241725,0.02426500850318448,0.34478038643796394,0.0077079863476215175,0.24134868749856783,0.18642646966771773,0.013529866102966644,0.0,0.46879314389431836,0.005519435682536138,0.765871255255136,0.0,observed
1454,1450,0.053359882777943665,0.00821491703182122,0.03285966812728488,1.0,False,False,0.765871255255136,0.9950740160152188,tr0,inf5,0.505214581913854,0.02426500850318448,0.34478038643796394,0.0077079863476215175,0.24134868749856783,0.18642646966771773,0.013529866102966644,0.0,0.46879314389431836,0.005519435682536138,0.7620985857173449,0.0,observed
1455,1450,0.053359882777943665,0.00821491703182122,0.03285966812728488,1.0,False,False,0.7620985857173449,0.9950740160152188,tr0,inf5,0.5035553052937795,0.02426500850318448,0.34478038643796394,0.0077079863476215175,0.24134868749856783,0.18642646966771773,0.013529866102966644,0.0,0.46879314389431836,0.005519435682536138,0.7583445002892769,0.0,observed
1456,1450,0.053359882777943665,0.00821491703182122,0.03285966812728488,1.0,False,False,0.7583445002892769,0.9950740160152188,tr0,inf5,0.5018979768224048,0.02426500850318448,0.34478038643796394,0.0077079863476215175,0.24134868749856783,0.18642646966771773,0.013529866102966644,0.0,0.46879314389431836,0.005519435682536138,0.754608907425905,0.0,observed
1457,1450,0.053359882777943665,0.00821491703182122,0.03285966812728488,1.0,False,False,0.754608907425905,0.9950740160152188,tr0,inf5,0.5002426249000796,0.02426500850318448,0.34478038643796394,0.0077079863476215175,0.24134868749856783,0.18642646966771773,0.013529866102966644,0.0,0.46879314389431836,0.005519435682536138,0.7508917160331519,0.0,observed
1458,1450,0.053359882777943665,0.00821491703182122,0.03285966812728488,1.0,False,False,0.7508917160331519,0.9950740160152188,tr0,inf5,0.498589277669062,0.02426500850318448,0.34478038643796394,0.0077079863476215175,0.24134868749856783,0.18642646966771773,0.013529866102966644,0.0,0.46879314389431836,0.005519435682536138,0.7471928354656677,0.0,observed
1459,1450,0.053359882777943665,0.00821491703182122,0.03285966812728488,1.0,False,False,0.7471928354656677,0.9950740160152188,tr0,inf5,0.4969379630135596,0.02426500850318448,0.34478038643796394,0.0077079863476215175,0.24134868749856783,0.18642646966771773,0.013529866102966644,0.0,0.46879314389431836,0.005519435682536138,0.7435121755246206,0.0,observed
1460,1450,0.053359882777943665,0.00821491703182122,0.03285966812728488,1.0,False,False,0.7435121755246206,0.9950740160152188,tr0,inf5,0.49528870855979773,0.02426500850318448,0.34478038643796394,0.0077079863476215175,0.24134868749856783,0.18642646966771773,0.013529866102966644,0.0,0.46879314389431836,0.005519435682536138,0.8298496464554964,0.09,observed
1461,1450,0.053359882777943665,0.00821491703182122,0.03285966812728488,1.0,False,False,0.8298496464554964,0.9950740160152188,tr0,inf5,0.5324206134488821,0.02426500850318448,0.34478038643796394,0.0077079863476215175,0.24134868749856783,0.18642646966771773,0.013529866102966644,0.0,0.46879314389431836,0.005519435682536138,0.8257618203872803,0.0,observed
1462,1450,0.053359882777943665,0.00821491703182122,0.03285966812728488,1.0,False,False,0.8257618203872803,0.9950740160152188,tr0,inf5,0.5307338838919824,0.02426500850318448,0.34478038643796394,0.0077079863476215175,0.24134868749856783,0.18642646966771773,0.013529866102966644,0.0,0.46879314389431836,0.005519435682536138,0.8216941308848088,0.0,observed
1463,1450,0.053359882777943665,0.00821491703182122,0.03285966812728488,1.0,False,False,0.8216941308848088,0.9950740160152188,tr0,inf5,0.529048604982633,0.02426500850318448,0.34478038643796394,0.0077079863476215175,0.24134868749856783,0.18642646966771773,0.013529866102966644,0.0,0.46879314389431836,0.005519435682536138,0.8176464787556815,0.0,observed
1464,1450,0.053359882777943665,0.00821491703182122,0.03285966812728488,1.0,False,False,0.8176464787556815,0.9950740160152188,tr0,inf5,0.5273648092958043,0.02426500850318448,0.34478038643796394,0.0077079863476215175,0.24134868749856783,0.18642646966771773,0.013529866102966644,0.0,0.46879314389431836,0.005519435682536138,0.8136187652961183,0.0,observed
1465,1450,0.053359882777943665,0.00821491703182122,0.03285966812728488,1.0,False,False,0.8136187652961183,0.9950740160152188,tr0,inf5,0.5256825291517805,0.02426500850318448,0.34478038643796394,0.0077079863476215175,0.24134868749856783,0.18642646966771773,0.013529866102966644,0.0,0.46879314389431836,0.005519435682536138,0.8096108922885522,0.0,observed
1466,1450,0.053359882777943665,0.00821491703182122,0.03285966812728488,1.0,False,False,0.8096108922885522,0.9950740160152188,tr0,inf5,0.5240017966157124,0.02426500850318448,0.34478038643796394,0.0077079863476215175,0.24134868749856783,0.18642646966771773,0.013529866102966644,0.0,0.46879314389431836,0.005519435682536138,0.8056227619992344,0.0,observed
1467,1450,0.053359882777943665,0.00821491703182122,0.03285966812728488,1.0,False,False,0.8056227619992344,0.9950740160152188,tr0,inf5,0.5223226434972047,0.02426500850318448,0.34478038643796394,0.0077079863476215175,0.24134868749856783,0.18642646966771773,0.013529866102966644,0.0,0.46879314389431836,0.005519435682536138,0.801654277175851,0.0,observed
1468,1450,0.053359882777943665,0.00821491703182122,0.03285966812728488,1.0,False,False,0.801654277175851,0.9950740160152188,tr0,inf5,0.5206451013499337,0.02426500850318448,0.34478038643796394,0.0077079863476215175,0.24134868749856783,0.18642646966771773,0.013529866102966644,0.0,0.46879314389431836,0.005519435682536138,0.7977053410451515,0.0,observed
1469,1450,0.053359882777943665,0.00821491703182122,0.03285966812728488,1.0,False,False,0.7977053410451515,0.9950740160152188,tr0,inf5,0.5189692014712989,0.02426500850318448,0.34478038643796394,0.0077079863476215175,0.24134868749856783,0.18642646966771773,0.013529866102966644,0.0,0.46879314389431836,0.005519435682536138,0.7937758573105886,0.0,observed
1470,1450,0.053359882777943665,0.00821491703182122,0.03285966812728488,1.0,False,False,0.7937758573105886,0.9950740160152188,tr0,inf5,0.5172949749021054,0.02426500850318448,0.34478038643796394,0.0077079863476215175,0.24134868749856783,0.18642646966771773,0.013529866102966644,0.0,0.46879314389431836,0.005519435682536138,0.8798657301499707,0.09,observed
1471,1450,0.053359882777943665,0.00821491703182122,0.03285966812728488,1.0,False,False,0.8798657301499707,0.9950740160152188,tr0,inf5,0.5525096532641186,0.02426500850318448,0.34478038643796394,0.0077079863476215175,0.24134868749856783,0.18642646966771773,0.013529866102966644,0.0,0.46879314389431836,0.005519435682536138,0.8755315256544942,0.0,observed
1472,1450,0.053359882777943665,0.00821491703182122,0.03285966812728488,1.0,False,False,0.8755315256544942,0.9950740160152188,tr0,inf5,0.5508083008822744,0.02426500850318448,0.34478038643796394,0.0077079863476215175,0.24134868749856783,0.18642646966771773,0.013529866102966644,0.0,0.46879314389431836,0.005519435682536138,0.8712186713809491,0.0,observed
1473,1450,0.053359882777943665,0.00821491703182122,0.03285966812728488,1.0,False,False,0.8712186713809491,0.9950740160152188,tr0,inf5,0.5491079938897552,0.02426500850318448,0.34478038643796394,0.0077079863476215175,0.24134868749856783,0.18642646966771773,0.013529866102966644,0.0,0.46879314389431836,0.005519435682536138,0.8669270621584843,0.0,observed
1474,1450,0.053359882777943665,0.00821491703182122,0.03285966812728488,1.0,False,False,0.8669270621584843,0.9950740160152188,tr0,inf5,0.5474087678339814,0.02426500850318448,0.34478038643796394,0.0077079863476215175,0.24134868749856783,0.18642646966771773,0.013529866102966644,0.0,0.46879314389431836,0.005519435682536138,0.8626565933343182,0.0,observed
1475,1450,0.053359882777943665,0.00821491703182122,0.03285966812728488,1.0,False,False,0.8626565933343182,0.9950740160152188,tr0,inf5,0.5457106580155968,0.02426500850318448,0.34478038643796394,0.0077079863476215175,0.24134868749856783,0.18642646966771773,0.013529866102966644,0.0,0.46879314389431836,0.005519435682536138,0.8584071607711875,0.0,observed
1476,1450,0.053359882777943665,0.00821491703182122,0.03285966812728488,1.0,False,False,0.8584071607711875,0.9950740160152188,tr0,inf5,0.5440136994876072,0.02426500850318448,0.34478038643796394,0.0077079863476215175,0.24134868749856783,0.18642646966771773,0.013529866102966644,0.0,0.46879314389431836,0.005519435682536138,0.8541786608448072,0.0,observed
1477,1450,0.053359882777943665,0.00821491703182122,0.03285966812728488,1.0,False,False,0.8541786608448072,0.9950740160152188,tr0,inf5,0.5423179270545555,0.02426500850318448,0.34478038643796394,0.0077079863476215175,0.24134868749856783,0.18642646966771773,0.013529866102966644,0.0,0.46879314389431836,0.005519435682536138,0.8499709904413438,0.0,observed
1478,1450,0.053359882777943665,0.00821491703182122,0.03285966812728488,1.0,False,False,0.8499709904413438,0.9950740160152188,tr0,inf5,0.540623375271734,0.02426500850318448,0.34478038643796394,0.0077079863476215175,0.24134868749856783,0.18642646966771773,0.013529866102966644,0.0,0.46879314389431836,0.005519435682536138,0.8457840469549012,0.0,observed
1479,1450,0.053359882777943665,0.00821491703182122,0.03285966812728488,1.0,False,False,0.8457840469549012,0.9950740160152188,tr0,inf5,0.5389300784444323,0.02426500850318448,0.34478038643796394,0.0077079863476215175,0.24134868749856783,0.18642646966771773,0.013529866102966644,0.0,0.46879314389431836,0.005519435682536138,0.8416177282850179,0.0,observed
1480,1450,0.053359882777943665,0.00821491703182122,0.03285966812728488,1.0,False,False,0.8416177282850179,0.9950740160152188,tr0,inf5,0.5372380706272216,0.02426500850318448,0.34478038643796394,0.0077079863476215175,0.24134868749856783,0.18642646966771773,0.013529866102966644,0.0,0.46879314389431836,0.005519435682536138,0.927471932834178,0.09,observed
1481,1450,0.053359882777943665,0.00821491703182122,0.03285966812728488,1.0,False,False,0.927471932834178,0.9950740160152188,tr0,inf5,0.5707196710772999,0.02426500850318448,0.34478038643796394,0.0077079863476215175,0.24134868749856783,0.18642646966771773,0.013529866102966644,0.0,0.46879314389431836,0.005519435682536138,0.9229032209467027,0.0,observed
1482,1450,0.053359882777943665,0.00821491703182122,0.03285966812728488,1.0,False,False,0.9229032209467027,0.9950740160152188,tr0,inf5,0.5690094411737243,0.02426500850318448,0.34478038643796394,0.0077079863476215175,0.24134868749856783,0.18642646966771773,0.013529866102966644,0.0,0.46879314389431836,0.005519435682536138,0.9183570144608163,0.0,observed
1483,1450,0.053359882777943665,0.00821491703182122,0.03285966812728488,1.0,False,False,0.9183570144608163,0.9950740160152188,tr0,inf5,0.5672998622410051,0.02426500850318448,0.34478038643796394,0.0077079863476215175,0.24134868749856783,0.18642646966771773,0.013529866102966644,0.0,0.46879314389431836,0.005519435682536138,0.9138332025152709,0.0,observed
1484,1450,0.053359882777943665,0.00821491703182122,0.03285966812728488,1.0,False,False,0.9138332025152709,0.9950740160152188,tr0,inf5,0.5655909723961756,0.02426500850318448,0.34478038643796394,0.0077079863476215175,0.24134868749856783,0.18642646966771773,0.013529866102966644,0.0,0.46879314389431836,0.005519435682536138,0.9093316747949194,0.0,observed
1485,1450,0.053359882777943665,0.00821491703182122,0.03285966812728488,1.0,False,False,0.9093316747949194,0.9950740160152188,tr0,inf5,0.5638828095210701,0.02426500850318448,0.34478038643796394,0.0077079863476215175,0.24134868749856783,0.18642646966771773,0.013529866102966644,0.0,0.46879314389431836,0.005519435682536138,0.9048523215280254,0.0,observed
1486,1450,0.053359882777943665,0.00821491703182122,0.03285966812728488,1.0,False,False,0.9048523215280254,0.9950740160152188,tr0,inf5,0.562175411261049,0.02426500850318448,0.34478038643796394,0.0077079863476215175,0.24134868749856783,0.18642646966771773,0.013529866102966644,0.0,0.46879314389431836,0.005519435682536138,0.9003950334835863,0.0,observed
1487,1450,0.053359882777943665,0.00821491703182122,0.03285966812728488,1.0,False,False,0.9003950334835863,0.9950740160152188,tr0,inf5,0.5604688150237624,0.02426500850318448,0.34478038643796394,0.0077079863476215175,0.24134868749856783,0.18642646966771773,0.013529866102966644,0.0,0.46879314389431836,0.005519435682536138,0.8959597019686697,0.0,observed
1488,1450,0.053359882777943665,0.00821491703182122,0.03285966812728488,1.0,False,False,0.8959597019686697,0.9950740160152188,tr0,inf5,0.5587630579779557,0.02426500850318448,0.34478038643796394,0.0077079863476215175,0.24134868749856783,0.18642646966771773,0.013529866102966644,0.0,0.46879314389431836,0.005519435682536138,0.8915462188257627,0.0,observed
1489,1450,0.053359882777943665,0.00821491703182122,0.03285966812728488,1.0,False,False,0.8915462188257627,0.9950740160152188,tr0,inf5,0.5570581770523126,0.02426500850318448,0.34478038643796394,0.0077079863476215175,0.24134868749856783,0.18642646966771773,0.013529866102966644,0.0,0.46879314389431836,0.005519435682536138,0.8871544764301348,0.0,observed
1490,1450,0.053359882777943665,0.00821491703182122,0.03285966812728488,1.0,False,False,0.8871544764301348,0.9950740160152188,tr0,inf5,0.5553542089343405,0.02426500850318448,0.34478038643796394,0.0077079863476215175,0.24134868749856783,0.18642646966771773,0.013529866102966644,0.0,0.46879314389431836,0.005519435682536138,0.972784367687213,0.09,observed
1491,1450,0.053359882777943665,0.00821491703182122,0.03285966812728488,1.0,False,False,0.972784367687213,0.9950740160152188,tr0,inf5,0.5872653025325677,0.02426500850318448,0.34478038643796394,0.0077079863476215175,0.24134868749856783,0.18642646966771773,0.013529866102966644,0.0,0.46879314389431836,0.005519435682536138,0.9679924474713403,0.0,observed
1492,1450,0.053359882777943665,0.00821491703182122,0.03285966812728488,1.0,False,False,0.9679924474713403,0.9950740160152188,tr0,inf5,0.5855507931367148,0.02426500850318448,0.34478038643796394,0.0077079863476215175,0.24134868749856783,0.18642646966771773,0.013529866102966644,0.0,0.46879314389431836,0.005519435682536138,0.9632241321777073,0.0,observed
1493,1450,0.053359882777943665,0.00821491703182122,0.03285966812728488,1.0,False,False,0.9632241321777073,0.9950740160152188,tr0,inf5,0.5838365546947163,0.02426500850318448,0.34478038643796394,0.0077079863476215175,0.24134868749856783,0.18642646966771773,0.013529866102966644,0.0,0.46879314389431836,0.005519435682536138,0.9584793055288452,0.0,observed
1494,1450,0.053359882777943665,0.00821491703182122,0.03285966812728488,1.0,False,False,0.9584793055288452,0.9950740160152188,tr0,inf5,0.5821226275215404,0.02426500850318448,0.34478038643796394,0.0077079863476215175,0.24134868749856783,0.18642646966771773,0.013529866102966644,0.0,0.46879314389431836,0.005519435682536138,0.9537578518200659,0.0,observed
1495,1450,0.053359882777943665,0.00821491703182122,0.03285966812728488,1.0,False,False,0.9537578518200659,0.9950740160152188,tr0,inf5,0.5804090517114202,0.02426500850318448,0.34478038643796394,0.0077079863476215175,0.24134868749856783,0.18642646966771773,0.013529866102966644,0.0,0.46879314389431836,0.005519435682536138,0.949059655916641,0.0,observed
1496,1450,0.053359882777943665,0.00821491703182122,0.03285966812728488,1.0,False,False,0.949059655916641,0.9950740160152188,tr0,inf5,0.5786958671361722,0.02426500850318448,0.34478038643796394,0.0077079863476215175,0.24134868749856783,0.18642646966771773,0.013529866102966644,0.0,0.46879314389431836,0.005519435682536138,0.9443846032509937,0.0,observed
1497,1450,0.053359882777943665,0.00821491703182122,0.03285966812728488,1.0,False,False,0.9443846032509937,0.9950740160152188,tr0,inf5,0.5769831134435575,0.02426500850318448,0.34478038643796394,0.0077079863476215175,0.24134868749856783,0.18642646966771773,0.013529866102966644,0.0,0.46879314389431836,0.005519435682536138,0.9397325798199054,0.0,observed
1498,1450,0.053359882777943665,0.00821491703182122,0.03285966812728488,1.0,False,False,0.9397325798199054,0.9950740160152188,tr0,inf5,0.5752708300556879,0.02426500850318448,0.34478038643796394,0.0077079863476215175,0.24134868749856783,0.18642646966771773,0.013529866102966644,0.0,0.46879314389431836,0.005519435682536138,0.9351034721817355,0.0,observed
1499,1450,0.053359882777943665,0.00821491703182122,0.03285966812728488,1.0,False,False,0.9351034721817355,0.9950740160152188,tr0,inf5,0.573559056167473,0.02426500850318448,0.34478038643796394,0.0077079863476215175,0.24134868749856783,0.18642646966771773,0.013529866102966644,0.0,0.46879314389431836,0.005519435682536138,0.930497167453655,0.0,observed
1500,1450,0.053359882777943665,0.00821491703182122,0.03285966812728488,1.0,False,False,0.930497167453655,0.9950740160152188,tr0,inf5,0.5718478307451097,0.02426500850318448,0.34478038643796394,0.0077079863476215175,0.24134868749856783,0.18642646966771773,0.013529866102966644,0.0,0.46879314389431836,0.005519435682536138,1.015913553308894,0.09,observed
