slot,training_profile,inference_profile,objective,solver,status,training_allowed,rho,recovery_state,fusion_completed_slot,gamma,uncertainty,coverage,evaluated_pairs,trajectory,coordinate_converged,score_workload,weight_workload,score_operating,weight_operating,score_performance,weight_performance,logged_training,logged_inference,matches_logged_pair,recovery_after_feedback,deployed_gain_used,gain_kind
301,tr0,inf5,0.6080999775930724,exact,feasible,False,0.98,1.0,300,0.0,1.0,0.0,6,[0.6080999775930724],False,,0.0,,0.0,,0.0,tr0,inf3,False,0.98,0.0,observed
302,tr0,inf5,0.6009507229049535,exact,feasible,False,0.98,0.98,300,0.0,1.0,0.0,6,[0.6009507229049535],False,,0.0,,0.0,,0.0,tr0,inf4,False,0.9603999999999999,0.0,observed
303,tr0,inf5,0.5938043514109576,exact,feasible,False,0.98,0.9603999999999999,300,0.0,1.0,0.0,6,[0.5938043514109576],False,,0.0,,0.0,,0.0,tr0,inf2,False,0.9411919999999999,0.0,observed
304,tr0,inf5,0.5866636900235008,exact,feasible,False,0.98,0.9411919999999999,300,0.0,1.0,0.0,6,[0.5866636900235008],False,,0.0,,0.0,,0.0,tr0,inf3,False,0.9223681599999999,0.0,observed
305,tr0,inf5,0.5795315023975106,exact,feasible,False,0.98,0.9223681599999999,300,0.0,1.0,0.0,6,[0.5795315023975106],False,,0.0,,0.0,,0.0,tr0,inf4,False,0.9039207967999998,0.0,observed
306,tr0,inf5,0.5724104870737359,exact,feasible,False,0.98,0.9039207967999998,300,0.0,1.0,0.0,6,[0.5724104870737359],False,,0.0,,0.0,,0.0,tr0,inf2,False,0.8858423808639998,0.0,observed
307,tr0,inf5,0.5653032758234344,exact,feasible,False,0.98,0.8858423808639998,300,0.0,1.0,0.0,6,[0.5653032758234344],False,,0.0,,0.0,,0.0,tr0,inf3,False,0.8681255332467198,0.0,observed
308,tr0,inf5,0.5582124321886622,exact,feasible,False,0.98,0.8681255332467198,300,0.0,1.0,0.0,6,[0.5582124321886622],False,,0.0,,0.0,,0.0,tr0,inf4,False,0.8507630225817854,0.0,observed
309,tr0,inf5,0.5511404502121066,exact,feasible,False,0.98,0.8507630225817854,300,0.0,1.0,0.0,6,[0.5511404502121066],False,,0.0,,0.0,,0.0,tr0,inf2,False,0.8337477621301497,0.0,observed
310,tr0,inf5,0.5440897533501442,exact,feasible,False,0.98,0.8337477621301497,300,0.0,1.0,0.0,6,[0.5440897533501442],False,,0.0,,0.0,,0.0,tr1,inf3,False,0.9070728068875467,0.09,observed
311,tr0,inf5,0.5736365438617104,exact,feasible,False,0.98,0.9070728068875467,300,0.0,1.0,0.0,6,[0.5736365438617104],False,,0.0,,0.0,,0.0,tr0,inf4,False,0.8889313507497957,0.0,observed
312,tr0,inf5,0.566526769417921,exact,feasible,False,0.98,0.8889313507497957,300,0.0,1.0,0.0,6,[0.566526769417921],False,,0.0,,0.0,,0.0,tr0,inf2,False,0.8711527237347998,0.0,observed
313,tr0,inf5,0.5594329258077703,exact,feasible,False,0.98,0.8711527237347998,300,0.0,1.0,0.0,6,[0.5594329258077703],False,,0.0,,0.0,,0.0,tr0,inf3,False,0.8537296692601037,0.0,observed
314,tr0,inf5,0.5523575191313891,exact,feasible,False,0.98,0.8537296692601037,300,0.0,1.0,0.0,6,[0.5523575191313891],False,,0.0,,0.0,,0.0,tr0,inf4,False,0.8366550758749016,0.0,observed
315,tr0,inf5,0.5453029850770972,exact,feasible,False,0.98,0.8366550758749016,300,0.0,1.0,0.0,6,[0.5453029850770972],False,,0.0,,0.0,,0.0,tr0,inf2,False,0.8199219743574035,0.0,observed
316,tr0,inf5,0.5382716879811927,exact,feasible,False,0.98,0.8199219743574035,300,0.0,1.0,0.0,6,[0.5382716879811927],False,,0.0,,0.0,,0.0,tr0,inf3,False,0.8035235348702555,0.0,observed
317,tr0,inf5,0.5312659200589208,exact,feasible,False,0.98,0.8035235348702555,300,0.0,1.0,0.0,6,[0.5312659200589208],False,,0.0,,0.0,,0.0,tr0,inf4,False,0.7874530641728504,0.0,observed
318,tr0,inf5,0.5242879007998139,exact,feasible,False,0.98,0.7874530641728504,300,0.0,1.0,0.0,6,[0.5242879007998139],False,,0.0,,0.0,,0.0,tr0,inf2,False,0.7717040028893934,0.0,observed
319,tr0,inf5,0.5173397765205019,exact,feasible,False,0.98,0.7717040028893934,300,0.0,1.0,0.0,6,[0.5173397765205019],False,,0.0,,0.0,,0.0,tr0,inf3,False,0.7562699228316055,0.0,observed
320,tr0,inf5,0.5104236200680163,exact,feasible,False,0.98,0.7562699228316055,300,0.0,1.0,0.0,6,[0.5104236200680163],False,,0.0,,0.0,,0.0,tr1,inf4,False,0.8311445243749734,0.09,observed
321,tr0,inf5,0.5430004163313517,exact,feasible,False,0.98,0.8311445243749734,300,0.0,1.0,0.0,6,[0.5430004163313517],False,,0.0,,0.0,,0.0,tr0,inf2,False,0.814521633887474,0.0,observed
322,tr0,inf5,0.5359772209542265,exact,feasible,False,0.98,0.814521633887474,300,0.0,1.0,0.0,6,[0.5359772209542265],False,,0.0,,0.0,,0.0,tr0,inf3,False,0.7982312012097245,0.0,observed
323,tr0,inf5,0.5289802887619992,exact,feasible,False,0.98,0.7982312012097245,300,0.0,1.0,0.0,6,[0.5289802887619992],False,,0.0,,0.0,,0.0,tr0,inf4,False,0.7822665771855299,0.0,observed
324,tr0,inf5,0.5220118153514952,exact,feasible,False,0.98,0.7822665771855299,300,0.0,1.0,0.0,6,[0.5220118153514952],False,,0.0,,0.0,,0.0,tr0,inf2,False,0.7666212456418193,0.0,observed
325,tr0,inf5,0.5150739230333691,exact,feasible,False,0.98,0.7666212456418193,300,0.0,1.0,0.0,6,[0.5150739230333691],False,,0.0,,0.0,,0.0,tr0,inf3,False,0.751288820728983,0.0,observed
326,tr0,inf5,0.5081686605831124,exact,feasible,False,0.98,0.751288820728983,300,0.0,1.0,0.0,6,[0.5081686605831124],False,,0.0,,0.0,,0.0,tr0,inf4,False,0.7362630443144033,0.0,observed
327,tr0,inf5,0.5012980031332471,exact,feasible,False,0.98,0.7362630443144033,300,0.0,1.0,0.0,6,[0.5012980031332471],False,,0.0,,0.0,,0.0,tr0,inf2,False,0.7215377834281151,0.0,observed
328,tr0,inf5,0.49446385219968375,exact,feasible,False,0.98,0.7215377834281151,300,0.0,1.0,0.0,6,[0.49446385219968375],False,,0.0,,0.0,,0.0,tr0,inf3,False,0.7071070277595528,0.0,observed
329,tr0,inf5,0.4876680358352516,exact,feasible,False,0.98,0.7071070277595528,300,0.0,1.0,0.0,6,[0.4876680358352516],False,,0.0,,0.0,,0.0,tr0,inf4,False,0.6929648872043618,0.0,observed
330,tr0,inf5,0.48091230890345504,exact,feasible,False,0.98,0.6929648872043618,300,0.0,1.0,0.0,6,[0.48091230890345504],False,,0.0,,0.0,,0.0,tr1,inf2,False,0.7691055894602745,0.09,observed
331,tr0,inf5,0.5161828630055436,exact,feasible,False,0.98,0.7691055894602745,300,0.0,1.0,0.0,6,[0.5161828630055436],False,,0.0,,0.0,,0.0,tr0,inf3,False,0.7537234776710691,0.0,observed
332,tr0,inf5,0.5092722402400961,exact,feasible,False,0.98,0.7537234776710691,300,0.0,1.0,0.0,6,[0.5092722402400961],False,,0.0,,0.0,,0.0,tr0,inf4,False,0.7386490081176477,0.0,observed
333,tr0,inf5,0.5023959111166502,exact,feasible,False,0.98,0.7386490081176477,300,0.0,1.0,0.0,6,[0.5023959111166502],False,,0.0,,0.0,,0.0,tr0,inf2,False,0.7238760279552947,0.0,observed
334,tr0,inf5,0.49555578893348723,exact,feasible,False,0.98,0.7238760279552947,300,0.0,1.0,0.0,6,[0.49555578893348723],False,,0.0,,0.0,,0.0,tr0,inf3,False,0.7093985073961888,0.0,observed
335,tr0,inf5,0.488753713492955,exact,feasible,False,0.98,0.7093985073961888,300,0.0,1.0,0.0,6,[0.488753713492955],False,,0.0,,0.0,,0.0,tr0,inf4,False,0.695210537248265,0.0,observed
336,tr0,inf5,0.4819914513564343,exact,feasible,False,0.98,0.695210537248265,300,0.0,1.0,0.0,6,[0.4819914513564343],False,,0.0,,0.0,,0.0,tr0,inf2,False,0.6813063265032997,0.0,observed
337,tr0,inf5,0.47527069621375434,exact,feasible,False,0.98,0.6813063265032997,300,0.0,1.0,0.0,6,[0.47527069621375434],False,,0.0,,0.0,,0.0,tr0,inf3,False,0.6676801999732337,0.0,observed
338,tr0,inf5,0.4685930693602575,exact,feasible,False,0.98,0.6676801999732337,300,0.0,1.0,0.0,6,[0.4685930693602575],False,,0.0,,0.0,,0.0,tr0,inf4,False,0.654326595973769,0.0,observed
339,tr0,inf5,0.46196012027481914,exact,feasible,False,0.98,0.654326595973769,300,0.0,1.0,0.0,6,[0.46196012027481914],False,,0.0,,0.0,,0.0,tr0,inf2,False,0.6412400640542936,0.0,observed
340,tr0,inf5,0.4553733272922515,exact,feasible,False,0.98,0.6412400640542936,300,0.0,1.0,0.0,6,[0.4553733272922515],False,,0.0,,0.0,,0.0,tr1,inf3,False,0.7184152627732077,0.09,observed
341,tr0,inf5,0.4930016792767167,exact,feasible,False,0.98,0.7184152627732077,300,0.0,1.0,0.0,6,[0.4930016792767167],False,,0.0,,0.0,,0.0,tr0,inf4,False,0.7040469575177435,0.0,observed
342,tr0,inf5,0.4862143236105963,exact,feasible,False,0.98,0.7040469575177435,300,0.0,1.0,0.0,6,[0.4862143236105963],False,,0.0,,0.0,,0.0,tr0,inf2,False,0.6899660183673886,0.0,observed
343,tr0,inf5,0.4794674245923534,exact,feasible,False,0.98,0.6899660183673886,300,0.0,1.0,0.0,6,[0.4794674245923534],False,,0.0,,0.0,,0.0,tr0,inf3,False,0.6761666980000408,0.0,observed
344,tr0,inf5,0.4727626487154387,exact,feasible,False,0.98,0.6761666980000408,300,0.0,1.0,0.0,6,[0.4727626487154387],False,,0.0,,0.0,,0.0,tr0,inf4,False,0.66264336404004,0.0,observed
345,tr0,inf5,0.4661015902839963,exact,feasible,False,0.98,0.66264336404004,300,0.0,1.0,0.0,6,[0.4661015902839963],False,,0.0,,0.0,,0.0,tr0,inf2,False,0.6493904967592392,0.0,observed
346,tr0,inf5,0.4594857720270244,exact,feasible,False,0.98,0.6493904967592392,300,0.0,1.0,0.0,6,[0.4594857720270244],False,,0.0,,0.0,,0.0,tr0,inf3,False,0.6364026868240544,0.0,observed
347,tr0,inf5,0.4529166458044896,exact,feasible,False,0.98,0.6364026868240544,300,0.0,1.0,0.0,6,[0.4529166458044896],False,,0.0,,0.0,,0.0,tr0,inf4,False,0.6236746330875733,0.0,observed
348,tr0,inf5,0.4463955933990147,exact,feasible,False,0.98,0.6236746330875733,300,0.0,1.0,0.0,6,[0.4463955933990147],False,,0.0,,0.0,,0.0,tr0,inf2,False,0.6112011404258219,0.0,observed
349,tr0,inf5,0.439923927386912,exact,feasible,False,0.98,0.6112011404258219,300,0.0,1.0,0.0,6,[0.439923927386912],False,,0.0,,0.0,,0.0,tr0,inf3,False,0.5989771176173054,0.0,observed
350,tr0,inf5,0.43350289208249637,exact,feasible,False,0.98,0.5989771176173054,300,0.0,1.0,0.0,6,[0.43350289208249637],False,,0.0,,0.0,,0.0,tr1,inf4,False,0.6769975752649593,0.09,observed
351,tr0,inf5,0.4731689760803093,exact,feasible,False,0.98,0.6769975752649593,350,0.0,1.0,0.0,6,[0.4731689760803093],False,,0.0,,0.0,,0.0,tr0,inf2,False,0.6634576237596601,0.0,observed
352,tr0,inf5,0.46650521603365586,exact,feasible,False,0.98,0.6634576237596601,350,0.0,1.0,0.0,6,[0.46650521603365586],False,,0.0,,0.0,,0.0,tr0,inf3,False,0.6501884712844669,0.0,observed
353,tr0,inf5,0.4598866056307393,exact,feasible,False,0.98,0.6501884712844669,350,0.0,1.0,0.0,6,[0.4598866056307393],False,,0.0,,0.0,,0.0,tr0,inf4,False,0.6371847018587775,0.0,observed
354,tr0,inf5,0.4533146010176371,exact,feasible,False,0.98,0.6371847018587775,350,0.0,1.0,0.0,6,[0.4533146010176371],False,,0.0,,0.0,,0.0,tr0,inf2,False,0.624441007821602,0.0,observed
355,tr0,inf5,0.4467905882126322,exact,feasible,False,0.98,0.624441007821602,350,0.0,1.0,0.0,6,[0.4467905882126322],False,,0.0,,0.0,,0.0,tr0,inf3,False,0.6119521876651699,0.0,observed
356,tr0,inf5,0.44031588397259763,exact,feasible,False,0.98,0.6119521876651699,350,0.0,1.0,0.0,6,[0.44031588397259763],False,,0.0,,0.0,,0.0,tr0,inf4,False,0.5997131439118665,0.0,observed
357,tr0,inf5,0.4338917367330253,exact,feasible,False,0.98,0.5997131439118665,350,0.0,1.0,0.0,6,[0.4338917367330253],False,,0.0,,0.0,,0.0,tr0,inf2,False,0.5877188810336291,0.0,observed
358,tr0,inf5,0.4275193276157971,exact,feasible,False,0.98,0.5877188810336291,350,0.0,1.0,0.0,6,[0.4275193276157971],False,,0.0,,0.0,,0.0,tr0,inf3,False,0.5759645034129566,0.0,observed
359,tr0,inf5,0.4211997714989749,exact,feasible,False,0.98,0.5759645034129566,350,0.0,1.0,0.0,6,[0.4211997714989749],False,,0.0,,0.0,,0.0,tr0,inf4,False,0.5644452133446974,0.0,observed
360,tr0,inf5,0.414934118143074,exact,feasible,False,0.98,0.5644452133446974,350,0.0,1.0,0.0,6,[0.414934118143074],False,,0.0,,0.0,,0.0,tr1,inf2,False,0.6431563090778034,0.09,observed
361,tr0,inf5,0.4563432185611601,exact,feasible,False,0.98,0.6431563090778034,350,0.0,1.0,0.0,6,[0.4563432185611601],False,,0.0,,0.0,,0.0,tr0,inf3,False,0.6302931828962474,0.0,observed
362,tr0,inf5,0.4497968786416229,exact,feasible,False,0.98,0.6302931828962474,350,0.0,1.0,0.0,6,[0.4497968786416229],False,,0.0,,0.0,,0.0,tr0,inf4,False,0.6176873192383224,0.0,observed
363,tr0,inf5,0.4432992478481303,exact,feasible,False,0.98,0.6176873192383224,350,0.0,1.0,0.0,6,[0.4432992478481303],False,,0.0,,0.0,,0.0,tr0,inf2,False,0.6053335728535559,0.0,observed
364,tr0,inf5,0.4368516060410154,exact,feasible,False,0.98,0.6053335728535559,350,0.0,1.0,0.0,6,[0.4368516060410154],False,,0.0,,0.0,,0.0,tr0,inf3,False,0.5932269013964848,0.0,observed
365,tr0,inf5,0.4304551652936326,exact,feasible,False,0.98,0.5932269013964848,350,0.0,1.0,0.0,6,[0.4304551652936326],False,,0.0,,0.0,,0.0,tr0,inf4,False,0.5813623633685551,0.0,observed
366,tr0,inf5,0.42411107093421097,exact,feasible,False,0.98,0.5813623633685551,350,0.0,1.0,0.0,6,[0.42411107093421097],False,,0.0,,0.0,,0.0,tr0,inf2,False,0.569735116101184,0.0,observed
367,tr0,inf5,0.4178204026467238,exact,feasible,False,0.98,0.569735116101184,350,0.0,1.0,0.0,6,[0.4178204026467238],False,,0.0,,0.0,,0.0,tr0,inf3,False,0.5583404137791603,0.0,observed
368,tr0,inf5,0.4115841756253399,exact,feasible,False,0.98,0.5583404137791603,350,0.0,1.0,0.0,6,[0.4115841756253399],False,,0.0,,0.0,,0.0,tr0,inf4,False,0.5471736055035771,0.0,observed
369,tr0,inf5,0.4054033417772174,exact,feasible,False,0.98,0.5471736055035771,350,0.0,1.0,0.0,6,[0.4054033417772174],False,,0.0,,0.0,,0.0,tr0,inf2,False,0.5362301333935056,0.0,observed
370,tr0,inf5,0.3992787909685986,exact,feasible,False,0.98,0.5362301333935056,350,0.0,1.0,0.0,6,[0.3992787909685986],False,,0.0,,0.0,,0.0,tr1,inf3,False,0.6155055307256354,0.09,observed
371,tr0,inf5,0.4421663170472746,exact,feasible,False,0.98,0.6155055307256354,350,0.0,1.0,0.0,6,[0.4421663170472746],False,,0.0,,0.0,,0.0,tr0,inf4,False,0.6031954201111227,0.0,observed
372,tr0,inf5,0.4357275572965689,exact,feasible,False,0.98,0.6031954201111227,350,0.0,1.0,0.0,6,[0.4357275572965689],False,,0.0,,0.0,,0.0,tr0,inf2,False,0.5911315117089002,0.0,observed
373,tr0,inf5,0.42934020399724987,exact,feasible,False,0.98,0.5911315117089002,350,0.0,1.0,0.0,6,[0.42934020399724987],False,,0.0,,0.0,,0.0,tr0,inf3,False,0.5793088814747221,0.0,observed
374,tr0,inf5,0.42300539089904976,exact,feasible,False,0.98,0.5793088814747221,350,0.0,1.0,0.0,6,[0.42300539089904976],False,,0.0,,0.0,,0.0,tr0,inf4,False,0.5677227038452277,0.0,observed
375,tr0,inf5,0.41672418630592406,exact,feasible,False,0.98,0.5677227038452277,350,0.0,1.0,0.0,6,[0.41672418630592406],False,,0.0,,0.0,,0.0,tr0,inf2,False,0.5563682497683231,0.0,observed
376,tr0,inf5,0.4104975942393426,exact,feasible,False,0.98,0.5563682497683231,350,0.0,1.0,0.0,6,[0.4104975942393426],False,,0.0,,0.0,,0.0,tr0,inf3,False,0.5452408847729566,0.0,observed
377,tr0,inf5,0.4043265556490263,exact,feasible,False,0.98,0.5452408847729566,350,0.0,1.0,0.0,6,[0.4043265556490263],False,,0.0,,0.0,,0.0,tr0,inf4,False,0.5343360670774975,0.0,observed
378,tr0,inf5,0.39821194966612106,exact,feasible,False,0.98,0.5343360670774975,350,0.0,1.0,0.0,6,[0.39821194966612106],False,,0.0,,0.0,,0.0,tr0,inf2,False,0.5236493457359476,0.0,observed
379,tr0,inf5,0.3921545948940007,exact,feasible,False,0.98,0.5236493457359476,350,0.0,1.0,0.0,6,[0.3921545948940007],False,,0.0,,0.0,,0.0,tr0,inf3,False,0.5131763588212286,0.0,observed
380,tr0,inf5,0.38615525073209317,exact,feasible,False,0.98,0.5131763588212286,350,0.0,1.0,0.0,6,[0.38615525073209317],False,,0.0,,0.0,,0.0,tr1,inf4,False,0.592912831644804,0.09,observed
381,tr0,inf5,0.4302881969209039,exact,feasible,False,0.98,0.592912831644804,350,0.0,1.0,0.0,6,[0.4302881969209039],False,,0.0,,0.0,,0.0,tr0,inf2,False,0.5810545750119079,0.0,observed
382,tr0,inf5,0.4239454895039641,exact,feasible,False,0.98,0.5810545750119079,350,0.0,1.0,0.0,6,[0.4239454895039641],False,,0.0,,0.0,,0.0,tr0,inf3,False,0.5694334835116698,0.0,observed
383,tr0,inf5,0.41765623558779047,exact,feasible,False,0.98,0.5694334835116698,350,0.0,1.0,0.0,6,[0.41765623558779047],False,,0.0,,0.0,,0.0,tr0,inf4,False,0.5580448138414363,0.0,observed
384,tr0,inf5,0.4114214486920817,exact,feasible,False,0.98,0.5580448138414363,350,0.0,1.0,0.0,6,[0.4114214486920817],False,,0.0,,0.0,,0.0,tr0,inf2,False,0.5468839175646076,0.0,observed
385,tr0,inf5,0.4052420790816583,exact,feasible,False,0.98,0.5468839175646076,350,0.0,1.0,0.0,6,[0.4052420790816583],False,,0.0,,0.0,,0.0,tr0,inf3,False,0.5359462392133155,0.0,observed
386,tr0,inf5,0.3991190150136263,exact,feasible,False,0.98,0.5359462392133155,350,0.0,1.0,0.0,6,[0.3991190150136263],False,,0.0,,0.0,,0.0,tr0,inf4,False,0.5252273144290492,0.0,observed
387,tr0,inf5,0.39305308402287215,exact,feasible,False,0.98,0.5252273144290492,350,0.0,1.0,0.0,6,[0.39305308402287215],False,,0.0,,0.0,,0.0,tr0,inf2,False,0.5147227681404682,0.0,observed
388,tr0,inf5,0.3870450542412552,exact,feasible,False,0.98,0.5147227681404682,350,0.0,1.0,0.0,6,[0.3870450542412552],False,,0.0,,0.0,,0.0,tr0,inf3,False,0.5044283127776589,0.0,observed
389,tr0,inf5,0.38109563574606004,exact,feasible,False,0.98,0.5044283127776589,350,0.0,1.0,0.0,6,[0.38109563574606004],False,,0.0,,0.0,,0.0,tr0,inf4,False,0.49433974652210566,0.0,observed
390,tr0,inf5,0.37520548193347597,exact,feasible,False,0.98,0.49433974652210566,350,0.0,1.0,0.0,6,[0.37520548193347597],False,,0.0,,0.0,,0.0,tr1,inf2,False,0.5744529515916635,0.09,observed
391,tr0,inf5,0.4203817058100464,exact,feasible,False,0.98,0.5744529515916635,350,0.0,1.0,0.0,6,[0.4203817058100464],False,,0.0,,0.0,,0.0,tr0,inf3,False,0.5629638925598303,0.0,observed
392,tr0,inf5,0.4141231375686925,exact,feasible,False,0.98,0.5629638925598303,350,0.0,1.0,0.0,6,[0.4141231375686925],False,,0.0,,0.0,,0.0,tr0,inf4,False,0.5517046147086336,0.0,observed
393,tr0,inf5,0.4079195815015773,exact,feasible,False,0.98,0.5517046147086336,350,0.0,1.0,0.0,6,[0.4079195815015773],False,,0.0,,0.0,,0.0,tr0,inf2,False,0.5406705224144609,0.0,observed
394,tr0,inf5,0.40177195264668647,exact,feasible,False,0.98,0.5406705224144609,350,0.0,1.0,0.0,6,[0.40177195264668647],False,,0.0,,0.0,,0.0,tr0,inf3,False,0.5298571119661717,0.0,observed
395,tr0,inf5,0.3956811047569495,exact,feasible,False,0.98,0.5298571119661717,350,0.0,1.0,0.0,6,[0.3956811047569495],False,,0.0,,0.0,,0.0,tr0,inf4,False,0.5192599697268483,0.0,observed
396,tr0,inf5,0.3896478316053501,exact,feasible,False,0.98,0.5192599697268483,350,0.0,1.0,0.0,6,[0.3896478316053501],False,,0.0,,0.0,,0.0,tr0,inf2,False,0.5088747703323113,0.0,observed
397,tr0,inf5,0.3836728683211999,exact,feasible,False,0.98,0.5088747703323113,350,0.0,1.0,0.0,6,[0.3836728683211999],False,,0.0,,0.0,,0.0,tr0,inf3,False,0.49869727492566507,0.0,observed
398,tr0,inf5,0.37775689275325314,exact,feasible,False,0.98,0.49869727492566507,350,0.0,1.0,0.0,6,[0.37775689275325314],False,,0.0,,0.0,,0.0,tr0,inf4,False,0.48872332942715174,0.0,observed
399,tr0,inf5,0.37190052685554253,exact,feasible,False,0.98,0.48872332942715174,350,0.0,1.0,0.0,6,[0.37190052685554253],False,,0.0,,0.0,,0.0,tr0,inf2,False,0.4789488628386087,0.0,observed
400,tr0,inf5,0.3661043380920148,exact,feasible,False,0.98,0.4789488628386087,350,0.0,1.0,0.0,6,[0.3661043380920148],False,,0.0,,0.0,,0.0,tr1,inf3,False,0.5593698855818365,0.09,observed
401,tr0,inf5,0.4064233944287074,exact,feasible,False,0.9965115866908052,0.5593698855818365,400,0.03998047641549105,0.014498759797779105,1.0,6,[0.4064233944287074],False,0.017981199980839777,0.34100421447501233,0.15886622175807588,0.2023301663433261,0.0037344225061555344,0.4566656191816616,tr0,inf4,False,0.5574185722282101,0.0,observed
402,tr0,inf5,0.4053643419766089,exact,feasible,False,0.9965115866908052,0.5574185722282101,400,0.03998047641549105,0.014498759797779105,1.0,6,[0.4053643419766089],False,0.017981199980839777,0.34100421447501233,0.15886622175807588,0.2023301663433261,0.0037344225061555344,0.4566656191816616,tr0,inf2,False,0.5554740658620568,0.0,observed
403,tr0,inf5,0.40430692619251607,exact,feasible,False,0.9965115866908052,0.5554740658620568,400,0.03998047641549105,0.014498759797779105,1.0,6,[0.40430692619251607],False,0.017981199980839777,0.34100421447501233,0.15886622175807588,0.2023301663433261,0.0037344225061555344,0.4566656191816616,tr0,inf3,False,0.5535363427377911,0.0,observed
404,tr0,inf5,0.40325115172123405,exact,feasible,False,0.9965115866908052,0.5535363427377911,400,0.03998047641549105,0.014498759797779105,1.0,6,[0.40325115172123405],False,0.017981199980839777,0.34100421447501233,0.15886622175807588,0.2023301663433261,0.0037344225061555344,0.4566656191816616,tr0,inf4,False,0.5516053791926615,0.0,observed
405,tr0,inf5,0.4021970231530829,exact,feasible,False,0.9965115866908052,0.5516053791926615,400,0.03998047641549105,0.014498759797779105,1.0,6,[0.4021970231530829],False,0.017981199980839777,0.34100421447501233,0.15886622175807588,0.2023301663433261,0.0037344225061555344,0.4566656191816616,tr0,inf2,False,0.5496811516464624,0.0,observed
406,tr0,inf5,0.40114454502409297,exact,feasible,False,0.9965115866908052,0.5496811516464624,400,0.03998047641549105,0.014498759797779105,1.0,6,[0.40114454502409297],False,0.017981199980839777,0.34100421447501233,0.15886622175807588,0.2023301663433261,0.0037344225061555344,0.4566656191816616,tr0,inf3,False,0.5477636366012453,0.0,observed
407,tr0,inf5,0.4000937218162007,exact,feasible,False,0.9965115866908052,0.5477636366012453,400,0.03998047641549105,0.014498759797779105,1.0,6,[0.4000937218162007],False,0.017981199980839777,0.34100421447501233,0.15886622175807588,0.2023301663433261,0.0037344225061555344,0.4566656191816616,tr0,inf4,False,0.5458528106410325,0.0,observed
408,tr0,inf5,0.3990445579574468,exact,feasible,False,0.9965115866908052,0.5458528106410325,400,0.03998047641549105,0.014498759797779105,1.0,6,[0.3990445579574468],False,0.017981199980839777,0.34100421447501233,0.15886622175807588,0.2023301663433261,0.0037344225061555344,0.4566656191816616,tr0,inf2,False,0.543948650431531,0.0,observed
409,tr0,inf5,0.39799705782217387,exact,feasible,False,0.9965115866908052,0.543948650431531,400,0.03998047641549105,0.014498759797779105,1.0,6,[0.39799705782217387],False,0.017981199980839777,0.34100421447501233,0.15886622175807588,0.2023301663433261,0.0037344225061555344,0.4566656191816616,tr0,inf3,False,0.5420511327198471,0.0,observed
410,tr0,inf5,0.39695122573122554,exact,feasible,False,0.9965115866908052,0.5420511327198471,400,0.03998047641549105,0.014498759797779105,1.0,6,[0.39695122573122554],False,0.017981199980839777,0.34100421447501233,0.15886622175807588,0.2023301663433261,0.0037344225061555344,0.4566656191816616,tr1,inf4,False,0.630160234334203,0.09,observed
411,tr0,inf5,0.4434794734219101,exact,feasible,False,0.9965115866908052,0.630160234334203,400,0.03998047641549105,0.014498759797779105,1.0,6,[0.4434794734219101],False,0.017981199980839777,0.34100421447501233,0.15886622175807588,0.2023301663433261,0.0037344225061555344,0.4566656191816616,tr0,inf2,False,0.6279619749858263,0.0,observed
412,tr0,inf5,0.44236779502394197,exact,feasible,False,0.9965115866908052,0.6279619749858263,400,0.03998047641549105,0.014498759797779105,1.0,6,[0.44236779502394197],False,0.017981199980839777,0.34100421447501233,0.15886622175807588,0.2023301663433261,0.0037344225061555344,0.4566656191816616,tr0,inf3,False,0.6257713840746175,0.0,observed
413,tr0,inf5,0.44125756096694435,exact,feasible,False,0.9965115866908052,0.6257713840746175,400,0.03998047641549105,0.014498759797779105,1.0,6,[0.44125756096694435],False,0.017981199980839777,0.34100421447501233,0.15886622175807588,0.2023301663433261,0.0037344225061555344,0.4566656191816616,tr0,inf4,False,0.6235884348498983,0.0,observed
414,tr0,inf5,0.44014877786219153,exact,feasible,False,0.9965115866908052,0.6235884348498983,400,0.03998047641549105,0.014498759797779105,1.0,6,[0.44014877786219153],False,0.017981199980839777,0.34100421447501233,0.15886622175807588,0.2023301663433261,0.0037344225061555344,0.4566656191816616,tr0,inf2,False,0.621413100654308,0.0,observed
415,tr0,inf5,0.4390414522605479,exact,feasible,False,0.9965115866908052,0.621413100654308,400,0.03998047641549105,0.014498759797779105,1.0,6,[0.4390414522605479],False,0.017981199980839777,0.34100421447501233,0.15886622175807588,0.2023301663433261,0.0037344225061555344,0.4566656191816616,tr0,inf3,False,0.6192453549234775,0.0,observed
416,tr0,inf5,0.43793559065261695,exact,feasible,False,0.9965115866908052,0.6192453549234775,400,0.03998047641549105,0.014498759797779105,1.0,6,[0.43793559065261695],False,0.017981199980839777,0.34100421447501233,0.15886622175807588,0.2023301663433261,0.0037344225061555344,0.4566656191816616,tr0,inf4,False,0.6170851711857054,0.0,observed
417,tr0,inf5,0.43683119946889154,exact,feasible,False,0.9965115866908052,0.6170851711857054,400,0.03998047641549105,0.014498759797779105,1.0,6,[0.43683119946889154],False,0.017981199980839777,0.34100421447501233,0.15886622175807588,0.2023301663433261,0.0037344225061555344,0.4566656191816616,tr0,inf2,False,0.6149325230616344,0.0,observed
418,tr0,inf5,0.43572828507990663,exact,feasible,False,0.9965115866908052,0.6149325230616344,400,0.03998047641549105,0.014498759797779105,1.0,6,[0.43572828507990663],False,0.017981199980839777,0.34100421447501233,0.15886622175807588,0.2023301663433261,0.0037344225061555344,0.4566656191816616,tr0,inf3,False,0.6127873842639294,0.0,observed
419,tr0,inf5,0.4346268537963931,exact,feasible,False,0.9965115866908052,0.6127873842639294,400,0.03998047641549105,0.014498759797779105,1.0,6,[0.4346268537963931],False,0.017981199980839777,0.34100421447501233,0.15886622175807588,0.2023301663433261,0.0037344225061555344,0.4566656191816616,tr0,inf4,False,0.6106497285969564,0.0,observed
420,tr0,inf5,0.4335269118694335,exact,feasible,False,0.9965115866908052,0.6106497285969564,400,0.03998047641549105,0.014498759797779105,1.0,6,[0.4335269118694335],False,0.017981199980839777,0.34100421447501233,0.15886622175807588,0.2023301663433261,0.0037344225061555344,0.4566656191816616,tr1,inf2,False,0.6985195299564626,0.09,observed
421,tr0,inf5,0.4768575193898706,exact,feasible,False,0.9965115866908052,0.6985195299564626,400,0.03998047641549105,0.014498759797779105,1.0,6,[0.4768575193898706],False,0.017981199980839777,0.34100421447501233,0.15886622175807588,0.2023301663433261,0.0037344225061555344,0.4566656191816616,tr0,inf3,False,0.69608280513143,0.0,observed
422,tr0,inf5,0.4757065322719437,exact,feasible,False,0.9965115866908052,0.69608280513143,400,0.03998047641549105,0.014498759797779105,1.0,6,[0.4757065322719437],False,0.017981199980839777,0.34100421447501233,0.15886622175807588,0.2023301663433261,0.0037344225061555344,0.4566656191816616,tr0,inf4,False,0.6936545806097079,0.0,observed
423,tr0,inf5,0.4745567668984087,exact,feasible,False,0.9965115866908052,0.6936545806097079,400,0.03998047641549105,0.014498759797779105,1.0,6,[0.4745567668984087],False,0.017981199980839777,0.34100421447501233,0.15886622175807588,0.2023301663433261,0.0037344225061555344,0.4566656191816616,tr0,inf2,False,0.691234826738725,0.0,observed
424,tr0,inf5,0.4734082317183104,exact,feasible,False,0.9965115866908052,0.691234826738725,400,0.03998047641549105,0.014498759797779105,1.0,6,[0.4734082317183104],False,0.017981199980839777,0.34100421447501233,0.15886622175807588,0.2023301663433261,0.0037344225061555344,0.4566656191816616,tr0,inf3,False,0.6888235139693507,0.0,observed
425,tr0,inf5,0.4722609351168265,exact,feasible,False,0.9965115866908052,0.6888235139693507,400,0.03998047641549105,0.014498759797779105,1.0,6,[0.4722609351168265],False,0.017981199980839777,0.34100421447501233,0.15886622175807588,0.2023301663433261,0.0037344225061555344,0.4566656191816616,tr0,inf4,False,0.6864206128555337,0.0,observed
426,tr0,inf5,0.4711148854153515,exact,feasible,False,0.9965115866908052,0.6864206128555337,400,0.03998047641549105,0.014498759797779105,1.0,6,[0.4711148854153515],False,0.017981199980839777,0.34100421447501233,0.15886622175807588,0.2023301663433261,0.0037344225061555344,0.4566656191816616,tr0,inf2,False,0.6840260940539428,0.0,observed
427,tr0,inf5,0.4699700908715831,exact,feasible,False,0.9965115866908052,0.6840260940539428,400,0.03998047641549105,0.014498759797779105,1.0,6,[0.4699700908715831],False,0.017981199980839777,0.34100421447501233,0.15886622175807588,0.2023301663433261,0.0037344225061555344,0.4566656191816616,tr0,inf3,False,0.6816399283236084,0.0,observed
428,tr0,inf5,0.4688265596796113,exact,feasible,False,0.9965115866908052,0.6816399283236084,400,0.03998047641549105,0.014498759797779105,1.0,6,[0.4688265596796113],False,0.017981199980839777,0.34100421447501233,0.15886622175807588,0.2023301663433261,0.0037344225061555344,0.4566656191816616,tr0,inf4,False,0.6792620865255657,0.0,observed
429,tr0,inf5,0.4676842999700101,exact,feasible,False,0.9965115866908052,0.6792620865255657,400,0.03998047641549105,0.014498759797779105,1.0,6,[0.4676842999700101],False,0.017981199980839777,0.34100421447501233,0.15886622175807588,0.2023301663433261,0.0037344225061555344,0.4566656191816616,tr0,inf2,False,0.6768925396224985,0.0,observed
430,tr0,inf5,0.4665433198099318,exact,feasible,False,0.9965115866908052,0.6768925396224985,400,0.03998047641549105,0.014498759797779105,1.0,6,[0.4665433198099318],False,0.017981199980839777,0.34100421447501233,0.15886622175807588,0.2023301663433261,0.0037344225061555344,0.4566656191816616,tr1,inf3,False,0.7645312586783847,0.09,observed
431,tr0,inf5,0.5069945480183626,exact,feasible,False,0.9965115866908052,0.7645312586783847,400,0.03998047641549105,0.014498759797779105,1.0,6,[0.5069945480183626],False,0.017981199980839777,0.34100421447501233,0.15886622175807588,0.2023301663433261,0.0037344225061555344,0.4566656191816616,tr0,inf4,False,0.7618642576603155,0.0,observed
432,tr0,inf5,0.5058151275727165,exact,feasible,False,0.9965115866908052,0.7618642576603155,400,0.03998047641549105,0.014498759797779105,1.0,6,[0.5058151275727165],False,0.017981199980839777,0.34100421447501233,0.15886622175807588,0.2023301663433261,0.0037344225061555344,0.4566656191816616,tr0,inf2,False,0.7592065602440935,0.0,observed
433,tr0,inf5,0.5046366881910572,exact,feasible,False,0.9965115866908052,0.7592065602440935,400,0.03998047641549105,0.014498759797779105,1.0,6,[0.5046366881910572],False,0.017981199980839777,0.34100421447501233,0.15886622175807588,0.2023301663433261,0.0037344225061555344,0.4566656191816616,tr0,inf3,False,0.75655813397491,0.0,observed
434,tr0,inf5,0.5034592399927533,exact,feasible,False,0.9965115866908052,0.75655813397491,400,0.03998047641549105,0.014498759797779105,1.0,6,[0.5034592399927533],False,0.017981199980839777,0.34100421447501233,0.15886622175807588,0.2023301663433261,0.0037344225061555344,0.4566656191816616,tr0,inf4,False,0.7539189465111723,0.0,observed
435,tr0,inf5,0.5022827930321443,exact,feasible,False,0.9965115866908052,0.7539189465111723,400,0.03998047641549105,0.014498759797779105,1.0,6,[0.5022827930321443],False,0.017981199980839777,0.34100421447501233,0.15886622175807588,0.2023301663433261,0.0037344225061555344,0.4566656191816616,tr0,inf2,False,0.7512889656241086,0.0,observed
436,tr0,inf5,0.5011073572985465,exact,feasible,False,0.9965115866908052,0.7512889656241086,400,0.03998047641549105,0.014498759797779105,1.0,6,[0.5011073572985465],False,0.017981199980839777,0.34100421447501233,0.15886622175807588,0.2023301663433261,0.0037344225061555344,0.4566656191816616,tr0,inf3,False,0.7486681591973743,0.0,observed
437,tr0,inf5,0.49993294271626126,exact,feasible,False,0.9965115866908052,0.7486681591973743,400,0.03998047641549105,0.014498759797779105,1.0,6,[0.49993294271626126],False,0.017981199980839777,0.34100421447501233,0.15886622175807588,0.2023301663433261,0.0037344225061555344,0.4566656191816616,tr0,inf4,False,0.7460564952266598,0.0,observed
438,tr0,inf5,0.49875955914458797,exact,feasible,False,0.9965115866908052,0.7460564952266598,400,0.03998047641549105,0.014498759797779105,1.0,6,[0.49875955914458797],False,0.017981199980839777,0.34100421447501233,0.15886622175807588,0.2023301663433261,0.0037344225061555344,0.4566656191816616,tr0,inf2,False,0.7434539418192999,0.0,observed
439,tr0,inf5,0.49758721637783954,exact,feasible,False,0.9965115866908052,0.7434539418192999,400,0.03998047641549105,0.014498759797779105,1.0,6,[0.49758721637783954],False,0.017981199980839777,0.34100421447501233,0.15886622175807588,0.2023301663433261,0.0037344225061555344,0.4566656191816616,tr0,inf3,False,0.7408604671938841,0.0,observed
440,tr0,inf5,0.4964159241453615,exact,feasible,False,0.9965115866908052,0.7408604671938841,400,0.03998047641549105,0.014498759797779105,1.0,6,[0.4964159241453615],False,0.017981199980839777,0.34100421447501233,0.15886622175807588,0.2023301663433261,0.0037344225061555344,0.4566656191816616,tr1,inf4,False,0.8282760396798686,0.09,observed
441,tr0,inf5,0.5342681417709931,exact,feasible,False,0.9965115866908052,0.8282760396798686,400,0.03998047641549105,0.014498759797779105,1.0,6,[0.5342681417709931],False,0.017981199980839777,0.34100421447501233,0.15886622175807588,0.2023301663433261,0.0037344225061555344,0.4566656191816616,tr0,inf2,False,0.8253866705193622,0.0,observed
442,tr0,inf5,0.5330691593765235,exact,feasible,False,0.9965115866908052,0.8253866705193622,400,0.03998047641549105,0.014498759797779105,1.0,6,[0.5330691593765235],False,0.017981199980839777,0.34100421447501233,0.15886622175807588,0.2023301663433261,0.0037344225061555344,0.4566656191816616,tr0,inf3,False,0.8225073806726905,0.0,observed
443,tr0,inf5,0.531870908359881,exact,feasible,False,0.9965115866908052,0.8225073806726905,400,0.03998047641549105,0.014498759797779105,1.0,6,[0.531870908359881],False,0.017981199980839777,0.34100421447501233,0.15886622175807588,0.2023301663433261,0.0037344225061555344,0.4566656191816616,tr0,inf4,False,0.8196381349790409,0.0,observed
444,tr0,inf5,0.5306734003239729,exact,feasible,False,0.9965115866908052,0.8196381349790409,400,0.03998047641549105,0.014498759797779105,1.0,6,[0.5306734003239729],False,0.017981199980839777,0.34100421447501233,0.15886622175807588,0.2023301663433261,0.0037344225061555344,0.4566656191816616,tr0,inf2,False,0.8167788984002564,0.0,observed
445,tr0,inf5,0.5294766468075605,exact,feasible,False,0.9965115866908052,0.8167788984002564,400,0.03998047641549105,0.014498759797779105,1.0,6,[0.5294766468075605],False,0.017981199980839777,0.34100421447501233,0.15886622175807588,0.2023301663433261,0.0037344225061555344,0.4566656191816616,tr0,inf3,False,0.8139296360204075,0.0,observed
446,tr0,inf5,0.5282806592851769,exact,feasible,False,0.9965115866908052,0.8139296360204075,400,0.03998047641549105,0.014498759797779105,1.0,6,[0.5282806592851769],False,0.017981199980839777,0.34100421447501233,0.15886622175807588,0.2023301663433261,0.0037344225061555344,0.4566656191816616,tr0,inf4,False,0.8110903130453658,0.0,observed
447,tr0,inf5,0.5270854491670497,exact,feasible,False,0.9965115866908052,0.8110903130453658,400,0.03998047641549105,0.014498759797779105,1.0,6,[0.5270854491670497],False,0.017981199980839777,0.34100421447501233,0.15886622175807588,0.2023301663433261,0.0037344225061555344,0.4566656191816616,tr0,inf2,False,0.8082608948023794,0.0,observed
448,tr0,inf5,0.5258910277990279,exact,feasible,False,0.9965115866908052,0.8082608948023794,400,0.03998047641549105,0.014498759797779105,1.0,6,[0.5258910277990279],False,0.017981199980839777,0.34100421447501233,0.15886622175807588,0.2023301663433261,0.0037344225061555344,0.4566656191816616,tr0,inf3,False,0.8054413467396491,0.0,observed
449,tr0,inf5,0.5246974064625124,exact,feasible,False,0.9965115866908052,0.8054413467396491,400,0.03998047641549105,0.014498759797779105,1.0,6,[0.5246974064625124],False,0.017981199980839777,0.34100421447501233,0.15886622175807588,0.2023301663433261,0.0037344225061555344,0.4566656191816616,tr0,inf4,False,0.8026316344259067,0.0,observed
450,tr0,inf5,0.523504596374391,exact,feasible,False,0.9965115866908052,0.8026316344259067,400,0.03998047641549105,0.014498759797779105,1.0,6,[0.523504596374391],False,0.017981199980839777,0.34100421447501233,0.15886622175807588,0.2023301663433261,0.0037344225061555344,0.4566656191816616,tr1,inf2,False,0.8898317235499945,0.09,observed
451,tr0,inf5,0.5599020155952993,exact,feasible,False,0.9968454721289058,0.8898317235499945,450,0.035401648260719426,0.016119800511832847,1.0,6,[0.5599020155952993],False,0.008757286614490201,0.3862600631951925,0.16407742186630758,0.19514603420376492,0.0,0.4185939026010426,tr0,inf3,False,0.8870247245774723,0.0,observed
452,tr0,inf5,0.5588050403333843,exact,feasible,False,0.9968454721289058,0.8870247245774723,450,0.035401648260719426,0.016119800511832847,1.0,6,[0.5588050403333843],False,0.008757286614490201,0.3862600631951925,0.16407742186630758,0.19514603420376492,0.0,0.4185939026010426,tr0,inf4,False,0.884226580361443,0.0,observed
453,tr0,inf5,0.5577084565607239,exact,feasible,False,0.9968454721289058,0.884226580361443,450,0.035401648260719426,0.016119800511832847,1.0,6,[0.5577084565607239],False,0.008757286614490201,0.3862600631951925,0.16407742186630758,0.19514603420376492,0.0,0.4185939026010426,tr0,inf2,False,0.8814372629693306,0.0,observed
454,tr0,inf5,0.5566122738287534,exact,feasible,False,0.9968454721289058,0.8814372629693306,450,0.035401648260719426,0.016119800511832847,1.0,6,[0.5566122738287534],False,0.008757286614490201,0.3862600631951925,0.16407742186630758,0.19514603420376492,0.0,0.4185939026010426,tr0,inf3,False,0.8786567445566729,0.0,observed
455,tr0,inf5,0.5555165016477657,exact,feasible,False,0.9968454721289058,0.8786567445566729,450,0.035401648260719426,0.016119800511832847,1.0,6,[0.5555165016477657],False,0.008757286614490201,0.3862600631951925,0.16407742186630758,0.19514603420376492,0.0,0.4185939026010426,tr0,inf4,False,0.875884997366844,0.0,observed
456,tr0,inf5,0.5544211494868058,exact,feasible,False,0.9968454721289058,0.875884997366844,450,0.035401648260719426,0.016119800511832847,1.0,6,[0.5544211494868058],False,0.008757286614490201,0.3862600631951925,0.16407742186630758,0.19514603420376492,0.0,0.4185939026010426,tr0,inf2,False,0.873121993730777,0.0,observed
457,tr0,inf5,0.5533262267735671,exact,feasible,False,0.9968454721289058,0.873121993730777,450,0.035401648260719426,0.016119800511832847,1.0,6,[0.5533262267735671],False,0.008757286614490201,0.3862600631951925,0.16407742186630758,0.19514603420376492,0.0,0.4185939026010426,tr0,inf3,False,0.870367706066688,0.0,observed
458,tr0,inf5,0.5522317428942914,exact,feasible,False,0.9968454721289058,0.870367706066688,450,0.035401648260719426,0.016119800511832847,1.0,6,[0.5522317428942914],False,0.008757286614490201,0.3862600631951925,0.16407742186630758,0.19514603420376492,0.0,0.4185939026010426,tr0,inf4,False,0.8676221068798003,0.0,observed
459,tr0,inf5,0.5511377071936707,exact,feasible,False,0.9968454721289058,0.8676221068798003,450,0.035401648260719426,0.016119800511832847,1.0,6,[0.5511377071936707],False,0.008757286614490201,0.3862600631951925,0.16407742186630758,0.19514603420376492,0.0,0.4185939026010426,tr0,inf2,False,0.8648851687620706,0.0,observed
460,tr0,inf5,0.5500441289747512,exact,feasible,False,0.9968454721289058,0.8648851687620706,450,0.035401648260719426,0.016119800511832847,1.0,6,[0.5500441289747512],False,0.008757286614490201,0.3862600631951925,0.16407742186630758,0.19514603420376492,0.0,0.4185939026010426,tr1,inf3,False,0.9521568643919146,0.09,observed
461,tr0,inf5,0.5834820660717485,exact,feasible,False,0.9968454721289058,0.9521568643919146,450,0.035401648260719426,0.016119800511832847,1.0,6,[0.5834820660717485],False,0.008757286614490201,0.3862600631951925,0.16407742186630758,0.19514603420376492,0.0,0.4185939026010426,tr0,inf4,False,0.9491532590255367,0.0,observed
462,tr0,inf5,0.5823790732140864,exact,feasible,False,0.9968454721289058,0.9491532590255367,450,0.035401648260719426,0.016119800511832847,1.0,6,[0.5823790732140864],False,0.008757286614490201,0.3862600631951925,0.16407742186630758,0.19514603420376492,0.0,0.4185939026010426,tr0,inf2,False,0.9461591286160008,0.0,observed
463,tr0,inf5,0.5812762575361885,exact,feasible,False,0.9968454721289058,0.9461591286160008,450,0.035401648260719426,0.016119800511832847,1.0,6,[0.5812762575361885],False,0.008757286614490201,0.3862600631951925,0.16407742186630758,0.19514603420376492,0.0,0.4185939026010426,tr0,inf3,False,0.9431744432742915,0.0,observed
464,tr0,inf5,0.5801736294405015,exact,feasible,False,0.9968454721289058,0.9431744432742915,450,0.035401648260719426,0.016119800511832847,1.0,6,[0.5801736294405015],False,0.008757286614490201,0.3862600631951925,0.16407742186630758,0.19514603420376492,0.0,0.4185939026010426,tr0,inf4,False,0.940199173205679,0.0,observed
465,tr0,inf5,0.5790711992912563,exact,feasible,False,0.9968454721289058,0.940199173205679,450,0.035401648260719426,0.016119800511832847,1.0,6,[0.5790711992912563],False,0.008757286614490201,0.3862600631951925,0.16407742186630758,0.19514603420376492,0.0,0.4185939026010426,tr0,inf2,False,0.937233288709422,0.0,observed
466,tr0,inf5,0.5779689774143004,exact,feasible,False,0.9968454721289058,0.937233288709422,450,0.035401648260719426,0.016119800511832847,1.0,6,[0.5779689774143004],False,0.008757286614490201,0.3862600631951925,0.16407742186630758,0.19514603420376492,0.0,0.4185939026010426,tr0,inf3,False,0.9342767601784709,0.0,observed
467,tr0,inf5,0.576866974096938,exact,feasible,False,0.9968454721289058,0.9342767601784709,450,0.035401648260719426,0.016119800511832847,1.0,6,[0.576866974096938],False,0.008757286614490201,0.3862600631951925,0.16407742186630758,0.19514603420376492,0.0,0.4185939026010426,tr0,inf4,False,0.9313295580991724,0.0,observed
468,tr0,inf5,0.5757651995877678,exact,feasible,False,0.9968454721289058,0.9313295580991724,450,0.035401648260719426,0.016119800511832847,1.0,6,[0.5757651995877678],False,0.008757286614490201,0.3862600631951925,0.16407742186630758,0.19514603420376492,0.0,0.4185939026010426,tr0,inf2,False,0.9283916530509747,0.0,observed
469,tr0,inf5,0.5746636640965285,exact,feasible,False,0.9968454721289058,0.9283916530509747,450,0.035401648260719426,0.016119800511832847,1.0,6,[0.5746636640965285],False,0.008757286614490201,0.3862600631951925,0.16407742186630758,0.19514603420376492,0.0,0.4185939026010426,tr0,inf3,False,0.9254630157061342,0.0,observed
470,tr0,inf5,0.5735623777939429,exact,feasible,False,0.9968454721289058,0.9254630157061342,450,0.035401648260719426,0.016119800511832847,1.0,6,[0.5735623777939429],False,0.008757286614490201,0.3862600631951925,0.16407742186630758,0.19514603420376492,0.0,0.4185939026010426,tr1,inf4,False,1.0125436168294224,0.09,observed
471,tr0,inf5,0.6049688928623712,exact,feasible,False,0.9968454721289058,1.0125436168294224,450,0.035401648260719426,0.016119800511832847,1.0,6,[0.6049688928623712],False,0.008757286614490201,0.3862600631951925,0.16407742186630758,0.19514603420376492,0.0,0.4185939026010426,tr0,inf2,False,1.0093495197694355,0.0,observed
472,tr0,inf5,0.603864576033737,exact,feasible,False,0.9968454721289058,1.0093495197694355,450,0.035401648260719426,0.016119800511832847,1.0,6,[0.603864576033737],False,0.008757286614490201,0.3862600631951925,0.16407742186630758,0.19514603420376492,0.0,0.4185939026010426,tr0,inf3,False,1.0061654985776474,0.0,observed
473,tr0,inf5,0.6027602265802686,exact,feasible,False,0.9968454721289058,1.0061654985776474,450,0.035401648260719426,0.016119800511832847,1.0,6,[0.6027602265802686],False,0.008757286614490201,0.3862600631951925,0.16407742186630758,0.19514603420376492,0.0,0.4185939026010426,tr0,inf4,False,1.002991521469451,0.0,observed
474,tr0,inf5,0.6016558556109847,exact,feasible,False,0.9968454721289058,1.002991521469451,450,0.035401648260719426,0.016119800511832847,1.0,6,[0.6016558556109847],False,0.008757286614490201,0.3862600631951925,0.16407742186630758,0.19514603420376492,0.0,0.4185939026010426,tr0,inf2,False,0.9998275567605044,0.0,observed
475,tr0,inf5,0.6005514742005066,exact,feasible,False,0.9968454721289058,0.9998275567605044,450,0.035401648260719426,0.016119800511832847,1.0,6,[0.6005514742005066],False,0.008757286614490201,0.3862600631951925,0.16407742186630758,0.19514603420376492,0.0,0.4185939026010426,tr0,inf3,False,0.9966735728664154,0.0,observed
476,tr0,inf5,0.5994470933888332,exact,feasible,False,0.9968454721289058,0.9966735728664154,450,0.035401648260719426,0.016119800511832847,1.0,6,[0.5994470933888332],False,0.008757286614490201,0.3862600631951925,0.16407742186630758,0.19514603420376492,0.0,0.4185939026010426,tr0,inf4,False,0.9935295383024253,0.0,observed
477,tr0,inf5,0.59834272418112,exact,feasible,False,0.9968454721289058,0.9935295383024253,450,0.035401648260719426,0.016119800511832847,1.0,6,[0.59834272418112],False,0.008757286614490201,0.3862600631951925,0.16407742186630758,0.19514603420376492,0.0,0.4185939026010426,tr0,inf2,False,0.990395421683095,0.0,observed
478,tr0,inf5,0.5972383775474605,exact,feasible,False,0.9968454721289058,0.990395421683095,450,0.035401648260719426,0.016119800511832847,1.0,6,[0.5972383775474605],False,0.008757286614490201,0.3862600631951925,0.16407742186630758,0.19514603420376492,0.0,0.4185939026010426,tr0,inf3,False,0.9872711917219916,0.0,observed
479,tr0,inf5,0.5961340644226707,exact,feasible,False,0.9968454721289058,0.9872711917219916,450,0.035401648260719426,0.016119800511832847,1.0,6,[0.5961340644226707],False,0.008757286614490201,0.3862600631951925,0.16407742186630758,0.19514603420376492,0.0,0.4185939026010426,tr0,inf4,False,0.9841568172313763,0.0,observed
480,tr0,inf5,0.5950297957060774,exact,feasible,False,0.9968454721289058,0.9841568172313763,450,0.035401648260719426,0.016119800511832847,1.0,6,[0.5950297957060774],False,0.008757286614490201,0.3862600631951925,0.16407742186630758,0.19514603420376492,0.0,0.4185939026010426,tr1,inf2,False,1.0710522671218925,0.09,observed
481,tr0,inf5,0.6245857233521683,exact,feasible,False,0.9968454721289058,1.0710522671218925,450,0.035401648260719426,0.016119800511832847,1.0,6,[0.6245857233521683],False,0.008757286614490201,0.3862600631951925,0.16407742186630758,0.19514603420376492,0.0,0.4185939026010426,tr0,inf3,False,1.0676736028938578,0.0,observed
482,tr0,inf5,0.6234838777786343,exact,feasible,False,0.9968454721289058,1.0676736028938578,450,0.035401648260719426,0.016119800511832847,1.0,6,[0.6234838777786343],False,0.008757286614490201,0.3862600631951925,0.16407742186630758,0.19514603420376492,0.0,0.4185939026010426,tr0,inf4,False,1.0643055967562975,0.0,observed
483,tr0,inf5,0.6223817965851594,exact,feasible,False,0.9968454721289058,1.0643055967562975,450,0.035401648260719426,0.016119800511832847,1.0,6,[0.6223817965851594],False,0.008757286614490201,0.3862600631951925,0.16407742186630758,0.19514603420376492,0.0,0.4185939026010426,tr0,inf2,False,1.0609482150879683,0.0,observed
484,tr0,inf5,0.6212794914513373,exact,feasible,False,0.9968454721289058,1.0609482150879683,450,0.035401648260719426,0.016119800511832847,1.0,6,[0.6212794914513373],False,0.008757286614490201,0.3862600631951925,0.16407742186630758,0.19514603420376492,0.0,0.4185939026010426,tr0,inf3,False,1.0576014243736858,0.0,observed
485,tr0,inf5,0.6201769740268922,exact,feasible,False,0.9968454721289058,1.0576014243736858,450,0.035401648260719426,0.016119800511832847,1.0,6,[0.6201769740268922],False,0.008757286614490201,0.3862600631951925,0.16407742186630758,0.19514603420376492,0.0,0.4185939026010426,tr0,inf4,False,1.05426519120399,0.0,observed
486,tr0,inf5,0.6190742559313965,exact,feasible,False,0.9968454721289058,1.05426519120399,450,0.035401648260719426,0.016119800511832847,1.0,6,[0.6190742559313965],False,0.008757286614490201,0.3862600631951925,0.16407742186630758,0.19514603420376492,0.0,0.4185939026010426,tr0,inf2,False,1.0509394822748126,0.0,observed
487,tr0,inf5,0.6179713487539928,exact,feasible,False,0.9968454721289058,1.0509394822748126,450,0.035401648260719426,0.016119800511832847,1.0,6,[0.6179713487539928],False,0.008757286614490201,0.3862600631951925,0.16407742186630758,0.19514603420376492,0.0,0.4185939026010426,tr0,inf3,False,1.0476242643871434,0.0,observed
488,tr0,inf5,0.6168682640531179,exact,feasible,False,0.9968454721289058,1.0476242643871434,450,0.035401648260719426,0.016119800511832847,1.0,6,[0.6168682640531179],False,0.008757286614490201,0.3862600631951925,0.16407742186630758,0.19514603420376492,0.0,0.4185939026010426,tr0,inf4,False,1.0443195044466997,0.0,observed
489,tr0,inf5,0.6157650133562315,exact,feasible,False,0.9968454721289058,1.0443195044466997,450,0.035401648260719426,0.016119800511832847,1.0,6,[0.6157650133562315],False,0.008757286614490201,0.3862600631951925,0.16407742186630758,0.19514603420376492,0.0,0.4185939026010426,tr0,inf2,False,1.0410251694635955,0.0,observed
490,tr0,inf5,0.6146616081595465,exact,feasible,False,0.9968454721289058,1.0410251694635955,450,0.035401648260719426,0.016119800511832847,1.0,6,[0.6146616081595465],False,0.008757286614490201,0.3862600631951925,0.16407742186630758,0.19514603420376492,0.0,0.4185939026010426,tr1,inf3,False,1.1277412265520121,0.09,observed
491,tr0,inf5,0.6425284569356831,exact,feasible,False,0.9968454721289058,1.1277412265520121,450,0.035401648260719426,0.016119800511832847,1.0,6,[0.6425284569356831],False,0.008757286614490201,0.3862600631951925,0.16407742186630758,0.19514603420376492,0.0,0.4185939026010426,tr0,inf4,False,1.1241837354214719,0.0,observed
492,tr0,inf5,0.641432133556577,exact,feasible,False,0.9968454721289058,1.1241837354214719,450,0.035401648260719426,0.016119800511832847,1.0,6,[0.641432133556577],False,0.008757286614490201,0.3862600631951925,0.16407742186630758,0.19514603420376492,0.0,0.4185939026010426,tr0,inf2,False,1.120637466495854,0.0,observed
493,tr0,inf5,0.6403353799365342,exact,feasible,False,0.9968454721289058,1.120637466495854,450,0.035401648260719426,0.016119800511832847,1.0,6,[0.6403353799365342],False,0.008757286614490201,0.3862600631951925,0.16407742186630758,0.19514603420376492,0.0,0.4185939026010426,tr0,inf3,False,1.1171023843744006,0.0,observed
494,tr0,inf5,0.6392382082000231,exact,feasible,False,0.9968454721289058,1.1171023843744006,450,0.035401648260719426,0.016119800511832847,1.0,6,[0.6392382082000231],False,0.008757286614490201,0.3862600631951925,0.16407742186630758,0.19514603420376492,0.0,0.4185939026010426,tr0,inf4,False,1.1135784537680258,0.0,observed
495,tr0,inf5,0.6381406304467108,exact,feasible,False,0.9968454721289058,1.1135784537680258,450,0.035401648260719426,0.016119800511832847,1.0,6,[0.6381406304467108],False,0.008757286614490201,0.3862600631951925,0.16407742186630758,0.19514603420376492,0.0,0.4185939026010426,tr0,inf2,False,1.1100656394989645,0.0,observed
496,tr0,inf5,0.6370426587511293,exact,feasible,False,0.9968454721289058,1.1100656394989645,450,0.035401648260719426,0.016119800511832847,1.0,6,[0.6370426587511293],False,0.008757286614490201,0.3862600631951925,0.16407742186630758,0.19514603420376492,0.0,0.4185939026010426,tr0,inf3,False,1.1065639065004211,0.0,observed
497,tr0,inf5,0.6359443051623411,exact,feasible,False,0.9968454721289058,1.1065639065004211,450,0.035401648260719426,0.016119800511832847,1.0,6,[0.6359443051623411],False,0.008757286614490201,0.3862600631951925,0.16407742186630758,0.19514603420376492,0.0,0.4185939026010426,tr0,inf4,False,1.1030732198162188,0.0,observed
498,tr0,inf5,0.6348455817036104,exact,feasible,False,0.9968454721289058,1.1030732198162188,450,0.035401648260719426,0.016119800511832847,1.0,6,[0.6348455817036104],False,0.008757286614490201,0.3862600631951925,0.16407742186630758,0.19514603420376492,0.0,0.4185939026010426,tr0,inf2,False,1.099593544600451,0.0,observed
499,tr0,inf5,0.6337465003720768,exact,feasible,False,0.9968454721289058,1.099593544600451,450,0.035401648260719426,0.016119800511832847,1.0,6,[0.6337465003720768],False,0.008757286614490201,0.3862600631951925,0.16407742186630758,0.19514603420376492,0.0,0.4185939026010426,tr0,inf3,False,1.0961248461171336,0.0,observed
500,tr0,inf5,0.6326470731384328,exact,feasible,False,0.9968454721289058,1.0961248461171336,450,0.035401648260719426,0.016119800511832847,1.0,6,[0.6326470731384328],False,0.008757286614490201,0.3862600631951925,0.16407742186630758,0.19514603420376492,0.0,0.4185939026010426,tr1,inf4,False,1.1826670897398583,0.09,observed
501,tr0,inf5,0.6556317714301051,exact,feasible,False,0.9954430421001561,1.1826670897398583,500,0.04990960563772473,0.028209472441300985,1.0,6,[0.6556317714301051],False,0.018256572625947837,0.3376217264254125,0.21558204078042795,0.20291945428653185,0.0,0.4594588192880556,tr0,inf2,False,1.177277725602383,0.0,observed
502,tr0,inf5,0.6540662060571373,exact,feasible,False,0.9954430421001561,1.177277725602383,500,0.04990960563772473,0.028209472441300985,1.0,6,[0.6540662060571373],False,0.018256572625947837,0.3376217264254125,0.21558204078042795,0.20291945428653185,0.0,0.4594588192880556,tr0,inf3,False,1.1719129205703889,0.0,observed
503,tr0,inf5,0.6524993725308272,exact,feasible,False,0.9954430421001561,1.1719129205703889,500,0.04990960563772473,0.028209472441300985,1.0,6,[0.6524993725308272],False,0.018256572625947837,0.3376217264254125,0.21558204078042795,0.20291945428653185,0.0,0.4594588192880556,tr0,inf4,False,1.1665725627290664,0.0,observed
504,tr0,inf5,0.6509313082467594,exact,feasible,False,0.9954430421001561,1.1665725627290664,500,0.04990960563772473,0.028209472441300985,1.0,6,[0.6509313082467594],False,0.018256572625947837,0.3376217264254125,0.21558204078042795,0.20291945428653185,0.0,0.4594588192880556,tr0,inf2,False,1.161256540673597,0.0,observed
505,tr0,inf5,0.6493620505150082,exact,feasible,False,0.9954430421001561,1.161256540673597,500,0.04990960563772473,0.028209472441300985,1.0,6,[0.6493620505150082],False,0.018256572625947837,0.3376217264254125,0.21558204078042795,0.20291945428653185,0.0,0.4594588192880556,tr0,inf3,False,1.1559647435068292,0.0,observed
506,tr0,inf5,0.6477916365577345,exact,feasible,False,0.9954430421001561,1.1559647435068292,500,0.04990960563772473,0.028209472441300985,1.0,6,[0.6477916365577345],False,0.018256572625947837,0.3376217264254125,0.21558204078042795,0.20291945428653185,0.0,0.4594588192880556,tr0,inf4,False,1.1506970608369647,0.0,observed
507,tr0,inf5,0.6462201035068111,exact,feasible,False,0.9954430421001561,1.1506970608369647,500,0.04990960563772473,0.028209472441300985,1.0,6,[0.6462201035068111],False,0.018256572625947837,0.3376217264254125,0.21558204078042795,0.20291945428653185,0.0,0.4594588192880556,tr0,inf2,False,1.1454533827752564,0.0,observed
508,tr0,inf5,0.6446474884014791,exact,feasible,False,0.9954430421001561,1.1454533827752564,500,0.04990960563772473,0.028209472441300985,1.0,6,[0.6446474884014791],False,0.018256572625947837,0.3376217264254125,0.21558204078042795,0.20291945428653185,0.0,0.4594588192880556,tr0,inf3,False,1.1402335999337159,0.0,observed
509,tr0,inf5,0.6430738281860349,exact,feasible,False,0.9954430421001561,1.1402335999337159,500,0.04990960563772473,0.028209472441300985,1.0,6,[0.6430738281860349],False,0.018256572625947837,0.3376217264254125,0.21558204078042795,0.20291945428653185,0.0,0.4594588192880556,tr0,inf4,False,1.1350376034228304,0.0,observed
510,tr0,inf5,0.6414991597075473,exact,feasible,False,0.9954430421001561,1.1350376034228304,500,0.04990960563772473,0.028209472441300985,1.0,6,[0.6414991597075473],False,0.018256572625947837,0.3376217264254125,0.21558204078042795,0.20291945428653185,0.0,0.4594588192880556,tr1,inf2,False,1.219865284849293,0.09,observed
511,tr0,inf5,0.6662104711355916,exact,feasible,False,0.9954430421001561,1.219865284849293,500,0.04990960563772473,0.028209472441300985,1.0,6,[0.6662104711355916],False,0.018256572625947837,0.3376217264254125,0.21558204078042795,0.20291945428653185,0.0,0.4594588192880556,tr0,inf3,False,1.2143064101027536,0.0,observed
512,tr0,inf5,0.6646544967656766,exact,feasible,False,0.9954430421001561,1.2143064101027536,500,0.04990960563772473,0.028209472441300985,1.0,6,[0.6646544967656766],False,0.018256572625947837,0.3376217264254125,0.21558204078042795,0.20291945428653185,0.0,0.4594588192880556,tr0,inf4,False,1.2087728669144049,0.0,observed
513,tr0,inf5,0.6630969986238665,exact,feasible,False,0.9954430421001561,1.2087728669144049,500,0.04990960563772473,0.028209472441300985,1.0,6,[0.6630969986238665],False,0.018256572625947837,0.3376217264254125,0.21558204078042795,0.20291945428653185,0.0,0.4594588192880556,tr0,inf2,False,1.2032645398494024,0.0,observed
514,tr0,inf5,0.6615380146197709,exact,feasible,False,0.9954430421001561,1.2032645398494024,500,0.04990960563772473,0.028209472441300985,1.0,6,[0.6615380146197709],False,0.018256572625947837,0.3376217264254125,0.21558204078042795,0.20291945428653185,0.0,0.4594588192880556,tr0,inf3,False,1.1977813139989337,0.0,observed
515,tr0,inf5,0.6599775825945905,exact,feasible,False,0.9954430421001561,1.1977813139989337,500,0.04990960563772473,0.028209472441300985,1.0,6,[0.6599775825945905],False,0.018256572625947837,0.3376217264254125,0.21558204078042795,0.20291945428653185,0.0,0.4594588192880556,tr0,inf4,False,1.1923230749778209,0.0,observed
516,tr0,inf5,0.658415740318508,exact,feasible,False,0.9954430421001561,1.1923230749778209,500,0.04990960563772473,0.028209472441300985,1.0,6,[0.658415740318508],False,0.018256572625947837,0.3376217264254125,0.21558204078042795,0.20291945428653185,0.0,0.4594588192880556,tr0,inf2,False,1.1868897089221344,0.0,observed
517,tr0,inf5,0.6568525254881088,exact,feasible,False,0.9954430421001561,1.1868897089221344,500,0.04990960563772473,0.028209472441300985,1.0,6,[0.6568525254881088],False,0.018256572625947837,0.3376217264254125,0.21558204078042795,0.20291945428653185,0.0,0.4594588192880556,tr0,inf3,False,1.1814811024868184,0.0,observed
518,tr0,inf5,0.655287975723832,exact,feasible,False,0.9954430421001561,1.1814811024868184,500,0.04990960563772473,0.028209472441300985,1.0,6,[0.655287975723832],False,0.018256572625947837,0.3376217264254125,0.21558204078042795,0.20291945428653185,0.0,0.4594588192880556,tr0,inf4,False,1.176097142843325,0.0,observed
519,tr0,inf5,0.6537221285674519,exact,feasible,False,0.9954430421001561,1.176097142843325,500,0.04990960563772473,0.028209472441300985,1.0,6,[0.6537221285674519],False,0.018256572625947837,0.3376217264254125,0.21558204078042795,0.20291945428653185,0.0,0.4594588192880556,tr0,inf2,False,1.170737717677261,0.0,observed
520,tr0,inf5,0.6521550214795886,exact,feasible,False,0.9954430421001561,1.170737717677261,500,0.04990960563772473,0.028209472441300985,1.0,6,[0.6521550214795886],False,0.018256572625947837,0.3376217264254125,0.21558204078042795,0.20291945428653185,0.0,0.4594588192880556,tr1,inf3,False,1.2554027151860465,0.09,observed
521,tr0,inf5,0.6759558766733053,exact,feasible,False,0.9954430421001561,1.2554027151860465,500,0.04990960563772473,0.028209472441300985,1.0,6,[0.6759558766733053],False,0.018256572625947837,0.3376217264254125,0.21558204078042795,0.20291945428653185,0.0,0.4594588192880556,tr0,inf4,False,1.249681897865594,0.0,observed
522,tr0,inf5,0.674410354931637,exact,feasible,False,0.9954430421001561,1.249681897865594,500,0.04990960563772473,0.028209472441300985,1.0,6,[0.674410354931637],False,0.018256572625947837,0.3376217264254125,0.21558204078042795,0.20291945428653185,0.0,0.4594588192880556,tr0,inf2,False,1.2439871500688233,0.0,observed
523,tr0,inf5,0.6728630696752049,exact,feasible,False,0.9954430421001561,1.2439871500688233,500,0.04990960563772473,0.028209472441300985,1.0,6,[0.6728630696752049],False,0.018256572625947837,0.3376217264254125,0.21558204078042795,0.20291945428653185,0.0,0.4594588192880556,tr0,inf3,False,1.2383183529980129,0.0,observed
524,tr0,inf5,0.6713140591820594,exact,feasible,False,0.9954430421001561,1.2383183529980129,500,0.04990960563772473,0.028209472441300985,1.0,6,[0.6713140591820594],False,0.018256572625947837,0.3376217264254125,0.21558204078042795,0.20291945428653185,0.0,0.4594588192880556,tr0,inf4,False,1.232675388396797,0.0,observed
525,tr0,inf5,0.6697633616789291,exact,feasible,False,0.9954430421001561,1.232675388396797,500,0.04990960563772473,0.028209472441300985,1.0,6,[0.6697633616789291],False,0.018256572625947837,0.3376217264254125,0.21558204078042795,0.20291945428653185,0.0,0.4594588192880556,tr0,inf2,False,1.227058138547699,0.0,observed
526,tr0,inf5,0.6682110153384242,exact,feasible,False,0.9954430421001561,1.227058138547699,500,0.04990960563772473,0.028209472441300985,1.0,6,[0.6682110153384242],False,0.018256572625947837,0.3376217264254125,0.21558204078042795,0.20291945428653185,0.0,0.4594588192880556,tr0,inf3,False,1.2214664862696765,0.0,observed
527,tr0,inf5,0.666657058276271,exact,feasible,False,0.9954430421001561,1.2214664862696765,500,0.04990960563772473,0.028209472441300985,1.0,6,[0.666657058276271],False,0.018256572625947837,0.3376217264254125,0.21558204078042795,0.20291945428653185,0.0,0.4594588192880556,tr0,inf4,False,1.2159003149156753,0.0,observed
528,tr0,inf5,0.6651015285485742,exact,feasible,False,0.9954430421001561,1.2159003149156753,500,0.04990960563772473,0.028209472441300985,1.0,6,[0.6651015285485742],False,0.018256572625947837,0.3376217264254125,0.21558204078042795,0.20291945428653185,0.0,0.4594588192880556,tr0,inf2,False,1.2103595083701977,0.0,observed
529,tr0,inf5,0.6635444641491103,exact,feasible,False,0.9954430421001561,1.2103595083701977,500,0.04990960563772473,0.028209472441300985,1.0,6,[0.6635444641491103],False,0.018256572625947837,0.3376217264254125,0.21558204078042795,0.20291945428653185,0.0,0.4594588192880556,tr0,inf3,False,1.204843951046879,0.0,observed
530,tr0,inf5,0.6619859030066491,exact,feasible,False,0.9954430421001561,1.204843951046879,500,0.04990960563772473,0.028209472441300985,1.0,6,[0.6619859030066491],False,0.018256572625947837,0.3376217264254125,0.21558204078042795,0.20291945428653185,0.0,0.4594588192880556,tr1,inf4,False,1.2893535278860768,0.09,observed
531,tr0,inf5,0.6849482202986169,exact,feasible,False,0.9954430421001561,1.2893535278860768,500,0.04990960563772473,0.028209472441300985,1.0,6,[0.6849482202986169],False,0.018256572625947837,0.3376217264254125,0.21558204078042795,0.20291945428653185,0.0,0.4594588192880556,tr0,inf2,False,1.2834779981414848,0.0,observed
532,tr0,inf5,0.6834137692249298,exact,feasible,False,0.9954430421001561,1.2834779981414848,500,0.04990960563772473,0.028209472441300985,1.0,6,[0.6834137692249298],False,0.018256572625947837,0.3376217264254125,0.21558204078042795,0.20291945428653185,0.0,0.4594588192880556,tr0,inf3,False,1.277629242938578,0.0,observed
533,tr0,inf5,0.6818773301233829,exact,feasible,False,0.9954430421001561,1.277629242938578,500,0.04990960563772473,0.028209472441300985,1.0,6,[0.6818773301233829],False,0.018256572625947837,0.3376217264254125,0.21558204078042795,0.20291945428653185,0.0,0.4594588192880556,tr0,inf4,False,1.2718071402668976,0.0,observed
534,tr0,inf5,0.6803389415144625,exact,feasible,False,0.9954430421001561,1.2718071402668976,500,0.04990960563772473,0.028209472441300985,1.0,6,[0.6803389415144625],False,0.018256572625947837,0.3376217264254125,0.21558204078042795,0.20291945428653185,0.0,0.4594588192880556,tr0,inf2,False,1.2660115686719804,0.0,observed
535,tr0,inf5,0.6787986418842491,exact,feasible,False,0.9954430421001561,1.2660115686719804,500,0.04990960563772473,0.028209472441300985,1.0,6,[0.6787986418842491],False,0.018256572625947837,0.3376217264254125,0.21558204078042795,0.20291945428653185,0.0,0.4594588192880556,tr0,inf3,False,1.2602424072528269,0.0,observed
536,tr0,inf5,0.6772564696814529,exact,feasible,False,0.9954430421001561,1.2602424072528269,500,0.04990960563772473,0.028209472441300985,1.0,6,[0.6772564696814529],False,0.018256572625947837,0.3376217264254125,0.21558204078042795,0.20291945428653185,0.0,0.4594588192880556,tr0,inf4,False,1.2544995356593778,0.0,observed
537,tr0,inf5,0.6757124633144769,exact,feasible,False,0.9954430421001561,1.2544995356593778,500,0.04990960563772473,0.028209472441300985,1.0,6,[0.6757124633144769],False,0.018256572625947837,0.3376217264254125,0.21558204078042795,0.20291945428653185,0.0,0.4594588192880556,tr0,inf2,False,1.2487828340900042,0.0,observed
538,tr0,inf5,0.6741666611485089,exact,feasible,False,0.9954430421001561,1.2487828340900042,500,0.04990960563772473,0.028209472441300985,1.0,6,[0.6741666611485089],False,0.018256572625947837,0.3376217264254125,0.21558204078042795,0.20291945428653185,0.0,0.4594588192880556,tr0,inf3,False,1.2430921832890083,0.0,observed
539,tr0,inf5,0.6726191015026428,exact,feasible,False,0.9954430421001561,1.2430921832890083,500,0.04990960563772473,0.028209472441300985,1.0,6,[0.6726191015026428],False,0.018256572625947837,0.3376217264254125,0.21558204078042795,0.20291945428653185,0.0,0.4594588192880556,tr0,inf4,False,1.2374274645441352,0.0,observed
540,tr0,inf5,0.6710698226470289,exact,feasible,False,0.9954430421001561,1.2374274645441352,500,0.04990960563772473,0.028209472441300985,1.0,6,[0.6710698226470289],False,0.018256572625947837,0.3376217264254125,0.21558204078042795,0.20291945428653185,0.0,0.4594588192880556,tr1,inf2,False,1.321788559684097,0.09,observed
541,tr0,inf5,0.6932585781210968,exact,feasible,False,0.9954430421001561,1.321788559684097,500,0.04990960563772473,0.028209472441300985,1.0,6,[0.6932585781210968],False,0.018256572625947837,0.3376217264254125,0.21558204078042795,0.20291945428653185,0.0,0.4594588192880556,tr0,inf3,False,1.3157652248651213,0.0,observed
542,tr0,inf5,0.6917356170822947,exact,feasible,False,0.9954430421001561,1.3157652248651213,500,0.04990960563772473,0.028209472441300985,1.0,6,[0.6917356170822947],False,0.018256572625947837,0.3376217264254125,0.21558204078042795,0.20291945428653185,0.0,0.4594588192880556,tr0,inf4,False,1.3097693381293323,0.0,observed
543,tr0,inf5,0.6902104580070474,exact,feasible,False,0.9954430421001561,1.3097693381293323,500,0.04990960563772473,0.028209472441300985,1.0,6,[0.6902104580070474],False,0.018256572625947837,0.3376217264254125,0.21558204078042795,0.20291945428653185,0.0,0.4594588192880556,tr0,inf2,False,1.3038007743969704,0.0,observed
544,tr0,inf5,0.6886831395498331,exact,feasible,False,0.9954430421001561,1.3038007743969704,500,0.04990960563772473,0.028209472441300985,1.0,6,[0.6886831395498331],False,0.018256572625947837,0.3376217264254125,0.21558204078042795,0.20291945428653185,0.0,0.4594588192880556,tr0,inf3,False,1.2978594091582596,0.0,observed
545,tr0,inf5,0.6871537003473479,exact,feasible,False,0.9954430421001561,1.2978594091582596,500,0.04990960563772473,0.028209472441300985,1.0,6,[0.6871537003473479],False,0.018256572625947837,0.3376217264254125,0.21558204078042795,0.20291945428653185,0.0,0.4594588192880556,tr0,inf4,False,1.291945118470809,0.0,observed
546,tr0,inf5,0.6856221790153877,exact,feasible,False,0.9954430421001561,1.291945118470809,500,0.04990960563772473,0.028209472441300985,1.0,6,[0.6856221790153877],False,0.018256572625947837,0.3376217264254125,0.21558204078042795,0.20291945428653185,0.0,0.4594588192880556,tr0,inf2,False,1.2860577789570287,0.0,observed
547,tr0,inf5,0.684088614145758,exact,feasible,False,0.9954430421001561,1.2860577789570287,500,0.04990960563772473,0.028209472441300985,1.0,6,[0.684088614145758],False,0.018256572625947837,0.3376217264254125,0.21558204078042795,0.20291945428653185,0.0,0.4594588192880556,tr0,inf3,False,1.2801972678015547,0.0,observed
548,tr0,inf5,0.6825530443032118,exact,feasible,False,0.9954430421001561,1.2801972678015547,500,0.04990960563772473,0.028209472441300985,1.0,6,[0.6825530443032118],False,0.018256572625947837,0.3376217264254125,0.21558204078042795,0.20291945428653185,0.0,0.4594588192880556,tr0,inf4,False,1.274363462748688,0.0,observed
549,tr0,inf5,0.6810155080224157,exact,feasible,False,0.9954430421001561,1.274363462748688,500,0.04990960563772473,0.028209472441300985,1.0,6,[0.6810155080224157],False,0.018256572625947837,0.3376217264254125,0.21558204078042795,0.20291945428653185,0.0,0.4594588192880556,tr0,inf2,False,1.2685562420998429,0.0,observed
550,tr0,inf5,0.6794760438049432,exact,feasible,False,0.9954430421001561,1.2685562420998429,500,0.04990960563772473,0.028209472441300985,1.0,6,[0.6794760438049432],False,0.018256572625947837,0.3376217264254125,0.21558204078042795,0.20291945428653185,0.0,0.4594588192880556,tr1,inf3,False,1.3527754847110098,0.09,observed
551,tr0,inf5,0.7037020082312089,exact,feasible,False,0.9965223065701514,1.3527754847110098,550,0.03871437129959002,0.019027186294069312,1.0,6,[0.7037020082312089],False,0.0019762715800738084,0.38964892171589266,0.1804547507789974,0.19118656875569118,0.008215854429496074,0.4191645095284162,tr0,inf4,False,1.34807094629577,0.0,observed
552,tr0,inf5,0.7025450266698503,exact,feasible,False,0.9965223065701514,1.34807094629577,550,0.03871437129959002,0.019027186294069312,1.0,6,[0.7025450266698503],False,0.0019762715800738084,0.38964892171589266,0.1804547507789974,0.19118656875569118,0.008215854429496074,0.4191645095284162,tr0,inf2,False,1.3433827688228674,0.0,observed
553,tr0,inf5,0.7013866413053103,exact,feasible,False,0.9965223065701514,1.3433827688228674,550,0.03871437129959002,0.019027186294069312,1.0,6,[0.7013866413053103],False,0.0019762715800738084,0.38964892171589266,0.1804547507789974,0.19118656875569118,0.008215854429496074,0.4191645095284162,tr0,inf3,False,1.3387108953939604,0.0,observed
554,tr0,inf5,0.700226869376379,exact,feasible,False,0.9965223065701514,1.3387108953939604,550,0.03871437129959002,0.019027186294069312,1.0,6,[0.700226869376379],False,0.0019762715800738084,0.38964892171589266,0.1804547507789974,0.19118656875569118,0.008215854429496074,0.4191645095284162,tr0,inf4,False,1.334055269308582,0.0,observed
555,tr0,inf5,0.6990657281218485,exact,feasible,False,0.9965223065701514,1.334055269308582,550,0.03871437129959002,0.019027186294069312,1.0,6,[0.6990657281218485],False,0.0019762715800738084,0.38964892171589266,0.1804547507789974,0.19118656875569118,0.008215854429496074,0.4191645095284162,tr0,inf2,False,1.3294158340634528,0.0,observed
556,tr0,inf5,0.6979032347796645,exact,feasible,False,0.9965223065701514,1.3294158340634528,550,0.03871437129959002,0.019027186294069312,1.0,6,[0.6979032347796645],False,0.0019762715800738084,0.38964892171589266,0.1804547507789974,0.19118656875569118,0.008215854429496074,0.4191645095284162,tr0,inf3,False,1.3247925333517936,0.0,observed
557,tr0,inf5,0.6967394065860844,exact,feasible,False,0.9965223065701514,1.3247925333517936,550,0.03871437129959002,0.019027186294069312,1.0,6,[0.6967394065860844],False,0.0019762715800738084,0.38964892171589266,0.1804547507789974,0.19118656875569118,0.008215854429496074,0.4191645095284162,tr0,inf4,False,1.3201853110626436,0.0,observed
558,tr0,inf5,0.6955742607748397,exact,feasible,False,0.9965223065701514,1.3201853110626436,550,0.03871437129959002,0.019027186294069312,1.0,6,[0.6955742607748397],False,0.0019762715800738084,0.38964892171589266,0.1804547507789974,0.19118656875569118,0.008215854429496074,0.4191645095284162,tr0,inf2,False,1.3155941112801783,0.0,observed
559,tr0,inf5,0.6944078145763055,exact,feasible,False,0.9965223065701514,1.3155941112801783,550,0.03871437129959002,0.019027186294069312,1.0,6,[0.6944078145763055],False,0.0019762715800738084,0.38964892171589266,0.1804547507789974,0.19118656875569118,0.008215854429496074,0.4191645095284162,tr0,inf3,False,1.3110188782830317,0.0,observed
560,tr0,inf5,0.693240085216672,exact,feasible,False,0.9965223065701514,1.3110188782830317,550,0.03871437129959002,0.019027186294069312,1.0,6,[0.693240085216672],False,0.0019762715800738084,0.38964892171589266,0.1804547507789974,0.19118656875569118,0.008215854429496074,0.4191645095284162,tr1,inf4,False,1.3964595565436193,0.09,observed
561,tr0,inf5,0.714189199978422,exact,feasible,False,0.9965223065701514,1.3964595565436193,550,0.03871437129959002,0.019027186294069312,1.0,6,[0.714189199978422],False,0.0019762715800738084,0.38964892171589266,0.1804547507789974,0.19118656875569118,0.008215854429496074,0.4191645095284162,tr0,inf2,False,1.3916030983187784,0.0,observed
562,tr0,inf5,0.7130458206405226,exact,feasible,False,0.9965223065701514,1.3916030983187784,550,0.03871437129959002,0.019027186294069312,1.0,6,[0.7130458206405226],False,0.0019762715800738084,0.38964892171589266,0.1804547507789974,0.19118656875569118,0.008215854429496074,0.4191645095284162,tr0,inf3,False,1.3867635293667981,0.0,observed
563,tr0,inf5,0.7119008803804535,exact,feasible,False,0.9965223065701514,1.3867635293667981,550,0.03871437129959002,0.019027186294069312,1.0,6,[0.7119008803804535],False,0.0019762715800738084,0.38964892171589266,0.1804547507789974,0.19118656875569118,0.008215854429496074,0.4191645095284162,tr0,inf4,False,1.3819407909519656,0.0,observed
564,tr0,inf5,0.7107543963969902,exact,feasible,False,0.9965223065701514,1.3819407909519656,550,0.03871437129959002,0.019027186294069312,1.0,6,[0.7107543963969902],False,0.0019762715800738084,0.38964892171589266,0.1804547507789974,0.19118656875569118,0.008215854429496074,0.4191645095284162,tr0,inf2,False,1.3771348245428323,0.0,observed
565,tr0,inf5,0.7096063858968737,exact,feasible,False,0.9965223065701514,1.3771348245428323,550,0.03871437129959002,0.019027186294069312,1.0,6,[0.7096063858968737],False,0.0019762715800738084,0.38964892171589266,0.1804547507789974,0.19118656875569118,0.008215854429496074,0.4191645095284162,tr0,inf3,False,1.372345571811504,0.0,observed
566,tr0,inf5,0.7084568660939182,exact,feasible,False,0.9965223065701514,1.372345571811504,550,0.03871437129959002,0.019027186294069312,1.0,6,[0.7084568660939182],False,0.0019762715800738084,0.38964892171589266,0.1804547507789974,0.19118656875569118,0.008215854429496074,0.4191645095284162,tr0,inf4,False,1.3675729746329335,0.0,observed
567,tr0,inf5,0.7073058542081231,exact,feasible,False,0.9965223065701514,1.3675729746329335,550,0.03871437129959002,0.019027186294069312,1.0,6,[0.7073058542081231],False,0.0019762715800738084,0.38964892171589266,0.1804547507789974,0.19118656875569118,0.008215854429496074,0.4191645095284162,tr0,inf2,False,1.362816975084214,0.0,observed
568,tr0,inf5,0.7061533674647891,exact,feasible,False,0.9965223065701514,1.362816975084214,550,0.03871437129959002,0.019027186294069312,1.0,6,[0.7061533674647891],False,0.0019762715800738084,0.38964892171589266,0.1804547507789974,0.19118656875569118,0.008215854429496074,0.4191645095284162,tr0,inf3,False,1.3580775154438776,0.0,observed
569,tr0,inf5,0.70499942309364,exact,feasible,False,0.9965223065701514,1.3580775154438776,550,0.03871437129959002,0.019027186294069312,1.0,6,[0.70499942309364],False,0.0019762715800738084,0.38964892171589266,0.1804547507789974,0.19118656875569118,0.008215854429496074,0.4191645095284162,tr0,inf4,False,1.3533545381911933,0.0,observed
570,tr0,inf5,0.7038440383279495,exact,feasible,False,0.9965223065701514,1.3533545381911933,550,0.03871437129959002,0.019027186294069312,1.0,6,[0.7038440383279495],False,0.0019762715800738084,0.38964892171589266,0.1804547507789974,0.19118656875569118,0.008215854429496074,0.4191645095284162,tr1,inf2,False,1.4386479860054702,0.09,observed
571,tr0,inf5,0.7238916218362978,exact,feasible,False,0.9965223065701514,1.4386479860054702,550,0.03871437129959002,0.019027186294069312,1.0,6,[0.7238916218362978],False,0.0019762715800738084,0.38964892171589266,0.1804547507789974,0.19118656875569118,0.008215854429496074,0.4191645095284162,tr0,inf3,False,1.433644809356674,0.0,observed
572,tr0,inf5,0.7227622779556497,exact,feasible,False,0.9965223065701514,1.433644809356674,550,0.03871437129959002,0.019027186294069312,1.0,6,[0.7227622779556497],False,0.0019762715800738084,0.38964892171589266,0.1804547507789974,0.19118656875569118,0.008215854429496074,0.4191645095284162,tr0,inf4,False,1.4286590322224377,0.0,observed
573,tr0,inf5,0.7216312266688981,exact,feasible,False,0.9965223065701514,1.4286590322224377,550,0.03871437129959002,0.019027186294069312,1.0,6,[0.7216312266688981],False,0.0019762715800738084,0.38964892171589266,0.1804547507789974,0.19118656875569118,0.008215854429496074,0.4191645095284162,tr0,inf2,False,1.423690594092584,0.0,observed
574,tr0,inf5,0.7204984850696863,exact,feasible,False,0.9965223065701514,1.423690594092584,550,0.03871437129959002,0.019027186294069312,1.0,6,[0.7204984850696863],False,0.0019762715800738084,0.38964892171589266,0.1804547507789974,0.19118656875569118,0.008215854429496074,0.4191645095284162,tr0,inf3,False,1.418739434667371,0.0,observed
575,tr0,inf5,0.7193640702674415,exact,feasible,False,0.9965223065701514,1.418739434667371,550,0.03871437129959002,0.019027186294069312,1.0,6,[0.7193640702674415],False,0.0019762715800738084,0.38964892171589266,0.1804547507789974,0.19118656875569118,0.008215854429496074,0.4191645095284162,tr0,inf4,False,1.413805493856761,0.0,observed
576,tr0,inf5,0.7182279993864435,exact,feasible,False,0.9965223065701514,1.413805493856761,550,0.03871437129959002,0.019027186294069312,1.0,6,[0.7182279993864435],False,0.0019762715800738084,0.38964892171589266,0.1804547507789974,0.19118656875569118,0.008215854429496074,0.4191645095284162,tr0,inf2,False,1.4088887117796915,0.0,observed
577,tr0,inf5,0.717090289564896,exact,feasible,False,0.9965223065701514,1.4088887117796915,550,0.03871437129959002,0.019027186294069312,1.0,6,[0.717090289564896],False,0.0019762715800738084,0.38964892171589266,0.1804547507789974,0.19118656875569118,0.008215854429496074,0.4191645095284162,tr0,inf3,False,1.4039890287633474,0.0,observed
578,tr0,inf5,0.7159509579540043,exact,feasible,False,0.9965223065701514,1.4039890287633474,550,0.03871437129959002,0.019027186294069312,1.0,6,[0.7159509579540043],False,0.0019762715800738084,0.38964892171589266,0.1804547507789974,0.19118656875569118,0.008215854429496074,0.4191645095284162,tr0,inf4,False,1.3991063853424377,0.0,observed
579,tr0,inf5,0.7148100217170565,exact,feasible,False,0.9965223065701514,1.3991063853424377,550,0.03871437129959002,0.019027186294069312,1.0,6,[0.7148100217170565],False,0.0019762715800738084,0.38964892171589266,0.1804547507789974,0.19118656875569118,0.008215854429496074,0.4191645095284162,tr0,inf2,False,1.3942407222584732,0.0,observed
580,tr0,inf5,0.7136674980285087,exact,feasible,False,0.9965223065701514,1.3942407222584732,550,0.03871437129959002,0.019027186294069312,1.0,6,[0.7136674980285087],False,0.0019762715800738084,0.38964892171589266,0.1804547507789974,0.19118656875569118,0.008215854429496074,0.4191645095284162,tr1,inf3,False,1.4793919804590476,0.09,observed
581,tr0,inf5,0.7328812076965094,exact,feasible,False,0.9965223065701514,1.4793919804590476,550,0.03871437129959002,0.019027186294069312,1.0,6,[0.7328812076965094],False,0.0019762715800738084,0.38964892171589266,0.1804547507789974,0.19118656875569118,0.008215854429496074,0.4191645095284162,tr0,inf4,False,1.4742471086884346,0.0,observed
582,tr0,inf5,0.731766166729525,exact,feasible,False,0.9965223065701514,1.4742471086884346,550,0.03871437129959002,0.019027186294069312,1.0,6,[0.731766166729525],False,0.0019762715800738084,0.38964892171589266,0.1804547507789974,0.19118656875569118,0.008215854429496074,0.4191645095284162,tr0,inf2,False,1.4691201292045755,0.0,observed
583,tr0,inf5,0.7306492820100983,exact,feasible,False,0.9965223065701514,1.4691201292045755,550,0.03871437129959002,0.019027186294069312,1.0,6,[0.7306492820100983],False,0.0019762715800738084,0.38964892171589266,0.1804547507789974,0.19118656875569118,0.008215854429496074,0.4191645095284162,tr0,inf3,False,1.4640109797835823,0.0,observed
584,tr0,inf5,0.7295305704711529,exact,feasible,False,0.9965223065701514,1.4640109797835823,550,0.03871437129959002,0.019027186294069312,1.0,6,[0.7295305704711529],False,0.0019762715800738084,0.38964892171589266,0.1804547507789974,0.19118656875569118,0.008215854429496074,0.4191645095284162,tr0,inf4,False,1.4589195984179628,0.0,observed
585,tr0,inf5,0.7284100490690179,exact,feasible,False,0.9965223065701514,1.4589195984179628,550,0.03871437129959002,0.019027186294069312,1.0,6,[0.7284100490690179],False,0.0019762715800738084,0.38964892171589266,0.1804547507789974,0.19118656875569118,0.008215854429496074,0.4191645095284162,tr0,inf2,False,1.4538459233158674,0.0,observed
586,tr0,inf5,0.7272877347824626,exact,feasible,False,0.9965223065701514,1.4538459233158674,550,0.03871437129959002,0.019027186294069312,1.0,6,[0.7272877347824626],False,0.0019762715800738084,0.38964892171589266,0.1804547507789974,0.19118656875569118,0.008215854429496074,0.4191645095284162,tr0,inf3,False,1.4487898929003395,0.0,observed
587,tr0,inf5,0.7261636446117363,exact,feasible,False,0.9965223065701514,1.4487898929003395,550,0.03871437129959002,0.019027186294069312,1.0,6,[0.7261636446117363],False,0.0019762715800738084,0.38964892171589266,0.1804547507789974,0.19118656875569118,0.008215854429496074,0.4191645095284162,tr0,inf4,False,1.443751445808569,0.0,observed
588,tr0,inf5,0.7250377955776119,exact,feasible,False,0.9965223065701514,1.443751445808569,550,0.03871437129959002,0.019027186294069312,1.0,6,[0.7250377955776119],False,0.0019762715800738084,0.38964892171589266,0.1804547507789974,0.19118656875569118,0.008215854429496074,0.4191645095284162,tr0,inf2,False,1.438730520891146,0.0,observed
589,tr0,inf5,0.7239102047204315,exact,feasible,False,0.9965223065701514,1.438730520891146,550,0.03871437129959002,0.019027186294069312,1.0,6,[0.7239102047204315],False,0.0019762715800738084,0.38964892171589266,0.1804547507789974,0.19118656875569118,0.008215854429496074,0.4191645095284162,tr0,inf3,False,1.4337270572113203,0.0,observed
590,tr0,inf5,0.7227808890991586,exact,feasible,False,0.9965223065701514,1.4337270572113203,550,0.03871437129959002,0.019027186294069312,1.0,6,[0.7227808890991586],False,0.0019762715800738084,0.38964892171589266,0.1804547507789974,0.19118656875569118,0.008215854429496074,0.4191645095284162,tr1,inf4,False,1.5187409940442604,0.09,observed
591,tr0,inf5,0.7412221656711864,exact,feasible,False,0.9965223065701514,1.5187409940442604,550,0.03871437129959002,0.019027186294069312,1.0,6,[0.7412221656711864],False,0.0019762715800738084,0.38964892171589266,0.1804547507789974,0.19118656875569118,0.008215854429496074,0.4191645095284162,tr0,inf2,False,1.513459278467631,0.0,observed
592,tr0,inf5,0.740121559456143,exact,feasible,False,0.9965223065701514,1.513459278467631,550,0.03871437129959002,0.019027186294069312,1.0,6,[0.740121559456143],False,0.0019762715800738084,0.38964892171589266,0.1804547507789974,0.19118656875569118,0.008215854429496074,0.4191645095284162,tr0,inf3,False,1.5081959310785609,0.0,observed
593,tr0,inf5,0.7390189827492446,exact,feasible,False,0.9965223065701514,1.5081959310785609,550,0.03871437129959002,0.019027186294069312,1.0,6,[0.7390189827492446],False,0.0019762715800738084,0.38964892171589266,0.1804547507789974,0.19118656875569118,0.008215854429496074,0.4191645095284162,tr0,inf4,False,1.5029508879981246,0.0,observed
594,tr0,inf5,0.7379144522756512,exact,feasible,False,0.9965223065701514,1.5029508879981246,550,0.03871437129959002,0.019027186294069312,1.0,6,[0.7379144522756512],False,0.0019762715800738084,0.38964892171589266,0.1804547507789974,0.19118656875569118,0.008215854429496074,0.4191645095284162,tr0,inf2,False,1.4977240855695484,0.0,observed
595,tr0,inf5,0.7368079847913152,exact,feasible,False,0.9965223065701514,1.4977240855695484,550,0.03871437129959002,0.019027186294069312,1.0,6,[0.7368079847913152],False,0.0019762715800738084,0.38964892171589266,0.1804547507789974,0.19118656875569118,0.008215854429496074,0.4191645095284162,tr0,inf3,False,1.492515460357437,0.0,observed
596,tr0,inf5,0.7356995970819896,exact,feasible,False,0.9965223065701514,1.492515460357437,550,0.03871437129959002,0.019027186294069312,1.0,6,[0.7356995970819896],False,0.0019762715800738084,0.38964892171589266,0.1804547507789974,0.19118656875569118,0.008215854429496074,0.4191645095284162,tr0,inf4,False,1.4873249491470046,0.0,observed
597,tr0,inf5,0.7345893059622404,exact,feasible,False,0.9965223065701514,1.4873249491470046,550,0.03871437129959002,0.019027186294069312,1.0,6,[0.7345893059622404],False,0.0019762715800738084,0.38964892171589266,0.1804547507789974,0.19118656875569118,0.008215854429496074,0.4191645095284162,tr0,inf2,False,1.4821524889433062,0.0,observed
598,tr0,inf5,0.7334771282744603,exact,feasible,False,0.9965223065701514,1.4821524889433062,550,0.03871437129959002,0.019027186294069312,1.0,6,[0.7334771282744603],False,0.0019762715800738084,0.38964892171589266,0.1804547507789974,0.19118656875569118,0.008215854429496074,0.4191645095284162,tr0,inf3,False,1.4769980169704744,0.0,observed
599,tr0,inf5,0.7323630808878886,exact,feasible,False,0.9965223065701514,1.4769980169704744,550,0.03871437129959002,0.019027186294069312,1.0,6,[0.7323630808878886],False,0.0019762715800738084,0.38964892171589266,0.1804547507789974,0.19118656875569118,0.008215854429496074,0.4191645095284162,tr0,inf4,False,1.4718614706709567,0.0,observed
600,tr0,inf5,0.7312471806976325,exact,feasible,False,0.9965223065701514,1.4718614706709567,550,0.03871437129959002,0.019027186294069312,1.0,6,[0.7312471806976325],False,0.0019762715800738084,0.38964892171589266,0.1804547507789974,0.19118656875569118,0.008215854429496074,0.4191645095284162,tr1,inf2,False,1.556742787704757,0.09,observed
601,tr0,inf5,0.7479565375117844,exact,feasible,False,0.9961260728432003,1.556742787704757,600,0.04259042198614631,0.023334669895397436,1.0,6,[0.7479565375117844],False,0.021201818006328584,0.40035223007190485,0.21897826145088772,0.15573338942314333,0.0,0.4439143805049518,tr0,inf3,False,1.5507120795433156,0.0,observed
602,tr0,inf5,0.7467479032059553,exact,feasible,False,0.9961260728432003,1.5507120795433156,600,0.04259042198614631,0.023334669895397436,1.0,6,[0.7467479032059553],False,0.021201818006328584,0.40035223007190485,0.21897826145088772,0.15573338942314333,0.0,0.4439143805049518,tr0,inf4,False,1.5447047339059954,0.0,observed
603,tr0,inf5,0.7455366826026125,exact,feasible,False,0.9961260728432003,1.5447047339059954,600,0.04259042198614631,0.023334669895397436,1.0,6,[0.7455366826026125],False,0.021201818006328584,0.40035223007190485,0.21897826145088772,0.15573338942314333,0.0,0.4439143805049518,tr0,inf2,False,1.5387206602880799,0.0,observed
604,tr0,inf5,0.7443228984698191,exact,feasible,False,0.9961260728432003,1.5387206602880799,600,0.04259042198614631,0.023334669895397436,1.0,6,[0.7443228984698191],False,0.021201818006328584,0.40035223007190485,0.21897826145088772,0.15573338942314333,0.0,0.4439143805049518,tr0,inf3,False,1.532759768535461,0.0,observed
605,tr0,inf5,0.7431065736336304,exact,feasible,False,0.9961260728432003,1.532759768535461,600,0.04259042198614631,0.023334669895397436,1.0,6,[0.7431065736336304],False,0.021201818006328584,0.40035223007190485,0.21897826145088772,0.15573338942314333,0.0,0.4439143805049518,tr0,inf4,False,1.5268219688432816,0.0,observed
606,tr0,inf5,0.7418877309763594,exact,feasible,False,0.9961260728432003,1.5268219688432816,600,0.04259042198614631,0.023334669895397436,1.0,6,[0.7418877309763594],False,0.021201818006328584,0.40035223007190485,0.21897826145088772,0.15573338942314333,0.0,0.4439143805049518,tr0,inf2,False,1.5209071717545812,0.0,observed
607,tr0,inf5,0.7406663934348446,exact,feasible,False,0.9961260728432003,1.5209071717545812,600,0.04259042198614631,0.023334669895397436,1.0,6,[0.7406663934348446],False,0.021201818006328584,0.40035223007190485,0.21897826145088772,0.15573338942314333,0.0,0.4439143805049518,tr0,inf3,False,1.5150152881589498,0.0,observed
608,tr0,inf5,0.7394425839987268,exact,feasible,False,0.9961260728432003,1.5150152881589498,600,0.04259042198614631,0.023334669895397436,1.0,6,[0.7394425839987268],False,0.021201818006328584,0.40035223007190485,0.21897826145088772,0.15573338942314333,0.0,0.4439143805049518,tr0,inf4,False,1.5091462292911841,0.0,observed
609,tr0,inf5,0.7382163257087286,exact,feasible,False,0.9961260728432003,1.5091462292911841,600,0.04259042198614631,0.023334669895397436,1.0,6,[0.7382163257087286],False,0.021201818006328584,0.40035223007190485,0.21897826145088772,0.15573338942314333,0.0,0.4439143805049518,tr0,inf2,False,1.5032999067299513,0.0,observed
610,tr0,inf5,0.736987641654942,exact,feasible,False,0.9961260728432003,1.5032999067299513,600,0.04259042198614631,0.023334669895397436,1.0,6,[0.736987641654942],False,0.021201818006328584,0.40035223007190485,0.21897826145088772,0.15573338942314333,0.0,0.4439143805049518,tr1,inf3,False,1.5874762323964557,0.09,observed
611,tr0,inf5,0.7540039702120348,exact,feasible,False,0.9961260728432003,1.5874762323964557,600,0.04259042198614631,0.023334669895397436,1.0,6,[0.7540039702120348],False,0.021201818006328584,0.40035223007190485,0.21897826145088772,0.15573338942314333,0.0,0.4439143805049518,tr0,inf4,False,1.581326465109001,0.0,observed
612,tr0,inf5,0.7528087063181366,exact,feasible,False,0.9961260728432003,1.581326465109001,600,0.04259042198614631,0.023334669895397436,1.0,6,[0.7528087063181366],False,0.021201818006328584,0.40035223007190485,0.21897826145088772,0.15573338942314333,0.0,0.4439143805049518,tr0,inf2,False,1.5752005215720493,0.0,observed
613,tr0,inf5,0.7516107423941618,exact,feasible,False,0.9961260728432003,1.5752005215720493,600,0.04259042198614631,0.023334669895397436,1.0,6,[0.7516107423941618],False,0.021201818006328584,0.40035223007190485,0.21897826145088772,0.15573338942314333,0.0,0.4439143805049518,tr0,inf3,False,1.5690983094941262,0.0,observed
614,tr0,inf5,0.7504101008895088,exact,feasible,False,0.9961260728432003,1.5690983094941262,600,0.04259042198614631,0.023334669895397436,1.0,6,[0.7504101008895088],False,0.021201818006328584,0.40035223007190485,0.21897826145088772,0.15573338942314333,0.0,0.4439143805049518,tr0,inf4,False,1.5630197369412884,0.0,observed
615,tr0,inf5,0.749206804320387,exact,feasible,False,0.9961260728432003,1.5630197369412884,600,0.04259042198614631,0.023334669895397436,1.0,6,[0.749206804320387],False,0.021201818006328584,0.40035223007190485,0.21897826145088772,0.15573338942314333,0.0,0.4439143805049518,tr0,inf2,False,1.5569647123357375,0.0,observed
616,tr0,inf5,0.7480008752680586,exact,feasible,False,0.9961260728432003,1.5569647123357375,600,0.04259042198614631,0.023334669895397436,1.0,6,[0.7480008752680586],False,0.021201818006328584,0.40035223007190485,0.21897826145088772,0.15573338942314333,0.0,0.4439143805049518,tr0,inf3,False,1.5509331444544412,0.0,observed
617,tr0,inf5,0.7467923363770806,exact,feasible,False,0.9961260728432003,1.5509331444544412,600,0.04259042198614631,0.023334669895397436,1.0,6,[0.7467923363770806],False,0.021201818006328584,0.40035223007190485,0.21897826145088772,0.15573338942314333,0.0,0.4439143805049518,tr0,inf4,False,1.5449249424277585,0.0,observed
618,tr0,inf5,0.745581210353555,exact,feasible,False,0.9961260728432003,1.5449249424277585,600,0.04259042198614631,0.023334669895397436,1.0,6,[0.745581210353555],False,0.021201818006328584,0.40035223007190485,0.21897826145088772,0.15573338942314333,0.0,0.4439143805049518,tr0,inf2,False,1.5389400157380704,0.0,observed
619,tr0,inf5,0.7443675199633815,exact,feasible,False,0.9961260728432003,1.5389400157380704,600,0.04259042198614631,0.023334669895397436,1.0,6,[0.7443675199633815],False,0.021201818006328584,0.40035223007190485,0.21897826145088772,0.15573338942314333,0.0,0.4439143805049518,tr0,inf3,False,1.532978274218417,0.0,observed
620,tr0,inf5,0.7431512880305164,exact,feasible,False,0.9961260728432003,1.532978274218417,600,0.04259042198614631,0.023334669895397436,1.0,6,[0.7431512880305164],False,0.021201818006328584,0.40035223007190485,0.21897826145088772,0.15573338942314333,0.0,0.4439143805049518,tr1,inf4,False,1.6170396280511385,0.09,observed
621,tr0,inf5,0.7596483931820242,exact,feasible,False,0.9961260728432003,1.6170396280511385,600,0.04259042198614631,0.023334669895397436,1.0,6,[0.7596483931820242],False,0.021201818006328584,0.40035223007190485,0.21897826145088772,0.15573338942314333,0.0,0.4439143805049518,tr0,inf2,False,1.61077533432241,0.0,observed
622,tr0,inf5,0.7584662695288732,exact,feasible,False,0.9961260728432003,1.61077533432241,600,0.04259042198614631,0.023334669895397436,1.0,6,[0.7584662695288732],False,0.021201818006328584,0.40035223007190485,0.21897826145088772,0.15573338942314333,0.0,0.4439143805049518,tr0,inf3,False,1.6045353080112754,0.0,observed
623,tr0,inf5,0.7572813400940578,exact,feasible,False,0.9961260728432003,1.6045353080112754,600,0.04259042198614631,0.023334669895397436,1.0,6,[0.7572813400940578],False,0.021201818006328584,0.40035223007190485,0.21897826145088772,0.15573338942314333,0.0,0.4439143805049518,tr0,inf4,False,1.5983194551075266,0.0,observed
624,tr0,inf5,0.7560936269851617,exact,feasible,False,0.9961260728432003,1.5983194551075266,600,0.04259042198614631,0.023334669895397436,1.0,6,[0.7560936269851617],False,0.021201818006328584,0.40035223007190485,0.21897826145088772,0.15573338942314333,0.0,0.4439143805049518,tr0,inf2,False,1.5921276819651442,0.0,observed
625,tr0,inf5,0.754903152385006,exact,feasible,False,0.9961260728432003,1.5921276819651442,600,0.04259042198614631,0.023334669895397436,1.0,6,[0.754903152385006],False,0.021201818006328584,0.40035223007190485,0.21897826145088772,0.15573338942314333,0.0,0.4439143805049518,tr0,inf3,False,1.5859598953008869,0.0,observed
626,tr0,inf5,0.7537099385498688,exact,feasible,False,0.9961260728432003,1.5859598953008869,600,0.04259042198614631,0.023334669895397436,1.0,6,[0.7537099385498688],False,0.021201818006328584,0.40035223007190485,0.21897826145088772,0.15573338942314333,0.0,0.4439143805049518,tr0,inf4,False,1.5798160021928855,0.0,observed
627,tr0,inf5,0.7525140078077096,exact,feasible,False,0.9961260728432003,1.5798160021928855,600,0.04259042198614631,0.023334669895397436,1.0,6,[0.7525140078077096],False,0.021201818006328584,0.40035223007190485,0.21897826145088772,0.15573338942314333,0.0,0.4439143805049518,tr0,inf2,False,1.5736959100792438,0.0,observed
628,tr0,inf5,0.7513153825563977,exact,feasible,False,0.9961260728432003,1.5736959100792438,600,0.04259042198614631,0.023334669895397436,1.0,6,[0.7513153825563977],False,0.021201818006328584,0.40035223007190485,0.21897826145088772,0.15573338942314333,0.0,0.4439143805049518,tr0,inf3,False,1.5675995267566432,0.0,observed
629,tr0,inf5,0.7501140852619446,exact,feasible,False,0.9961260728432003,1.5675995267566432,600,0.04259042198614631,0.023334669895397436,1.0,6,[0.7501140852619446],False,0.021201818006328584,0.40035223007190485,0.21897826145088772,0.15573338942314333,0.0,0.4439143805049518,tr0,inf4,False,1.5615267603789542,0.0,observed
630,tr0,inf5,0.7489101384567394,exact,feasible,False,0.9961260728432003,1.5615267603789542,600,0.04259042198614631,0.023334669895397436,1.0,6,[0.7489101384567394],False,0.021201818006328584,0.40035223007190485,0.21897826145088772,0.15573338942314333,0.0,0.4439143805049518,tr1,inf2,False,1.6454775194558529,0.09,observed
631,tr0,inf5,0.7649227150048792,exact,feasible,False,0.9961260728432003,1.6454775194558529,600,0.04259042198614631,0.023334669895397436,1.0,6,[0.7649227150048792],False,0.021201818006328584,0.40035223007190485,0.21897826145088772,0.15573338942314333,0.0,0.4439143805049518,tr0,inf3,False,1.6391030594073295,0.0,observed
632,tr0,inf5,0.7637534640704241,exact,feasible,False,0.9961260728432003,1.6391030594073295,600,0.04259042198614631,0.023334669895397436,1.0,6,[0.7637534640704241],False,0.021201818006328584,0.40035223007190485,0.21897826145088772,0.15573338942314333,0.0,0.4439143805049518,tr0,inf4,False,1.632753293552698,0.0,observed
633,tr0,inf5,0.7625813090335521,exact,feasible,False,0.9961260728432003,1.632753293552698,600,0.04259042198614631,0.023334669895397436,1.0,6,[0.7625813090335521],False,0.021201818006328584,0.40035223007190485,0.21897826145088772,0.15573338942314333,0.0,0.4439143805049518,tr0,inf2,False,1.6264281262284501,0.0,observed
634,tr0,inf5,0.761406271641895,exact,feasible,False,0.9961260728432003,1.6264281262284501,600,0.04259042198614631,0.023334669895397436,1.0,6,[0.761406271641895],False,0.021201818006328584,0.40035223007190485,0.21897826145088772,0.15573338942314333,0.0,0.4439143805049518,tr0,inf3,False,1.6201274621416708,0.0,observed
635,tr0,inf5,0.7602283737263511,exact,feasible,False,0.9961260728432003,1.6201274621416708,600,0.04259042198614631,0.023334669895397436,1.0,6,[0.7602283737263511],False,0.021201818006328584,0.40035223007190485,0.21897826145088772,0.15573338942314333,0.0,0.4439143805049518,tr0,inf4,False,1.6138512063686032,0.0,observed
636,tr0,inf5,0.7590476371992925,exact,feasible,False,0.9961260728432003,1.6138512063686032,600,0.04259042198614631,0.023334669895397436,1.0,6,[0.7590476371992925],False,0.021201818006328584,0.40035223007190485,0.21897826145088772,0.15573338942314333,0.0,0.4439143805049518,tr0,inf2,False,1.607599264353218,0.0,observed
637,tr0,inf5,0.7578640840527755,exact,feasible,False,0.9961260728432003,1.607599264353218,600,0.04259042198614631,0.023334669895397436,1.0,6,[0.7578640840527755],False,0.021201818006328584,0.40035223007190485,0.21897826145088772,0.15573338942314333,0.0,0.4439143805049518,tr0,inf3,False,1.6013715419057888,0.0,observed
638,tr0,inf5,0.7566777363567522,exact,feasible,False,0.9961260728432003,1.6013715419057888,600,0.04259042198614631,0.023334669895397436,1.0,6,[0.7566777363567522],False,0.021201818006328584,0.40035223007190485,0.21897826145088772,0.15573338942314333,0.0,0.4439143805049518,tr0,inf4,False,1.5951679452014738,0.0,observed
639,tr0,inf5,0.755488616257287,exact,feasible,False,0.9961260728432003,1.5951679452014738,600,0.04259042198614631,0.023334669895397436,1.0,6,[0.755488616257287],False,0.021201818006328584,0.40035223007190485,0.21897826145088772,0.15573338942314333,0.0,0.4439143805049518,tr0,inf2,False,1.5889883807789014,0.0,observed
640,tr0,inf5,0.754296745974776,exact,feasible,False,0.9961260728432003,1.5889883807789014,600,0.04259042198614631,0.023334669895397436,1.0,6,[0.754296745974776],False,0.021201818006328584,0.40035223007190485,0.21897826145088772,0.15573338942314333,0.0,0.4439143805049518,tr1,inf3,False,1.672832755538763,0.09,observed
641,tr0,inf5,0.7698566484236914,exact,feasible,False,0.9961260728432003,1.672832755538763,600,0.04259042198614631,0.023334669895397436,1.0,6,[0.7698566484236914],False,0.021201818006328584,0.40035223007190485,0.21897826145088772,0.15573338942314333,0.0,0.4439143805049518,tr0,inf4,False,1.6663523232982973,0.0,observed
642,tr0,inf5,0.7686999740755444,exact,feasible,False,0.9961260728432003,1.6663523232982973,600,0.04259042198614631,0.023334669895397436,1.0,6,[0.7686999740755444],False,0.021201818006328584,0.40035223007190485,0.21897826145088772,0.15573338942314333,0.0,0.4439143805049518,tr0,inf2,False,1.6598969957802758,0.0,observed
643,tr0,inf5,0.7675403042140891,exact,feasible,False,0.9961260728432003,1.6598969957802758,600,0.04259042198614631,0.023334669895397436,1.0,6,[0.7675403042140891],False,0.021201818006328584,0.40035223007190485,0.21897826145088772,0.15573338942314333,0.0,0.4439143805049518,tr0,inf3,False,1.6534666757308325,0.0,observed
644,tr0,inf5,0.7663776602132158,exact,feasible,False,0.9961260728432003,1.6534666757308325,600,0.04259042198614631,0.023334669895397436,1.0,6,[0.7663776602132158],False,0.021201818006328584,0.40035223007190485,0.21897826145088772,0.15573338942314333,0.0,0.4439143805049518,tr0,inf4,False,1.6470612662728554,0.0,observed
645,tr0,inf5,0.765212063537723,exact,feasible,False,0.9961260728432003,1.6470612662728554,600,0.04259042198614631,0.023334669895397436,1.0,6,[0.765212063537723],False,0.021201818006328584,0.40035223007190485,0.21897826145088772,0.15573338942314333,0.0,0.4439143805049518,tr0,inf2,False,1.640680670904528,0.0,observed
646,tr0,inf5,0.764043535741514,exact,feasible,False,0.9961260728432003,1.640680670904528,600,0.04259042198614631,0.023334669895397436,1.0,6,[0.764043535741514],False,0.021201818006328584,0.40035223007190485,0.21897826145088772,0.15573338942314333,0.0,0.4439143805049518,tr0,inf3,False,1.6343247934978746,0.0,observed
647,tr0,inf5,0.7628720984657976,exact,feasible,False,0.9961260728432003,1.6343247934978746,600,0.04259042198614631,0.023334669895397436,1.0,6,[0.7628720984657976],False,0.021201818006328584,0.40035223007190485,0.21897826145088772,0.15573338942314333,0.0,0.4439143805049518,tr0,inf4,False,1.627993538297312,0.0,observed
648,tr0,inf5,0.7616977734372908,exact,feasible,False,0.9961260728432003,1.627993538297312,600,0.04259042198614631,0.023334669895397436,1.0,6,[0.7616977734372908],False,0.021201818006328584,0.40035223007190485,0.21897826145088772,0.15573338942314333,0.0,0.4439143805049518,tr0,inf2,False,1.6216868099182078,0.0,observed
649,tr0,inf5,0.7605205824664211,exact,feasible,False,0.9961260728432003,1.6216868099182078,600,0.04259042198614631,0.023334669895397436,1.0,6,[0.7605205824664211],False,0.021201818006328584,0.40035223007190485,0.21897826145088772,0.15573338942314333,0.0,0.4439143805049518,tr0,inf3,False,1.6154045133454418,0.0,observed
650,tr0,inf5,0.7593405474455346,exact,feasible,False,0.9961260728432003,1.6154045133454418,600,0.04259042198614631,0.023334669895397436,1.0,6,[0.7593405474455346],False,0.021201818006328584,0.40035223007190485,0.21897826145088772,0.15573338942314333,0.0,0.4439143805049518,tr1,inf4,False,1.6991465539319761,0.09,observed
651,tr2,inf5,0.9609261800697289,exact,feasible,True,0.9407772937219763,1.6991465539319761,650,0.6173566642150374,0.4917086570410343,1.0,30,[0.9609261800697289],False,0.6129311240126467,0.17600684640100192,1.0,0.41686753480553945,0.22747046841577587,0.40712561879345865,tr0,inf2,False,1.5985184966451464,0.0,observed
652,tr2,inf5,0.9680797539479293,exact,feasible,True,0.9407772937219763,1.5985184966451464,650,0.6173566642150374,0.4917086570410343,1.0,30,[0.9680797539479293],False,0.6129311240126467,0.17600684640100192,1.0,0.41686753480553945,0.22747046841577587,0.40712561879345865,tr0,inf3,False,1.503849905238343,0.0,observed
653,tr2,inf5,0.9747048130363232,exact,feasible,True,0.9407772937219763,1.503849905238343,650,0.6173566642150374,0.4917086570410343,1.0,30,[0.9747048130363232],False,0.6129311240126467,0.17600684640100192,1.0,0.41686753480553945,0.22747046841577587,0.40712561879345865,tr0,inf4,False,1.4147878440141788,0.0,observed
654,tr2,inf5,0.9807963130829533,exact,feasible,True,0.9407772937219763,1.4147878440141788,650,0.6173566642150374,0.4917086570410343,1.0,30,[0.9807963130829533],False,0.6129311240126467,0.17600684640100192,1.0,0.41686753480553945,0.22747046841577587,0.40712561879345865,tr0,inf2,False,1.3310002790824087,0.0,observed
655,tr2,inf5,0.9863560314341739,exact,feasible,True,0.9407772937219763,1.3310002790824087,650,0.6173566642150374,0.4917086570410343,1.0,30,[0.9863560314341739],False,0.6129311240126467,0.17600684640100192,1.0,0.41686753480553945,0.22747046841577587,0.40712561879345865,tr0,inf3,False,1.2521748404983435,0.0,observed
656,tr2,inf5,0.9913917600090205,exact,feasible,True,0.9407772937219763,1.2521748404983435,650,0.6173566642150374,0.4917086570410343,1.0,30,[0.9913917600090205],False,0.6129311240126467,0.17600684640100192,1.0,0.41686753480553945,0.22747046841577587,0.40712561879345865,tr0,inf4,False,1.1780176577107788,0.0,observed
657,tr3,inf4,1.000445149416243,exact,feasible,True,0.9407772937219763,1.1780176577107788,650,0.6173566642150374,0.4917086570410343,1.0,30,[1.000445149416243],False,0.6129311240126467,0.17600684640100192,1.0,0.41686753480553945,0.22747046841577587,0.40712561879345865,tr0,inf2,False,1.1082522639778478,0.0,observed
658,tr3,inf4,1.0117658856093574,exact,feasible,True,0.9407772937219763,1.1082522639778478,650,0.6173566642150374,0.4917086570410343,1.0,30,[1.0117658856093574],False,0.6129311240126467,0.17600684640100192,1.0,0.41686753480553945,0.22747046841577587,0.40712561879345865,tr0,inf3,False,1.042618565666333,0.0,observed
659,tr3,inf4,1.0224789137681656,exact,feasible,True,0.9407772937219763,1.042618565666333,650,0.6173566642150374,0.4917086570410343,1.0,30,[1.0224789137681656],False,0.6129311240126467,0.17600684640100192,1.0,0.41686753480553945,0.22747046841577587,0.40712561879345865,tr0,inf4,False,0.9808718725918613,0.0,observed
660,tr3,inf4,1.0320232753068055,exact,feasible,True,0.9407772937219763,0.9808718725918613,650,0.6173566642150374,0.4917086570410343,1.0,30,[1.0320232753068055],False,0.6129311240126467,0.17600684640100192,1.0,0.41686753480553945,0.22747046841577587,0.40712561879345865,tr1,inf2,False,1.0127819857849785,0.09,observed
661,tr3,inf4,1.0267817303582538,exact,feasible,True,0.9407772937219763,1.0127819857849785,650,0.6173566642150374,0.4917086570410343,1.0,30,[1.0267817303582538],False,0.6129311240126467,0.17600684640100192,1.0,0.41686753480553945,0.22747046841577587,0.40712561879345865,tr0,inf3,False,0.9528022957171611,0.0,observed
662,tr3,inf4,1.0366379646515127,exact,feasible,True,0.9407772937219763,0.9528022957171611,650,0.6173566642150374,0.4917086570410343,1.0,30,[1.0366379646515127],False,0.6129311240126467,0.17600684640100192,1.0,0.41686753480553945,0.22747046841577587,0.40712561879345865,tr0,inf4,False,0.896374765216877,0.0,observed
663,tr3,inf4,1.045180842832143,exact,feasible,True,0.9407772937219763,0.896374765216877,650,0.6173566642150374,0.4917086570410343,1.0,30,[1.045180842832143],False,0.6129311240126467,0.17600684640100192,1.0,0.41686753480553945,0.22747046841577587,0.40712561879345865,tr0,inf2,False,0.8432890257814054,0.0,observed
664,tr3,inf4,1.0539303807752978,exact,feasible,True,0.9407772937219763,0.8432890257814054,650,0.6173566642150374,0.4917086570410343,1.0,30,[1.0539303807752978],False,0.6129311240126467,0.17600684640100192,1.0,0.41686753480553945,0.22747046841577587,0.40712561879345865,tr0,inf3,False,0.7933471675000725,0.0,observed
665,tr3,inf4,1.0621417585777004,exact,feasible,True,0.9407772937219763,0.7933471675000725,650,0.6173566642150374,0.4917086570410343,1.0,30,[1.0621417585777004],False,0.6129311240126467,0.17600684640100192,1.0,0.41686753480553945,0.22747046841577587,0.40712561879345865,tr0,inf4,False,0.7463630012227136,0.0,observed
666,tr3,inf4,1.0689454313503477,exact,feasible,True,0.9407772937219763,0.7463630012227136,650,0.6173566642150374,0.4917086570410343,1.0,30,[1.0689454313503477],False,0.6129311240126467,0.17600684640100192,1.0,0.41686753480553945,0.22747046841577587,0.40712561879345865,tr0,inf2,False,0.7021613644245166,0.0,observed
667,tr3,inf4,1.0761833728035837,exact,feasible,True,0.9407772937219763,0.7021613644245166,650,0.6173566642150374,0.4917086570410343,1.0,30,[1.0761833728035837],False,0.6129311240126467,0.17600684640100192,1.0,0.41686753480553945,0.22747046841577587,0.40712561879345865,tr0,inf3,False,0.6605774681794271,0.0,observed
668,tr3,inf4,1.082950935109848,exact,feasible,True,0.9407772937219763,0.6605774681794271,650,0.6173566642150374,0.4917086570410343,1.0,30,[1.082950935109848],False,0.6129311240126467,0.17600684640100192,1.0,0.41686753480553945,0.22747046841577587,0.40712561879345865,tr0,inf4,False,0.6214562828075563,0.0,observed
669,tr3,inf4,1.0887192598245592,exact,feasible,True,0.9407772937219763,0.6214562828075563,650,0.6173566642150374,0.4917086570410343,1.0,30,[1.0887192598245592],False,0.6129311240126467,0.17600684640100192,1.0,0.41686753480553945,0.22747046841577587,0.40712561879345865,tr0,inf2,False,0.5846519599062119,0.0,observed
670,tr3,inf4,1.0946419969905405,exact,feasible,True,0.9407772937219763,0.5846519599062119,650,0.6173566642150374,0.4917086570410343,1.0,30,[1.0946419969905405],False,0.6129311240126467,0.17600684640100192,1.0,0.41686753480553945,0.22747046841577587,0.40712561879345865,tr1,inf3,False,0.6400272886098154,0.09,observed
671,tr3,inf4,1.0857128480788785,exact,feasible,True,0.9407772937219763,0.6400272886098154,650,0.6173566642150374,0.4917086570410343,1.0,30,[1.0857128480788785],False,0.6129311240126467,0.17600684640100192,1.0,0.41686753480553945,0.22747046841577587,0.40712561879345865,tr0,inf4,False,0.6021231404865564,0.0,observed
672,tr3,inf4,1.0917995895054196,exact,feasible,True,0.9407772937219763,0.6021231404865564,650,0.6173566642150374,0.4917086570410343,1.0,30,[1.0917995895054196],False,0.6129311240126467,0.17600684640100192,1.0,0.41686753480553945,0.22747046841577587,0.40712561879345865,tr0,inf2,False,0.5664637785943198,0.0,observed
673,tr3,inf4,1.0975143210666372,exact,feasible,True,0.9407772937219763,0.5664637785943198,650,0.6173566642150374,0.4917086570410343,1.0,30,[1.0975143210666372],False,0.6129311240126467,0.17600684640100192,1.0,0.41686753480553945,0.22747046841577587,0.40712561879345865,tr0,inf3,False,0.532916260617489,0.0,observed
674,tr3,inf4,1.102841874675347,exact,feasible,True,0.9407772937219763,0.532916260617489,650,0.6173566642150374,0.4917086570410343,1.0,30,[1.102841874675347],False,0.6129311240126467,0.17600684640100192,1.0,0.41686753480553945,0.22747046841577587,0.40712561879345865,tr0,inf4,False,0.5013555174441567,0.0,observed
675,tr3,inf4,1.1077301308236476,exact,feasible,True,0.9407772937219763,0.5013555174441567,650,0.6173566642150374,0.4917086570410343,1.0,30,[1.1077301308236476],False,0.6129311240126467,0.17600684640100192,1.0,0.41686753480553945,0.22747046841577587,0.40712561879345865,tr0,inf2,False,0.4716638868936948,0.0,observed
676,tr3,inf4,1.112355203547927,exact,feasible,True,0.9407772937219763,0.4716638868936948,650,0.6173566642150374,0.4917086570410343,1.0,30,[1.112355203547927],False,0.6129311240126467,0.17600684640100192,1.0,0.41686753480553945,0.22747046841577587,0.40712561879345865,tr0,inf3,False,0.44373067505823854,0.0,observed
677,tr3,inf4,1.1166599278350549,exact,feasible,True,0.9407772937219763,0.44373067505823854,650,0.6173566642150374,0.4917086570410343,1.0,30,[1.1166599278350549],False,0.6129311240126467,0.17600684640100192,1.0,0.41686753480553945,0.22747046841577587,0.40712561879345865,tr0,inf4,False,0.4174517436227153,0.0,observed
678,tr3,inf4,1.1204187218242012,exact,feasible,True,0.9407772937219763,0.4174517436227153,650,0.6173566642150374,0.4917086570410343,1.0,30,[1.1204187218242012],False,0.6129311240126467,0.17600684640100192,1.0,0.41686753480553945,0.22747046841577587,0.40712561879345865,tr0,inf2,False,0.39272912162489837,0.0,observed
679,tr3,inf4,1.1241557840994743,exact,feasible,True,0.9407772937219763,0.39272912162489837,650,0.6173566642150374,0.4917086570410343,1.0,30,[1.1241557840994743],False,0.6129311240126467,0.17600684640100192,1.0,0.41686753480553945,0.22747046841577587,0.40712561879345865,tr0,inf3,False,0.36947064020808074,0.0,observed
680,tr3,inf4,1.1276312973697213,exact,feasible,True,0.9407772937219763,0.36947064020808074,650,0.6173566642150374,0.4917086570410343,1.0,30,[1.1276312973697213],False,0.6129311240126467,0.17600684640100192,1.0,0.41686753480553945,0.22747046841577587,0.40712561879345865,tr1,inf4,False,0.43758958900468414,0.09,observed
681,tr3,inf4,1.1172354660763755,exact,feasible,True,0.9407772937219763,0.43758958900468414,650,0.6173566642150374,0.4917086570410343,1.0,30,[1.1172354660763755],False,0.6129311240126467,0.17600684640100192,1.0,0.41686753480553945,0.22747046841577587,0.40712561879345865,tr0,inf2,False,0.4116743493047386,0.0,observed
682,tr3,inf4,1.121192357374557,exact,feasible,True,0.9407772937219763,0.4116743493047386,650,0.6173566642150374,0.4917086570410343,1.0,30,[1.121192357374557],False,0.6129311240126467,0.17600684640100192,1.0,0.41686753480553945,0.22747046841577587,0.40712561879345865,tr0,inf3,False,0.38729388023366756,0.0,observed
683,tr3,inf4,1.1248731071976246,exact,feasible,True,0.9407772937219763,0.38729388023366756,650,0.6173566642150374,0.4917086570410343,1.0,30,[1.1248731071976246],False,0.6129311240126467,0.17600684640100192,1.0,0.41686753480553945,0.22747046841577587,0.40712561879345865,tr0,inf4,False,0.364357288521313,0.0,observed
684,tr3,inf4,1.1282189278647226,exact,feasible,True,0.9407772937219763,0.364357288521313,650,0.6173566642150374,0.4917086570410343,1.0,30,[1.1282189278647226],False,0.6129311240126467,0.17600684640100192,1.0,0.41686753480553945,0.22747046841577587,0.40712561879345865,tr0,inf2,False,0.34277906384295814,0.0,observed
685,tr3,inf4,1.1314059183171208,exact,feasible,True,0.9407772937219763,0.34277906384295814,650,0.6173566642150374,0.4917086570410343,1.0,30,[1.1314059183171208],False,0.6129311240126467,0.17600684640100192,1.0,0.41686753480553945,0.22747046841577587,0.40712561879345865,tr0,inf3,False,0.3224787600267307,0.0,observed
686,tr3,inf4,1.1343693230189391,exact,feasible,True,0.9407772937219763,0.3224787600267307,650,0.6173566642150374,0.4917086570410343,1.0,30,[1.1343693230189391],False,0.6129311240126467,0.17600684640100192,1.0,0.41686753480553945,0.22747046841577587,0.40712561879345865,tr0,inf4,False,0.3033806951407663,0.0,observed
687,tr3,inf4,1.1372048280120386,exact,feasible,True,0.9407772937219763,0.3033806951407663,650,0.6173566642150374,0.4917086570410343,1.0,30,[1.1372048280120386],False,0.6129311240126467,0.17600684640100192,1.0,0.41686753480553945,0.22747046841577587,0.40712561879345865,tr0,inf2,False,0.28541366934202206,0.0,observed
688,tr3,inf4,1.1397628136236568,exact,feasible,True,0.9407772937219763,0.28541366934202206,650,0.6173566642150374,0.4917086570410343,1.0,30,[1.1397628136236568],False,0.6129311240126467,0.17600684640100192,1.0,0.41686753480553945,0.22747046841577587,0.40712561879345865,tr0,inf3,False,0.2685106994348465,0.0,observed
689,tr3,inf4,1.1421413504105222,exact,feasible,True,0.9407772937219763,0.2685106994348465,650,0.6173566642150374,0.4917086570410343,1.0,30,[1.1421413504105222],False,0.6129311240126467,0.17600684640100192,1.0,0.41686753480553945,0.22747046841577587,0.40712561879345865,tr0,inf4,False,0.25260876914970987,0.0,observed
690,tr3,inf4,1.1442015093765825,exact,feasible,True,0.9407772937219763,0.25260876914970987,650,0.6173566642150374,0.4917086570410343,1.0,30,[1.1442015093765825],False,0.6129311240126467,0.17600684640100192,1.0,0.41686753480553945,0.22747046841577587,0.40712561879345865,tr1,inf2,False,0.3276485942111035,0.09,observed
691,tr3,inf4,1.1335135301196178,exact,feasible,True,0.9407772937219763,0.3276485942111035,650,0.6173566642150374,0.4917086570410343,1.0,30,[1.1335135301196178],False,0.6129311240126467,0.17600684640100192,1.0,0.41686753480553945,0.22747046841577587,0.40712561879345865,tr0,inf3,False,0.30824435775373193,0.0,observed
692,tr3,inf4,1.1363269630050412,exact,feasible,True,0.9407772937219763,0.30824435775373193,650,0.6173566642150374,0.4917086570410343,1.0,30,[1.1363269630050412],False,0.6129311240126467,0.17600684640100192,1.0,0.41686753480553945,0.22747046841577587,0.40712561879345865,tr0,inf4,False,0.2899892926926246,0.0,observed
693,tr3,inf4,1.138901319163276,exact,feasible,True,0.9407772937219763,0.2899892926926246,650,0.6173566642150374,0.4917086570410343,1.0,30,[1.138901319163276],False,0.6129311240126467,0.17600684640100192,1.0,0.41686753480553945,0.22747046841577587,0.40712561879345865,tr0,inf2,False,0.2728153419877174,0.0,observed
694,tr3,inf4,1.141336298859454,exact,feasible,True,0.9407772937219763,0.2728153419877174,650,0.6173566642150374,0.4917086570410343,1.0,30,[1.141336298859454],False,0.6129311240126467,0.17600684640100192,1.0,0.41686753480553945,0.22747046841577587,0.40712561879345865,tr0,inf3,False,0.25665847912104023,0.0,observed
695,tr3,inf4,1.143600915398173,exact,feasible,True,0.9407772937219763,0.25665847912104023,650,0.6173566642150374,0.4917086570410343,1.0,30,[1.143600915398173],False,0.6129311240126467,0.17600684640100192,1.0,0.41686753480553945,0.22747046841577587,0.40712561879345865,tr0,inf4,False,0.24145846939829058,0.0,observed
696,tr3,inf4,1.1455649231248195,exact,feasible,True,0.9407772937219763,0.24145846939829058,650,0.6173566642150374,0.4917086570410343,1.0,30,[1.1455649231248195],False,0.6129311240126467,0.17600684640100192,1.0,0.41686753480553945,0.22747046841577587,0.40712561879345865,tr0,inf2,False,0.22715864538677444,0.0,observed
697,tr3,inf4,1.1475320631971953,exact,feasible,True,0.9407772937219763,0.22715864538677444,650,0.6173566642150374,0.4917086570410343,1.0,30,[1.1475320631971953],False,0.6129311240126467,0.17600684640100192,1.0,0.41686753480553945,0.22747046841577587,0.40712561879345865,tr0,inf3,False,0.21370569565251973,0.0,observed
698,tr3,inf4,1.1493626192562447,exact,feasible,True,0.9407772937219763,0.21370569565251973,650,0.6173566642150374,0.4917086570410343,1.0,30,[1.1493626192562447],False,0.6129311240126467,0.17600684640100192,1.0,0.41686753480553945,0.22747046841577587,0.40712561879345865,tr0,inf4,False,0.20104946600894982,0.0,observed
699,tr3,inf4,1.1510140323552946,exact,feasible,True,0.9407772937219763,0.20104946600894982,650,0.6173566642150374,0.4917086570410343,1.0,30,[1.1510140323552946],False,0.6129311240126467,0.17600684640100192,1.0,0.41686753480553945,0.22747046841577587,0.40712561879345865,tr0,inf2,False,0.18914277253614828,0.0,observed
700,tr3,inf4,1.1526030674343493,exact,feasible,True,0.9407772937219763,0.18914277253614828,650,0.6173566642150374,0.4917086570410343,1.0,30,[1.1526030674343493],False,0.6129311240126467,0.17600684640100192,1.0,0.41686753480553945,0.22747046841577587,0.40712561879345865,tr1,inf3,False,0.2679412256736289,0.09,observed
701,tr0,inf5,0.22396869708749229,exact,feasible,False,0.9975707496082548,0.2679412256736289,700,0.0272556507266949,0.01243991668048594,1.0,6,[0.22396869708749229],False,0.01697256517531796,0.3279976466531123,0.17328682247013064,0.12516063819718612,0.0,0.5468417151497015,tr0,inf4,False,0.2672903293461965,0.0,observed
702,tr0,inf5,0.22349410564524042,exact,feasible,False,0.9975707496082548,0.2672903293461965,700,0.0272556507266949,0.01243991668048594,1.0,6,[0.22349410564524042],False,0.01697256517531796,0.3279976466531123,0.17328682247013064,0.12516063819718612,0.0,0.5468417151497015,tr0,inf2,False,0.26664101420892256,0.0,observed
703,tr0,inf5,0.22302035921929872,exact,feasible,False,0.9975707496082548,0.26664101420892256,700,0.0272556507266949,0.01243991668048594,1.0,6,[0.22302035921929872],False,0.01697256517531796,0.3279976466531123,0.17328682247013064,0.12516063819718612,0.0,0.5468417151497015,tr0,inf3,False,0.2659932764207002,0.0,observed
704,tr0,inf5,0.22254745705194498,exact,feasible,False,0.9975707496082548,0.2659932764207002,700,0.0272556507266949,0.01243991668048594,1.0,6,[0.22254745705194498],False,0.01697256517531796,0.3279976466531123,0.17328682247013064,0.12516063819718612,0.0,0.5468417151497015,tr0,inf4,False,0.2653471121497536,0.0,observed
705,tr0,inf5,0.22207539838233192,exact,feasible,False,0.9975707496082548,0.2653471121497536,700,0.0272556507266949,0.01243991668048594,1.0,6,[0.22207539838233192],False,0.01697256517531796,0.3279976466531123,0.17328682247013064,0.12516063819718612,0.0,0.5468417151497015,tr0,inf2,False,0.26470251757361535,0.0,observed
706,tr0,inf5,0.22160418244651078,exact,feasible,False,0.9975707496082548,0.26470251757361535,700,0.0272556507266949,0.01243991668048594,1.0,6,[0.22160418244651078],False,0.01697256517531796,0.3279976466531123,0.17328682247013064,0.12516063819718612,0.0,0.5468417151497015,tr0,inf3,False,0.2640594888791037,0.0,observed
707,tr0,inf5,0.2211338084774541,exact,feasible,False,0.9975707496082548,0.2640594888791037,700,0.0272556507266949,0.01243991668048594,1.0,6,[0.2211338084774541],False,0.01697256517531796,0.3279976466531123,0.17328682247013064,0.12516063819718612,0.0,0.5468417151497015,tr0,inf4,False,0.2634180222623001,0.0,observed
708,tr0,inf5,0.22066427570507915,exact,feasible,False,0.9975707496082548,0.2634180222623001,700,0.0272556507266949,0.01243991668048594,1.0,6,[0.22066427570507915],False,0.01697256517531796,0.3279976466531123,0.17328682247013064,0.12516063819718612,0.0,0.5468417151497015,tr0,inf2,False,0.2627781139285266,0.0,observed
709,tr0,inf5,0.2201955833562707,exact,feasible,False,0.9975707496082548,0.2627781139285266,700,0.0272556507266949,0.01243991668048594,1.0,6,[0.2201955833562707],False,0.01697256517531796,0.3279976466531123,0.17328682247013064,0.12516063819718612,0.0,0.5468417151497015,tr0,inf3,False,0.26213976009232365,0.0,observed
710,tr0,inf5,0.21972773065490417,exact,feasible,False,0.9975707496082548,0.26213976009232365,700,0.0272556507266949,0.01243991668048594,1.0,6,[0.21972773065490417],False,0.01697256517531796,0.3279976466531123,0.17328682247013064,0.12516063819718612,0.0,0.5468417151497015,tr1,inf4,False,0.3515029569774274,0.09,observed
711,tr0,inf5,0.2824013104274065,exact,feasible,False,0.9975707496082548,0.3515029569774274,700,0.0272556507266949,0.01243991668048594,1.0,6,[0.2824013104274065],False,0.01697256517531796,0.3279976466531123,0.17328682247013064,0.12516063819718612,0.0,0.5468417151497015,tr0,inf2,False,0.3506490682814904,0.0,observed
712,tr0,inf5,0.2818285631519635,exact,feasible,False,0.9975707496082548,0.3506490682814904,700,0.0272556507266949,0.01243991668048594,1.0,6,[0.2818285631519635],False,0.01697256517531796,0.3279976466531123,0.17328682247013064,0.12516063819718612,0.0,0.5468417151497015,tr0,inf3,False,0.3497972538950025,0.0,observed
713,tr0,inf5,0.2812567197335149,exact,feasible,False,0.9975707496082548,0.3497972538950025,700,0.0272556507266949,0.01243991668048594,1.0,6,[0.2812567197335149],False,0.01697256517531796,0.3279976466531123,0.17328682247013064,0.12516063819718612,0.0,0.5468417151497015,tr0,inf4,False,0.34894750877894665,0.0,observed
714,tr0,inf5,0.28068577992854493,exact,feasible,False,0.9975707496082548,0.34894750877894665,700,0.0272556507266949,0.01243991668048594,1.0,6,[0.28068577992854493],False,0.01697256517531796,0.3279976466531123,0.17328682247013064,0.12516063819718612,0.0,0.5468417151497015,tr0,inf2,False,0.34809982790654687,0.0,observed
715,tr0,inf5,0.28011574348731266,exact,feasible,False,0.9975707496082548,0.34809982790654687,700,0.0272556507266949,0.01243991668048594,1.0,6,[0.28011574348731266],False,0.01697256517531796,0.3279976466531123,0.17328682247013064,0.12516063819718612,0.0,0.5468417151497015,tr0,inf3,False,0.34725420626323844,0.0,observed
716,tr0,inf5,0.2795466101538836,exact,feasible,False,0.9975707496082548,0.34725420626323844,700,0.0272556507266949,0.01243991668048594,1.0,6,[0.2795466101538836],False,0.01697256517531796,0.3279976466531123,0.17328682247013064,0.12516063819718612,0.0,0.5468417151497015,tr0,inf4,False,0.3464106388466383,0.0,observed
717,tr0,inf5,0.2789783796661619,exact,feasible,False,0.9975707496082548,0.3464106388466383,700,0.0272556507266949,0.01243991668048594,1.0,6,[0.2789783796661619],False,0.01697256517531796,0.3279976466531123,0.17328682247013064,0.12516063819718612,0.0,0.5468417151497015,tr0,inf2,False,0.3455691206665154,0.0,observed
718,tr0,inf5,0.27841105175592185,exact,feasible,False,0.9975707496082548,0.3455691206665154,700,0.0272556507266949,0.01243991668048594,1.0,6,[0.27841105175592185],False,0.01697256517531796,0.3279976466531123,0.17328682247013064,0.12516063819718612,0.0,0.5468417151497015,tr0,inf3,False,0.3447296467447612,0.0,observed
719,tr0,inf5,0.27784462614884015,exact,feasible,False,0.9975707496082548,0.3447296467447612,700,0.0272556507266949,0.01243991668048594,1.0,6,[0.27784462614884015],False,0.01697256517531796,0.3279976466531123,0.17328682247013064,0.12516063819718612,0.0,0.5468417151497015,tr0,inf4,False,0.3438922121153603,0.0,observed
720,tr0,inf5,0.27727910256452726,exact,feasible,False,0.9975707496082548,0.3438922121153603,700,0.0272556507266949,0.01243991668048594,1.0,6,[0.27727910256452726],False,0.01697256517531796,0.3279976466531123,0.17328682247013064,0.12516063819718612,0.0,0.5468417151497015,tr1,inf2,False,0.43305681182436095,0.09,observed
721,tr0,inf5,0.3349100969619745,exact,feasible,False,0.9975707496082548,0.43305681182436095,700,0.0272556507266949,0.01243991668048594,1.0,6,[0.3349100969619745],False,0.01697256517531796,0.3279976466531123,0.17328682247013064,0.12516063819718612,0.0,0.5468417151497015,tr0,inf3,False,0.43200480839458866,0.0,observed
722,tr0,inf5,0.3342596624734497,exact,feasible,False,0.9975707496082548,0.43200480839458866,700,0.0272556507266949,0.01243991668048594,1.0,6,[0.3342596624734497],False,0.01697256517531796,0.3279976466531123,0.17328682247013064,0.12516063819718612,0.0,0.5468417151497015,tr0,inf4,False,0.4309553605445603,0.0,observed
723,tr0,inf5,0.3336101259270293,exact,feasible,False,0.9975707496082548,0.4309553605445603,700,0.0272556507266949,0.01243991668048594,1.0,6,[0.3336101259270293],False,0.01697256517531796,0.3279976466531123,0.17328682247013064,0.12516063819718612,0.0,0.5468417151497015,tr0,inf2,False,0.4299084620661327,0.0,observed
724,tr0,inf5,0.33296148773871503,exact,feasible,False,0.9975707496082548,0.4299084620661327,700,0.0272556507266949,0.01243991668048594,1.0,6,[0.33296148773871503],False,0.01697256517531796,0.3279976466531123,0.17328682247013064,0.12516063819718612,0.0,0.5468417151497015,tr0,inf3,False,0.428864106766244,0.0,observed
725,tr0,inf5,0.3323137483153338,exact,feasible,False,0.9975707496082548,0.428864106766244,700,0.0272556507266949,0.01243991668048594,1.0,6,[0.3323137483153338],False,0.01697256517531796,0.3279976466531123,0.17328682247013064,0.12516063819718612,0.0,0.5468417151497015,tr0,inf4,False,0.4278222884668766,0.0,observed
726,tr0,inf5,0.33166690805457416,exact,feasible,False,0.9975707496082548,0.4278222884668766,700,0.0272556507266949,0.01243991668048594,1.0,6,[0.33166690805457416],False,0.01697256517531796,0.3279976466531123,0.17328682247013064,0.12516063819718612,0.0,0.5468417151497015,tr0,inf2,False,0.4267830010050211,0.0,observed
727,tr0,inf5,0.3310209673450219,exact,feasible,False,0.9975707496082548,0.4267830010050211,700,0.0272556507266949,0.01243991668048594,1.0,6,[0.3310209673450219],False,0.01697256517531796,0.3279976466531123,0.17328682247013064,0.12516063819718612,0.0,0.5468417151497015,tr0,inf3,False,0.4257462382326394,0.0,observed
728,tr0,inf5,0.33037592656619635,exact,feasible,False,0.9975707496082548,0.4257462382326394,700,0.0272556507266949,0.01243991668048594,1.0,6,[0.33037592656619635],False,0.01697256517531796,0.3279976466531123,0.17328682247013064,0.12516063819718612,0.0,0.5468417151497015,tr0,inf4,False,0.4247119940166287,0.0,observed
729,tr0,inf5,0.3297317860885862,exact,feasible,False,0.9975707496082548,0.4247119940166287,700,0.0272556507266949,0.01243991668048594,1.0,6,[0.3297317860885862],False,0.01697256517531796,0.3279976466531123,0.17328682247013064,0.12516063819718612,0.0,0.5468417151497015,tr0,inf2,False,0.42368026223878485,0.0,observed
730,tr0,inf5,0.32908854627368567,exact,feasible,False,0.9975707496082548,0.42368026223878485,700,0.0272556507266949,0.01243991668048594,1.0,6,[0.32908854627368567],False,0.01697256517531796,0.3279976466531123,0.17328682247013064,0.12516063819718612,0.0,0.5468417151497015,tr1,inf3,False,0.5126510367957665,0.09,observed
731,tr0,inf5,0.3821893353135573,exact,feasible,False,0.9975707496082548,0.5126510367957665,700,0.0272556507266949,0.01243991668048594,1.0,6,[0.3821893353135573],False,0.01697256517531796,0.3279976466531123,0.17328682247013064,0.12516063819718612,0.0,0.5468417151497015,tr0,inf4,False,0.5114056790638017,0.0,observed
732,tr0,inf5,0.381478195180594,exact,feasible,False,0.9975707496082548,0.5114056790638017,700,0.0272556507266949,0.01243991668048594,1.0,6,[0.381478195180594],False,0.01697256517531796,0.3279976466531123,0.17328682247013064,0.12516063819718612,0.0,0.5468417151497015,tr0,inf2,False,0.5101633466175952,0.0,observed
733,tr0,inf5,0.38076789963691526,exact,feasible,False,0.9975707496082548,0.5101633466175952,700,0.0272556507266949,0.01243991668048594,1.0,6,[0.38076789963691526],False,0.01697256517531796,0.3279976466531123,0.17328682247013064,0.12516063819718612,0.0,0.5468417151497015,tr0,inf3,False,0.5089240321079703,0.0,observed
734,tr0,inf5,0.38005844982312387,exact,feasible,False,0.9975707496082548,0.5089240321079703,700,0.0272556507266949,0.01243991668048594,1.0,6,[0.38005844982312387],False,0.01697256517531796,0.3279976466531123,0.17328682247013064,0.12516063819718612,0.0,0.5468417151497015,tr0,inf4,False,0.5076877282036034,0.0,observed
735,tr0,inf5,0.37934984686815537,exact,feasible,False,0.9975707496082548,0.5076877282036034,700,0.0272556507266949,0.01243991668048594,1.0,6,[0.37934984686815537],False,0.01697256517531796,0.3279976466531123,0.17328682247013064,0.12516063819718612,0.0,0.5468417151497015,tr0,inf2,False,0.5064544275909806,0.0,observed
736,tr0,inf5,0.3786420918893129,exact,feasible,False,0.9975707496082548,0.5064544275909806,700,0.0272556507266949,0.01243991668048594,1.0,6,[0.3786420918893129],False,0.01697256517531796,0.3279976466531123,0.17328682247013064,0.12516063819718612,0.0,0.5468417151497015,tr0,inf3,False,0.505224122974354,0.0,observed
737,tr0,inf5,0.37793518599230225,exact,feasible,False,0.9975707496082548,0.505224122974354,700,0.0272556507266949,0.01243991668048594,1.0,6,[0.37793518599230225],False,0.01697256517531796,0.3279976466531123,0.17328682247013064,0.12516063819718612,0.0,0.5468417151497015,tr0,inf4,False,0.5039968070756995,0.0,observed
738,tr0,inf5,0.37722913027126714,exact,feasible,False,0.9975707496082548,0.5039968070756995,700,0.0272556507266949,0.01243991668048594,1.0,6,[0.37722913027126714],False,0.01697256517531796,0.3279976466531123,0.17328682247013064,0.12516063819718612,0.0,0.5468417151497015,tr0,inf2,False,0.5027724726346725,0.0,observed
739,tr0,inf5,0.37652392580882377,exact,feasible,False,0.9975707496082548,0.5027724726346725,700,0.0272556507266949,0.01243991668048594,1.0,6,[0.37652392580882377],False,0.01697256517531796,0.3279976466531123,0.17328682247013064,0.12516063819718612,0.0,0.5468417151497015,tr0,inf3,False,0.501551112408566,0.0,observed
740,tr0,inf5,0.37581957367609675,exact,feasible,False,0.9975707496082548,0.501551112408566,700,0.0272556507266949,0.01243991668048594,1.0,6,[0.37581957367609675],False,0.01697256517531796,0.3279976466531123,0.17328682247013064,0.12516063819718612,0.0,0.5468417151497015,tr1,inf4,False,0.5903327191722672,0.09,observed
741,tr0,inf5,0.42484238259655976,exact,feasible,False,0.9975707496082548,0.5903327191722672,700,0.0272556507266949,0.01243991668048594,1.0,6,[0.42484238259655976],False,0.01697256517531796,0.3279976466531123,0.17328682247013064,0.12516063819718612,0.0,0.5468417151497015,tr0,inf2,False,0.5888986531829579,0.0,observed
742,tr0,inf5,0.4240846177329558,exact,feasible,False,0.9975707496082548,0.5888986531829579,700,0.0272556507266949,0.01243991668048594,1.0,6,[0.4240846177329558],False,0.01697256517531796,0.3279976466531123,0.17328682247013064,0.12516063819718612,0.0,0.5468417151497015,tr0,inf3,False,0.5874680708990149,0.0,observed
743,tr0,inf5,0.42332761016619813,exact,feasible,False,0.9975707496082548,0.5874680708990149,700,0.0272556507266949,0.01243991668048594,1.0,6,[0.42332761016619813],False,0.01697256517531796,0.3279976466531123,0.17328682247013064,0.12516063819718612,0.0,0.5468417151497015,tr0,inf4,False,0.5860409638576456,0.0,observed
744,tr0,inf5,0.42257136177080745,exact,feasible,False,0.9975707496082548,0.5860409638576456,700,0.0272556507266949,0.01243991668048594,1.0,6,[0.42257136177080745],False,0.01697256517531796,0.3279976466531123,0.17328682247013064,0.12516063819718612,0.0,0.5468417151497015,tr0,inf2,False,0.5846173236166157,0.0,observed
745,tr0,inf5,0.4218158744077582,exact,feasible,False,0.9975707496082548,0.5846173236166157,700,0.0272556507266949,0.01243991668048594,1.0,6,[0.4218158744077582],False,0.01697256517531796,0.3279976466531123,0.17328682247013064,0.12516063819718612,0.0,0.5468417151497015,tr0,inf3,False,0.5831971417541989,0.0,observed
746,tr0,inf5,0.4210611499245079,exact,feasible,False,0.9975707496082548,0.5831971417541989,700,0.0272556507266949,0.01243991668048594,1.0,6,[0.4210611499245079],False,0.01697256517531796,0.3279976466531123,0.17328682247013064,0.12516063819718612,0.0,0.5468417151497015,tr0,inf4,False,0.5817804098691278,0.0,observed
747,tr0,inf5,0.42030719015502616,exact,feasible,False,0.9975707496082548,0.5817804098691278,700,0.0272556507266949,0.01243991668048594,1.0,6,[0.42030719015502616],False,0.01697256517531796,0.3279976466531123,0.17328682247013064,0.12516063819718612,0.0,0.5468417151497015,tr0,inf2,False,0.5803671195805435,0.0,observed
748,tr0,inf5,0.4195539969198241,exact,feasible,False,0.9975707496082548,0.5803671195805435,700,0.0272556507266949,0.01243991668048594,1.0,6,[0.4195539969198241],False,0.01697256517531796,0.3279976466531123,0.17328682247013064,0.12516063819718612,0.0,0.5468417151497015,tr0,inf3,False,0.5789572625279464,0.0,observed
749,tr0,inf5,0.41880157202598384,exact,feasible,False,0.9975707496082548,0.5789572625279464,700,0.0272556507266949,0.01243991668048594,1.0,6,[0.41880157202598384],False,0.01697256517531796,0.3279976466531123,0.17328682247013064,0.12516063819718612,0.0,0.5468417151497015,tr0,inf4,False,0.5775508303711466,0.0,observed
750,tr0,inf5,0.41804991726718777,exact,feasible,False,0.9975707496082548,0.5775508303711466,700,0.0272556507266949,0.01243991668048594,1.0,6,[0.41804991726718777],False,0.01697256517531796,0.3279976466531123,0.17328682247013064,0.12516063819718612,0.0,0.5468417151497015,tr1,inf2,False,0.6661478147902147,0.09,observed
751,tr0,inf5,0.4608898139599658,exact,feasible,False,0.996102288174962,0.6661478147902147,750,0.04274189601268307,0.023918007201168406,1.0,6,[0.4608898139599658],False,0.026485330571691914,0.30632549908433765,0.22621457461764435,0.14830772342876725,0.0019792099253277077,0.5453667774868952,tr0,inf3,False,0.6635513625752837,0.0,observed
752,tr0,inf5,0.45962415085209646,exact,feasible,False,0.996102288174962,0.6635513625752837,750,0.04274189601268307,0.023918007201168406,1.0,6,[0.45962415085209646],False,0.026485330571691914,0.30632549908433765,0.22621457461764435,0.14830772342876725,0.0019792099253277077,0.5453667774868952,tr0,inf4,False,0.6609650305828539,0.0,observed
753,tr0,inf5,0.45836014965474076,exact,feasible,False,0.996102288174962,0.6609650305828539,750,0.04274189601268307,0.023918007201168406,1.0,6,[0.45836014965474076],False,0.026485330571691914,0.30632549908433765,0.22621457461764435,0.14830772342876725,0.0019792099253277077,0.5453667774868952,tr0,inf2,False,0.6583887793672146,0.0,observed
754,tr0,inf5,0.4570978209358794,exact,feasible,False,0.996102288174962,0.6583887793672146,750,0.04274189601268307,0.023918007201168406,1.0,6,[0.4570978209358794],False,0.026485330571691914,0.30632549908433765,0.22621457461764435,0.14830772342876725,0.0019792099253277077,0.5453667774868952,tr0,inf3,False,0.6558225696364027,0.0,observed
755,tr0,inf5,0.4558371751661167,exact,feasible,False,0.996102288174962,0.6558225696364027,750,0.04274189601268307,0.023918007201168406,1.0,6,[0.4558371751661167],False,0.026485330571691914,0.30632549908433765,0.22621457461764435,0.14830772342876725,0.0019792099253277077,0.5453667774868952,tr0,inf4,False,0.6532663622516042,0.0,observed
756,tr0,inf5,0.4545782227188854,exact,feasible,False,0.996102288174962,0.6532663622516042,750,0.04274189601268307,0.023918007201168406,1.0,6,[0.4545782227188854],False,0.026485330571691914,0.30632549908433765,0.22621457461764435,0.14830772342876725,0.0019792099253277077,0.5453667774868952,tr0,inf2,False,0.6507201182265566,0.0,observed
757,tr0,inf5,0.45332097387065573,exact,feasible,False,0.996102288174962,0.6507201182265566,750,0.04274189601268307,0.023918007201168406,1.0,6,[0.45332097387065573],False,0.026485330571691914,0.30632549908433765,0.22621457461764435,0.14830772342876725,0.0019792099253277077,0.5453667774868952,tr0,inf3,False,0.6481837987269549,0.0,observed
758,tr0,inf5,0.4520654388011484,exact,feasible,False,0.996102288174962,0.6481837987269549,750,0.04274189601268307,0.023918007201168406,1.0,6,[0.4520654388011484],False,0.026485330571691914,0.30632549908433765,0.22621457461764435,0.14830772342876725,0.0019792099253277077,0.5453667774868952,tr0,inf4,False,0.6456573650698588,0.0,observed
759,tr0,inf5,0.45081162759355226,exact,feasible,False,0.996102288174962,0.6456573650698588,750,0.04274189601268307,0.023918007201168406,1.0,6,[0.45081162759355226],False,0.026485330571691914,0.30632549908433765,0.22621457461764435,0.14830772342876725,0.0019792099253277077,0.5453667774868952,tr0,inf2,False,0.6431407787231032,0.0,observed
760,tr0,inf5,0.4495595502347456,exact,feasible,False,0.996102288174962,0.6431407787231032,750,0.04274189601268307,0.023918007201168406,1.0,6,[0.4495595502347456],False,0.026485330571691914,0.30632549908433765,0.22621457461764435,0.14830772342876725,0.0019792099253277077,0.5453667774868952,tr1,inf3,False,0.73063400130471,0.09,observed
761,tr0,inf5,0.4912925590040311,exact,feasible,False,0.996102288174962,0.73063400130471,750,0.04274189601268307,0.023918007201168406,1.0,6,[0.4912925590040311],False,0.026485330571691914,0.30632549908433765,0.22621457461764435,0.14830772342876725,0.0019792099253277077,0.5453667774868952,tr0,inf4,False,0.7277862005180499,0.0,observed
762,tr0,inf5,0.4899909036708505,exact,feasible,False,0.996102288174962,0.7277862005180499,750,0.04274189601268307,0.023918007201168406,1.0,6,[0.4899909036708505],False,0.026485330571691914,0.30632549908433765,0.22621457461764435,0.14830772342876725,0.0019792099253277077,0.5453667774868952,tr0,inf2,False,0.7249494996381912,0.0,observed
763,tr0,inf5,0.48869063136550045,exact,feasible,False,0.996102288174962,0.7249494996381912,750,0.04274189601268307,0.023918007201168406,1.0,6,[0.48869063136550045],False,0.026485330571691914,0.30632549908433765,0.22621457461764435,0.14830772342876725,0.0019792099253277077,0.5453667774868952,tr0,inf3,False,0.7221238554008961,0.0,observed
764,tr0,inf5,0.4873917550078559,exact,feasible,False,0.996102288174962,0.7221238554008961,750,0.04274189601268307,0.023918007201168406,1.0,6,[0.4873917550078559],False,0.026485330571691914,0.30632549908433765,0.22621457461764435,0.14830772342876725,0.0019792099253277077,0.5453667774868952,tr0,inf4,False,0.719309224710558,0.0,observed
765,tr0,inf5,0.4860942874169844,exact,feasible,False,0.996102288174962,0.719309224710558,750,0.04274189601268307,0.023918007201168406,1.0,6,[0.4860942874169844],False,0.026485330571691914,0.30632549908433765,0.22621457461764435,0.14830772342876725,0.0019792099253277077,0.5453667774868952,tr0,inf2,False,0.7165055646395448,0.0,observed
766,tr0,inf5,0.4847982413112302,exact,feasible,False,0.996102288174962,0.7165055646395448,750,0.04274189601268307,0.023918007201168406,1.0,6,[0.4847982413112302],False,0.026485330571691914,0.30632549908433765,0.22621457461764435,0.14830772342876725,0.0019792099253277077,0.5453667774868952,tr0,inf3,False,0.7137128324275438,0.0,observed
767,tr0,inf5,0.48350362930830487,exact,feasible,False,0.996102288174962,0.7137128324275438,750,0.04274189601268307,0.023918007201168406,1.0,6,[0.48350362930830487],False,0.026485330571691914,0.30632549908433765,0.22621457461764435,0.14830772342876725,0.0019792099253277077,0.5453667774868952,tr0,inf4,False,0.7109309854809096,0.0,observed
768,tr0,inf5,0.4822104639253827,exact,feasible,False,0.996102288174962,0.7109309854809096,750,0.04274189601268307,0.023918007201168406,1.0,6,[0.4822104639253827],False,0.026485330571691914,0.30632549908433765,0.22621457461764435,0.14830772342876725,0.0019792099253277077,0.5453667774868952,tr0,inf2,False,0.7081599813720147,0.0,observed
769,tr0,inf5,0.4809187575792027,exact,feasible,False,0.996102288174962,0.7081599813720147,750,0.04274189601268307,0.023918007201168406,1.0,6,[0.4809187575792027],False,0.026485330571691914,0.30632549908433765,0.22621457461764435,0.14830772342876725,0.0019792099253277077,0.5453667774868952,tr0,inf3,False,0.7053997778386024,0.0,observed
770,tr0,inf5,0.4796285225861758,exact,feasible,False,0.996102288174962,0.7053997778386024,750,0.04274189601268307,0.023918007201168406,1.0,6,[0.4796285225861758],False,0.026485330571691914,0.30632549908433765,0.22621457461764435,0.14830772342876725,0.0019792099253277077,0.5453667774868952,tr1,inf4,False,0.7926503327831417,0.09,observed
771,tr0,inf5,0.5187384193155008,exact,feasible,False,0.996102288174962,0.7926503327831417,750,0.04274189601268307,0.023918007201168406,1.0,6,[0.5187384193155008],False,0.026485330571691914,0.30632549908433765,0.22621457461764435,0.14830772342876725,0.0019792099253277077,0.5453667774868952,tr0,inf2,False,0.7895608102079326,0.0,observed
772,tr0,inf5,0.5174110342285756,exact,feasible,False,0.996102288174962,0.7895608102079326,750,0.04274189601268307,0.023918007201168406,1.0,6,[0.5174110342285756],False,0.026485330571691914,0.30632549908433765,0.22621457461764435,0.14830772342876725,0.0019792099253277077,0.5453667774868952,tr0,inf3,False,0.7864833297013986,0.0,observed
773,tr0,inf5,0.5160847395774079,exact,feasible,False,0.996102288174962,0.7864833297013986,750,0.04274189601268307,0.023918007201168406,1.0,6,[0.5160847395774079],False,0.026485330571691914,0.30632549908433765,0.22621457461764435,0.14830772342876725,0.0019792099253277077,0.5453667774868952,tr0,inf4,False,0.7834178443270262,0.0,observed
774,tr0,inf5,0.5147595503931969,exact,feasible,False,0.996102288174962,0.7834178443270262,750,0.04274189601268307,0.023918007201168406,1.0,6,[0.5147595503931969],False,0.026485330571691914,0.30632549908433765,0.22621457461764435,0.14830772342876725,0.0019792099253277077,0.5453667774868952,tr0,inf2,False,0.7803643073312471,0.0,observed
775,tr0,inf5,0.5134354816060264,exact,feasible,False,0.996102288174962,0.7803643073312471,750,0.04274189601268307,0.023918007201168406,1.0,6,[0.5134354816060264],False,0.026485330571691914,0.30632549908433765,0.22621457461764435,0.14830772342876725,0.0019792099253277077,0.5453667774868952,tr0,inf3,False,0.7773226721427245,0.0,observed
776,tr0,inf5,0.5121125480448117,exact,feasible,False,0.996102288174962,0.7773226721427245,750,0.04274189601268307,0.023918007201168406,1.0,6,[0.5121125480448117],False,0.026485330571691914,0.30632549908433765,0.22621457461764435,0.14830772342876725,0.0019792099253277077,0.5453667774868952,tr0,inf4,False,0.7742928923716438,0.0,observed
777,tr0,inf5,0.5107907644372537,exact,feasible,False,0.996102288174962,0.7742928923716438,750,0.04274189601268307,0.023918007201168406,1.0,6,[0.5107907644372537],False,0.026485330571691914,0.30632549908433765,0.22621457461764435,0.14830772342876725,0.0019792099253277077,0.5453667774868952,tr0,inf2,False,0.771274921809004,0.0,observed
778,tr0,inf5,0.5094701454097998,exact,feasible,False,0.996102288174962,0.771274921809004,750,0.04274189601268307,0.023918007201168406,1.0,6,[0.5094701454097998],False,0.026485330571691914,0.30632549908433765,0.22621457461764435,0.14830772342876725,0.0019792099253277077,0.5453667774868952,tr0,inf3,False,0.7682687144259138,0.0,observed
779,tr0,inf5,0.5081507054876129,exact,feasible,False,0.996102288174962,0.7682687144259138,750,0.04274189601268307,0.023918007201168406,1.0,6,[0.5081507054876129],False,0.026485330571691914,0.30632549908433765,0.22621457461764435,0.14830772342876725,0.0019792099253277077,0.5453667774868952,tr0,inf4,False,0.7652742243728893,0.0,observed
780,tr0,inf5,0.5068324590945461,exact,feasible,False,0.996102288174962,0.7652742243728893,750,0.04274189601268307,0.023918007201168406,1.0,6,[0.5068324590945461],False,0.026485330571691914,0.30632549908433765,0.22621457461764435,0.14830772342876725,0.0019792099253277077,0.5453667774868952,tr1,inf2,False,0.8522914059791543,0.09,observed
781,tr0,inf5,0.5435750927735935,exact,feasible,False,0.996102288174962,0.8522914059791543,750,0.04274189601268307,0.023918007201168406,1.0,6,[0.5435750927735935],False,0.026485330571691914,0.30632549908433765,0.22621457461764435,0.14830772342876725,0.0019792099253277077,0.5453667774868952,tr0,inf3,False,0.8489694196876911,0.0,observed
782,tr0,inf5,0.5422303100722621,exact,feasible,False,0.996102288174962,0.8489694196876911,750,0.04274189601268307,0.023918007201168406,1.0,6,[0.5422303100722621],False,0.026485330571691914,0.30632549908433765,0.22621457461764435,0.14830772342876725,0.0019792099253277077,0.5453667774868952,tr0,inf4,False,0.8456603815414788,0.0,observed
783,tr0,inf5,0.5408863203155275,exact,feasible,False,0.996102288174962,0.8456603815414788,750,0.04274189601268307,0.023918007201168406,1.0,6,[0.5408863203155275],False,0.026485330571691914,0.30632549908433765,0.22621457461764435,0.14830772342876725,0.0019792099253277077,0.5453667774868952,tr0,inf2,False,0.8423642410723785,0.0,observed
784,tr0,inf5,0.5395431403937035,exact,feasible,False,0.996102288174962,0.8423642410723785,750,0.04274189601268307,0.023918007201168406,1.0,6,[0.5395431403937035],False,0.026485330571691914,0.30632549908433765,0.22621457461764435,0.14830772342876725,0.0019792099253277077,0.5453667774868952,tr0,inf3,False,0.8390809480089616,0.0,observed
785,tr0,inf5,0.5382007870983883,exact,feasible,False,0.996102288174962,0.8390809480089616,750,0.04274189601268307,0.023918007201168406,1.0,6,[0.5382007870983883],False,0.026485330571691914,0.30632549908433765,0.22621457461764435,0.14830772342876725,0.0019792099253277077,0.5453667774868952,tr0,inf4,False,0.835810452275743,0.0,observed
786,tr0,inf5,0.5368592771222631,exact,feasible,False,0.996102288174962,0.835810452275743,750,0.04274189601268307,0.023918007201168406,1.0,6,[0.5368592771222631],False,0.026485330571691914,0.30632549908433765,0.22621457461764435,0.14830772342876725,0.0019792099253277077,0.5453667774868952,tr0,inf2,False,0.8325527039924175,0.0,observed
787,tr0,inf5,0.5355186270589,exact,feasible,False,0.996102288174962,0.8325527039924175,750,0.04274189601268307,0.023918007201168406,1.0,6,[0.5355186270589],False,0.026485330571691914,0.30632549908433765,0.22621457461764435,0.14830772342876725,0.0019792099253277077,0.5453667774868952,tr0,inf3,False,0.829307653473099,0.0,observed
788,tr0,inf5,0.534178853402578,exact,feasible,False,0.996102288174962,0.829307653473099,750,0.04274189601268307,0.023918007201168406,1.0,6,[0.534178853402578],False,0.026485330571691914,0.30632549908433765,0.22621457461764435,0.14830772342876725,0.0019792099253277077,0.5453667774868952,tr0,inf4,False,0.8260752512255624,0.0,observed
789,tr0,inf5,0.5328399725481062,exact,feasible,False,0.996102288174962,0.8260752512255624,750,0.04274189601268307,0.023918007201168406,1.0,6,[0.5328399725481062],False,0.026485330571691914,0.30632549908433765,0.22621457461764435,0.14830772342876725,0.0019792099253277077,0.5453667774868952,tr0,inf2,False,0.8228554479504893,0.0,observed
790,tr0,inf5,0.5315020007906587,exact,feasible,False,0.996102288174962,0.8228554479504893,750,0.04274189601268307,0.023918007201168406,1.0,6,[0.5315020007906587],False,0.026485330571691914,0.30632549908433765,0.22621457461764435,0.14830772342876725,0.0019792099253277077,0.5453667774868952,tr1,inf3,False,0.9096481945407157,0.09,observed
791,tr0,inf5,0.5661030703906654,exact,feasible,False,0.996102288174962,0.9096481945407157,750,0.04274189601268307,0.023918007201168406,1.0,6,[0.5661030703906654],False,0.026485330571691914,0.30632549908433765,0.22621457461764435,0.14830772342876725,0.0019792099253277077,0.5453667774868952,tr0,inf4,False,0.9061026480162299,0.0,observed
792,tr0,inf5,0.5647476428585975,exact,feasible,False,0.996102288174962,0.9061026480162299,750,0.04274189601268307,0.023918007201168406,1.0,6,[0.5647476428585975],False,0.026485330571691914,0.30632549908433765,0.22621457461764435,0.14830772342876725,0.0019792099253277077,0.5453667774868952,tr0,inf2,False,0.9025709210103589,0.0,observed
793,tr0,inf5,0.5633927122639238,exact,feasible,False,0.996102288174962,0.9025709210103589,750,0.04274189601268307,0.023918007201168406,1.0,6,[0.5633927122639238],False,0.026485330571691914,0.30632549908433765,0.22621457461764435,0.14830772342876725,0.0019792099253277077,0.5453667774868952,tr0,inf3,False,0.8990529596586013,0.0,observed
794,tr0,inf5,0.5620382971054276,exact,feasible,False,0.996102288174962,0.8990529596586013,750,0.04274189601268307,0.023918007201168406,1.0,6,[0.5620382971054276],False,0.026485330571691914,0.30632549908433765,0.22621457461764435,0.14830772342876725,0.0019792099253277077,0.5453667774868952,tr0,inf4,False,0.8955487103064046,0.0,observed
795,tr0,inf5,0.5606844157878551,exact,feasible,False,0.996102288174962,0.8955487103064046,750,0.04274189601268307,0.023918007201168406,1.0,6,[0.5606844157878551],False,0.026485330571691914,0.30632549908433765,0.22621457461764435,0.14830772342876725,0.0019792099253277077,0.5453667774868952,tr0,inf2,False,0.8920581195083458,0.0,observed
796,tr0,inf5,0.5593310866215625,exact,feasible,False,0.996102288174962,0.8920581195083458,750,0.04274189601268307,0.023918007201168406,1.0,6,[0.5593310866215625],False,0.026485330571691914,0.30632549908433765,0.22621457461764435,0.14830772342876725,0.0019792099253277077,0.5453667774868952,tr0,inf3,False,0.888581134027317,0.0,observed
797,tr0,inf5,0.5579783278221714,exact,feasible,False,0.996102288174962,0.888581134027317,750,0.04274189601268307,0.023918007201168406,1.0,6,[0.5579783278221714],False,0.026485330571691914,0.30632549908433765,0.22621457461764435,0.14830772342876725,0.0019792099253277077,0.5453667774868952,tr0,inf4,False,0.8851177008337131,0.0,observed
798,tr0,inf5,0.5566261575102343,exact,feasible,False,0.996102288174962,0.8851177008337131,750,0.04274189601268307,0.023918007201168406,1.0,6,[0.5566261575102343],False,0.026485330571691914,0.30632549908433765,0.22621457461764435,0.14830772342876725,0.0019792099253277077,0.5453667774868952,tr0,inf2,False,0.8816677671046231,0.0,observed
799,tr0,inf5,0.5552745937109097,exact,feasible,False,0.996102288174962,0.8816677671046231,750,0.04274189601268307,0.023918007201168406,1.0,6,[0.5552745937109097],False,0.026485330571691914,0.30632549908433765,0.22621457461764435,0.14830772342876725,0.0019792099253277077,0.5453667774868952,tr0,inf3,False,0.8782312802230247,0.0,observed
800,tr0,inf5,0.5539236543536462,exact,feasible,False,0.996102288174962,0.8782312802230247,750,0.04274189601268307,0.023918007201168406,1.0,6,[0.5539236543536462],False,0.026485330571691914,0.30632549908433765,0.22621457461764435,0.14830772342876725,0.0019792099253277077,0.5453667774868952,tr1,inf4,False,0.9648081877769811,0.09,observed
801,tr0,inf5,0.5913643842680945,exact,feasible,False,0.9983368221873794,0.9648081877769811,800,0.019546086001849042,0.004974546623630226,1.0,6,[0.5913643842680945],False,0.010723915643620567,0.3563111104312923,0.11287895324105542,0.12391649184455804,0.0033427550781634638,0.5197723977241496,tr0,inf2,False,0.9632035402056357,0.0,observed
802,tr0,inf5,0.5907797001603557,exact,feasible,False,0.9983368221873794,0.9632035402056357,800,0.019546086001849042,0.004974546623630226,1.0,6,[0.5907797001603557],False,0.010723915643620567,0.3563111104312923,0.11287895324105542,0.12391649184455804,0.0033427550781634638,0.5197723977241496,tr0,inf3,False,0.961601561448528,0.0,observed
803,tr0,inf5,0.5901950518632001,exact,feasible,False,0.9983368221873794,0.961601561448528,800,0.019546086001849042,0.004974546623630226,1.0,6,[0.5901950518632001],False,0.010723915643620567,0.3563111104312923,0.11287895324105542,0.12391649184455804,0.0033427550781634638,0.5197723977241496,tr0,inf4,False,0.9600022470669455,0.0,observed
804,tr0,inf5,0.5896104409333561,exact,feasible,False,0.9983368221873794,0.9600022470669455,800,0.019546086001849042,0.004974546623630226,1.0,6,[0.5896104409333561],False,0.010723915643620567,0.3563111104312923,0.11287895324105542,0.12391649184455804,0.0033427550781634638,0.5197723977241496,tr0,inf2,False,0.9584055926295578,0.0,observed
805,tr0,inf5,0.589025868924661,exact,feasible,False,0.9983368221873794,0.9584055926295578,800,0.019546086001849042,0.004974546623630226,1.0,6,[0.589025868924661],False,0.010723915643620567,0.3563111104312923,0.11287895324105542,0.12391649184455804,0.0033427550781634638,0.5197723977241496,tr0,inf3,False,0.9568115937124049,0.0,observed
806,tr0,inf5,0.5884413373880533,exact,feasible,False,0.9983368221873794,0.9568115937124049,800,0.019546086001849042,0.004974546623630226,1.0,6,[0.5884413373880533],False,0.010723915643620567,0.3563111104312923,0.11287895324105542,0.12391649184455804,0.0033427550781634638,0.5197723977241496,tr0,inf4,False,0.9552202458988842,0.0,observed
807,tr0,inf5,0.5878568478715652,exact,feasible,False,0.9983368221873794,0.9552202458988842,800,0.019546086001849042,0.004974546623630226,1.0,6,[0.5878568478715652],False,0.010723915643620567,0.3563111104312923,0.11287895324105542,0.12391649184455804,0.0033427550781634638,0.5197723977241496,tr0,inf2,False,0.9536315447797392,0.0,observed
808,tr0,inf5,0.5872724019203158,exact,feasible,False,0.9983368221873794,0.9536315447797392,800,0.019546086001849042,0.004974546623630226,1.0,6,[0.5872724019203158],False,0.010723915643620567,0.3563111104312923,0.11287895324105542,0.12391649184455804,0.0033427550781634638,0.5197723977241496,tr0,inf3,False,0.9520454859530465,0.0,observed
809,tr0,inf5,0.5866880010765037,exact,feasible,False,0.9983368221873794,0.9520454859530465,800,0.019546086001849042,0.004974546623630226,1.0,6,[0.5866880010765037],False,0.010723915643620567,0.3563111104312923,0.11287895324105542,0.12391649184455804,0.0033427550781634638,0.5197723977241496,tr0,inf4,False,0.9504620650242038,0.0,observed
810,tr0,inf5,0.586103646879399,exact,feasible,False,0.9983368221873794,0.9504620650242038,800,0.019546086001849042,0.004974546623630226,1.0,6,[0.586103646879399],False,0.010723915643620567,0.3563111104312923,0.11287895324105542,0.12391649184455804,0.0033427550781634638,0.5197723977241496,tr1,inf2,False,1.038881277605918,0.09,observed
811,tr0,inf5,0.6173580848197133,exact,feasible,False,0.9983368221873794,1.038881277605918,800,0.019546086001849042,0.004974546623630226,1.0,6,[0.6173580848197133],False,0.010723915643620567,0.3563111104312923,0.11287895324105542,0.12391649184455804,0.0033427550781634638,0.5197723977241496,tr0,inf3,False,1.037153433315057,0.0,observed
812,tr0,inf5,0.616773424723435,exact,feasible,False,0.9983368221873794,1.037153433315057,800,0.019546086001849042,0.004974546623630226,1.0,6,[0.616773424723435],False,0.010723915643620567,0.3563111104312923,0.11287895324105542,0.12391649184455804,0.0033427550781634638,0.5197723977241496,tr0,inf4,False,1.035428462736484,0.0,observed
813,tr0,inf5,0.6161887284679728,exact,feasible,False,0.9983368221873794,1.035428462736484,800,0.019546086001849042,0.004974546623630226,1.0,6,[0.6161887284679728],False,0.010723915643620567,0.3563111104312923,0.11287895324105542,0.12391649184455804,0.0033427550781634638,0.5197723977241496,tr0,inf2,False,1.033706361090705,0.0,observed
814,tr0,inf5,0.6156039977300426,exact,feasible,False,0.9983368221873794,1.033706361090705,800,0.019546086001849042,0.004974546623630226,1.0,6,[0.6156039977300426],False,0.010723915643620567,0.3563111104312923,0.11287895324105542,0.12391649184455804,0.0033427550781634638,0.5197723977241496,tr0,inf3,False,1.0319871236061742,0.0,observed
815,tr0,inf5,0.6150192341838647,exact,feasible,False,0.9983368221873794,1.0319871236061742,800,0.019546086001849042,0.004974546623630226,1.0,6,[0.6150192341838647],False,0.010723915643620567,0.3563111104312923,0.11287895324105542,0.12391649184455804,0.0033427550781634638,0.5197723977241496,tr0,inf4,False,1.0302707455192823,0.0,observed
816,tr0,inf5,0.6144344395011534,exact,feasible,False,0.9983368221873794,1.0302707455192823,800,0.019546086001849042,0.004974546623630226,1.0,6,[0.6144344395011534],False,0.010723915643620567,0.3563111104312923,0.11287895324105542,0.12391649184455804,0.0033427550781634638,0.5197723977241496,tr0,inf2,False,1.0285572220743426,0.0,observed
817,tr0,inf5,0.6138496153511062,exact,feasible,False,0.9983368221873794,1.0285572220743426,800,0.019546086001849042,0.004974546623630226,1.0,6,[0.6138496153511062],False,0.010723915643620567,0.3563111104312923,0.11287895324105542,0.12391649184455804,0.0033427550781634638,0.5197723977241496,tr0,inf3,False,1.0268465485235778,0.0,observed
818,tr0,inf5,0.6132647634003944,exact,feasible,False,0.9983368221873794,1.0268465485235778,800,0.019546086001849042,0.004974546623630226,1.0,6,[0.6132647634003944],False,0.010723915643620567,0.3563111104312923,0.11287895324105542,0.12391649184455804,0.0033427550781634638,0.5197723977241496,tr0,inf4,False,1.0251387201271074,0.0,observed
819,tr0,inf5,0.612679885313153,exact,feasible,False,0.9983368221873794,1.0251387201271074,800,0.019546086001849042,0.004974546623630226,1.0,6,[0.612679885313153],False,0.010723915643620567,0.3563111104312923,0.11287895324105542,0.12391649184455804,0.0033427550781634638,0.5197723977241496,tr0,inf2,False,1.0234337321529337,0.0,observed
820,tr0,inf5,0.6120949827509692,exact,feasible,False,0.9983368221873794,1.0234337321529337,800,0.019546086001849042,0.004974546623630226,1.0,6,[0.6120949827509692],False,0.010723915643620567,0.3563111104312923,0.11287895324105542,0.12391649184455804,0.0033427550781634638,0.5197723977241496,tr1,inf3,False,1.1117315798769294,0.09,observed
821,tr0,inf5,0.6411118111634944,exact,feasible,False,0.9983368221873794,1.1117315798769294,800,0.019546086001849042,0.004974546623630226,1.0,6,[0.6411118111634944],False,0.010723915643620567,0.3563111104312923,0.11287895324105542,0.12391649184455804,0.0033427550781634638,0.5197723977241496,tr0,inf4,False,1.1098825725796884,0.0,observed
822,tr0,inf5,0.6405300760074761,exact,feasible,False,0.9983368221873794,1.1098825725796884,800,0.019546086001849042,0.004974546623630226,1.0,6,[0.6405300760074761],False,0.010723915643620567,0.3563111104312923,0.11287895324105542,0.12391649184455804,0.0033427550781634638,0.5197723977241496,tr0,inf2,False,1.1080366405103597,0.0,observed
823,tr0,inf5,0.6399482344384214,exact,feasible,False,0.9983368221873794,1.1080366405103597,800,0.019546086001849042,0.004974546623630226,1.0,6,[0.6399482344384214],False,0.010723915643620567,0.3563111104312923,0.11287895324105542,0.12391649184455804,0.0033427550781634638,0.5197723977241496,tr0,inf3,False,1.1061937785542921,0.0,observed
824,tr0,inf5,0.6393662882249953,exact,feasible,False,0.9983368221873794,1.1061937785542921,800,0.019546086001849042,0.004974546623630226,1.0,6,[0.6393662882249953],False,0.010723915643620567,0.3563111104312923,0.11287895324105542,0.12391649184455804,0.0033427550781634638,0.5197723977241496,tr0,inf4,False,1.1043539816053416,0.0,observed
825,tr0,inf5,0.6387842391338501,exact,feasible,False,0.9983368221873794,1.1043539816053416,800,0.019546086001849042,0.004974546623630226,1.0,6,[0.6387842391338501],False,0.010723915643620567,0.3563111104312923,0.11287895324105542,0.12391649184455804,0.0033427550781634638,0.5197723977241496,tr0,inf2,False,1.1025172445658564,0.0,observed
826,tr0,inf5,0.6382020889296114,exact,feasible,False,0.9983368221873794,1.1025172445658564,800,0.019546086001849042,0.004974546623630226,1.0,6,[0.6382020889296114],False,0.010723915643620567,0.3563111104312923,0.11287895324105542,0.12391649184455804,0.0033427550781634638,0.5197723977241496,tr0,inf3,False,1.1006835623466629,0.0,observed
827,tr0,inf5,0.637619839374865,exact,feasible,False,0.9983368221873794,1.1006835623466629,800,0.019546086001849042,0.004974546623630226,1.0,6,[0.637619839374865],False,0.010723915643620567,0.3563111104312923,0.11287895324105542,0.12391649184455804,0.0033427550781634638,0.5197723977241496,tr0,inf4,False,1.0988529298670517,0.0,observed
828,tr0,inf5,0.637037492230144,exact,feasible,False,0.9983368221873794,1.0988529298670517,800,0.019546086001849042,0.004974546623630226,1.0,6,[0.637037492230144],False,0.010723915643620567,0.3563111104312923,0.11287895324105542,0.12391649184455804,0.0033427550781634638,0.5197723977241496,tr0,inf2,False,1.0970253420547638,0.0,observed
829,tr0,inf5,0.6364550492539156,exact,feasible,False,0.9983368221873794,1.0970253420547638,800,0.019546086001849042,0.004974546623630226,1.0,6,[0.6364550492539156],False,0.010723915643620567,0.3563111104312923,0.11287895324105542,0.12391649184455804,0.0033427550781634638,0.5197723977241496,tr0,inf3,False,1.0952007938459758,0.0,observed
830,tr0,inf5,0.635872512202568,exact,feasible,False,0.9983368221873794,1.0952007938459758,800,0.019546086001849042,0.004974546623630226,1.0,6,[0.635872512202568],False,0.010723915643620567,0.3563111104312923,0.11287895324105542,0.12391649184455804,0.0033427550781634638,0.5197723977241496,tr1,inf4,False,1.1833792801852867,0.09,observed
831,tr0,inf5,0.6628449352294318,exact,feasible,False,0.9983368221873794,1.1833792801852867,800,0.019546086001849042,0.004974546623630226,1.0,6,[0.6628449352294318],False,0.010723915643620567,0.3563111104312923,0.11287895324105542,0.12391649184455804,0.0033427550781634638,0.5197723977241496,tr0,inf2,False,1.1814111100225677,0.0,observed
832,tr0,inf5,0.6622684887222041,exact,feasible,False,0.9983368221873794,1.1814111100225677,800,0.019546086001849042,0.004974546623630226,1.0,6,[0.6622684887222041],False,0.010723915643620567,0.3563111104312923,0.11287895324105542,0.12391649184455804,0.0033427550781634638,0.5197723977241496,tr0,inf3,False,1.1794462132767947,0.0,observed
833,tr0,inf5,0.6616918681188577,exact,feasible,False,0.9983368221873794,1.1794462132767947,800,0.019546086001849042,0.004974546623630226,1.0,6,[0.6616918681188577],False,0.010723915643620567,0.3563111104312923,0.11287895324105542,0.12391649184455804,0.0033427550781634638,0.5197723977241496,tr0,inf4,False,1.1774845845036934,0.0,observed
834,tr0,inf5,0.6611150752533286,exact,feasible,False,0.9983368221873794,1.1774845845036934,800,0.019546086001849042,0.004974546623630226,1.0,6,[0.6611150752533286],False,0.010723915643620567,0.3563111104312923,0.11287895324105542,0.12391649184455804,0.0033427550781634638,0.5197723977241496,tr0,inf2,False,1.1755262182680442,0.0,observed
835,tr0,inf5,0.6605381119580884,exact,feasible,False,0.9983368221873794,1.1755262182680442,800,0.019546086001849042,0.004974546623630226,1.0,6,[0.6605381119580884],False,0.010723915643620567,0.3563111104312923,0.11287895324105542,0.12391649184455804,0.0033427550781634638,0.5197723977241496,tr0,inf3,False,1.173571109143667,0.0,observed
836,tr0,inf5,0.6599609800641297,exact,feasible,False,0.9983368221873794,1.173571109143667,800,0.019546086001849042,0.004974546623630226,1.0,6,[0.6599609800641297],False,0.010723915643620567,0.3563111104312923,0.11287895324105542,0.12391649184455804,0.0033427550781634638,0.5197723977241496,tr0,inf4,False,1.1716192517134065,0.0,observed
837,tr0,inf5,0.6593836814009494,exact,feasible,False,0.9983368221873794,1.1716192517134065,800,0.019546086001849042,0.004974546623630226,1.0,6,[0.6593836814009494],False,0.010723915643620567,0.3563111104312923,0.11287895324105542,0.12391649184455804,0.0033427550781634638,0.5197723977241496,tr0,inf2,False,1.1696706405691177,0.0,observed
838,tr0,inf5,0.658806217796533,exact,feasible,False,0.9983368221873794,1.1696706405691177,800,0.019546086001849042,0.004974546623630226,1.0,6,[0.658806217796533],False,0.010723915643620567,0.3563111104312923,0.11287895324105542,0.12391649184455804,0.0033427550781634638,0.5197723977241496,tr0,inf3,False,1.1677252703116494,0.0,observed
839,tr0,inf5,0.6582285910773389,exact,feasible,False,0.9983368221873794,1.1677252703116494,800,0.019546086001849042,0.004974546623630226,1.0,6,[0.6582285910773389],False,0.010723915643620567,0.3563111104312923,0.11287895324105542,0.12391649184455804,0.0033427550781634638,0.5197723977241496,tr0,inf4,False,1.1657831355508308,0.0,observed
840,tr0,inf5,0.657650803068283,exact,feasible,False,0.9983368221873794,1.1657831355508308,800,0.019546086001849042,0.004974546623630226,1.0,6,[0.657650803068283],False,0.010723915643620567,0.3563111104312923,0.11287895324105542,0.12391649184455804,0.0033427550781634638,0.5197723977241496,tr1,inf2,False,1.2538442309054554,0.09,observed
841,tr0,inf5,0.6827530733448341,exact,feasible,False,0.9983368221873794,1.2538442309054554,800,0.019546086001849042,0.004974546623630226,1.0,6,[0.6827530733448341],False,0.010723915643620567,0.3563111104312923,0.11287895324105542,0.12391649184455804,0.0033427550781634638,0.5197723977241496,tr0,inf3,False,1.251758865000131,0.0,observed
842,tr0,inf5,0.6821838252900263,exact,feasible,False,0.9983368221873794,1.251758865000131,800,0.019546086001849042,0.004974546623630226,1.0,6,[0.6821838252900263],False,0.010723915643620567,0.3563111104312923,0.11287895324105542,0.12391649184455804,0.0033427550781634638,0.5197723977241496,tr0,inf4,False,1.2496769674291117,0.0,observed
843,tr0,inf5,0.6816143386311796,exact,feasible,False,0.9983368221873794,1.2496769674291117,800,0.019546086001849042,0.004974546623630226,1.0,6,[0.6816143386311796],False,0.010723915643620567,0.3563111104312923,0.11287895324105542,0.12391649184455804,0.0033427550781634638,0.5197723977241496,tr0,inf2,False,1.2475985324239407,0.0,observed
844,tr0,inf5,0.6810446152426317,exact,feasible,False,0.9983368221873794,1.2475985324239407,800,0.019546086001849042,0.004974546623630226,1.0,6,[0.6810446152426317],False,0.010723915643620567,0.3563111104312923,0.11287895324105542,0.12391649184455804,0.0033427550781634638,0.5197723977241496,tr0,inf3,False,1.2455235542257552,0.0,observed
845,tr0,inf5,0.6804746569978557,exact,feasible,False,0.9983368221873794,1.2455235542257552,800,0.019546086001849042,0.004974546623630226,1.0,6,[0.6804746569978557],False,0.010723915643620567,0.3563111104312923,0.11287895324105542,0.12391649184455804,0.0033427550781634638,0.5197723977241496,tr0,inf4,False,1.2434520270852707,0.0,observed
846,tr0,inf5,0.6799044657694414,exact,feasible,False,0.9983368221873794,1.2434520270852707,800,0.019546086001849042,0.004974546623630226,1.0,6,[0.6799044657694414],False,0.010723915643620567,0.3563111104312923,0.11287895324105542,0.12391649184455804,0.0033427550781634638,0.5197723977241496,tr0,inf2,False,1.2413839452627644,0.0,observed
847,tr0,inf5,0.6793340434290768,exact,feasible,False,0.9983368221873794,1.2413839452627644,800,0.019546086001849042,0.004974546623630226,1.0,6,[0.6793340434290768],False,0.010723915643620567,0.3563111104312923,0.11287895324105542,0.12391649184455804,0.0033427550781634638,0.5197723977241496,tr0,inf3,False,1.23931930302806,0.0,observed
848,tr0,inf5,0.6787633918475304,exact,feasible,False,0.9983368221873794,1.23931930302806,800,0.019546086001849042,0.004974546623630226,1.0,6,[0.6787633918475304],False,0.010723915643620567,0.3563111104312923,0.11287895324105542,0.12391649184455804,0.0033427550781634638,0.5197723977241496,tr0,inf4,False,1.2372580946605114,0.0,observed
849,tr0,inf5,0.6781925128946324,exact,feasible,False,0.9983368221873794,1.2372580946605114,800,0.019546086001849042,0.004974546623630226,1.0,6,[0.6781925128946324],False,0.010723915643620567,0.3563111104312923,0.11287895324105542,0.12391649184455804,0.0033427550781634638,0.5197723977241496,tr0,inf2,False,1.2352003144489867,0.0,observed
850,tr0,inf5,0.6776214084392567,exact,feasible,False,0.9983368221873794,1.2352003144489867,800,0.019546086001849042,0.004974546623630226,1.0,6,[0.6776214084392567],False,0.010723915643620567,0.3563111104312923,0.11287895324105542,0.12391649184455804,0.0033427550781634638,0.5197723977241496,tr1,inf3,False,1.3231459566918533,0.09,observed
851,tr0,inf5,0.6994917484152677,exact,feasible,False,0.9975998303281854,1.3231459566918533,850,0.025744408528696403,0.017030849475941485,1.0,6,[0.6994917484152677],False,0.0009141355343541643,0.3781466938901562,0.19371719418077263,0.1311124255439676,0.0,0.4907408805658762,tr0,inf4,False,1.3199701818952174,0.0,observed
852,tr0,inf5,0.6986842041335541,exact,feasible,False,0.9975998303281854,1.3199701818952174,850,0.025744408528696403,0.017030849475941485,1.0,6,[0.6986842041335541],False,0.0009141355343541643,0.3781466938901562,0.19371719418077263,0.1311124255439676,0.0,0.4907408805658762,tr0,inf2,False,1.316802029496933,0.0,observed
853,tr0,inf5,0.6978760386867029,exact,feasible,False,0.9975998303281854,1.316802029496933,850,0.025744408528696403,0.017030849475941485,1.0,6,[0.6978760386867029],False,0.0009141355343541643,0.3781466938901562,0.19371719418077263,0.1311124255439676,0.0,0.4907408805658762,tr0,inf3,False,1.3136414812019506,0.0,observed
854,tr0,inf5,0.6970672577543797,exact,feasible,False,0.9975998303281854,1.3136414812019506,850,0.025744408528696403,0.017030849475941485,1.0,6,[0.6970672577543797],False,0.0009141355343541643,0.3781466938901562,0.19371719418077263,0.1311124255439676,0.0,0.4907408805658762,tr0,inf4,False,1.3104885187591322,0.0,observed
855,tr0,inf5,0.6962578670151617,exact,feasible,False,0.9975998303281854,1.3104885187591322,850,0.025744408528696403,0.017030849475941485,1.0,6,[0.6962578670151617],False,0.0009141355343541643,0.3781466938901562,0.19371719418077263,0.1311124255439676,0.0,0.4907408805658762,tr0,inf2,False,1.3073431239611453,0.0,observed
856,tr0,inf5,0.6954478721464072,exact,feasible,False,0.9975998303281854,1.3073431239611453,850,0.025744408528696403,0.017030849475941485,1.0,6,[0.6954478721464072],False,0.0009141355343541643,0.3781466938901562,0.19371719418077263,0.1311124255439676,0.0,0.4907408805658762,tr0,inf3,False,1.3042052786443585,0.0,observed
857,tr0,inf5,0.6946372788241304,exact,feasible,False,0.9975998303281854,1.3042052786443585,850,0.025744408528696403,0.017030849475941485,1.0,6,[0.6946372788241304],False,0.0009141355343541643,0.3781466938901562,0.19371719418077263,0.1311124255439676,0.0,0.4907408805658762,tr0,inf4,False,1.3010749646887358,0.0,observed
858,tr0,inf5,0.6938260927228723,exact,feasible,False,0.9975998303281854,1.3010749646887358,850,0.025744408528696403,0.017030849475941485,1.0,6,[0.6938260927228723],False,0.0009141355343541643,0.3781466938901562,0.19371719418077263,0.1311124255439676,0.0,0.4907408805658762,tr0,inf2,False,1.2979521640177327,0.0,observed
859,tr0,inf5,0.6930143195155747,exact,feasible,False,0.9975998303281854,1.2979521640177327,850,0.025744408528696403,0.017030849475941485,1.0,6,[0.6930143195155747],False,0.0009141355343541643,0.3781466938901562,0.19371719418077263,0.1311124255439676,0.0,0.4907408805658762,tr0,inf3,False,1.2948368585981913,0.0,observed
860,tr0,inf5,0.6922019648734545,exact,feasible,False,0.9975998303281854,1.2948368585981913,850,0.025744408528696403,0.017030849475941485,1.0,6,[0.6922019648734545],False,0.0009141355343541643,0.3781466938901562,0.19371719418077263,0.1311124255439676,0.0,0.4907408805658762,tr1,inf4,False,1.3817290304402363,0.09,observed
861,tr0,inf5,0.7139374938993828,exact,feasible,False,0.9975998303281854,1.3817290304402363,850,0.025744408528696403,0.017030849475941485,1.0,6,[0.7139374938993828],False,0.0009141355343541643,0.3781466938901562,0.19371719418077263,0.1311124255439676,0.0,0.4907408805658762,tr0,inf2,False,1.378412646326708,0.0,observed
862,tr0,inf5,0.7131421229613659,exact,feasible,False,0.9975998303281854,1.378412646326708,850,0.025744408528696403,0.017030849475941485,1.0,6,[0.7131421229613659],False,0.0009141355343541643,0.3781466938901562,0.19371719418077263,0.1311124255439676,0.0,0.4907408805658762,tr0,inf3,False,1.375104222097749,0.0,observed
863,tr0,inf5,0.7123460284260008,exact,feasible,False,0.9975998303281854,1.375104222097749,850,0.025744408528696403,0.017030849475941485,1.0,6,[0.7123460284260008],False,0.0009141355343541643,0.3781466938901562,0.19371719418077263,0.1311124255439676,0.0,0.4907408805658762,tr0,inf4,False,1.3718037386482858,0.0,observed
864,tr0,inf5,0.7115492159699275,exact,feasible,False,0.9975998303281854,1.3718037386482858,850,0.025744408528696403,0.017030849475941485,1.0,6,[0.7115492159699275],False,0.0009141355343541643,0.3781466938901562,0.19371719418077263,0.1311124255439676,0.0,0.4907408805658762,tr0,inf2,False,1.3685111769191003,0.0,observed
865,tr0,inf5,0.7107516912711072,exact,feasible,False,0.9975998303281854,1.3685111769191003,850,0.025744408528696403,0.017030849475941485,1.0,6,[0.7107516912711072],False,0.0009141355343541643,0.3781466938901562,0.19371719418077263,0.1311124255439676,0.0,0.4907408805658762,tr0,inf3,False,1.3652265178967198,0.0,observed
866,tr0,inf5,0.7099534600086838,exact,feasible,False,0.9975998303281854,1.3652265178967198,850,0.025744408528696403,0.017030849475941485,1.0,6,[0.7099534600086838],False,0.0009141355343541643,0.3781466938901562,0.19371719418077263,0.1311124255439676,0.0,0.4907408805658762,tr0,inf4,False,1.3619497426133071,0.0,observed
867,tr0,inf5,0.7091545278628463,exact,feasible,False,0.9975998303281854,1.3619497426133071,850,0.025744408528696403,0.017030849475941485,1.0,6,[0.7091545278628463],False,0.0009141355343541643,0.3781466938901562,0.19371719418077263,0.1311124255439676,0.0,0.4907408805658762,tr0,inf2,False,1.358680832146551,0.0,observed
868,tr0,inf5,0.7083549005146917,exact,feasible,False,0.9975998303281854,1.358680832146551,850,0.025744408528696403,0.017030849475941485,1.0,6,[0.7083549005146917],False,0.0009141355343541643,0.3781466938901562,0.19371719418077263,0.1311124255439676,0.0,0.4907408805658762,tr0,inf3,False,1.3554197676195572,0.0,observed
869,tr0,inf5,0.7075545836460879,exact,feasible,False,0.9975998303281854,1.3554197676195572,850,0.025744408528696403,0.017030849475941485,1.0,6,[0.7075545836460879],False,0.0009141355343541643,0.3781466938901562,0.19371719418077263,0.1311124255439676,0.0,0.4907408805658762,tr0,inf4,False,1.3521665302007388,0.0,observed
870,tr0,inf5,0.7067535829395374,exact,feasible,False,0.9975998303281854,1.3521665302007388,850,0.025744408528696403,0.017030849475941485,1.0,6,[0.7067535829395374],False,0.0009141355343541643,0.3781466938901562,0.19371719418077263,0.1311124255439676,0.0,0.4907408805658762,tr1,inf2,False,1.4389211011037084,0.09,observed
871,tr0,inf5,0.7272469545849776,exact,feasible,False,0.9975998303281854,1.4389211011037084,850,0.025744408528696403,0.017030849475941485,1.0,6,[0.7272469545849776],False,0.0009141355343541643,0.3781466938901562,0.19371719418077263,0.1311124255439676,0.0,0.4907408805658762,tr0,inf3,False,1.4354674463167052,0.0,observed
872,tr0,inf5,0.7264646507820994,exact,feasible,False,0.9975998303281854,1.4354674463167052,850,0.025744408528696403,0.017030849475941485,1.0,6,[0.7264646507820994],False,0.0009141355343541643,0.3781466938901562,0.19371719418077263,0.1311124255439676,0.0,0.4907408805658762,tr0,inf4,False,1.4320220808871789,0.0,observed
873,tr0,inf5,0.7256815279065514,exact,feasible,False,0.9975998303281854,1.4320220808871789,850,0.025744408528696403,0.017030849475941485,1.0,6,[0.7256815279065514],False,0.0009141355343541643,0.3781466938901562,0.19371719418077263,0.1311124255439676,0.0,0.4907408805658762,tr0,inf2,False,1.4285849849192647,0.0,observed
874,tr0,inf5,0.7248975915913113,exact,feasible,False,0.9975998303281854,1.4285849849192647,850,0.025744408528696403,0.017030849475941485,1.0,6,[0.7248975915913113],False,0.0009141355343541643,0.3781466938901562,0.19371719418077263,0.1311124255439676,0.0,0.4907408805658762,tr0,inf3,False,1.4251561385648517,0.0,observed
875,tr0,inf5,0.7241128474730905,exact,feasible,False,0.9975998303281854,1.4251561385648517,850,0.025744408528696403,0.017030849475941485,1.0,6,[0.7241128474730905],False,0.0009141355343541643,0.3781466938901562,0.19371719418077263,0.1311124255439676,0.0,0.4907408805658762,tr0,inf4,False,1.421735522023468,0.0,observed
876,tr0,inf5,0.7233273011921866,exact,feasible,False,0.9975998303281854,1.421735522023468,850,0.025744408528696403,0.017030849475941485,1.0,6,[0.7233273011921866],False,0.0009141355343541643,0.3781466938901562,0.19371719418077263,0.1311124255439676,0.0,0.4907408805658762,tr0,inf2,False,1.4183231155421658,0.0,observed
877,tr0,inf5,0.7225409583923372,exact,feasible,False,0.9975998303281854,1.4183231155421658,850,0.025744408528696403,0.017030849475941485,1.0,6,[0.7225409583923372],False,0.0009141355343541643,0.3781466938901562,0.19371719418077263,0.1311124255439676,0.0,0.4907408805658762,tr0,inf3,False,1.414918899415408,0.0,observed
878,tr0,inf5,0.7217538247205747,exact,feasible,False,0.9975998303281854,1.414918899415408,850,0.025744408528696403,0.017030849475941485,1.0,6,[0.7217538247205747],False,0.0009141355343541643,0.3781466938901562,0.19371719418077263,0.1311124255439676,0.0,0.4907408805658762,tr0,inf4,False,1.411522853984954,0.0,observed
879,tr0,inf5,0.7209659058270799,exact,feasible,False,0.9975998303281854,1.411522853984954,850,0.025744408528696403,0.017030849475941485,1.0,6,[0.7209659058270799],False,0.0009141355343541643,0.3781466938901562,0.19371719418077263,0.1311124255439676,0.0,0.4907408805658762,tr0,inf2,False,1.408134959639746,0.0,observed
880,tr0,inf5,0.7201772073650378,exact,feasible,False,0.9975998303281854,1.408134959639746,850,0.025744408528696403,0.017030849475941485,1.0,6,[0.7201772073650378],False,0.0009141355343541643,0.3781466938901562,0.19371719418077263,0.1311124255439676,0.0,0.4907408805658762,tr1,inf3,False,1.494755196815797,0.09,observed
881,tr0,inf5,0.739526379455898,exact,feasible,False,0.9975998303281854,1.494755196815797,850,0.025744408528696403,0.017030849475941485,1.0,6,[0.739526379455898],False,0.0009141355343541643,0.3781466938901562,0.19371719418077263,0.1311124255439676,0.0,0.4907408805658762,tr0,inf4,False,1.4911675307256125,0.0,observed
882,tr0,inf5,0.7387577992247929,exact,feasible,False,0.9975998303281854,1.4911675307256125,850,0.025744408528696403,0.017030849475941485,1.0,6,[0.7387577992247929],False,0.0009141355343541643,0.3781466938901562,0.19371719418077263,0.1311124255439676,0.0,0.4907408805658762,tr0,inf2,False,1.4875884756427702,0.0,observed
883,tr0,inf5,0.7379883113003189,exact,feasible,False,0.9975998303281854,1.4875884756427702,850,0.025744408528696403,0.017030849475941485,1.0,6,[0.7379883113003189],False,0.0009141355343541643,0.3781466938901562,0.19371719418077263,0.1311124255439676,0.0,0.4907408805658762,tr0,inf3,False,1.4840180108993917,0.0,observed
884,tr0,inf5,0.7372179212363823,exact,feasible,False,0.9975998303281854,1.4840180108993917,850,0.025744408528696403,0.017030849475941485,1.0,6,[0.7372179212363823],False,0.0009141355343541643,0.3781466938901562,0.19371719418077263,0.1311124255439676,0.0,0.4907408805658762,tr0,inf4,False,1.4804561158772045,0.0,observed
885,tr0,inf5,0.7364466345930061,exact,feasible,False,0.9975998303281854,1.4804561158772045,850,0.025744408528696403,0.017030849475941485,1.0,6,[0.7364466345930061],False,0.0009141355343541643,0.3781466938901562,0.19371719418077263,0.1311124255439676,0.0,0.4907408805658762,tr0,inf2,False,1.4769027700074238,0.0,observed
886,tr0,inf5,0.7356744569361764,exact,feasible,False,0.9975998303281854,1.4769027700074238,850,0.025744408528696403,0.017030849475941485,1.0,6,[0.7356744569361764],False,0.0009141355343541643,0.3781466938901562,0.19371719418077263,0.1311124255439676,0.0,0.4907408805658762,tr0,inf3,False,1.473357952770633,0.0,observed
887,tr0,inf5,0.7349013938376895,exact,feasible,False,0.9975998303281854,1.473357952770633,850,0.025744408528696403,0.017030849475941485,1.0,6,[0.7349013938376895],False,0.0009141355343541643,0.3781466938901562,0.19371719418077263,0.1311124255439676,0.0,0.4907408805658762,tr0,inf4,False,1.4698216436966662,0.0,observed
888,tr0,inf5,0.7341274508749988,exact,feasible,False,0.9975998303281854,1.4698216436966662,850,0.025744408528696403,0.017030849475941485,1.0,6,[0.7341274508749988],False,0.0009141355343541643,0.3781466938901562,0.19371719418077263,0.1311124255439676,0.0,0.4907408805658762,tr0,inf2,False,1.4662938223644888,0.0,observed
889,tr0,inf5,0.7333526336310626,exact,feasible,False,0.9975998303281854,1.4662938223644888,850,0.025744408528696403,0.017030849475941485,1.0,6,[0.7333526336310626],False,0.0009141355343541643,0.3781466938901562,0.19371719418077263,0.1311124255439676,0.0,0.4907408805658762,tr0,inf3,False,1.4627744684020805,0.0,observed
890,tr0,inf5,0.7325769476941926,exact,feasible,False,0.9975998303281854,1.4627744684020805,850,0.025744408528696403,0.017030849475941485,1.0,6,[0.7325769476941926],False,0.0009141355343541643,0.3781466938901562,0.19371719418077263,0.1311124255439676,0.0,0.4907408805658762,tr1,inf4,False,1.5492635614863173,0.09,observed
891,tr0,inf5,0.7508706998738257,exact,feasible,False,0.9975998303281854,1.5492635614863173,850,0.025744408528696403,0.017030849475941485,1.0,6,[0.7508706998738257],False,0.0009141355343541643,0.3781466938901562,0.19371719418077263,0.1311124255439676,0.0,0.4907408805658762,tr0,inf2,False,1.5455450660723904,0.0,observed
892,tr0,inf5,0.7501163024640057,exact,feasible,False,0.9975998303281854,1.5455450660723904,850,0.025744408528696403,0.017030849475941485,1.0,6,[0.7501163024640057],False,0.0009141355343541643,0.3781466938901562,0.19371719418077263,0.1311124255439676,0.0,0.4907408805658762,tr0,inf3,False,1.5418354956783809,0.0,observed
893,tr0,inf5,0.7493609154091472,exact,feasible,False,0.9975998303281854,1.5418354956783809,850,0.025744408528696403,0.017030849475941485,1.0,6,[0.7493609154091472],False,0.0009141355343541643,0.3781466938901562,0.19371719418077263,0.1311124255439676,0.0,0.4907408805658762,tr0,inf4,False,1.5381348288827263,0.0,observed
894,tr0,inf5,0.7486045441535458,exact,feasible,False,0.9975998303281854,1.5381348288827263,850,0.025744408528696403,0.017030849475941485,1.0,6,[0.7486045441535458],False,0.0009141355343541643,0.3781466938901562,0.19371719418077263,0.1311124255439676,0.0,0.4907408805658762,tr0,inf2,False,1.5344430443152803,0.0,observed
895,tr0,inf5,0.7478471941499456,exact,feasible,False,0.9975998303281854,1.5344430443152803,850,0.025744408528696403,0.017030849475941485,1.0,6,[0.7478471941499456],False,0.0009141355343541643,0.3781466938901562,0.19371719418077263,0.1311124255439676,0.0,0.4907408805658762,tr0,inf3,False,1.530760120657188,0.0,observed
896,tr0,inf5,0.747088870859379,exact,feasible,False,0.9975998303281854,1.530760120657188,850,0.025744408528696403,0.017030849475941485,1.0,6,[0.747088870859379],False,0.0009141355343541643,0.3781466938901562,0.19371719418077263,0.1311124255439676,0.0,0.4907408805658762,tr0,inf4,False,1.5270860366407633,0.0,observed
897,tr0,inf5,0.7463295797510089,exact,feasible,False,0.9975998303281854,1.5270860366407633,850,0.025744408528696403,0.017030849475941485,1.0,6,[0.7463295797510089],False,0.0009141355343541643,0.3781466938901562,0.19371719418077263,0.1311124255439676,0.0,0.4907408805658762,tr0,inf2,False,1.5234207710493666,0.0,observed
898,tr0,inf5,0.7455693263019711,exact,feasible,False,0.9975998303281854,1.5234207710493666,850,0.025744408528696403,0.017030849475941485,1.0,6,[0.7455693263019711],False,0.0009141355343541643,0.3781466938901562,0.19371719418077263,0.1311124255439676,0.0,0.4907408805658762,tr0,inf3,False,1.5197643027172816,0.0,observed
899,tr0,inf5,0.7448081159972156,exact,feasible,False,0.9975998303281854,1.5197643027172816,850,0.025744408528696403,0.017030849475941485,1.0,6,[0.7448081159972156],False,0.0009141355343541643,0.3781466938901562,0.19371719418077263,0.1311124255439676,0.0,0.4907408805658762,tr0,inf4,False,1.5161166105295931,0.0,observed
900,tr0,inf5,0.7440459543293501,exact,feasible,False,0.9975998303281854,1.5161166105295931,850,0.025744408528696403,0.017030849475941485,1.0,6,[0.7440459543293501],False,0.0009141355343541643,0.3781466938901562,0.19371719418077263,0.1311124255439676,0.0,0.4907408805658762,tr1,inf2,False,1.6024776734220658,0.09,observed
901,tr0,inf5,0.758692348259687,exact,feasible,False,0.9968797364112228,1.6024776734220658,900,0.035791104814412535,0.012848760181204372,1.0,6,[0.758692348259687],False,0.022944033680811826,0.3463304022646095,0.15688509021640976,0.17513520315358974,0.0007706577782488111,0.4785343945818008,tr0,inf3,False,1.5974775206858587,0.0,observed
902,tr0,inf5,0.7577332634870704,exact,feasible,False,0.9968797364112228,1.5974775206858587,900,0.035791104814412535,0.012848760181204372,1.0,6,[0.7577332634870704],False,0.022944033680811826,0.3463304022646095,0.15688509021640976,0.17513520315358974,0.0007706577782488111,0.4785343945818008,tr0,inf4,False,1.5924929697441725,0.0,observed
903,tr0,inf5,0.756772386234985,exact,feasible,False,0.9968797364112228,1.5924929697441725,900,0.035791104814412535,0.012848760181204372,1.0,6,[0.756772386234985],False,0.022944033680811826,0.3463304022646095,0.15688509021640976,0.17513520315358974,0.0007706577782488111,0.4785343945818008,tr0,inf2,False,1.5875239719152963,0.0,observed
904,tr0,inf5,0.7558097281492195,exact,feasible,False,0.9968797364112228,1.5875239719152963,900,0.035791104814412535,0.012848760181204372,1.0,6,[0.7558097281492195],False,0.022944033680811826,0.3463304022646095,0.15688509021640976,0.17513520315358974,0.0007706577782488111,0.4785343945818008,tr0,inf3,False,1.5825704786694181,0.0,observed
905,tr0,inf5,0.7548453009058029,exact,feasible,False,0.9968797364112228,1.5825704786694181,900,0.035791104814412535,0.012848760181204372,1.0,6,[0.7548453009058029],False,0.022944033680811826,0.3463304022646095,0.15688509021640976,0.17513520315358974,0.0007706577782488111,0.4785343945818008,tr0,inf4,False,1.5776324416281524,0.0,observed
906,tr0,inf5,0.7538791162104019,exact,feasible,False,0.9968797364112228,1.5776324416281524,900,0.035791104814412535,0.012848760181204372,1.0,6,[0.7538791162104019],False,0.022944033680811826,0.3463304022646095,0.15688509021640976,0.17513520315358974,0.0007706577782488111,0.4785343945818008,tr0,inf2,False,1.5727098125640664,0.0,observed
907,tr0,inf5,0.7529111857977221,exact,feasible,False,0.9968797364112228,1.5727098125640664,900,0.035791104814412535,0.012848760181204372,1.0,6,[0.7529111857977221],False,0.022944033680811826,0.3463304022646095,0.15688509021640976,0.17513520315358974,0.0007706577782488111,0.4785343945818008,tr0,inf3,False,1.5678025434002103,0.0,observed
908,tr0,inf5,0.7519415214309086,exact,feasible,False,0.9968797364112228,1.5678025434002103,900,0.035791104814412535,0.012848760181204372,1.0,6,[0.7519415214309086],False,0.022944033680811826,0.3463304022646095,0.15688509021640976,0.17513520315358974,0.0007706577782488111,0.4785343945818008,tr0,inf4,False,1.5629105862096464,0.0,observed
909,tr0,inf5,0.7509701349009481,exact,feasible,False,0.9968797364112228,1.5629105862096464,900,0.035791104814412535,0.012848760181204372,1.0,6,[0.7509701349009481],False,0.022944033680811826,0.3463304022646095,0.15688509021640976,0.17513520315358974,0.0007706577782488111,0.4785343945818008,tr0,inf2,False,1.5580338932149822,0.0,observed
910,tr0,inf5,0.7499970380260722,exact,feasible,False,0.9968797364112228,1.5580338932149822,900,0.035791104814412535,0.012848760181204372,1.0,6,[0.7499970380260722],False,0.022944033680811826,0.3463304022646095,0.15688509021640976,0.17513520315358974,0.0007706577782488111,0.4785343945818008,tr1,inf3,False,1.643172416787903,0.09,observed
911,tr0,inf5,0.7663222515478425,exact,feasible,False,0.9968797364112228,1.643172416787903,900,0.035791104814412535,0.012848760181204372,1.0,6,[0.7663222515478425],False,0.022944033680811826,0.3463304022646095,0.15688509021640976,0.17513520315358974,0.0007706577782488111,0.4785343945818008,tr0,inf4,False,1.6380452857257166,0.0,observed
912,tr0,inf5,0.7653779684021492,exact,feasible,False,0.9968797364112228,1.6380452857257166,900,0.035791104814412535,0.012848760181204372,1.0,6,[0.7653779684021492],False,0.022944033680811826,0.3463304022646095,0.15688509021640976,0.17513520315358974,0.0007706577782488111,0.4785343945818008,tr0,inf2,False,1.6329341526638985,0.0,observed
913,tr0,inf5,0.7644318004929975,exact,feasible,False,0.9968797364112228,1.6329341526638985,900,0.035791104814412535,0.012848760181204372,1.0,6,[0.7644318004929975],False,0.022944033680811826,0.3463304022646095,0.15688509021640976,0.17513520315358974,0.0007706577782488111,0.4785343945818008,tr0,inf3,False,1.6278389676844707,0.0,observed
914,tr0,inf5,0.7634837592016345,exact,feasible,False,0.9968797364112228,1.6278389676844707,900,0.035791104814412535,0.012848760181204372,1.0,6,[0.7634837592016345],False,0.022944033680811826,0.3463304022646095,0.15688509021640976,0.17513520315358974,0.0007706577782488111,0.4785343945818008,tr0,inf4,False,1.6227596810252123,0.0,observed
915,tr0,inf5,0.762533855944404,exact,feasible,False,0.9968797364112228,1.6227596810252123,900,0.035791104814412535,0.012848760181204372,1.0,6,[0.762533855944404],False,0.022944033680811826,0.3463304022646095,0.15688509021640976,0.17513520315358974,0.0007706577782488111,0.4785343945818008,tr0,inf2,False,1.6176962430791737,0.0,observed
916,tr0,inf5,0.7615821021721395,exact,feasible,False,0.9968797364112228,1.6176962430791737,900,0.035791104814412535,0.012848760181204372,1.0,6,[0.7615821021721395],False,0.022944033680811826,0.3463304022646095,0.15688509021640976,0.17513520315358974,0.0007706577782488111,0.4785343945818008,tr0,inf3,False,1.612648604394192,0.0,observed
917,tr0,inf5,0.7606285093695558,exact,feasible,False,0.9968797364112228,1.612648604394192,900,0.035791104814412535,0.012848760181204372,1.0,6,[0.7606285093695558],False,0.022944033680811826,0.3463304022646095,0.15688509021640976,0.17513520315358974,0.0007706577782488111,0.4785343945818008,tr0,inf4,False,1.6076167156724086,0.0,observed
918,tr0,inf5,0.759673089054643,exact,feasible,False,0.9968797364112228,1.6076167156724086,900,0.035791104814412535,0.012848760181204372,1.0,6,[0.759673089054643],False,0.022944033680811826,0.3463304022646095,0.15688509021640976,0.17513520315358974,0.0007706577782488111,0.4785343945818008,tr0,inf2,False,1.6026005277697866,0.0,observed
919,tr0,inf5,0.7587158527780598,exact,feasible,False,0.9968797364112228,1.6026005277697866,900,0.035791104814412535,0.012848760181204372,1.0,6,[0.7587158527780598],False,0.022944033680811826,0.3463304022646095,0.15688509021640976,0.17513520315358974,0.0007706577782488111,0.4785343945818008,tr0,inf3,False,1.5975999916956314,0.0,observed
920,tr0,inf5,0.7577568121225294,exact,feasible,False,0.9968797364112228,1.5975999916956314,900,0.035791104814412535,0.012848760181204372,1.0,6,[0.7577568121225294],False,0.022944033680811826,0.3463304022646095,0.15688509021640976,0.17513520315358974,0.0007706577782488111,0.4785343945818008,tr1,inf4,False,1.682615058612113,0.09,observed
921,tr0,inf5,0.7734269113509844,exact,feasible,False,0.9968797364112228,1.682615058612113,900,0.035791104814412535,0.012848760181204372,1.0,6,[0.7734269113509844],False,0.022944033680811826,0.3463304022646095,0.15688509021640976,0.17513520315358974,0.0007706577782488111,0.4785343945818008,tr0,inf2,False,1.6773648561107974,0.0,observed
922,tr0,inf5,0.7724973011099096,exact,feasible,False,0.9968797364112228,1.6773648561107974,900,0.035791104814412535,0.012848760181204372,1.0,6,[0.7724973011099096],False,0.022944033680811826,0.3463304022646095,0.15688509021640976,0.17513520315358974,0.0007706577782488111,0.4785343945818008,tr0,inf3,False,1.6721310356251804,0.0,observed
923,tr0,inf5,0.771565720927393,exact,feasible,False,0.9968797364112228,1.6721310356251804,900,0.035791104814412535,0.012848760181204372,1.0,6,[0.771565720927393],False,0.022944033680811826,0.3463304022646095,0.15688509021640976,0.17513520315358974,0.0007706577782488111,0.4785343945818008,tr0,inf4,False,1.666913546039055,0.0,observed
924,tr0,inf5,0.7706321818983977,exact,feasible,False,0.9968797364112228,1.666913546039055,900,0.035791104814412535,0.012848760181204372,1.0,6,[0.7706321818983977],False,0.022944033680811826,0.3463304022646095,0.15688509021640976,0.17513520315358974,0.0007706577782488111,0.4785343945818008,tr0,inf2,False,1.6617123363957098,0.0,observed
925,tr0,inf5,0.7696966951576178,exact,feasible,False,0.9968797364112228,1.6617123363957098,900,0.035791104814412535,0.012848760181204372,1.0,6,[0.7696966951576178],False,0.022944033680811826,0.3463304022646095,0.15688509021640976,0.17513520315358974,0.0007706577782488111,0.4785343945818008,tr0,inf3,False,1.6565273558974325,0.0,observed
926,tr0,inf5,0.7687592718788685,exact,feasible,False,0.9968797364112228,1.6565273558974325,900,0.035791104814412535,0.012848760181204372,1.0,6,[0.7687592718788685],False,0.022944033680811826,0.3463304022646095,0.15688509021640976,0.17513520315358974,0.0007706577782488111,0.4785343945818008,tr0,inf4,False,1.6513585539050124,0.0,observed
927,tr0,inf5,0.7678199232744728,exact,feasible,False,0.9968797364112228,1.6513585539050124,900,0.035791104814412535,0.012848760181204372,1.0,6,[0.7678199232744728],False,0.022944033680811826,0.3463304022646095,0.15688509021640976,0.17513520315358974,0.0007706577782488111,0.4785343945818008,tr0,inf2,False,1.646205879937247,0.0,observed
928,tr0,inf5,0.7668786605946503,exact,feasible,False,0.9968797364112228,1.646205879937247,900,0.035791104814412535,0.012848760181204372,1.0,6,[0.7668786605946503],False,0.022944033680811826,0.3463304022646095,0.15688509021640976,0.17513520315358974,0.0007706577782488111,0.4785343945818008,tr0,inf3,False,1.641069283670448,0.0,observed
929,tr0,inf5,0.7659354951269071,exact,feasible,False,0.9968797364112228,1.641069283670448,900,0.035791104814412535,0.012848760181204372,1.0,6,[0.7659354951269071],False,0.022944033680811826,0.3463304022646095,0.15688509021640976,0.17513520315358974,0.0007706577782488111,0.4785343945818008,tr0,inf4,False,1.6359487149379504,0.0,observed
930,tr0,inf5,0.7649904381954248,exact,feasible,False,0.9968797364112228,1.6359487149379504,900,0.035791104814412535,0.012848760181204372,1.0,6,[0.7649904381954248],False,0.022944033680811826,0.3463304022646095,0.15688509021640976,0.17513520315358974,0.0007706577782488111,0.4785343945818008,tr1,inf2,False,1.7208441237296228,0.09,observed
931,tr0,inf5,0.7800506481415019,exact,feasible,False,0.9968797364112228,1.7208441237296228,900,0.035791104814412535,0.012848760181204372,1.0,6,[0.7800506481415019],False,0.022944033680811826,0.3463304022646095,0.15688509021640976,0.17513520315358974,0.0007706577782488111,0.4785343945818008,tr0,inf3,False,1.7154746364683882,0.0,observed
932,tr0,inf5,0.7791355220990774,exact,feasible,False,0.9968797364112228,1.7154746364683882,900,0.035791104814412535,0.012848760181204372,1.0,6,[0.7791355220990774],False,0.022944033680811826,0.3463304022646095,0.15688509021640976,0.17513520315358974,0.0007706577782488111,0.4785343945818008,tr0,inf4,False,1.710121903422745,0.0,observed
933,tr0,inf5,0.778218347581295,exact,feasible,False,0.9968797364112228,1.710121903422745,900,0.035791104814412535,0.012848760181204372,1.0,6,[0.778218347581295],False,0.022944033680811826,0.3463304022646095,0.15688509021640976,0.17513520315358974,0.0007706577782488111,0.4785343945818008,tr0,inf2,False,1.7047858723151248,0.0,observed
934,tr0,inf5,0.7772991353794576,exact,feasible,False,0.9968797364112228,1.7047858723151248,900,0.035791104814412535,0.012848760181204372,1.0,6,[0.7772991353794576],False,0.022944033680811826,0.3463304022646095,0.15688509021640976,0.17513520315358974,0.0007706577782488111,0.4785343945818008,tr0,inf3,False,1.6994664910310782,0.0,observed
935,tr0,inf5,0.7763778963290061,exact,feasible,False,0.9968797364112228,1.6994664910310782,900,0.035791104814412535,0.012848760181204372,1.0,6,[0.7763778963290061],False,0.022944033680811826,0.3463304022646095,0.15688509021640976,0.17513520315358974,0.0007706577782488111,0.4785343945818008,tr0,inf4,False,1.694163707618767,0.0,observed
936,tr0,inf5,0.7754546413089066,exact,feasible,False,0.9968797364112228,1.694163707618767,900,0.035791104814412535,0.012848760181204372,1.0,6,[0.7754546413089066],False,0.022944033680811826,0.3463304022646095,0.15688509021640976,0.17513520315358974,0.0007706577782488111,0.4785343945818008,tr0,inf2,False,1.6888774702884564,0.0,observed
937,tr0,inf5,0.7745293812410373,exact,feasible,False,0.9968797364112228,1.6888774702884564,900,0.035791104814412535,0.012848760181204372,1.0,6,[0.7745293812410373],False,0.022944033680811826,0.3463304022646095,0.15688509021640976,0.17513520315358974,0.0007706577782488111,0.4785343945818008,tr0,inf3,False,1.6836077274120091,0.0,observed
938,tr0,inf5,0.7736021270895753,exact,feasible,False,0.9968797364112228,1.6836077274120091,900,0.035791104814412535,0.012848760181204372,1.0,6,[0.7736021270895753],False,0.022944033680811826,0.3463304022646095,0.15688509021640976,0.17513520315358974,0.0007706577782488111,0.4785343945818008,tr0,inf4,False,1.6783544275223816,0.0,observed
939,tr0,inf5,0.772672889860383,exact,feasible,False,0.9968797364112228,1.6783544275223816,900,0.035791104814412535,0.012848760181204372,1.0,6,[0.772672889860383],False,0.022944033680811826,0.3463304022646095,0.15688509021640976,0.17513520315358974,0.0007706577782488111,0.4785343945818008,tr0,inf2,False,1.6731175193131207,0.0,observed
940,tr0,inf5,0.7717416806003957,exact,feasible,False,0.9968797364112228,1.6731175193131207,900,0.035791104814412535,0.012848760181204372,1.0,6,[0.7717416806003957],False,0.022944033680811826,0.3463304022646095,0.15688509021640976,0.17513520315358974,0.0007706577782488111,0.4785343945818008,tr1,inf3,False,1.7578969516378629,0.09,observed
941,tr0,inf5,0.7862334010514408,exact,feasible,False,0.9968797364112228,1.7578969516378629,900,0.035791104814412535,0.012848760181204372,1.0,6,[0.7862334010514408],False,0.022944033680811826,0.3463304022646095,0.15688509021640976,0.17513520315358974,0.0007706577782488111,0.4785343945818008,tr0,inf4,False,1.7524118497868448,0.0,observed
942,tr0,inf5,0.7853325228387477,exact,feasible,False,0.9968797364112228,1.7524118497868448,900,0.035791104814412535,0.012848760181204372,1.0,6,[0.7853325228387477],False,0.022944033680811826,0.3463304022646095,0.15688509021640976,0.17513520315358974,0.0007706577782488111,0.4785343945818008,tr0,inf2,False,1.7469438628994134,0.0,observed
943,tr0,inf5,0.7844295238132557,exact,feasible,False,0.9968797364112228,1.7469438628994134,900,0.035791104814412535,0.012848760181204372,1.0,6,[0.7844295238132557],False,0.022944033680811826,0.3463304022646095,0.15688509021640976,0.17513520315358974,0.0007706577782488111,0.4785343945818008,tr0,inf3,False,1.7414929375723707,0.0,observed
944,tr0,inf5,0.783524414449063,exact,feasible,False,0.9968797364112228,1.7414929375723707,900,0.035791104814412535,0.012848760181204372,1.0,6,[0.783524414449063],False,0.022944033680811826,0.3463304022646095,0.15688509021640976,0.17513520315358974,0.0007706577782488111,0.4785343945818008,tr0,inf4,False,1.736059020569151,0.0,observed
945,tr0,inf5,0.7826172052685814,exact,feasible,False,0.9968797364112228,1.736059020569151,900,0.035791104814412535,0.012848760181204372,1.0,6,[0.7826172052685814],False,0.022944033680811826,0.3463304022646095,0.15688509021640976,0.17513520315358974,0.0007706577782488111,0.4785343945818008,tr0,inf2,False,1.730642058819301,0.0,observed
946,tr0,inf5,0.7817079068419251,exact,feasible,False,0.9968797364112228,1.730642058819301,900,0.035791104814412535,0.012848760181204372,1.0,6,[0.7817079068419251],False,0.022944033680811826,0.3463304022646095,0.15688509021640976,0.17513520315358974,0.0007706577782488111,0.4785343945818008,tr0,inf3,False,1.7252419994179609,0.0,observed
947,tr0,inf5,0.7807965297862985,exact,feasible,False,0.9968797364112228,1.7252419994179609,900,0.035791104814412535,0.012848760181204372,1.0,6,[0.7807965297862985],False,0.022944033680811826,0.3463304022646095,0.15688509021640976,0.17513520315358974,0.0007706577782488111,0.4785343945818008,tr0,inf4,False,1.7198587896253479,0.0,observed
948,tr0,inf5,0.7798830847653831,exact,feasible,False,0.9968797364112228,1.7198587896253479,900,0.035791104814412535,0.012848760181204372,1.0,6,[0.7798830847653831],False,0.022944033680811826,0.3463304022646095,0.15688509021640976,0.17513520315358974,0.0007706577782488111,0.4785343945818008,tr0,inf2,False,1.7144923768662417,0.0,observed
949,tr0,inf5,0.7789675824887259,exact,feasible,False,0.9968797364112228,1.7144923768662417,900,0.035791104814412535,0.012848760181204372,1.0,6,[0.7789675824887259],False,0.022944033680811826,0.3463304022646095,0.15688509021640976,0.17513520315358974,0.0007706577782488111,0.4785343945818008,tr0,inf3,False,1.70914270872947,0.0,observed
950,tr0,inf5,0.7780500337111256,exact,feasible,False,0.9968797364112228,1.70914270872947,900,0.035791104814412535,0.012848760181204372,1.0,6,[0.7780500337111256],False,0.022944033680811826,0.3463304022646095,0.15688509021640976,0.17513520315358974,0.0007706577782488111,0.4785343945818008,tr1,inf4,False,1.7938097329673974,0.09,observed
951,tr0,inf5,0.7964233241649429,exact,feasible,False,0.998362829666648,1.7938097329673974,950,0.019918811180574855,0.002183271945300202,1.0,6,[0.7964233241649429],False,0.02864156513441063,0.36642789483038596,0.06812387133404378,0.13833246084204887,0.0,0.4952396443275653,tr0,inf2,False,1.7908729608889051,0.0,observed
952,tr0,inf5,0.7959560047831925,exact,feasible,False,0.998362829666648,1.7908729608889051,950,0.019918811180574855,0.002183271945300202,1.0,6,[0.7959560047831925],False,0.02864156513441063,0.36642789483038596,0.06812387133404378,0.13833246084204887,0.0,0.4952396443275653,tr0,inf3,False,1.7879409968065356,0.0,observed
953,tr0,inf5,0.7954880794307709,exact,feasible,False,0.998362829666648,1.7879409968065356,950,0.019918811180574855,0.002183271945300202,1.0,6,[0.7954880794307709],False,0.02864156513441063,0.36642789483038596,0.06812387133404378,0.13833246084204887,0.0,0.4952396443275653,tr0,inf4,False,1.7850138328487801,0.0,observed
954,tr0,inf5,0.7950195495727682,exact,feasible,False,0.998362829666648,1.7850138328487801,950,0.019918811180574855,0.002183271945300202,1.0,6,[0.7950195495727682],False,0.02864156513441063,0.36642789483038596,0.06812387133404378,0.13833246084204887,0.0,0.4952396443275653,tr0,inf2,False,1.782091461157017,0.0,observed
955,tr0,inf5,0.7945504166782896,exact,feasible,False,0.998362829666648,1.782091461157017,950,0.019918811180574855,0.002183271945300202,1.0,6,[0.7945504166782896],False,0.02864156513441063,0.36642789483038596,0.06812387133404378,0.13833246084204887,0.0,0.4952396443275653,tr0,inf3,False,1.779173873885491,0.0,observed
956,tr0,inf5,0.7940806822204308,exact,feasible,False,0.998362829666648,1.779173873885491,950,0.019918811180574855,0.002183271945300202,1.0,6,[0.7940806822204308],False,0.02864156513441063,0.36642789483038596,0.06812387133404378,0.13833246084204887,0.0,0.4952396443275653,tr0,inf4,False,1.7762610632012907,0.0,observed
957,tr0,inf5,0.7936103476762542,exact,feasible,False,0.998362829666648,1.7762610632012907,950,0.019918811180574855,0.002183271945300202,1.0,6,[0.7936103476762542],False,0.02864156513441063,0.36642789483038596,0.06812387133404378,0.13833246084204887,0.0,0.4952396443275653,tr0,inf2,False,1.7733530212843294,0.0,observed
958,tr0,inf5,0.7931394145267642,exact,feasible,False,0.998362829666648,1.7733530212843294,950,0.019918811180574855,0.002183271945300202,1.0,6,[0.7931394145267642],False,0.02864156513441063,0.36642789483038596,0.06812387133404378,0.13833246084204887,0.0,0.4952396443275653,tr0,inf3,False,1.7704497403273225,0.0,observed
959,tr0,inf5,0.7926678842568834,exact,feasible,False,0.998362829666648,1.7704497403273225,950,0.019918811180574855,0.002183271945300202,1.0,6,[0.7926678842568834],False,0.02864156513441063,0.36642789483038596,0.06812387133404378,0.13833246084204887,0.0,0.4952396443275653,tr0,inf4,False,1.767551212535768,0.0,observed
960,tr0,inf5,0.7921957583554282,exact,feasible,False,0.998362829666648,1.767551212535768,950,0.019918811180574855,0.002183271945300202,1.0,6,[0.7921957583554282],False,0.02864156513441063,0.36642789483038596,0.06812387133404378,0.13833246084204887,0.0,0.4952396443275653,tr1,inf2,False,1.8546574301279242,0.09,observed
961,tr0,inf5,0.805803347437338,exact,feasible,False,0.998362829666648,1.8546574301279242,950,0.019918811180574855,0.002183271945300202,1.0,6,[0.805803347437338],False,0.02864156513441063,0.36642789483038596,0.06812387133404378,0.13833246084204887,0.0,0.4952396443275653,tr0,inf3,False,1.8516210400047879,0.0,observed
962,tr0,inf5,0.8053486767621131,exact,feasible,False,0.998362829666648,1.8516210400047879,950,0.019918811180574855,0.002183271945300202,1.0,6,[0.8053486767621131],False,0.02864156513441063,0.36642789483038596,0.06812387133404378,0.13833246084204887,0.0,0.4952396443275653,tr0,inf4,False,1.8485896209694817,0.0,observed
963,tr0,inf5,0.8048933712005012,exact,feasible,False,0.998362829666648,1.8485896209694817,950,0.019918811180574855,0.002183271945300202,1.0,6,[0.8048933712005012],False,0.02864156513441063,0.36642789483038596,0.06812387133404378,0.13833246084204887,0.0,0.4952396443275653,tr0,inf2,False,1.845563164883488,0.0,observed
964,tr0,inf5,0.8044374321306307,exact,feasible,False,0.998362829666648,1.845563164883488,950,0.019918811180574855,0.002183271945300202,1.0,6,[0.8044374321306307],False,0.02864156513441063,0.36642789483038596,0.06812387133404378,0.13833246084204887,0.0,0.4952396443275653,tr0,inf3,False,1.8425416636216136,0.0,observed
965,tr0,inf5,0.8039808609351321,exact,feasible,False,0.998362829666648,1.8425416636216136,950,0.019918811180574855,0.002183271945300202,1.0,6,[0.8039808609351321],False,0.02864156513441063,0.36642789483038596,0.06812387133404378,0.13833246084204887,0.0,0.4952396443275653,tr0,inf4,False,1.8395251090719673,0.0,observed
966,tr0,inf5,0.8035236590011149,exact,feasible,False,0.998362829666648,1.8395251090719673,950,0.019918811180574855,0.002183271945300202,1.0,6,[0.8035236590011149],False,0.02864156513441063,0.36642789483038596,0.06812387133404378,0.13833246084204887,0.0,0.4952396443275653,tr0,inf2,False,1.8365134931359386,0.0,observed
967,tr0,inf5,0.8030658277201432,exact,feasible,False,0.998362829666648,1.8365134931359386,950,0.019918811180574855,0.002183271945300202,1.0,6,[0.8030658277201432],False,0.02864156513441063,0.36642789483038596,0.06812387133404378,0.13833246084204887,0.0,0.4952396443275653,tr0,inf3,False,1.8335068077281758,0.0,observed
968,tr0,inf5,0.8026073684882127,exact,feasible,False,0.998362829666648,1.8335068077281758,950,0.019918811180574855,0.002183271945300202,1.0,6,[0.8026073684882127],False,0.02864156513441063,0.36642789483038596,0.06812387133404378,0.13833246084204887,0.0,0.4952396443275653,tr0,inf4,False,1.8305050447765643,0.0,observed
969,tr0,inf5,0.8021482827057264,exact,feasible,False,0.998362829666648,1.8305050447765643,950,0.019918811180574855,0.002183271945300202,1.0,6,[0.8021482827057264],False,0.02864156513441063,0.36642789483038596,0.06812387133404378,0.13833246084204887,0.0,0.4952396443275653,tr0,inf2,False,1.827508196222205,0.0,observed
970,tr0,inf5,0.8016885717774708,exact,feasible,False,0.998362829666648,1.827508196222205,950,0.019918811180574855,0.002183271945300202,1.0,6,[0.8016885717774708],False,0.02864156513441063,0.36642789483038596,0.06812387133404378,0.13833246084204887,0.0,0.4952396443275653,tr1,inf3,False,1.9145162540193925,0.09,observed
971,tr0,inf5,0.8144904450405831,exact,feasible,False,0.998362829666648,1.9145162540193925,950,0.019918811180574855,0.002183271945300202,1.0,6,[0.8144904450405831],False,0.02864156513441063,0.36642789483038596,0.06812387133404378,0.13833246084204887,0.0,0.4952396443275653,tr0,inf4,False,1.9113818648055918,0.0,observed
972,tr0,inf5,0.8140483483815965,exact,feasible,False,0.998362829666648,1.9113818648055918,950,0.019918811180574855,0.002183271945300202,1.0,6,[0.8140483483815965],False,0.02864156513441063,0.36642789483038596,0.06812387133404378,0.13833246084204887,0.0,0.4952396443275653,tr0,inf2,False,1.908252607120825,0.0,observed
973,tr0,inf5,0.8136055910420045,exact,feasible,False,0.998362829666648,1.908252607120825,950,0.019918811180574855,0.002183271945300202,1.0,6,[0.8136055910420045],False,0.02864156513441063,0.36642789483038596,0.06812387133404378,0.13833246084204887,0.0,0.4952396443275653,tr0,inf3,False,1.9051284725639053,0.0,observed
974,tr0,inf5,0.8131621743080163,exact,feasible,False,0.998362829666648,1.9051284725639053,950,0.019918811180574855,0.002183271945300202,1.0,6,[0.8131621743080163],False,0.02864156513441063,0.36642789483038596,0.06812387133404378,0.13833246084204887,0.0,0.4952396443275653,tr0,inf4,False,1.9020094527473994,0.0,observed
975,tr0,inf5,0.8127180994707955,exact,feasible,False,0.998362829666648,1.9020094527473994,950,0.019918811180574855,0.002183271945300202,1.0,6,[0.8127180994707955],False,0.02864156513441063,0.36642789483038596,0.06812387133404378,0.13833246084204887,0.0,0.4952396443275653,tr0,inf2,False,1.8988955392976063,0.0,observed
976,tr0,inf5,0.8122733678264376,exact,feasible,False,0.998362829666648,1.8988955392976063,950,0.019918811180574855,0.002183271945300202,1.0,6,[0.8122733678264376],False,0.02864156513441063,0.36642789483038596,0.06812387133404378,0.13833246084204887,0.0,0.4952396443275653,tr0,inf3,False,1.8957867238545338,0.0,observed
977,tr0,inf5,0.8118279806759469,exact,feasible,False,0.998362829666648,1.8957867238545338,950,0.019918811180574855,0.002183271945300202,1.0,6,[0.8118279806759469],False,0.02864156513441063,0.36642789483038596,0.06812387133404378,0.13833246084204887,0.0,0.4952396443275653,tr0,inf4,False,1.8926829980718767,0.0,observed
978,tr0,inf5,0.8113819393252135,exact,feasible,False,0.998362829666648,1.8926829980718767,950,0.019918811180574855,0.002183271945300202,1.0,6,[0.8113819393252135],False,0.02864156513441063,0.36642789483038596,0.06812387133404378,0.13833246084204887,0.0,0.4952396443275653,tr0,inf2,False,1.8895843536169936,0.0,observed
979,tr0,inf5,0.8109352450849897,exact,feasible,False,0.998362829666648,1.8895843536169936,950,0.019918811180574855,0.002183271945300202,1.0,6,[0.8109352450849897],False,0.02864156513441063,0.36642789483038596,0.06812387133404378,0.13833246084204887,0.0,0.4952396443275653,tr0,inf3,False,1.8864907821708858,0.0,observed
980,tr0,inf5,0.8104878992708676,exact,feasible,False,0.998362829666648,1.8864907821708858,950,0.019918811180574855,0.002183271945300202,1.0,6,[0.8104878992708676],False,0.02864156513441063,0.36642789483038596,0.06812387133404378,0.13833246084204887,0.0,0.4952396443275653,tr1,inf4,False,1.9734022754281737,0.09,observed
981,tr0,inf5,0.8225437014750371,exact,feasible,False,0.998362829666648,1.9734022754281737,950,0.019918811180574855,0.002183271945300202,1.0,6,[0.8225437014750371],False,0.02864156513441063,0.36642789483038596,0.06812387133404378,0.13833246084204887,0.0,0.4952396443275653,tr0,inf2,False,1.9701714797670733,0.0,observed
982,tr0,inf5,0.8221140454848497,exact,feasible,False,0.998362829666648,1.9701714797670733,950,0.019918811180574855,0.002183271945300202,1.0,6,[0.8221140454848497],False,0.02864156513441063,0.36642789483038596,0.06812387133404378,0.13833246084204887,0.0,0.4952396443275653,tr0,inf3,False,1.9669459734687824,0.0,observed
983,tr0,inf5,0.8216837059542004,exact,feasible,False,0.998362829666648,1.9669459734687824,950,0.019918811180574855,0.002183271945300202,1.0,6,[0.8216837059542004],False,0.02864156513441063,0.36642789483038596,0.06812387133404378,0.13833246084204887,0.0,0.4952396443275653,tr0,inf4,False,1.9637257478737131,0.0,observed
984,tr0,inf5,0.8212526840736122,exact,feasible,False,0.998362829666648,1.9637257478737131,950,0.019918811180574855,0.002183271945300202,1.0,6,[0.8212526840736122],False,0.02864156513441063,0.36642789483038596,0.06812387133404378,0.13833246084204887,0.0,0.4952396443275653,tr0,inf2,False,1.9605107943364548,0.0,observed
985,tr0,inf5,0.8208209810389788,exact,feasible,False,0.998362829666648,1.9605107943364548,950,0.019918811180574855,0.002183271945300202,1.0,6,[0.8208209810389788],False,0.02864156513441063,0.36642789483038596,0.06812387133404378,0.13833246084204887,0.0,0.4952396443275653,tr0,inf3,False,1.9573011042257509,0.0,observed
986,tr0,inf5,0.8203885980515427,exact,feasible,False,0.998362829666648,1.9573011042257509,950,0.019918811180574855,0.002183271945300202,1.0,6,[0.8203885980515427],False,0.02864156513441063,0.36642789483038596,0.06812387133404378,0.13833246084204887,0.0,0.4952396443275653,tr0,inf4,False,1.9540966689244754,0.0,observed
987,tr0,inf5,0.8199555363178725,exact,feasible,False,0.998362829666648,1.9540966689244754,950,0.019918811180574855,0.002183271945300202,1.0,6,[0.8199555363178725],False,0.02864156513441063,0.36642789483038596,0.06812387133404378,0.13833246084204887,0.0,0.4952396443275653,tr0,inf2,False,1.9508974798296104,0.0,observed
988,tr0,inf5,0.8195217970498414,exact,feasible,False,0.998362829666648,1.9508974798296104,950,0.019918811180574855,0.002183271945300202,1.0,6,[0.8195217970498414],False,0.02864156513441063,0.36642789483038596,0.06812387133404378,0.13833246084204887,0.0,0.4952396443275653,tr0,inf3,False,1.9477035283522222,0.0,observed
989,tr0,inf5,0.8190873814646045,exact,feasible,False,0.998362829666648,1.9477035283522222,950,0.019918811180574855,0.002183271945300202,1.0,6,[0.8190873814646045],False,0.02864156513441063,0.36642789483038596,0.06812387133404378,0.13833246084204887,0.0,0.4952396443275653,tr0,inf4,False,1.9445148059174389,0.0,observed
990,tr0,inf5,0.8186522907845768,exact,feasible,False,0.998362829666648,1.9445148059174389,950,0.019918811180574855,0.002183271945300202,1.0,6,[0.8186522907845768],False,0.02864156513441063,0.36642789483038596,0.06812387133404378,0.13833246084204887,0.0,0.4952396443275653,tr1,inf2,False,2.031331303964427,0.09,observed
991,tr0,inf5,0.8300165722561588,exact,feasible,False,0.998362829666648,2.031331303964427,950,0.019918811180574855,0.002183271945300202,1.0,6,[0.8300165722561588],False,0.02864156513441063,0.36642789483038596,0.06812387133404378,0.13833246084204887,0.0,0.4952396443275653,tr0,inf3,False,2.0280056686163674,0.0,observed
992,tr0,inf5,0.8295991761861184,exact,feasible,False,0.998362829666648,2.0280056686163674,950,0.019918811180574855,0.002183271945300202,1.0,6,[0.8295991761861184],False,0.02864156513441063,0.36642789483038596,0.06812387133404378,0.13833246084204887,0.0,0.4952396443275653,tr0,inf4,False,2.024685477899839,0.0,observed
993,tr0,inf5,0.829181076461869,exact,feasible,False,0.998362829666648,2.024685477899839,950,0.019918811180574855,0.002183271945300202,1.0,6,[0.829181076461869],False,0.02864156513441063,0.36642789483038596,0.06812387133404378,0.13833246084204887,0.0,0.4952396443275653,tr0,inf2,False,2.021370722901053,0.0,observed
994,tr0,inf5,0.8287622741755385,exact,feasible,False,0.998362829666648,2.021370722901053,950,0.019918811180574855,0.002183271945300202,1.0,6,[0.8287622741755385],False,0.02864156513441063,0.36642789483038596,0.06812387133404378,0.13833246084204887,0.0,0.4952396443275653,tr0,inf3,False,2.0180613947208133,0.0,observed
995,tr0,inf5,0.8283427704250045,exact,feasible,False,0.998362829666648,2.0180613947208133,950,0.019918811180574855,0.002183271945300202,1.0,6,[0.8283427704250045],False,0.02864156513441063,0.36642789483038596,0.06812387133404378,0.13833246084204887,0.0,0.4952396443275653,tr0,inf4,False,2.0147574844744933,0.0,observed
996,tr0,inf5,0.8279225663138726,exact,feasible,False,0.998362829666648,2.0147574844744933,950,0.019918811180574855,0.002183271945300202,1.0,6,[0.8279225663138726],False,0.02864156513441063,0.36642789483038596,0.06812387133404378,0.13833246084204887,0.0,0.4952396443275653,tr0,inf2,False,2.011458983292013,0.0,observed
997,tr0,inf5,0.8275016629514568,exact,feasible,False,0.998362829666648,2.011458983292013,950,0.019918811180574855,0.002183271945300202,1.0,6,[0.8275016629514568],False,0.02864156513441063,0.36642789483038596,0.06812387133404378,0.13833246084204887,0.0,0.4952396443275653,tr0,inf3,False,2.008165882317813,0.0,observed
998,tr0,inf5,0.8270800614527567,exact,feasible,False,0.998362829666648,2.008165882317813,950,0.019918811180574855,0.002183271945300202,1.0,6,[0.8270800614527567],False,0.02864156513441063,0.36642789483038596,0.06812387133404378,0.13833246084204887,0.0,0.4952396443275653,tr0,inf4,False,2.004878172710833,0.0,observed
999,tr0,inf5,0.8266577629384378,exact,feasible,False,0.998362829666648,2.004878172710833,950,0.019918811180574855,0.002183271945300202,1.0,6,[0.8266577629384378],False,0.02864156513441063,0.36642789483038596,0.06812387133404378,0.13833246084204887,0.0,0.4952396443275653,tr0,inf2,False,2.001595845644486,0.0,observed
1000,tr0,inf5,0.8262347685348097,exact,feasible,False,0.998362829666648,2.001595845644486,950,0.019918811180574855,0.002183271945300202,1.0,6,[0.8262347685348097],False,0.02864156513441063,0.36642789483038596,0.06812387133404378,0.13833246084204887,0.0,0.4952396443275653,tr1,inf3,False,2.0883188923066363,0.09,observed
1001,tr0,inf5,0.8376548756367818,exact,feasible,False,0.99849682672659,2.0883188923066363,1000,0.017539055402786795,0.00500244205935457,1.0,6,[0.8376548756367818],False,0.0011385772565195072,0.39222490404463123,0.09802613977879275,0.16175169825512092,0.0027724609770774637,0.44602339770024785,tr0,inf4,False,2.0851797871613638,0.0,observed
1002,tr0,inf5,0.8372824398547061,exact,feasible,False,0.99849682672659,2.0851797871613638,1000,0.017539055402786795,0.00500244205935457,1.0,6,[0.8372824398547061],False,0.0011385772565195072,0.39222490404463123,0.09802613977879275,0.16175169825512092,0.0027724609770774637,0.44602339770024785,tr0,inf2,False,2.082045400635048,0.0,observed
1003,tr0,inf5,0.8369093955968868,exact,feasible,False,0.99849682672659,2.082045400635048,1000,0.017539055402786795,0.00500244205935457,1.0,6,[0.8369093955968868],False,0.0011385772565195072,0.39222490404463123,0.09802613977879275,0.16175169825512092,0.0027724609770774637,0.44602339770024785,tr0,inf3,False,2.078915725634787,0.0,observed
1004,tr0,inf5,0.8365357436310115,exact,feasible,False,0.99849682672659,2.078915725634787,1000,0.017539055402786795,0.00500244205935457,1.0,6,[0.8365357436310115],False,0.0011385772565195072,0.39222490404463123,0.09802613977879275,0.16175169825512092,0.0027724609770774637,0.44602339770024785,tr0,inf4,False,2.075790755078341,0.0,observed
1005,tr0,inf5,0.8361614847291003,exact,feasible,False,0.99849682672659,2.075790755078341,1000,0.017539055402786795,0.00500244205935457,1.0,6,[0.8361614847291003],False,0.0011385772565195072,0.39222490404463123,0.09802613977879275,0.16175169825512092,0.0027724609770774637,0.44602339770024785,tr0,inf2,False,2.0726704818941157,0.0,observed
1006,tr0,inf5,0.8357866196674951,exact,feasible,False,0.99849682672659,2.0726704818941157,1000,0.017539055402786795,0.00500244205935457,1.0,6,[0.8357866196674951],False,0.0011385772565195072,0.39222490404463123,0.09802613977879275,0.16175169825512092,0.0027724609770774637,0.44602339770024785,tr0,inf3,False,2.0695548990211465,0.0,observed
1007,tr0,inf5,0.8354111492268451,exact,feasible,False,0.99849682672659,2.0695548990211465,1000,0.017539055402786795,0.00500244205935457,1.0,6,[0.8354111492268451],False,0.0011385772565195072,0.39222490404463123,0.09802613977879275,0.16175169825512092,0.0027724609770774637,0.44602339770024785,tr0,inf4,False,2.066443999409083,0.0,observed
1008,tr0,inf5,0.835035074192094,exact,feasible,False,0.99849682672659,2.066443999409083,1000,0.017539055402786795,0.00500244205935457,1.0,6,[0.835035074192094],False,0.0011385772565195072,0.39222490404463123,0.09802613977879275,0.16175169825512092,0.0027724609770774637,0.44602339770024785,tr0,inf2,False,2.063337776018173,0.0,observed
1009,tr0,inf5,0.8346583953524683,exact,feasible,False,0.99849682672659,2.063337776018173,1000,0.017539055402786795,0.00500244205935457,1.0,6,[0.8346583953524683],False,0.0011385772565195072,0.39222490404463123,0.09802613977879275,0.16175169825512092,0.0027724609770774637,0.44602339770024785,tr0,inf3,False,2.0602362218192454,0.0,observed
1010,tr0,inf5,0.8342811135014628,exact,feasible,False,0.99849682672659,2.0602362218192454,1000,0.017539055402786795,0.00500244205935457,1.0,6,[0.8342811135014628],False,0.0011385772565195072,0.39222490404463123,0.09802613977879275,0.16175169825512092,0.0027724609770774637,0.44602339770024785,tr1,inf4,False,2.1471393297936956,0.09,observed
1011,tr0,inf5,0.8444216527410331,exact,feasible,False,0.99849682672659,2.1471393297936956,1000,0.017539055402786795,0.00500244205935457,1.0,6,[0.8444216527410331],False,0.0011385772565195072,0.39222490404463123,0.09802613977879275,0.16175169825512092,0.0027724609770774637,0.44602339770024785,tr0,inf2,False,2.143911807338862,0.0,observed
1012,tr0,inf5,0.8440605850509879,exact,feasible,False,0.99849682672659,2.143911807338862,1000,0.017539055402786795,0.00500244205935457,1.0,6,[0.8440605850509879],False,0.0011385772565195072,0.39222490404463123,0.09802613977879275,0.16175169825512092,0.0027724609770774637,0.44602339770024785,tr0,inf3,False,2.1406891364095224,0.0,observed
1013,tr0,inf5,0.8436988955039435,exact,feasible,False,0.99849682672659,2.1406891364095224,1000,0.017539055402786795,0.00500244205935457,1.0,6,[0.8436988955039435],False,0.0011385772565195072,0.39222490404463123,0.09802613977879275,0.16175169825512092,0.0027724609770774637,0.44602339770024785,tr0,inf4,False,2.1374713097129927,0.0,observed
1014,tr0,inf5,0.8433365847853341,exact,feasible,False,0.99849682672659,2.1374713097129927,1000,0.017539055402786795,0.00500244205935457,1.0,6,[0.8433365847853341],False,0.0011385772565195072,0.39222490404463123,0.09802613977879275,0.16175169825512092,0.0027724609770774637,0.44602339770024785,tr0,inf2,False,2.1342583199675516,0.0,observed
1015,tr0,inf5,0.8429736535851542,exact,feasible,False,0.99849682672659,2.1342583199675516,1000,0.017539055402786795,0.00500244205935457,1.0,6,[0.8429736535851542],False,0.0011385772565195072,0.39222490404463123,0.09802613977879275,0.16175169825512092,0.0027724609770774637,0.44602339770024785,tr0,inf3,False,2.1310501599024234,0.0,observed
1016,tr0,inf5,0.8426101025979466,exact,feasible,False,0.99849682672659,2.1310501599024234,1000,0.017539055402786795,0.00500244205935457,1.0,6,[0.8426101025979466],False,0.0011385772565195072,0.39222490404463123,0.09802613977879275,0.16175169825512092,0.0027724609770774637,0.44602339770024785,tr0,inf4,False,2.1278468222577622,0.0,observed
1017,tr0,inf5,0.842245932522791,exact,feasible,False,0.99849682672659,2.1278468222577622,1000,0.017539055402786795,0.00500244205935457,1.0,6,[0.842245932522791],False,0.0011385772565195072,0.39222490404463123,0.09802613977879275,0.16175169825512092,0.0027724609770774637,0.44602339770024785,tr0,inf2,False,2.124648299784634,0.0,observed
1018,tr0,inf5,0.8418811440632916,exact,feasible,False,0.99849682672659,2.124648299784634,1000,0.017539055402786795,0.00500244205935457,1.0,6,[0.8418811440632916],False,0.0011385772565195072,0.39222490404463123,0.09802613977879275,0.16175169825512092,0.0027724609770774637,0.44602339770024785,tr0,inf3,False,2.1214545852450017,0.0,observed
1019,tr0,inf5,0.8415157379275653,exact,feasible,False,0.99849682672659,2.1214545852450017,1000,0.017539055402786795,0.00500244205935457,1.0,6,[0.8415157379275653],False,0.0011385772565195072,0.39222490404463123,0.09802613977879275,0.16175169825512092,0.0027724609770774637,0.44602339770024785,tr0,inf4,False,2.1182656714117085,0.0,observed
1020,tr0,inf5,0.8411497148282301,exact,feasible,False,0.99849682672659,2.1182656714117085,1000,0.017539055402786795,0.00500244205935457,1.0,6,[0.8411497148282301],False,0.0011385772565195072,0.39222490404463123,0.09802613977879275,0.16175169825512092,0.0027724609770774637,0.44602339770024785,tr1,inf2,False,2.2050815510684605,0.09,observed
1021,tr0,inf5,0.8507093585919385,exact,feasible,False,0.99849682672659,2.2050815510684605,1000,0.017539055402786795,0.00500244205935457,1.0,6,[0.8507093585919385],False,0.0011385772565195072,0.39222490404463123,0.09802613977879275,0.16175169825512092,0.0027724609770774637,0.44602339770024785,tr0,inf3,False,2.201766931415205,0.0,observed
1022,tr0,inf5,0.8503594069847316,exact,feasible,False,0.99849682672659,2.201766931415205,1000,0.017539055402786795,0.00500244205935457,1.0,6,[0.8503594069847316],False,0.0011385772565195072,0.39222490404463123,0.09802613977879275,0.16175169825512092,0.0027724609770774637,0.44602339770024785,tr0,inf4,False,2.1984572942096237,0.0,observed
1023,tr0,inf5,0.8500088221547965,exact,feasible,False,0.99849682672659,2.1984572942096237,1000,0.017539055402786795,0.00500244205935457,1.0,6,[0.8500088221547965],False,0.0011385772565195072,0.39222490404463123,0.09802613977879275,0.16175169825512092,0.0027724609770774637,0.44602339770024785,tr0,inf2,False,2.1951526319622343,0.0,observed
1024,tr0,inf5,0.8496576047049534,exact,feasible,False,0.99849682672659,2.1951526319622343,1000,0.017539055402786795,0.00500244205935457,1.0,6,[0.8496576047049534],False,0.0011385772565195072,0.39222490404463123,0.09802613977879275,0.16175169825512092,0.0027724609770774637,0.44602339770024785,tr0,inf3,False,2.1918529371948132,0.0,observed
1025,tr0,inf5,0.8493057552427827,exact,feasible,False,0.99849682672659,2.1918529371948132,1000,0.017539055402786795,0.00500244205935457,1.0,6,[0.8493057552427827],False,0.0011385772565195072,0.39222490404463123,0.09802613977879275,0.16175169825512092,0.0027724609770774637,0.44602339770024785,tr0,inf4,False,2.188558202440377,0.0,observed
1026,tr0,inf5,0.8489532743806129,exact,feasible,False,0.99849682672659,2.188558202440377,1000,0.017539055402786795,0.00500244205935457,1.0,6,[0.8489532743806129],False,0.0011385772565195072,0.39222490404463123,0.09802613977879275,0.16175169825512092,0.0027724609770774637,0.44602339770024785,tr0,inf2,False,2.1852684202431663,0.0,observed
1027,tr0,inf5,0.8486001627355101,exact,feasible,False,0.99849682672659,2.1852684202431663,1000,0.017539055402786795,0.00500244205935457,1.0,6,[0.8486001627355101],False,0.0011385772565195072,0.39222490404463123,0.09802613977879275,0.16175169825512092,0.0027724609770774637,0.44602339770024785,tr0,inf3,False,2.18198358315863,0.0,observed
1028,tr0,inf5,0.8482464209292683,exact,feasible,False,0.99849682672659,2.18198358315863,1000,0.017539055402786795,0.00500244205935457,1.0,6,[0.8482464209292683],False,0.0011385772565195072,0.39222490404463123,0.09802613977879275,0.16175169825512092,0.0027724609770774637,0.44602339770024785,tr0,inf4,False,2.178703683753407,0.0,observed
1029,tr0,inf5,0.8478920495883973,exact,feasible,False,0.99849682672659,2.178703683753407,1000,0.017539055402786795,0.00500244205935457,1.0,6,[0.8478920495883973],False,0.0011385772565195072,0.39222490404463123,0.09802613977879275,0.16175169825512092,0.0027724609770774637,0.44602339770024785,tr0,inf2,False,2.175428714605309,0.0,observed
1030,tr0,inf5,0.847537049344112,exact,feasible,False,0.99849682672659,2.175428714605309,1000,0.017539055402786795,0.00500244205935457,1.0,6,[0.847537049344112],False,0.0011385772565195072,0.39222490404463123,0.09802613977879275,0.16175169825512092,0.0027724609770774637,0.44602339770024785,tr1,inf3,False,2.2621586683033055,0.09,observed
1031,tr0,inf5,0.8565570059413742,exact,feasible,False,0.99849682672659,2.2621586683033055,1000,0.017539055402786795,0.00500244205935457,1.0,6,[0.8565570059413742],False,0.0011385772565195072,0.39222490404463123,0.09802613977879275,0.16175169825512092,0.0027724609770774637,0.44602339770024785,tr0,inf4,False,2.2587582518528992,0.0,observed
1032,tr0,inf5,0.8562178989343481,exact,feasible,False,0.99849682672659,2.2587582518528992,1000,0.017539055402786795,0.00500244205935457,1.0,6,[0.8562178989343481],False,0.0011385772565195072,0.39222490404463123,0.09802613977879275,0.16175169825512092,0.0027724609770774637,0.44602339770024785,tr0,inf2,False,2.2553629468176197,0.0,observed
1033,tr0,inf5,0.8558781492011847,exact,feasible,False,0.99849682672659,2.2553629468176197,1000,0.017539055402786795,0.00500244205935457,1.0,6,[0.8558781492011847],False,0.0011385772565195072,0.39222490404463123,0.09802613977879275,0.16175169825512092,0.0027724609770774637,0.44602339770024785,tr0,inf3,False,2.251972745514124,0.0,observed
1034,tr0,inf5,0.8555377572622734,exact,feasible,False,0.99849682672659,2.251972745514124,1000,0.017539055402786795,0.00500244205935457,1.0,6,[0.8555377572622734],False,0.0011385772565195072,0.39222490404463123,0.09802613977879275,0.16175169825512092,0.0027724609770774637,0.44602339770024785,tr0,inf4,False,2.2485876402706197,0.0,observed
1035,tr0,inf5,0.8551967236429355,exact,feasible,False,0.99849682672659,2.2485876402706197,1000,0.017539055402786795,0.00500244205935457,1.0,6,[0.8551967236429355],False,0.0011385772565195072,0.39222490404463123,0.09802613977879275,0.16175169825512092,0.0027724609770774637,0.44602339770024785,tr0,inf2,False,2.245207623426845,0.0,observed
1036,tr0,inf5,0.8548550488734142,exact,feasible,False,0.99849682672659,2.245207623426845,1000,0.017539055402786795,0.00500244205935457,1.0,6,[0.8548550488734142],False,0.0011385772565195072,0.39222490404463123,0.09802613977879275,0.16175169825512092,0.0027724609770774637,0.44602339770024785,tr0,inf3,False,2.2418326873340533,0.0,observed
1037,tr0,inf5,0.8545127334888655,exact,feasible,False,0.99849682672659,2.2418326873340533,1000,0.017539055402786795,0.00500244205935457,1.0,6,[0.8545127334888655],False,0.0011385772565195072,0.39222490404463123,0.09802613977879275,0.16175169825512092,0.0027724609770774637,0.44602339770024785,tr0,inf4,False,2.238462824354996,0.0,observed
1038,tr0,inf5,0.8541697780293479,exact,feasible,False,0.99849682672659,2.238462824354996,1000,0.017539055402786795,0.00500244205935457,1.0,6,[0.8541697780293479],False,0.0011385772565195072,0.39222490404463123,0.09802613977879275,0.16175169825512092,0.0027724609770774637,0.44602339770024785,tr0,inf2,False,2.235098026863904,0.0,observed
1039,tr0,inf5,0.8538261830398131,exact,feasible,False,0.99849682672659,2.235098026863904,1000,0.017539055402786795,0.00500244205935457,1.0,6,[0.8538261830398131],False,0.0011385772565195072,0.39222490404463123,0.09802613977879275,0.16175169825512092,0.0027724609770774637,0.44602339770024785,tr0,inf3,False,2.2317382872464706,0.0,observed
1040,tr0,inf5,0.8534819490700956,exact,feasible,False,0.99849682672659,2.2317382872464706,1000,0.017539055402786795,0.00500244205935457,1.0,6,[0.8534819490700956],False,0.0011385772565195072,0.39222490404463123,0.09802613977879275,0.16175169825512092,0.0027724609770774637,0.44602339770024785,tr1,inf4,False,2.3183835978998357,0.09,observed
1041,tr0,inf5,0.8620000655446526,exact,feasible,False,0.99849682672659,2.3183835978998357,1000,0.017539055402786795,0.00500244205935457,1.0,6,[0.8620000655446526],False,0.0011385772565195072,0.39222490404463123,0.09802613977879275,0.16175169825512092,0.0027724609770774637,0.44602339770024785,tr0,inf2,False,2.3148986656379607,0.0,observed
1042,tr0,inf5,0.8616715172763808,exact,feasible,False,0.99849682672659,2.3148986656379607,1000,0.017539055402786795,0.00500244205935457,1.0,6,[0.8616715172763808],False,0.0011385772565195072,0.39222490404463123,0.09802613977879275,0.16175169825512092,0.0027724609770774637,0.44602339770024785,tr0,inf3,False,2.3114189718331213,0.0,observed
1043,tr0,inf5,0.8613423184940737,exact,feasible,False,0.99849682672659,2.3114189718331213,1000,0.017539055402786795,0.00500244205935457,1.0,6,[0.8613423184940737],False,0.0011385772565195072,0.39222490404463123,0.09802613977879275,0.16175169825512092,0.0027724609770774637,0.44602339770024785,tr0,inf4,False,2.307944508611009,0.0,observed
1044,tr0,inf5,0.8610124696363397,exact,feasible,False,0.99849682672659,2.307944508611009,1000,0.017539055402786795,0.00500244205935457,1.0,6,[0.8610124696363397],False,0.0011385772565195072,0.39222490404463123,0.09802613977879275,0.16175169825512092,0.0027724609770774637,0.44602339770024785,tr0,inf2,False,2.3044752681091514,0.0,observed
1045,tr0,inf5,0.8606819711468653,exact,feasible,False,0.99849682672659,2.3044752681091514,1000,0.017539055402786795,0.00500244205935457,1.0,6,[0.8606819711468653],False,0.0011385772565195072,0.39222490404463123,0.09802613977879275,0.16175169825512092,0.0027724609770774637,0.44602339770024785,tr0,inf3,False,2.3010112424768954,0.0,observed
1046,tr0,inf5,0.8603508234744067,exact,feasible,False,0.99849682672659,2.3010112424768954,1000,0.017539055402786795,0.00500244205935457,1.0,6,[0.8603508234744067],False,0.0011385772565195072,0.39222490404463123,0.09802613977879275,0.16175169825512092,0.0027724609770774637,0.44602339770024785,tr0,inf4,False,2.297552423875388,0.0,observed
1047,tr0,inf5,0.8600190270727809,exact,feasible,False,0.99849682672659,2.297552423875388,1000,0.017539055402786795,0.00500244205935457,1.0,6,[0.8600190270727809],False,0.0011385772565195072,0.39222490404463123,0.09802613977879275,0.16175169825512092,0.0027724609770774637,0.44602339770024785,tr0,inf2,False,2.2940988044775605,0.0,observed
1048,tr0,inf5,0.859686582400858,exact,feasible,False,0.99849682672659,2.2940988044775605,1000,0.017539055402786795,0.00500244205935457,1.0,6,[0.859686582400858],False,0.0011385772565195072,0.39222490404463123,0.09802613977879275,0.16175169825512092,0.0027724609770774637,0.44602339770024785,tr0,inf3,False,2.290650376468108,0.0,observed
1049,tr0,inf5,0.8593534899225517,exact,feasible,False,0.99849682672659,2.290650376468108,1000,0.017539055402786795,0.00500244205935457,1.0,6,[0.8593534899225517],False,0.0011385772565195072,0.39222490404463123,0.09802613977879275,0.16175169825512092,0.0027724609770774637,0.44602339770024785,tr0,inf4,False,2.287207132043475,0.0,observed
1050,tr0,inf5,0.8590197501068112,exact,feasible,False,0.99849682672659,2.287207132043475,1000,0.017539055402786795,0.00500244205935457,1.0,6,[0.8590197501068112],False,0.0011385772565195072,0.39222490404463123,0.09802613977879275,0.16175169825512092,0.0027724609770774637,0.44602339770024785,tr1,inf2,False,2.3737690634118342,0.09,observed
1051,tr0,inf5,0.7427850435613802,exact,feasible,False,0.9448534892848977,2.3737690634118342,1050,0.4595789435548479,0.9190097615357258,1.0,6,[0.7427850435613802],False,0.4198011646718115,0.07642090337162764,1.0,0.42749735931416666,0.0,0.49608173731420574,tr0,inf3,False,2.242863982321215,0.0,observed
1052,tr0,inf5,0.7321167469344905,exact,feasible,False,0.9448534892848977,2.242863982321215,1050,0.4595789435548479,0.9190097615357258,1.0,6,[0.7321167469344905],False,0.4198011646718115,0.07642090337162764,1.0,0.42749735931416666,0.0,0.49608173731420574,tr0,inf4,False,2.1191778596876207,0.0,observed
1053,tr0,inf5,0.7206692619483573,exact,feasible,False,0.9448534892848977,2.1191778596876207,1050,0.4595789435548479,0.9190097615357258,1.0,6,[0.7206692619483573],False,0.4198011646718115,0.07642090337162764,1.0,0.42749735931416666,0.0,0.49608173731420574,tr0,inf2,False,2.0023125951411496,0.0,observed
1054,tr0,inf5,0.7084715059836731,exact,feasible,False,0.9448534892848977,2.0023125951411496,1050,0.4595789435548479,0.9190097615357258,1.0,6,[0.7084715059836731],False,0.4198011646718115,0.07642090337162764,1.0,0.42749735931416666,0.0,0.49608173731420574,tr0,inf3,False,1.8918920421582137,0.0,observed
1055,tr0,inf5,0.6955601338325115,exact,feasible,False,0.9448534892848977,1.8918920421582137,1050,0.4595789435548479,0.9190097615357258,1.0,6,[0.6955601338325115],False,0.4198011646718115,0.07642090337162764,1.0,0.42749735931416666,0.0,0.49608173731420574,tr0,inf4,False,1.787560797383519,0.0,observed
1056,tr0,inf5,0.68197868906136,exact,feasible,False,0.9448534892848977,1.787560797383519,1050,0.4595789435548479,0.9190097615357258,1.0,6,[0.68197868906136],False,0.4198011646718115,0.07642090337162764,1.0,0.42749735931416666,0.0,0.49608173731420574,tr0,inf2,False,1.688983056716712,0.0,observed
1057,tr0,inf5,0.6677766583442243,exact,feasible,False,0.9448534892848977,1.688983056716712,1050,0.4595789435548479,0.9190097615357258,1.0,6,[0.6677766583442243],False,0.4198011646718115,0.07642090337162764,1.0,0.42749735931416666,0.0,0.49608173731420574,tr0,inf3,False,1.5958415344818575,0.0,observed
1058,tr0,inf5,0.653008464948366,exact,feasible,False,0.9448534892848977,1.5958415344818575,1050,0.4595789435548479,0.9190097615357258,1.0,6,[0.653008464948366],False,0.4198011646718115,0.07642090337162764,1.0,0.42749735931416666,0.0,0.49608173731420574,tr0,inf4,False,1.5078364422009485,0.0,observed
1059,tr0,inf5,0.6377324352127886,exact,feasible,False,0.9448534892848977,1.5078364422009485,1050,0.4595789435548479,0.9190097615357258,1.0,6,[0.6377324352127886],False,0.4198011646718115,0.07642090337162764,1.0,0.42749735931416666,0.0,0.49608173731420574,tr0,inf2,False,1.424684523684492,0.0,observed
1060,tr0,inf5,0.6220097684560477,exact,feasible,False,0.9448534892848977,1.424684523684492,1050,0.4595789435548479,0.9190097615357258,1.0,6,[0.6220097684560477],False,0.4198011646718115,0.07642090337162764,1.0,0.42749735931416666,0.0,0.49608173731420574,tr1,inf3,False,1.4361181433334849,0.09,observed
1061,tr0,inf5,0.6242499765536929,exact,feasible,False,0.9448534892848977,1.4361181433334849,1050,0.4595789435548479,0.9190097615357258,1.0,6,[0.6242499765536929],False,0.4198011646718115,0.07642090337162764,1.0,0.42749735931416666,0.0,0.49608173731420574,tr0,inf4,False,1.356921238753992,0.0,observed
1062,tr0,inf5,0.6081939319295395,exact,feasible,False,0.9448534892848977,1.356921238753992,1050,0.4595789435548479,0.9190097615357258,1.0,6,[0.6081939319295395],False,0.4198011646718115,0.07642090337162764,1.0,0.42749735931416666,0.0,0.49608173731420574,tr0,inf2,False,1.282091767121495,0.0,observed
1063,tr0,inf5,0.5918092781567098,exact,feasible,False,0.9448534892848977,1.282091767121495,1050,0.4595789435548479,0.9190097615357258,1.0,6,[0.5918092781567098],False,0.4198011646718115,0.07642090337162764,1.0,0.42749735931416666,0.0,0.49608173731420574,tr0,inf3,False,1.211388879748185,0.0,observed
1064,tr0,inf5,0.5751600991114846,exact,feasible,False,0.9448534892848977,1.211388879748185,1050,0.4595789435548479,0.9190097615357258,1.0,6,[0.5751600991114846],False,0.4198011646718115,0.07642090337162764,1.0,0.42749735931416666,0.0,0.49608173731420574,tr0,inf4,False,1.144585009910996,0.0,observed
1065,tr0,inf5,0.5583098313348014,exact,feasible,False,0.9448534892848977,1.144585009910996,1050,0.4595789435548479,0.9190097615357258,1.0,6,[0.5583098313348014],False,0.4198011646718115,0.07642090337162764,1.0,0.42749735931416666,0.0,0.49608173731420574,tr0,inf2,False,1.0814651403975937,0.0,observed
1066,tr0,inf5,0.5413205425338709,exact,feasible,False,0.9448534892848977,1.0814651403975937,1050,0.4595789435548479,0.9190097615357258,1.0,6,[0.5413205425338709],False,0.4198011646718115,0.07642090337162764,1.0,0.42749735931416666,0.0,0.49608173731420574,tr0,inf3,False,1.021826111444648,0.0,observed
1067,tr0,inf5,0.5242523043597122,exact,feasible,False,0.9448534892848977,1.021826111444648,1050,0.4595789435548479,0.9190097615357258,1.0,6,[0.5242523043597122],False,0.4198011646718115,0.07642090337162764,1.0,0.42749735931416666,0.0,0.49608173731420574,tr0,inf4,False,0.9654759668408944,0.0,observed
1068,tr0,inf5,0.5071626612959247,exact,feasible,False,0.9448534892848977,0.9654759668408944,1050,0.4595789435548479,0.9190097615357258,1.0,6,[0.5071626612959247],False,0.4198011646718115,0.07642090337162764,1.0,0.42749735931416666,0.0,0.49608173731420574,tr0,inf2,False,0.9122333360903292,0.0,observed
1069,tr0,inf5,0.49010619463241806,exact,feasible,False,0.9448534892848977,0.9122333360903292,1050,0.4595789435548479,0.9190097615357258,1.0,6,[0.49010619463241806],False,0.4198011646718115,0.07642090337162764,1.0,0.42749735931416666,0.0,0.49608173731420574,tr0,inf3,False,0.8619268506469503,0.0,observed
1070,tr0,inf5,0.4731341781668471,exact,feasible,False,0.9448534892848977,0.8619268506469503,1050,0.4595789435548479,0.9190097615357258,1.0,6,[0.4731341781668471],False,0.4198011646718115,0.07642090337162764,1.0,0.42749735931416666,0.0,0.49608173731420574,tr1,inf4,False,0.9043945923421138,0.09,observed
1071,tr0,inf5,0.4875174482849702,exact,feasible,False,0.9448534892848977,0.9043945923421138,1050,0.4595789435548479,0.9190097615357258,1.0,6,[0.4875174482849702],False,0.4198011646718115,0.07642090337162764,1.0,0.42749735931416666,0.0,0.49608173731420574,tr0,inf2,False,0.8545203862648388,0.0,observed
1072,tr0,inf5,0.47056255214372766,exact,feasible,False,0.9448534892848977,0.8545203862648388,1050,0.4595789435548479,0.9190097615357258,1.0,6,[0.47056255214372766],False,0.4198011646718115,0.07642090337162764,1.0,0.42749735931416666,0.0,0.49608173731420574,tr0,inf3,False,0.8073965686274115,0.0,observed
1073,tr0,inf5,0.4537467483695669,exact,feasible,False,0.9448534892848977,0.8073965686274115,1050,0.4595789435548479,0.9190097615357258,1.0,6,[0.4537467483695669],False,0.4198011646718115,0.07642090337162764,1.0,0.42749735931416666,0.0,0.49608173731420574,tr0,inf4,False,0.7628714651042631,0.0,observed
1074,tr0,inf5,0.4371134222403882,exact,feasible,False,0.9448534892848977,0.7628714651042631,1050,0.4595789435548479,0.9190097615357258,1.0,6,[0.4371134222403882],False,0.4198011646718115,0.07642090337162764,1.0,0.42749735931416666,0.0,0.49608173731420574,tr0,inf2,False,0.720801765679645,0.0,observed
1075,tr0,inf5,0.42070210090427157,exact,feasible,False,0.9448534892848977,0.720801765679645,1050,0.4595789435548479,0.9190097615357258,1.0,6,[0.42070210090427157],False,0.4198011646718115,0.07642090337162764,1.0,0.42749735931416666,0.0,0.49608173731420574,tr0,inf3,False,0.6810520633851278,0.0,observed
1076,tr0,inf5,0.4045484221137145,exact,feasible,False,0.9448534892848977,0.6810520633851278,1050,0.4595789435548479,0.9190097615357258,1.0,6,[0.4045484221137145],False,0.4198011646718115,0.07642090337162764,1.0,0.42749735931416666,0.0,0.49608173731420574,tr0,inf4,False,0.6434944184741173,0.0,observed
1077,tr0,inf5,0.3886841582463278,exact,feasible,False,0.9448534892848977,0.6434944184741173,1050,0.4595789435548479,0.9190097615357258,1.0,6,[0.3886841582463278],False,0.4198011646718115,0.07642090337162764,1.0,0.42749735931416666,0.0,0.49608173731420574,tr0,inf2,False,0.6080079466306259,0.0,observed
1078,tr0,inf5,0.3731372875378301,exact,feasible,False,0.9448534892848977,0.6080079466306259,1050,0.4595789435548479,0.9190097615357258,1.0,6,[0.3731372875378301],False,0.4198011646718115,0.07642090337162764,1.0,0.42749735931416666,0.0,0.49608173731420574,tr0,inf3,False,0.5744784298868927,0.0,observed
1079,tr0,inf5,0.3579321047393742,exact,feasible,False,0.9448534892848977,0.5744784298868927,1050,0.4595789435548479,0.9190097615357258,1.0,6,[0.3579321047393742],False,0.4198011646718115,0.07642090337162764,1.0,0.42749735931416666,0.0,0.49608173731420574,tr0,inf4,False,0.54279794899754,0.0,observed
1080,tr0,inf5,0.3430893638470072,exact,feasible,False,0.9448534892848977,0.54279794899754,1050,0.4595789435548479,0.9190097615357258,1.0,6,[0.3430893638470072],False,0.4198011646718115,0.07642090337162764,1.0,0.42749735931416666,0.0,0.49608173731420574,tr1,inf2,False,0.6028645360870115,0.09,observed
1081,tr0,inf5,0.3708377965434018,exact,feasible,False,0.9448534892848977,0.6028645360870115,1050,0.4595789435548479,0.9190097615357258,1.0,6,[0.3708377965434018],False,0.4198011646718115,0.07642090337162764,1.0,0.42749735931416666,0.0,0.49608173731420574,tr0,inf3,False,0.569618660487934,0.0,observed
1082,tr0,inf5,0.3556856574892863,exact,feasible,False,0.9448534892848977,0.569618660487934,1050,0.4595789435548479,0.9190097615357258,1.0,6,[0.3556856574892863],False,0.4198011646718115,0.07642090337162764,1.0,0.42749735931416666,0.0,0.49608173731420574,tr0,inf4,False,0.5382061789238138,0.0,observed
1083,tr0,inf5,0.3408987737839916,exact,feasible,False,0.9448534892848977,0.5382061789238138,1050,0.4595789435548479,0.9190097615357258,1.0,6,[0.3408987737839916],False,0.4198011646718115,0.07642090337162764,1.0,0.42749735931416666,0.0,0.49608173731420574,tr0,inf2,False,0.5085259861108574,0.0,observed
1084,tr0,inf5,0.3264940372557859,exact,feasible,False,0.9448534892848977,0.5085259861108574,1050,0.4595789435548479,0.9190097615357258,1.0,6,[0.3264940372557859],False,0.4198011646718115,0.07642090337162764,1.0,0.42749735931416666,0.0,0.49608173731420574,tr0,inf3,False,0.48048255236888704,0.0,observed
1085,tr0,inf5,0.3124851833236288,exact,feasible,False,0.9448534892848977,0.48048255236888704,1050,0.4595789435548479,0.9190097615357258,1.0,6,[0.3124851833236288],False,0.4198011646718115,0.07642090337162764,1.0,0.42749735931416666,0.0,0.49608173731420574,tr0,inf4,False,0.4539856161462565,0.0,observed
1086,tr0,inf5,0.2988829931394563,exact,feasible,False,0.9448534892848977,0.4539856161462565,1050,0.4595789435548479,0.9190097615357258,1.0,6,[0.2988829931394563],False,0.4198011646718115,0.07642090337162764,1.0,0.42749735931416666,0.0,0.49608173731420574,tr0,inf2,False,0.4289498935009446,0.0,observed
1087,tr0,inf5,0.2856955036610816,exact,feasible,False,0.9448534892848977,0.4289498935009446,1050,0.4595789435548479,0.9190097615357258,1.0,6,[0.2856955036610816],False,0.4198011646718115,0.07642090337162764,1.0,0.42749735931416666,0.0,0.49608173731420574,tr0,inf3,False,0.4052948036027527,0.0,observed
1088,tr0,inf5,0.27292822150034846,exact,feasible,False,0.9448534892848977,0.4052948036027527,1050,0.4595789435548479,0.9190097615357258,1.0,6,[0.27292822150034846],False,0.4198011646718115,0.07642090337162764,1.0,0.42749735931416666,0.0,0.49608173731420574,tr0,inf4,False,0.3829442093730982,0.0,observed
1089,tr0,inf5,0.2605843370086532,exact,feasible,False,0.9448534892848977,0.3829442093730982,1050,0.4595789435548479,0.9190097615357258,1.0,6,[0.2605843370086532],False,0.4198011646718115,0.07642090337162764,1.0,0.42749735931416666,0.0,0.49608173731420574,tr0,inf2,False,0.3618261724276182,0.0,observed
1090,tr0,inf5,0.24866493564178105,exact,feasible,False,0.9448534892848977,0.3618261724276182,1050,0.4595789435548479,0.9190097615357258,1.0,6,[0.24866493564178105],False,0.4198011646718115,0.07642090337162764,1.0,0.42749735931416666,0.0,0.49608173731420574,tr1,inf3,False,0.43187272153283407,0.09,observed
1091,tr0,inf5,0.2872521710415103,exact,feasible,False,0.9448534892848977,0.43187272153283407,1050,0.4595789435548479,0.9190097615357258,1.0,6,[0.2872521710415103],False,0.4198011646718115,0.07642090337162764,1.0,0.42749735931416666,0.0,0.49608173731420574,tr0,inf4,False,0.40805644786726325,0.0,observed
1092,tr0,inf5,0.27443437264174536,exact,feasible,False,0.9448534892848977,0.40805644786726325,1050,0.4595789435548479,0.9190097615357258,1.0,6,[0.27443437264174536],False,0.4198011646718115,0.07642090337162764,1.0,0.42749735931416666,0.0,0.49608173731420574,tr0,inf2,False,0.3855535585925846,0.0,observed
1093,tr0,inf5,0.2620397050095219,exact,feasible,False,0.9448534892848977,0.3855535585925846,1050,0.4595789435548479,0.9190097615357258,1.0,6,[0.2620397050095219],False,0.4198011646718115,0.07642090337162764,1.0,0.42749735931416666,0.0,0.49608173731420574,tr0,inf3,False,0.3642916251424128,0.0,observed
1094,tr0,inf5,0.25006949459846556,exact,feasible,False,0.9448534892848977,0.3642916251424128,1050,0.4595789435548479,0.9190097615357258,1.0,6,[0.25006949459846556],False,0.4198011646718115,0.07642090337162764,1.0,0.42749735931416666,0.0,0.49608173731420574,tr0,inf4,False,0.3442022131330747,0.0,observed
1095,tr0,inf5,0.23852314483946407,exact,feasible,False,0.9448534892848977,0.3442022131330747,1050,0.4595789435548479,0.9190097615357258,1.0,6,[0.23852314483946407],False,0.4198011646718115,0.07642090337162764,1.0,0.42749735931416666,0.0,0.49608173731420574,tr0,inf2,False,0.32522066209836964,0.0,observed
1096,tr0,inf5,0.22739833621601802,exact,feasible,False,0.9448534892848977,0.32522066209836964,1050,0.4595789435548479,0.9190097615357258,1.0,6,[0.22739833621601802],False,0.4198011646718115,0.07642090337162764,1.0,0.42749735931416666,0.0,0.49608173731420574,tr0,inf3,False,0.30728587737118923,0.0,observed
1097,tr0,inf5,0.21669121791571308,exact,feasible,False,0.9448534892848977,0.30728587737118923,1050,0.4595789435548479,0.9190097615357258,1.0,6,[0.21669121791571308],False,0.4198011646718115,0.07642090337162764,1.0,0.42749735931416666,0.0,0.49608173731420574,tr0,inf4,False,0.2903401334421393,0.0,observed
1098,tr0,inf5,0.2063965898970306,exact,feasible,False,0.9448534892848977,0.2903401334421393,1050,0.4595789435548479,0.9190097615357258,1.0,6,[0.2063965898970306],False,0.4198011646718115,0.07642090337162764,1.0,0.42749735931416666,0.0,0.49608173731420574,tr0,inf2,False,0.27432888816224815,0.0,observed
1099,tr0,inf5,0.19650807455141445,exact,feasible,False,0.9448534892848977,0.27432888816224815,1050,0.4595789435548479,0.9190097615357258,1.0,6,[0.19650807455141445],False,0.4198011646718115,0.07642090337162764,1.0,0.42749735931416666,0.0,0.49608173731420574,tr0,inf3,False,0.25920060719174665,0.0,observed
1100,tr0,inf5,0.1870182774338573,exact,feasible,False,0.9448534892848977,0.25920060719174665,1050,0.4595789435548479,0.9190097615357258,1.0,6,[0.1870182774338573],False,0.4198011646718115,0.07642090337162764,1.0,0.42749735931416666,0.0,0.49608173731420574,tr1,inf4,False,0.334906598129886,0.09,observed
1101,tr0,inf5,0.2702757299432353,exact,feasible,False,0.9966601372513461,0.334906598129886,1100,0.036811337776713776,0.01974778632583906,1.0,6,[0.2702757299432353],False,0.019292769642781236,0.36350350882048504,0.2084116812797027,0.14174113076844302,0.0005211483642053437,0.4947553604110718,tr0,inf2,False,0.3337880560585136,0.0,observed
1102,tr0,inf5,0.2695153567755988,exact,feasible,False,0.9966601372513461,0.3337880560585136,1100,0.036811337776713776,0.01974778632583906,1.0,6,[0.2695153567755988],False,0.019292769642781236,0.36350350882048504,0.2084116812797027,0.14174113076844302,0.0005211483642053437,0.4947553604110718,tr0,inf3,False,0.33267324976413815,0.0,observed
1103,tr0,inf5,0.26875667642432854,exact,feasible,False,0.9966601372513461,0.33267324976413815,1100,0.036811337776713776,0.01974778632583906,1.0,6,[0.26875667642432854],False,0.019292769642781236,0.36350350882048504,0.2084116812797027,0.14174113076844302,0.0005211483642053437,0.4947553604110718,tr0,inf4,False,0.33156216676977723,0.0,observed
1104,tr0,inf5,0.2679996879439341,exact,feasible,False,0.9966601372513461,0.33156216676977723,1100,0.036811337776713776,0.01974778632583906,1.0,6,[0.2679996879439341],False,0.019292769642781236,0.36350350882048504,0.2084116812797027,0.14174113076844302,0.0005211483642053437,0.4947553604110718,tr0,inf2,False,0.33045479464011984,0.0,observed
1105,tr0,inf5,0.2672443903690196,exact,feasible,False,0.9966601372513461,0.33045479464011984,1100,0.036811337776713776,0.01974778632583906,1.0,6,[0.2672443903690196],False,0.019292769642781236,0.36350350882048504,0.2084116812797027,0.14174113076844302,0.0005211483642053437,0.4947553604110718,tr0,inf3,False,0.3293511209813872,0.0,observed
1106,tr0,inf5,0.26649078271443355,exact,feasible,False,0.9966601372513461,0.3293511209813872,1100,0.036811337776713776,0.01974778632583906,1.0,6,[0.26649078271443355],False,0.019292769642781236,0.36350350882048504,0.2084116812797027,0.14174113076844302,0.0005211483642053437,0.4947553604110718,tr0,inf4,False,0.32825113344119405,0.0,observed
1107,tr0,inf5,0.26573886397541807,exact,feasible,False,0.9966601372513461,0.32825113344119405,1100,0.036811337776713776,0.01974778632583906,1.0,6,[0.26573886397541807],False,0.019292769642781236,0.36350350882048504,0.2084116812797027,0.14174113076844302,0.0005211483642053437,0.4947553604110718,tr0,inf2,False,0.32715481970841037,0.0,observed
1108,tr0,inf5,0.26498863312775733,exact,feasible,False,0.9966601372513461,0.32715481970841037,1100,0.036811337776713776,0.01974778632583906,1.0,6,[0.26498863312775733],False,0.019292769642781236,0.36350350882048504,0.2084116812797027,0.14174113076844302,0.0005211483642053437,0.4947553604110718,tr0,inf3,False,0.32606216751302364,0.0,observed
1109,tr0,inf5,0.26424008912792585,exact,feasible,False,0.9966601372513461,0.32606216751302364,1100,0.036811337776713776,0.01974778632583906,1.0,6,[0.26424008912792585],False,0.019292769642781236,0.36350350882048504,0.2084116812797027,0.14174113076844302,0.0005211483642053437,0.4947553604110718,tr0,inf4,False,0.3249731646260015,0.0,observed
1110,tr0,inf5,0.26349323091323623,exact,feasible,False,0.9966601372513461,0.3249731646260015,1100,0.036811337776713776,0.01974778632583906,1.0,6,[0.26349323091323623],False,0.019292769642781236,0.36350350882048504,0.2084116812797027,0.14174113076844302,0.0005211483642053437,0.4947553604110718,tr1,inf2,False,0.41388779885915494,0.09,observed
1111,tr0,inf5,0.3218719166163617,exact,feasible,False,0.9966601372513461,0.41388779885915494,1100,0.036811337776713776,0.01974778632583906,1.0,6,[0.3218719166163617],False,0.019292769642781236,0.36350350882048504,0.2084116812797027,0.14174113076844302,0.0005211483642053437,0.4947553604110718,tr0,inf3,False,0.41250547041762287,0.0,observed
1112,tr0,inf5,0.32100347246299643,exact,feasible,False,0.9966601372513461,0.41250547041762287,1100,0.036811337776713776,0.01974778632583906,1.0,6,[0.32100347246299643],False,0.019292769642781236,0.36350350882048504,0.2084116812797027,0.14174113076844302,0.0005211483642053437,0.4947553604110718,tr0,inf4,False,0.41112775876335905,0.0,observed
1113,tr0,inf5,0.32013673350217886,exact,feasible,False,0.9966601372513461,0.41112775876335905,1100,0.036811337776713776,0.01974778632583906,1.0,6,[0.32013673350217886],False,0.019292769642781236,0.36350350882048504,0.2084116812797027,0.14174113076844302,0.0005211483642053437,0.4947553604110718,tr0,inf2,False,0.4097546484769277,0.0,observed
1114,tr0,inf5,0.31927170037276964,exact,feasible,False,0.9966601372513461,0.4097546484769277,1100,0.036811337776713776,0.01974778632583906,1.0,6,[0.31927170037276964],False,0.019292769642781236,0.36350350882048504,0.2084116812797027,0.14174113076844302,0.0005211483642053437,0.4947553604110718,tr0,inf3,False,0.40838612419039183,0.0,observed
1115,tr0,inf5,0.3184083736833729,exact,feasible,False,0.9966601372513461,0.40838612419039183,1100,0.036811337776713776,0.01974778632583906,1.0,6,[0.3184083736833729],False,0.019292769642781236,0.36350350882048504,0.2084116812797027,0.14174113076844302,0.0005211483642053437,0.4947553604110718,tr0,inf4,False,0.4070221705871412,0.0,observed
1116,tr0,inf5,0.31754675401251115,exact,feasible,False,0.9966601372513461,0.4070221705871412,1100,0.036811337776713776,0.01974778632583906,1.0,6,[0.31754675401251115],False,0.019292769642781236,0.36350350882048504,0.2084116812797027,0.14174113076844302,0.0005211483642053437,0.4947553604110718,tr0,inf2,False,0.40566277240172094,0.0,observed
1117,tr0,inf5,0.3166868419087987,exact,feasible,False,0.9966601372513461,0.40566277240172094,1100,0.036811337776713776,0.01974778632583906,1.0,6,[0.3166868419087987],False,0.019292769642781236,0.36350350882048504,0.2084116812797027,0.14174113076844302,0.0005211483642053437,0.4947553604110718,tr0,inf3,False,0.40430791441966074,0.0,observed
1118,tr0,inf5,0.31582863789111587,exact,feasible,False,0.9966601372513461,0.40430791441966074,1100,0.036811337776713776,0.01974778632583906,1.0,6,[0.31582863789111587],False,0.019292769642781236,0.36350350882048504,0.2084116812797027,0.14174113076844302,0.0005211483642053437,0.4947553604110718,tr0,inf4,False,0.40295758147730454,0.0,observed
1119,tr0,inf5,0.3149721424487823,exact,feasible,False,0.9966601372513461,0.40295758147730454,1100,0.036811337776713776,0.01974778632583906,1.0,6,[0.3149721424487823],False,0.019292769642781236,0.36350350882048504,0.2084116812797027,0.14174113076844302,0.0005211483642053437,0.4947553604110718,tr0,inf2,False,0.4016117584616408,0.0,observed
1120,tr0,inf5,0.31411735604173024,exact,feasible,False,0.9966601372513461,0.4016117584616408,1100,0.036811337776713776,0.01974778632583906,1.0,6,[0.31411735604173024],False,0.019292769642781236,0.36350350882048504,0.2084116812797027,0.14174113076844302,0.0005211483642053437,0.4947553604110718,tr1,inf3,False,0.4902704303101334,0.09,observed
1121,tr0,inf5,0.36804026698887093,exact,feasible,False,0.9966601372513461,0.4902704303101334,1100,0.036811337776713776,0.01974778632583906,1.0,6,[0.36804026698887093],False,0.019292769642781236,0.36350350882048504,0.2084116812797027,0.14174113076844302,0.0005211483642053437,0.4947553604110718,tr0,inf4,False,0.48863299436317403,0.0,observed
1122,tr0,inf5,0.36708708061190737,exact,feasible,False,0.9966601372513461,0.48863299436317403,1100,0.036811337776713776,0.01974778632583906,1.0,6,[0.36708708061190737],False,0.019292769642781236,0.36350350882048504,0.2084116812797027,0.14174113076844302,0.0005211483642053437,0.4947553604110718,tr0,inf2,False,0.48700102722753724,0.0,observed
1123,tr0,inf5,0.36613552350616346,exact,feasible,False,0.9966601372513461,0.48700102722753724,1100,0.036811337776713776,0.01974778632583906,1.0,6,[0.36613552350616346],False,0.019292769642781236,0.36350350882048504,0.2084116812797027,0.14174113076844302,0.0005211483642053437,0.4947553604110718,tr0,inf3,False,0.4853745106381438,0.0,observed
1124,tr0,inf5,0.3651855980730405,exact,feasible,False,0.9966601372513461,0.4853745106381438,1100,0.036811337776713776,0.01974778632583906,1.0,6,[0.3651855980730405],False,0.019292769642781236,0.36350350882048504,0.2084116812797027,0.14174113076844302,0.0005211483642053437,0.4947553604110718,tr0,inf4,False,0.48375342639091734,0.0,observed
1125,tr0,inf5,0.36423730667472914,exact,feasible,False,0.9966601372513461,0.48375342639091734,1100,0.036811337776713776,0.01974778632583906,1.0,6,[0.36423730667472914],False,0.019292769642781236,0.36350350882048504,0.2084116812797027,0.14174113076844302,0.0005211483642053437,0.4947553604110718,tr0,inf2,False,0.4821377563425806,0.0,observed
1126,tr0,inf5,0.3632906516343845,exact,feasible,False,0.9966601372513461,0.4821377563425806,1100,0.036811337776713776,0.01974778632583906,1.0,6,[0.3632906516343845],False,0.019292769642781236,0.36350350882048504,0.2084116812797027,0.14174113076844302,0.0005211483642053437,0.4947553604110718,tr0,inf3,False,0.4805274824104524,0.0,observed
1127,tr0,inf5,0.36234563523630264,exact,feasible,False,0.9966601372513461,0.4805274824104524,1100,0.036811337776713776,0.01974778632583906,1.0,6,[0.36234563523630264],False,0.019292769642781236,0.36350350882048504,0.2084116812797027,0.14174113076844302,0.0005211483642053437,0.4947553604110718,tr0,inf4,False,0.4789225865722453,0.0,observed
1128,tr0,inf5,0.3614022597260964,exact,feasible,False,0.9966601372513461,0.4789225865722453,1100,0.036811337776713776,0.01974778632583906,1.0,6,[0.3614022597260964],False,0.019292769642781236,0.36350350882048504,0.2084116812797027,0.14174113076844302,0.0005211483642053437,0.4947553604110718,tr0,inf2,False,0.47732305086586363,0.0,observed
1129,tr0,inf5,0.36046052731087186,exact,feasible,False,0.9966601372513461,0.47732305086586363,1100,0.036811337776713776,0.01974778632583906,1.0,6,[0.36046052731087186],False,0.019292769642781236,0.36350350882048504,0.2084116812797027,0.14174113076844302,0.0005211483642053437,0.4947553604110718,tr0,inf3,False,0.4757288573892029,0.0,observed
1130,tr0,inf5,0.3595204401594046,exact,feasible,False,0.9966601372513461,0.4757288573892029,1100,0.036811337776713776,0.01974778632583906,1.0,6,[0.3595204401594046],False,0.019292769642781236,0.36350350882048504,0.2084116812797027,0.14174113076844302,0.0005211483642053437,0.4947553604110718,tr1,inf4,False,0.5641399882999489,0.09,observed
1131,tr0,inf5,0.409457545731869,exact,feasible,False,0.9966601372513461,0.5641399882999489,1100,0.036811337776713776,0.01974778632583906,1.0,6,[0.409457545731869],False,0.019292769642781236,0.36350350882048504,0.2084116812797027,0.14174113076844302,0.0005211483642053437,0.4947553604110718,tr0,inf2,False,0.5622558381679998,0.0,observed
1132,tr0,inf5,0.40843871635447737,exact,feasible,False,0.9966601372513461,0.5622558381679998,1100,0.036811337776713776,0.01974778632583906,1.0,6,[0.40843871635447737],False,0.019292769642781236,0.36350350882048504,0.2084116812797027,0.14174113076844302,0.0005211483642053437,0.4947553604110718,tr0,inf3,False,0.5603779808388893,0.0,observed
1133,tr0,inf5,0.40742137790959493,exact,feasible,False,0.9966601372513461,0.5603779808388893,1100,0.036811337776713776,0.01974778632583906,1.0,6,[0.40742137790959493],False,0.019292769642781236,0.36350350882048504,0.2084116812797027,0.14174113076844302,0.0005211483642053437,0.4947553604110718,tr0,inf4,False,0.5585063952955196,0.0,observed
1134,tr0,inf5,0.4064055345972638,exact,feasible,False,0.9966601372513461,0.5585063952955196,1100,0.036811337776713776,0.01974778632583906,1.0,6,[0.4064055345972638],False,0.019292769642781236,0.36350350882048504,0.2084116812797027,0.14174113076844302,0.0005211483642053437,0.4947553604110718,tr0,inf2,False,0.5566410605909871,0.0,observed
1135,tr0,inf5,0.40539119057129885,exact,feasible,False,0.9966601372513461,0.5566410605909871,1100,0.036811337776713776,0.01974778632583906,1.0,6,[0.40539119057129885],False,0.019292769642781236,0.36350350882048504,0.2084116812797027,0.14174113076844302,0.0005211483642053437,0.4947553604110718,tr0,inf3,False,0.554781955848348,0.0,observed
1136,tr0,inf5,0.4043783499394427,exact,feasible,False,0.9966601372513461,0.554781955848348,1100,0.036811337776713776,0.01974778632583906,1.0,6,[0.4043783499394427],False,0.019292769642781236,0.36350350882048504,0.2084116812797027,0.14174113076844302,0.0005211483642053437,0.4947553604110718,tr0,inf4,False,0.5529290602603847,0.0,observed
1137,tr0,inf5,0.403367016763522,exact,feasible,False,0.9966601372513461,0.5529290602603847,1100,0.036811337776713776,0.01974778632583906,1.0,6,[0.403367016763522],False,0.019292769642781236,0.36350350882048504,0.2084116812797027,0.14174113076844302,0.0005211483642053437,0.4947553604110718,tr0,inf2,False,0.5510823530893728,0.0,observed
1138,tr0,inf5,0.40235719505960427,exact,feasible,False,0.9966601372513461,0.5510823530893728,1100,0.036811337776713776,0.01974778632583906,1.0,6,[0.40235719505960427],False,0.019292769642781236,0.36350350882048504,0.2084116812797027,0.14174113076844302,0.0005211483642053437,0.4947553604110718,tr0,inf3,False,0.5492418136668491,0.0,observed
1139,tr0,inf5,0.4013488887981551,exact,feasible,False,0.9966601372513461,0.5492418136668491,1100,0.036811337776713776,0.01974778632583906,1.0,6,[0.4013488887981551],False,0.019292769642781236,0.36350350882048504,0.2084116812797027,0.14174113076844302,0.0005211483642053437,0.4947553604110718,tr0,inf4,False,0.5474074213933801,0.0,observed
1140,tr0,inf5,0.40034210190419695,exact,feasible,False,0.9966601372513461,0.5474074213933801,1100,0.036811337776713776,0.01974778632583906,1.0,6,[0.40034210190419695],False,0.019292769642781236,0.36350350882048504,0.2084116812797027,0.14174113076844302,0.0005211483642053437,0.4947553604110718,tr1,inf2,False,0.6355791557383316,0.09,observed
1141,tr0,inf5,0.44670466299836414,exact,feasible,False,0.9966601372513461,0.6355791557383316,1100,0.036811337776713776,0.01974778632583906,1.0,6,[0.44670466299836414],False,0.019292769642781236,0.36350350882048504,0.2084116812797027,0.14174113076844302,0.0005211483642053437,0.4947553604110718,tr0,inf3,False,0.6334564085922602,0.0,observed
1142,tr0,inf5,0.445635828626597,exact,feasible,False,0.9966601372513461,0.6334564085922602,1100,0.036811337776713776,0.01974778632583906,1.0,6,[0.445635828626597],False,0.019292769642781236,0.36350350882048504,0.2084116812797027,0.14174113076844302,0.0005211483642053437,0.4947553604110718,tr0,inf4,False,0.6313407511303067,0.0,observed
1143,tr0,inf5,0.44456830411129766,exact,feasible,False,0.9966601372513461,0.6313407511303067,1100,0.036811337776713776,0.01974778632583906,1.0,6,[0.44456830411129766],False,0.019292769642781236,0.36350350882048504,0.2084116812797027,0.14174113076844302,0.0005211483642053437,0.4947553604110718,tr0,inf2,False,0.6292321596738994,0.0,observed
1144,tr0,inf5,0.4435020953937147,exact,feasible,False,0.9966601372513461,0.6292321596738994,1100,0.036811337776713776,0.01974778632583906,1.0,6,[0.4435020953937147],False,0.019292769642781236,0.36350350882048504,0.2084116812797027,0.14174113076844302,0.0005211483642053437,0.4947553604110718,tr0,inf3,False,0.6271306106235495,0.0,observed
1145,tr0,inf5,0.44243720836398653,exact,feasible,False,0.9966601372513461,0.6271306106235495,1100,0.036811337776713776,0.01974778632583906,1.0,6,[0.44243720836398653],False,0.019292769642781236,0.36350350882048504,0.2084116812797027,0.14174113076844302,0.0005211483642053437,0.4947553604110718,tr0,inf4,False,0.6250360804585873,0.0,observed
1146,tr0,inf5,0.44137364886125713,exact,feasible,False,0.9966601372513461,0.6250360804585873,1100,0.036811337776713776,0.01974778632583906,1.0,6,[0.44137364886125713],False,0.019292769642781236,0.36350350882048504,0.2084116812797027,0.14174113076844302,0.0005211483642053437,0.4947553604110718,tr0,inf2,False,0.622948545736899,0.0,observed
1147,tr0,inf5,0.4403114226737938,exact,feasible,False,0.9966601372513461,0.622948545736899,1100,0.036811337776713776,0.01974778632583906,1.0,6,[0.4403114226737938],False,0.019292769642781236,0.36350350882048504,0.2084116812797027,0.14174113076844302,0.0005211483642053437,0.4947553604110718,tr0,inf3,False,0.6208679830946642,0.0,observed
1148,tr0,inf5,0.4392505355391059,exact,feasible,False,0.9966601372513461,0.6208679830946642,1100,0.036811337776713776,0.01974778632583906,1.0,6,[0.4392505355391059],False,0.019292769642781236,0.36350350882048504,0.2084116812797027,0.14174113076844302,0.0005211483642053437,0.4947553604110718,tr0,inf4,False,0.6187943692460944,0.0,observed
1149,tr0,inf5,0.4381909931440652,exact,feasible,False,0.9966601372513461,0.6187943692460944,1100,0.036811337776713776,0.01974778632583906,1.0,6,[0.4381909931440652],False,0.019292769642781236,0.36350350882048504,0.2084116812797027,0.14174113076844302,0.0005211483642053437,0.4947553604110718,tr0,inf2,False,0.6167276809831725,0.0,observed
1150,tr0,inf5,0.437132801125027,exact,feasible,False,0.9966601372513461,0.6167276809831725,1100,0.036811337776713776,0.01974778632583906,1.0,6,[0.437132801125027],False,0.019292769642781236,0.36350350882048504,0.2084116812797027,0.14174113076844302,0.0005211483642053437,0.4947553604110718,tr1,inf3,False,0.7046678951753931,0.09,observed
1151,tr0,inf5,0.47453953116844333,exact,feasible,False,0.9906891111203975,0.7046678951753931,1150,0.071176692404997,0.180837674360138,0.6666666666666666,6,[0.47453953116844333],False,0.03084533499992384,0.6853352939551169,0.15901782028437256,0.314664706044883,,0.0,tr0,inf4,False,0.6981068107063916,0.0,observed
1152,tr0,inf5,0.47148655265844513,exact,feasible,False,0.9906891111203975,0.6981068107063916,1150,0.071176692404997,0.180837674360138,0.6666666666666666,6,[0.47148655265844513],False,0.03084533499992384,0.6853352939551169,0.15901782028437256,0.314664706044883,,0.0,tr0,inf2,False,0.6916068157658106,0.0,observed
1153,tr0,inf5,0.4684421835965856,exact,feasible,False,0.9906891111203975,0.6916068157658106,1150,0.071176692404997,0.180837674360138,0.6666666666666666,6,[0.4684421835965856],False,0.03084533499992384,0.6853352939551169,0.15901782028437256,0.314664706044883,,0.0,tr0,inf3,False,0.6851673415558395,0.0,observed
1154,tr0,inf5,0.46540658428783405,exact,feasible,False,0.9906891111203975,0.6851673415558395,1150,0.071176692404997,0.180837674360138,0.6666666666666666,6,[0.46540658428783405],False,0.03084533499992384,0.6853352939551169,0.15901782028437256,0.314664706044883,,0.0,tr0,inf4,False,0.6787878245746803,0.0,observed
1155,tr0,inf5,0.4623799117969496,exact,feasible,False,0.9906891111203975,0.6787878245746803,1150,0.071176692404997,0.180837674360138,0.6666666666666666,6,[0.4623799117969496],False,0.03084533499992384,0.6853352939551169,0.15901782028437256,0.314664706044883,,0.0,tr0,inf2,False,0.6724677065672384,0.0,observed
1156,tr0,inf5,0.4593623199604815,exact,feasible,False,0.9906891111203975,0.6724677065672384,1150,0.071176692404997,0.180837674360138,0.6666666666666666,6,[0.4593623199604815],False,0.03084533499992384,0.6853352939551169,0.15901782028437256,0.314664706044883,,0.0,tr0,inf3,False,0.6662064344762697,0.0,observed
1157,tr0,inf5,0.4563539593996928,exact,feasible,False,0.9906891111203975,0.6662064344762697,1150,0.071176692404997,0.180837674360138,0.6666666666666666,6,[0.4563539593996928],False,0.03084533499992384,0.6853352939551169,0.15901782028437256,0.314664706044883,,0.0,tr0,inf4,False,0.6600034603939849,0.0,observed
1158,tr0,inf5,0.4533549775343802,exact,feasible,False,0.9906891111203975,0.6600034603939849,1150,0.071176692404997,0.180837674360138,0.6666666666666666,6,[0.4533549775343802],False,0.03084533499992384,0.6853352939551169,0.15901782028437256,0.314664706044883,,0.0,tr0,inf2,False,0.6538582415141034,0.0,observed
1159,tr0,inf5,0.4503655185975606,exact,feasible,False,0.9906891111203975,0.6538582415141034,1150,0.071176692404997,0.180837674360138,0.6666666666666666,6,[0.4503655185975606],False,0.03084533499992384,0.6853352939551169,0.15901782028437256,0.314664706044883,,0.0,tr0,inf3,False,0.6477702400843534,0.0,observed
1160,tr0,inf5,0.4473857236509961,exact,feasible,False,0.9906891111203975,0.6477702400843534,1150,0.071176692404997,0.180837674360138,0.6666666666666666,6,[0.4473857236509961],False,0.03084533499992384,0.6853352939551169,0.15901782028437256,0.314664706044883,,0.0,tr1,inf4,False,0.7317389233594145,0.09,observed
1161,tr0,inf5,0.486926419743682,exact,feasible,False,0.9906891111203975,0.7317389233594145,1150,0.071176692404997,0.180837674360138,0.6666666666666666,6,[0.486926419743682],False,0.03084533499992384,0.6853352939551169,0.15901782028437256,0.314664706044883,,0.0,tr0,inf2,False,0.724925783555135,0.0,observed
1162,tr0,inf5,0.48384043755643436,exact,feasible,False,0.9906891111203975,0.724925783555135,1150,0.071176692404997,0.180837674360138,0.6666666666666666,6,[0.48384043755643436],False,0.03084533499992384,0.6853352939551169,0.15901782028437256,0.314664706044883,,0.0,tr0,inf3,False,0.7181760801384944,0.0,observed
1163,tr0,inf5,0.4807623857655955,exact,feasible,False,0.9906891111203975,0.7181760801384944,1150,0.071176692404997,0.180837674360138,0.6666666666666666,6,[0.4807623857655955],False,0.03084533499992384,0.6853352939551169,0.15901782028437256,0.314664706044883,,0.0,tr0,inf4,False,0.7114892224603364,0.0,observed
1164,tr0,inf5,0.47769243783538706,exact,feasible,False,0.9906891111203975,0.7114892224603364,1150,0.071176692404997,0.180837674360138,0.6666666666666666,6,[0.47769243783538706],False,0.03084533499992384,0.6853352939551169,0.15901782028437256,0.314664706044883,,0.0,tr0,inf2,False,0.7048646253709734,0.0,observed
1165,tr0,inf5,0.47463076395143566,exact,feasible,False,0.9906891111203975,0.7048646253709734,1150,0.071176692404997,0.180837674360138,0.6666666666666666,6,[0.47463076395143566],False,0.03084533499992384,0.6853352939551169,0.15901782028437256,0.314664706044883,,0.0,tr0,inf3,False,0.6983017091689816,0.0,observed
1166,tr0,inf5,0.47157753102874667,exact,feasible,False,0.9906891111203975,0.6983017091689816,1150,0.071176692404997,0.180837674360138,0.6666666666666666,6,[0.47157753102874667],False,0.03084533499992384,0.6853352939551169,0.15901782028437256,0.314664706044883,,0.0,tr0,inf4,False,0.6917998995504727,0.0,observed
1167,tr0,inf5,0.4685329027207228,exact,feasible,False,0.9906891111203975,0.6917998995504727,1150,0.071176692404997,0.180837674360138,0.6666666666666666,6,[0.4685329027207228],False,0.03084533499992384,0.6853352939551169,0.15901782028437256,0.314664706044883,,0.0,tr0,inf2,False,0.685358627558838,0.0,observed
1168,tr0,inf5,0.46549703942919707,exact,feasible,False,0.9906891111203975,0.685358627558838,1150,0.071176692404997,0.180837674360138,0.6666666666666666,6,[0.46549703942919707],False,0.03084533499992384,0.6853352939551169,0.15901782028437256,0.314664706044883,,0.0,tr0,inf3,False,0.6789773295349608,0.0,observed
1169,tr0,inf5,0.46247009831544905,exact,feasible,False,0.9906891111203975,0.6789773295349608,1150,0.071176692404997,0.180837674360138,0.6666666666666666,6,[0.46247009831544905],False,0.03084533499992384,0.6853352939551169,0.15901782028437256,0.314664706044883,,0.0,tr0,inf4,False,0.6726554470678915,0.0,observed
1170,tr0,inf5,0.4594522333121764,exact,feasible,False,0.9906891111203975,0.6726554470678915,1150,0.071176692404997,0.180837674360138,0.6666666666666666,6,[0.4594522333121764],False,0.03084533499992384,0.6853352939551169,0.15901782028437256,0.314664706044883,,0.0,tr1,inf2,False,0.756392426945983,0.09,observed
1171,tr0,inf5,0.49791906023431093,exact,feasible,False,0.9906891111203975,0.756392426945983,1150,0.071176692404997,0.180837674360138,0.6666666666666666,6,[0.49791906023431093],False,0.03084533499992384,0.6853352939551169,0.15901782028437256,0.314664706044883,,0.0,tr0,inf3,False,0.7493497411093161,0.0,observed
1172,tr0,inf5,0.494806430569627,exact,feasible,False,0.9906891111203975,0.7493497411093161,1150,0.071176692404997,0.180837674360138,0.6666666666666666,6,[0.494806430569627],False,0.03084533499992384,0.6853352939551169,0.15901782028437256,0.314664706044883,,0.0,tr0,inf4,False,0.7423726289378884,0.0,observed
1173,tr0,inf5,0.49170109036901627,exact,feasible,False,0.9906891111203975,0.7423726289378884,1150,0.071176692404997,0.180837674360138,0.6666666666666666,6,[0.49170109036901627],False,0.03084533499992384,0.6853352939551169,0.15901782028437256,0.314664706044883,,0.0,tr0,inf2,False,0.7354604798825893,0.0,observed
1174,tr0,inf5,0.48860322475839274,exact,feasible,False,0.9906891111203975,0.7354604798825893,1150,0.071176692404997,0.180837674360138,0.6666666666666666,6,[0.48860322475839274],False,0.03084533499992384,0.6853352939551169,0.15901782028437256,0.314664706044883,,0.0,tr0,inf3,False,0.7286126890790634,0.0,observed
1175,tr0,inf5,0.485513015565678,exact,feasible,False,0.9906891111203975,0.7286126890790634,1150,0.071176692404997,0.180837674360138,0.6666666666666666,6,[0.485513015565678],False,0.03084533499992384,0.6853352939551169,0.15901782028437256,0.314664706044883,,0.0,tr0,inf4,False,0.7218286572947799,0.0,observed
1176,tr0,inf5,0.4824306413248329,exact,feasible,False,0.9906891111203975,0.7218286572947799,1150,0.071176692404997,0.180837674360138,0.6666666666666666,6,[0.4824306413248329],False,0.03084533499992384,0.6853352939551169,0.15901782028437256,0.314664706044883,,0.0,tr0,inf2,False,0.7151077908765955,0.0,observed
1177,tr0,inf5,0.4793562772810412,exact,feasible,False,0.9906891111203975,0.7151077908765955,1150,0.071176692404997,0.180837674360138,0.6666666666666666,6,[0.4793562772810412],False,0.03084533499992384,0.6853352939551169,0.15901782028437256,0.314664706044883,,0.0,tr0,inf3,False,0.7084495016988055,0.0,observed
1178,tr0,inf5,0.4762900953970139,exact,feasible,False,0.9906891111203975,0.7084495016988055,1150,0.071176692404997,0.180837674360138,0.6666666666666666,6,[0.4762900953970139],False,0.03084533499992384,0.6853352939551169,0.15901782028437256,0.314664706044883,,0.0,tr0,inf4,False,0.7018532071116781,0.0,observed
1179,tr0,inf5,0.4732322643603852,exact,feasible,False,0.9906891111203975,0.7018532071116781,1150,0.071176692404997,0.180837674360138,0.6666666666666666,6,[0.4732322643603852],False,0.03084533499992384,0.6853352939551169,0.15901782028437256,0.314664706044883,,0.0,tr0,inf2,False,0.6953183298904686,0.0,observed
1180,tr0,inf5,0.47018294959216805,exact,feasible,False,0.9906891111203975,0.6953183298904686,1150,0.071176692404997,0.180837674360138,0.6666666666666666,6,[0.47018294959216805],False,0.03084533499992384,0.6853352939551169,0.15901782028437256,0.314664706044883,,0.0,tr1,inf3,False,0.7788442981849076,0.09,observed
1181,tr0,inf5,0.5076969523664668,exact,feasible,False,0.9906891111203975,0.7788442981849076,1150,0.071176692404997,0.180837674360138,0.6666666666666666,6,[0.5076969523664668],False,0.03084533499992384,0.6853352939551169,0.15901782028437256,0.314664706044883,,0.0,tr0,inf4,False,0.771592565469996,0.0,observed
1182,tr0,inf5,0.5045627599950077,exact,feasible,False,0.9906891111203975,0.771592565469996,1150,0.071176692404997,0.180837674360138,0.6666666666666666,6,[0.5045627599950077],False,0.03084533499992384,0.6853352939551169,0.15901782028437256,0.314664706044883,,0.0,tr0,inf2,False,0.7644083528325775,0.0,observed
1183,tr0,inf5,0.5014352569091635,exact,feasible,False,0.9906891111203975,0.7644083528325775,1150,0.071176692404997,0.180837674360138,0.6666666666666666,6,[0.5014352569091635],False,0.03084533499992384,0.6853352939551169,0.15901782028437256,0.314664706044883,,0.0,tr0,inf3,False,0.7572910316007133,0.0,observed
1184,tr0,inf5,0.4983146385602056,exact,feasible,False,0.9906891111203975,0.7572910316007133,1150,0.071176692404997,0.180837674360138,0.6666666666666666,6,[0.4983146385602056],False,0.03084533499992384,0.6853352939551169,0.15901782028437256,0.314664706044883,,0.0,tr0,inf4,False,0.7502399789559595,0.0,observed
1185,tr0,inf5,0.4952010970965807,exact,feasible,False,0.9906891111203975,0.7502399789559595,1150,0.071176692404997,0.180837674360138,0.6666666666666666,6,[0.4952010970965807],False,0.03084533499992384,0.6853352939551169,0.15901782028437256,0.314664706044883,,0.0,tr0,inf2,False,0.7432545778788653,0.0,observed
1186,tr0,inf5,0.4920948213641411,exact,feasible,False,0.9906891111203975,0.7432545778788653,1150,0.071176692404997,0.180837674360138,0.6666666666666666,6,[0.4920948213641411],False,0.03084533499992384,0.6853352939551169,0.15901782028437256,0.314664706044883,,0.0,tr0,inf3,False,0.7363342170949793,0.0,observed
1187,tr0,inf5,0.4889959969076226,exact,feasible,False,0.9906891111203975,0.7363342170949793,1150,0.071176692404997,0.180837674360138,0.6666666666666666,6,[0.4889959969076226],False,0.03084533499992384,0.6853352939551169,0.15901782028437256,0.314664706044883,,0.0,tr0,inf4,False,0.7294782910213587,0.0,observed
1188,tr0,inf5,0.48590480597334107,exact,feasible,False,0.9906891111203975,0.7294782910213587,1150,0.071176692404997,0.180837674360138,0.6666666666666666,6,[0.48590480597334107],False,0.03084533499992384,0.6853352939551169,0.15901782028437256,0.314664706044883,,0.0,tr0,inf2,False,0.7226861997135765,0.0,observed
1189,tr0,inf5,0.48282142751307594,exact,feasible,False,0.9906891111203975,0.7226861997135765,1150,0.071176692404997,0.180837674360138,0.6666666666666666,6,[0.48282142751307594],False,0.03084533499992384,0.6853352939551169,0.15901782028437256,0.314664706044883,,0.0,tr0,inf3,False,0.7159573488132212,0.0,observed
1190,tr0,inf5,0.4797460371891081,exact,feasible,False,0.9906891111203975,0.7159573488132212,1150,0.071176692404997,0.180837674360138,0.6666666666666666,6,[0.4797460371891081],False,0.03084533499992384,0.6853352939551169,0.15901782028437256,0.314664706044883,,0.0,tr1,inf4,False,0.7992911494958864,0.09,observed
1191,tr0,inf5,0.5164126517446783,exact,feasible,False,0.9906891111203975,0.7992911494958864,1150,0.071176692404997,0.180837674360138,0.6666666666666666,6,[0.5164126517446783],False,0.03084533499992384,0.6853352939551169,0.15901782028437256,0.314664706044883,,0.0,tr0,inf2,False,0.7918490384204805,0.0,observed
1192,tr0,inf5,0.5132609766159638,exact,feasible,False,0.9906891111203975,0.7918490384204805,1150,0.071176692404997,0.180837674360138,0.6666666666666666,6,[0.5132609766159638],False,0.03084533499992384,0.6853352939551169,0.15901782028437256,0.314664706044883,,0.0,tr0,inf3,False,0.7844762200143273,0.0,observed
1193,tr0,inf5,0.510115432093734,exact,feasible,False,0.9906891111203975,0.7844762200143273,1150,0.071176692404997,0.180837674360138,0.6666666666666666,6,[0.510115432093734],False,0.03084533499992384,0.6853352939551169,0.15901782028437256,0.314664706044883,,0.0,tr0,inf4,False,0.7771720491010833,0.0,observed
1194,tr0,inf5,0.5069762227692944,exact,feasible,False,0.9906891111203975,0.7771720491010833,1150,0.071176692404997,0.180837674360138,0.6666666666666666,6,[0.5069762227692944],False,0.03084533499992384,0.6853352939551169,0.15901782028437256,0.314664706044883,,0.0,tr0,inf2,False,0.7699358865115701,0.0,observed
1195,tr0,inf5,0.503843549937271,exact,feasible,False,0.9906891111203975,0.7699358865115701,1150,0.071176692404997,0.180837674360138,0.6666666666666666,6,[0.503843549937271],False,0.03084533499992384,0.6853352939551169,0.15901782028437256,0.314664706044883,,0.0,tr0,inf3,False,0.7627670990278426,0.0,observed
1196,tr0,inf5,0.5007176115922164,exact,feasible,False,0.9906891111203975,0.7627670990278426,1150,0.071176692404997,0.180837674360138,0.6666666666666666,6,[0.5007176115922164],False,0.03084533499992384,0.6853352939551169,0.15901782028437256,0.314664706044883,,0.0,tr0,inf4,False,0.7556650593277775,0.0,observed
1197,tr0,inf5,0.4975986024265528,exact,feasible,False,0.9906891111203975,0.7556650593277775,1150,0.071176692404997,0.180837674360138,0.6666666666666666,6,[0.4975986024265528],False,0.03084533499992384,0.6853352939551169,0.15901782028437256,0.314664706044883,,0.0,tr0,inf2,False,0.7486291459301783,0.0,observed
1198,tr0,inf5,0.4944867138298192,exact,feasible,False,0.9906891111203975,0.7486291459301783,1150,0.071176692404997,0.180837674360138,0.6666666666666666,6,[0.4944867138298192],False,0.03084533499992384,0.6853352939551169,0.15901782028437256,0.314664706044883,,0.0,tr0,inf3,False,0.7416587431403906,0.0,observed
1199,tr0,inf5,0.49138213388918967,exact,feasible,False,0.9906891111203975,0.7416587431403906,1150,0.071176692404997,0.180837674360138,0.6666666666666666,6,[0.49138213388918967],False,0.03084533499992384,0.6853352939551169,0.15901782028437256,0.314664706044883,,0.0,tr0,inf4,False,0.7347532409964248,0.0,observed
1200,tr0,inf5,0.48828504739123524,exact,feasible,False,0.9906891111203975,0.7347532409964248,1150,0.071176692404997,0.180837674360138,0.6666666666666666,6,[0.48828504739123524],False,0.03084533499992384,0.6853352939551169,0.15901782028437256,0.314664706044883,,0.0,tr1,inf2,False,0.8179120352155792,0.09,observed
1201,tr0,inf5,0.5298869468895616,exact,feasible,False,0.993339569012664,0.8179120352155792,1200,0.040327654159543744,0.17171093272862667,0.6666666666666666,6,[0.5298869468895616],False,0.020824483472886134,0.76826833476526,0.10498721827609589,0.23173166523474004,,0.0,tr0,inf3,False,0.8124643885513143,0.0,observed
1202,tr0,inf5,0.5276001748622816,exact,feasible,False,0.993339569012664,0.8124643885513143,1200,0.040327654159543744,0.17171093272862667,0.6666666666666666,6,[0.5276001748622816],False,0.020824483472886134,0.76826833476526,0.10498721827609589,0.23173166523474004,,0.0,tr0,inf4,False,0.8070530255617001,0.0,observed
1203,tr0,inf5,0.52531626687353,exact,feasible,False,0.993339569012664,0.8070530255617001,1200,0.040327654159543744,0.17171093272862667,0.6666666666666666,6,[0.52531626687353],False,0.020824483472886134,0.76826833476526,0.10498721827609589,0.23173166523474004,,0.0,tr0,inf2,False,0.8016777045818256,0.0,observed
1204,tr0,inf5,0.5230353018234516,exact,feasible,False,0.993339569012664,0.8016777045818256,1200,0.040327654159543744,0.17171093272862667,0.6666666666666666,6,[0.5230353018234516],False,0.020824483472886134,0.76826833476526,0.10498721827609589,0.23173166523474004,,0.0,tr0,inf3,False,0.7963381855563724,0.0,observed
1205,tr0,inf5,0.5207573577491571,exact,feasible,False,0.993339569012664,0.7963381855563724,1200,0.040327654159543744,0.17171093272862667,0.6666666666666666,6,[0.5207573577491571],False,0.020824483472886134,0.76826833476526,0.10498721827609589,0.23173166523474004,,0.0,tr0,inf4,False,0.7910342300288937,0.0,observed
1206,tr0,inf5,0.518482511823249,exact,feasible,False,0.993339569012664,0.7910342300288937,1200,0.040327654159543744,0.17171093272862667,0.6666666666666666,6,[0.518482511823249],False,0.020824483472886134,0.76826833476526,0.10498721827609589,0.23173166523474004,,0.0,tr0,inf2,False,0.7857656011311658,0.0,observed
1207,tr0,inf5,0.5162108403525408,exact,feasible,False,0.993339569012664,0.7857656011311658,1200,0.040327654159543744,0.17171093272862667,0.6666666666666666,6,[0.5162108403525408],False,0.020824483472886134,0.76826833476526,0.10498721827609589,0.23173166523474004,,0.0,tr0,inf3,False,0.7805320635726091,0.0,observed
1208,tr0,inf5,0.5139424187769666,exact,feasible,False,0.993339569012664,0.7805320635726091,1200,0.040327654159543744,0.17171093272862667,0.6666666666666666,6,[0.5139424187769666],False,0.020824483472886134,0.76826833476526,0.10498721827609589,0.23173166523474004,,0.0,tr0,inf4,False,0.7753333836297808,0.0,observed
1209,tr0,inf5,0.5116773216686775,exact,feasible,False,0.993339569012664,0.7753333836297808,1200,0.040327654159543744,0.17171093272862667,0.6666666666666666,6,[0.5116773216686775],False,0.020824483472886134,0.76826833476526,0.10498721827609589,0.23173166523474004,,0.0,tr0,inf2,False,0.7701693291359368,0.0,observed
1210,tr0,inf5,0.5094156227313235,exact,feasible,False,0.993339569012664,0.7701693291359368,1200,0.040327654159543744,0.17171093272862667,0.6666666666666666,6,[0.5094156227313235],False,0.020824483472886134,0.76826833476526,0.10498721827609589,0.23173166523474004,,0.0,tr1,inf3,False,0.855039669470664,0.09,observed
1211,tr0,inf5,0.5451446977423818,exact,feasible,False,0.993339569012664,0.855039669470664,1200,0.040327654159543744,0.17171093272862667,0.6666666666666666,6,[0.5451446977423818],False,0.020824483472886134,0.76826833476526,0.10498721827609589,0.23173166523474004,,0.0,tr0,inf4,False,0.8493447367607201,0.0,observed
1212,tr0,inf5,0.5428409657296561,exact,feasible,False,0.993339569012664,0.8493447367607201,1200,0.040327654159543744,0.17171093272862667,0.6666666666666666,6,[0.5428409657296561],False,0.020824483472886134,0.76826833476526,0.10498721827609589,0.23173166523474004,,0.0,tr0,inf2,False,0.8436877347570683,0.0,observed
1213,tr0,inf5,0.5405395518578912,exact,feasible,False,0.993339569012664,0.8436877347570683,1200,0.040327654159543744,0.17171093272862667,0.6666666666666666,6,[0.5405395518578912],False,0.020824483472886134,0.76826833476526,0.10498721827609589,0.23173166523474004,,0.0,tr0,inf3,False,0.838068410824857,0.0,observed
1214,tr0,inf5,0.5382405407082539,exact,feasible,False,0.993339569012664,0.838068410824857,1200,0.040327654159543744,0.17171093272862667,0.6666666666666666,6,[0.5382405407082539],False,0.020824483472886134,0.76826833476526,0.10498721827609589,0.23173166523474004,,0.0,tr0,inf4,False,0.8324865140118916,0.0,observed
1215,tr0,inf5,0.5359440160137962,exact,feasible,False,0.993339569012664,0.8324865140118916,1200,0.040327654159543744,0.17171093272862667,0.6666666666666666,6,[0.5359440160137962],False,0.020824483472886134,0.76826833476526,0.10498721827609589,0.23173166523474004,,0.0,tr0,inf2,False,0.8269417950374274,0.0,observed
1216,tr0,inf5,0.5336500606566214,exact,feasible,False,0.993339569012664,0.8269417950374274,1200,0.040327654159543744,0.17171093272862667,0.6666666666666666,6,[0.5336500606566214],False,0.020824483472886134,0.76826833476526,0.10498721827609589,0.23173166523474004,,0.0,tr0,inf3,False,0.8214340062810368,0.0,observed
1217,tr0,inf5,0.5313587566652628,exact,feasible,False,0.993339569012664,0.8214340062810368,1200,0.040327654159543744,0.17171093272862667,0.6666666666666666,6,[0.5313587566652628],False,0.020824483472886134,0.76826833476526,0.10498721827609589,0.23173166523474004,,0.0,tr0,inf4,False,0.815962901771551,0.0,observed
1218,tr0,inf5,0.5290701852122726,exact,feasible,False,0.993339569012664,0.815962901771551,1200,0.040327654159543744,0.17171093272862667,0.6666666666666666,6,[0.5290701852122726],False,0.020824483472886134,0.76826833476526,0.10498721827609589,0.23173166523474004,,0.0,tr0,inf2,False,0.810528237176075,0.0,observed
1219,tr0,inf5,0.5267844266120185,exact,feasible,False,0.993339569012664,0.810528237176075,1200,0.040327654159543744,0.17171093272862667,0.6666666666666666,6,[0.5267844266120185],False,0.020824483472886134,0.76826833476526,0.10498721827609589,0.23173166523474004,,0.0,tr0,inf3,False,0.8051297697890767,0.0,observed
1220,tr0,inf5,0.5245015603186834,exact,feasible,False,0.993339569012664,0.8051297697890767,1200,0.040327654159543744,0.17171093272862667,0.6666666666666666,6,[0.5245015603186834],False,0.020824483472886134,0.76826833476526,0.10498721827609589,0.23173166523474004,,0.0,tr1,inf4,False,0.8897672585215468,0.09,observed
1221,tr0,inf5,0.5589124039929252,exact,feasible,False,0.993339569012664,0.8897672585215468,1200,0.040327654159543744,0.17171093272862667,0.6666666666666666,6,[0.5589124039929252],False,0.020824483472886134,0.76826833476526,0.10498721827609589,0.23173166523474004,,0.0,tr0,inf2,False,0.8838410251013729,0.0,observed
1222,tr0,inf5,0.55659666084141,exact,feasible,False,0.993339569012664,0.8838410251013729,1200,0.040327654159543744,0.17171093272862667,0.6666666666666666,6,[0.55659666084141],False,0.020824483472886134,0.76826833476526,0.10498721827609589,0.23173166523474004,,0.0,tr0,inf3,False,0.8779542629499089,0.0,observed
1223,tr0,inf5,0.5542827145470094,exact,feasible,False,0.993339569012664,0.8779542629499089,1200,0.040327654159543744,0.17171093272862667,0.6666666666666666,6,[0.5542827145470094],False,0.020824483472886134,0.76826833476526,0.10498721827609589,0.23173166523474004,,0.0,tr0,inf4,False,0.8721067091714935,0.0,observed
1224,tr0,inf5,0.5519706546726998,exact,feasible,False,0.993339569012664,0.8721067091714935,1200,0.040327654159543744,0.17171093272862667,0.6666666666666666,6,[0.5519706546726998],False,0.020824483472886134,0.76826833476526,0.10498721827609589,0.23173166523474004,,0.0,tr0,inf2,False,0.866298102621464,0.0,observed
1225,tr0,inf5,0.5496605699548036,exact,feasible,False,0.993339569012664,0.866298102621464,1200,0.040327654159543744,0.17171093272862667,0.6666666666666666,6,[0.5496605699548036],False,0.020824483472886134,0.76826833476526,0.10498721827609589,0.23173166523474004,,0.0,tr0,inf3,False,0.8605281838944936,0.0,observed
1226,tr0,inf5,0.547352548298825,exact,feasible,False,0.993339569012664,0.8605281838944936,1200,0.040327654159543744,0.17171093272862667,0.6666666666666666,6,[0.547352548298825],False,0.020824483472886134,0.76826833476526,0.10498721827609589,0.23173166523474004,,0.0,tr0,inf4,False,0.8547966953130067,0.0,observed
1227,tr0,inf5,0.5450466767755165,exact,feasible,False,0.993339569012664,0.8547966953130067,1200,0.040327654159543744,0.17171093272862667,0.6666666666666666,6,[0.5450466767755165],False,0.020824483472886134,0.76826833476526,0.10498721827609589,0.23173166523474004,,0.0,tr0,inf2,False,0.8491033809156715,0.0,observed
1228,tr0,inf5,0.5427430416171738,exact,feasible,False,0.993339569012664,0.8491033809156715,1200,0.040327654159543744,0.17171093272862667,0.6666666666666666,6,[0.5427430416171738],False,0.020824483472886134,0.76826833476526,0.10498721827609589,0.23173166523474004,,0.0,tr0,inf3,False,0.843447986445969,0.0,observed
1229,tr0,inf5,0.5404417282141531,exact,feasible,False,0.993339569012664,0.843447986445969,1200,0.040327654159543744,0.17171093272862667,0.6666666666666666,6,[0.5404417282141531],False,0.020824483472886134,0.76826833476526,0.10498721827609589,0.23173166523474004,,0.0,tr0,inf4,False,0.837830259340838,0.0,observed
1230,tr0,inf5,0.5381428211116126,exact,feasible,False,0.993339569012664,0.837830259340838,1200,0.040327654159543744,0.17171093272862667,0.6666666666666666,6,[0.5381428211116126],False,0.020824483472886134,0.76826833476526,0.10498721827609589,0.23173166523474004,,0.0,tr1,inf2,False,0.9222499487193965,0.09,observed
1231,tr0,inf5,0.5713644779311511,exact,feasible,False,0.993339569012664,0.9222499487193965,1200,0.040327654159543744,0.17171093272862667,0.6666666666666666,6,[0.5713644779311511],False,0.020824483472886134,0.76826833476526,0.10498721827609589,0.23173166523474004,,0.0,tr0,inf3,False,0.9161073665828767,0.0,observed
1232,tr0,inf5,0.56904065741746,exact,feasible,False,0.993339569012664,0.9161073665828767,1200,0.040327654159543744,0.17171093272862667,0.6666666666666666,6,[0.56904065741746],False,0.020824483472886134,0.76826833476526,0.10498721827609589,0.23173166523474004,,0.0,tr0,inf4,False,0.9100056966907614,0.0,observed
1233,tr0,inf5,0.5667181392852326,exact,feasible,False,0.993339569012664,0.9100056966907614,1200,0.040327654159543744,0.17171093272862667,0.6666666666666666,6,[0.5667181392852326],False,0.020824483472886134,0.76826833476526,0.10498721827609589,0.23173166523474004,,0.0,tr0,inf2,False,0.9039446665498699,0.0,observed
1234,tr0,inf5,0.5643970174518967,exact,feasible,False,0.993339569012664,0.9039446665498699,1200,0.040327654159543744,0.17171093272862667,0.6666666666666666,6,[0.5643970174518967],False,0.020824483472886134,0.76826833476526,0.10498721827609589,0.23173166523474004,,0.0,tr0,inf3,False,0.8979240054819441,0.0,observed
1235,tr0,inf5,0.5620773850346126,exact,feasible,False,0.993339569012664,0.8979240054819441,1200,0.040327654159543744,0.17171093272862667,0.6666666666666666,6,[0.5620773850346126],False,0.020824483472886134,0.76826833476526,0.10498721827609589,0.23173166523474004,,0.0,tr0,inf4,False,0.8919434446115593,0.0,observed
1236,tr0,inf5,0.5597593343448275,exact,feasible,False,0.993339569012664,0.8919434446115593,1200,0.040327654159543744,0.17171093272862667,0.6666666666666666,6,[0.5597593343448275],False,0.020824483472886134,0.76826833476526,0.10498721827609589,0.23173166523474004,,0.0,tr0,inf2,False,0.8860027168541172,0.0,observed
1237,tr0,inf5,0.5574429568830745,exact,feasible,False,0.993339569012664,0.8860027168541172,1200,0.040327654159543744,0.17171093272862667,0.6666666666666666,6,[0.5574429568830745],False,0.020824483472886134,0.76826833476526,0.10498721827609589,0.23173166523474004,,0.0,tr0,inf3,False,0.8801015569039181,0.0,observed
1238,tr0,inf5,0.5551283433340141,exact,feasible,False,0.993339569012664,0.8801015569039181,1200,0.040327654159543744,0.17171093272862667,0.6666666666666666,6,[0.5551283433340141],False,0.020824483472886134,0.76826833476526,0.10498721827609589,0.23173166523474004,,0.0,tr0,inf4,False,0.8742397012223125,0.0,observed
1239,tr0,inf5,0.5528155835617141,exact,feasible,False,0.993339569012664,0.8742397012223125,1200,0.040327654159543744,0.17171093272862667,0.6666666666666666,6,[0.5528155835617141],False,0.020824483472886134,0.76826833476526,0.10498721827609589,0.23173166523474004,,0.0,tr0,inf2,False,0.8684168880259321,0.0,observed
1240,tr0,inf5,0.5505047666051684,exact,feasible,False,0.993339569012664,0.8684168880259321,1200,0.040327654159543744,0.17171093272862667,0.6666666666666666,6,[0.5505047666051684],False,0.020824483472886134,0.76826833476526,0.10498721827609589,0.23173166523474004,,0.0,tr1,inf3,False,0.9526328572749982,0.09,observed
1241,tr0,inf5,0.5826511411725476,exact,feasible,False,0.993339569012664,0.9526328572749982,1200,0.040327654159543744,0.17171093272862667,0.6666666666666666,6,[0.5826511411725476],False,0.020824483472886134,0.76826833476526,0.10498721827609589,0.23173166523474004,,0.0,tr0,inf4,False,0.9462879118728493,0.0,observed
1242,tr0,inf5,0.5803223617394833,exact,feasible,False,0.993339569012664,0.9462879118728493,1200,0.040327654159543744,0.17171093272862667,0.6666666666666666,6,[0.5803223617394833],False,0.020824483472886134,0.76826833476526,0.10498721827609589,0.23173166523474004,,0.0,tr0,inf2,False,0.9399852265416699,0.0,observed
1243,tr0,inf5,0.5779944179962343,exact,feasible,False,0.993339569012664,0.9399852265416699,1200,0.040327654159543744,0.17171093272862667,0.6666666666666666,6,[0.5779944179962343],False,0.020824483472886134,0.76826833476526,0.10498721827609589,0.23173166523474004,,0.0,tr0,inf3,False,0.9337245198111737,0.0,observed
1244,tr0,inf5,0.575667407656417,exact,feasible,False,0.993339569012664,0.9337245198111737,1200,0.040327654159543744,0.17171093272862667,0.6666666666666666,6,[0.575667407656417],False,0.020824483472886134,0.76826833476526,0.10498721827609589,0.23173166523474004,,0.0,tr0,inf4,False,0.9275055120857878,0.0,observed
1245,tr0,inf5,0.573341427663353,exact,feasible,False,0.993339569012664,0.9275055120857878,1200,0.040327654159543744,0.17171093272862667,0.6666666666666666,6,[0.573341427663353],False,0.020824483472886134,0.76826833476526,0.10498721827609589,0.23173166523474004,,0.0,tr0,inf2,False,0.9213279256321666,0.0,observed
1246,tr0,inf5,0.5710165741833996,exact,feasible,False,0.993339569012664,0.9213279256321666,1200,0.040327654159543744,0.17171093272862667,0.6666666666666666,6,[0.5710165741833996],False,0.020824483472886134,0.76826833476526,0.10498721827609589,0.23173166523474004,,0.0,tr0,inf3,False,0.9151914845667881,0.0,observed
1247,tr0,inf5,0.568692942599536,exact,feasible,False,0.993339569012664,0.9151914845667881,1200,0.040327654159543744,0.17171093272862667,0.6666666666666666,6,[0.568692942599536],False,0.020824483472886134,0.76826833476526,0.10498721827609589,0.23173166523474004,,0.0,tr0,inf4,False,0.9090959148436334,0.0,observed
1248,tr0,inf5,0.5663706275052055,exact,feasible,False,0.993339569012664,0.9090959148436334,1200,0.040327654159543744,0.17171093272862667,0.6666666666666666,6,[0.5663706275052055],False,0.020824483472886134,0.76826833476526,0.10498721827609589,0.23173166523474004,,0.0,tr0,inf2,False,0.9030409442419483,0.0,observed
1249,tr0,inf5,0.56404972269841,exact,feasible,False,0.993339569012664,0.9030409442419483,1200,0.040327654159543744,0.17171093272862667,0.6666666666666666,6,[0.56404972269841],False,0.020824483472886134,0.76826833476526,0.10498721827609589,0.23173166523474004,,0.0,tr0,inf3,False,0.897026302354086,0.0,observed
1250,tr0,inf5,0.5617303211760529,exact,feasible,False,0.993339569012664,0.897026302354086,1200,0.040327654159543744,0.17171093272862667,0.6666666666666666,6,[0.5617303211760529],False,0.020824483472886134,0.76826833476526,0.10498721827609589,0.23173166523474004,,0.0,tr1,inf4,False,0.9810517205734314,0.09,observed
1251,tr0,inf5,0.5929022818011687,exact,feasible,False,0.9767737876672364,0.9810517205734314,1250,0.040327654159543744,1.0,0.0,6,[0.5929022818011687],False,,0.0,,0.0,,0.0,tr0,inf2,False,0.9582656050019698,0.0,observed
1252,tr0,inf5,0.5847061783883173,exact,feasible,False,0.9767737876672364,0.9582656050019698,1250,0.040327654159543744,1.0,0.0,6,[0.5847061783883173],False,,0.0,,0.0,,0.0,tr0,inf3,False,0.9360087245890099,0.0,observed
1253,tr0,inf5,0.576518100657098,exact,feasible,False,0.9767737876672364,0.9360087245890099,1250,0.040327654159543744,1.0,0.0,6,[0.576518100657098],False,,0.0,,0.0,,0.0,tr0,inf4,False,0.9142687872063863,0.0,observed
1254,tr0,inf5,0.5683423181570694,exact,feasible,False,0.9767737876672364,0.9142687872063863,1250,0.040327654159543744,1.0,0.0,6,[0.5683423181570694],False,,0.0,,0.0,,0.0,tr0,inf2,False,0.8930337862255125,0.0,observed
1255,tr0,inf5,0.5601829820645875,exact,feasible,False,0.9767737876672364,0.8930337862255125,1250,0.040327654159543744,1.0,0.0,6,[0.5601829820645875],False,,0.0,,0.0,,0.0,tr0,inf3,False,0.872291993886307,0.0,observed
1256,tr0,inf5,0.5520441218532709,exact,feasible,False,0.9767737876672364,0.872291993886307,1250,0.040327654159543744,1.0,0.0,6,[0.5520441218532709],False,,0.0,,0.0,,0.0,tr0,inf4,False,0.8520319548201339,0.0,observed
1257,tr0,inf5,0.5439296424357956,exact,feasible,False,0.9767737876672364,0.8520319548201339,1250,0.040327654159543744,1.0,0.0,6,[0.5439296424357956],False,,0.0,,0.0,,0.0,tr0,inf2,False,0.8322424797231819,0.0,observed
1258,tr0,inf5,0.5358433217594196,exact,feasible,False,0.9767737876672364,0.8322424797231819,1250,0.040327654159543744,1.0,0.0,6,[0.5358433217594196],False,,0.0,,0.0,,0.0,tr0,inf3,False,0.8129126391767856,0.0,observed
1259,tr0,inf5,0.5277888088368944,exact,feasible,False,0.9767737876672364,0.8129126391767856,1250,0.040327654159543744,1.0,0.0,6,[0.5277888088368944],False,,0.0,,0.0,,0.0,tr0,inf4,False,0.7940317576112783,0.0,observed
1260,tr0,inf5,0.5197696221938289,exact,feasible,False,0.9767737876672364,0.7940317576112783,1250,0.040327654159543744,1.0,0.0,6,[0.5197696221938289],False,,0.0,,0.0,,0.0,tr1,inf2,False,0.8655894074100413,0.09,observed
1261,tr0,inf5,0.5493778020865344,exact,feasible,False,0.9767737876672364,0.8655894074100413,1250,0.040327654159543744,1.0,0.0,6,[0.5493778020865344],False,,0.0,,0.0,,0.0,tr0,inf3,False,0.8454850440405447,0.0,observed
1262,tr0,inf5,0.5412721550597707,exact,feasible,False,0.9767737876672364,0.8454850440405447,1250,0.040327654159543744,1.0,0.0,6,[0.5412721550597707],False,,0.0,,0.0,,0.0,tr0,inf4,False,0.8258476288834831,0.0,observed
1263,tr0,inf5,0.5331958788015981,exact,feasible,False,0.9767737876672364,0.8258476288834831,1250,0.040327654159543744,1.0,0.0,6,[0.5331958788015981],False,,0.0,,0.0,,0.0,tr0,inf2,False,0.806666316500526,0.0,observed
1264,tr0,inf5,0.5251525796458978,exact,feasible,False,0.9767737876672364,0.806666316500526,1250,0.040327654159543744,1.0,0.0,6,[0.5251525796458978],False,,0.0,,0.0,,0.0,tr0,inf3,False,0.7879305133517965,0.0,observed
1265,tr0,inf5,0.5171457330172933,exact,feasible,False,0.9767737876672364,0.7879305133517965,1250,0.040327654159543744,1.0,0.0,6,[0.5171457330172933],False,,0.0,,0.0,,0.0,tr0,inf4,False,0.7696298719452244,0.0,observed
1266,tr0,inf5,0.5091786824016437,exact,feasible,False,0.9767737876672364,0.7696298719452244,1250,0.040327654159543744,1.0,0.0,6,[0.5091786824016437],False,,0.0,,0.0,,0.0,tr0,inf2,False,0.751754285121787,0.0,observed
1267,tr0,inf5,0.5012546386874137,exact,feasible,False,0.9767737876672364,0.751754285121787,1250,0.040327654159543744,1.0,0.0,6,[0.5012546386874137],False,,0.0,,0.0,,0.0,tr0,inf3,False,0.7342938804734835,0.0,observed
1268,tr0,inf5,0.4933766798580171,exact,feasible,False,0.9767737876672364,0.7342938804734835,1250,0.040327654159543744,1.0,0.0,6,[0.4933766798580171],False,,0.0,,0.0,,0.0,tr0,inf4,False,0.7172390148909575,0.0,observed
1269,tr0,inf5,0.4855477510151875,exact,feasible,False,0.9767737876672364,0.7172390148909575,1250,0.040327654159543744,1.0,0.0,6,[0.4855477510151875],False,,0.0,,0.0,,0.0,tr0,inf2,False,0.700580269237758,0.0,observed
1270,tr0,inf5,0.47777066471350366,exact,feasible,False,0.9767737876672364,0.700580269237758,1250,0.040327654159543744,1.0,0.0,6,[0.47777066471350366],False,,0.0,,0.0,,0.0,tr1,inf3,False,0.774308443148297,0.09,observed
1271,tr0,inf5,0.5112293574114978,exact,feasible,False,0.9767737876672364,0.774308443148297,1250,0.040327654159543744,1.0,0.0,6,[0.5112293574114978],False,,0.0,,0.0,,0.0,tr0,inf4,False,0.7563241908366831,0.0,observed
1272,tr0,inf5,0.5032939225496401,exact,feasible,False,0.9767737876672364,0.7563241908366831,1250,0.040327654159543744,1.0,0.0,6,[0.5032939225496401],False,,0.0,,0.0,,0.0,tr0,inf2,False,0.7387576445879047,0.0,observed
1273,tr0,inf5,0.4954037914978621,exact,feasible,False,0.9767737876672364,0.7387576445879047,1250,0.040327654159543744,1.0,0.0,6,[0.4954037914978621],False,,0.0,,0.0,,0.0,tr0,inf3,False,0.7215991026722538,0.0,observed
1274,tr0,inf5,0.48756194360756916,exact,feasible,False,0.9767737876672364,0.7215991026722538,1250,0.040327654159543744,1.0,0.0,6,[0.48756194360756916],False,,0.0,,0.0,,0.0,tr0,inf4,False,0.7048390886944563,0.0,observed
1275,tr0,inf5,0.47977122556806334,exact,feasible,False,0.9767737876672364,0.7048390886944563,1250,0.040327654159543744,1.0,0.0,6,[0.47977122556806334],False,,0.0,,0.0,,0.0,tr0,inf2,False,0.6884683463600073,0.0,observed
1276,tr0,inf5,0.47203435195922044,exact,feasible,False,0.9767737876672364,0.6884683463600073,1250,0.040327654159543744,1.0,0.0,6,[0.47203435195922044],False,,0.0,,0.0,,0.0,tr0,inf3,False,0.6724778343630632,0.0,observed
1277,tr0,inf5,0.46435390608112603,exact,feasible,False,0.9767737876672364,0.6724778343630632,1250,0.040327654159543744,1.0,0.0,6,[0.46435390608112603],False,,0.0,,0.0,,0.0,tr0,inf4,False,0.6568587213930697,0.0,observed
1278,tr0,inf5,0.4567323410414236,exact,feasible,False,0.9767737876672364,0.6568587213930697,1250,0.040327654159543744,1.0,0.0,6,[0.4567323410414236],False,,0.0,,0.0,,0.0,tr0,inf2,False,0.6416023812573667,0.0,observed
1279,tr0,inf5,0.44917198108149564,exact,feasible,False,0.9767737876672364,0.6416023812573667,1250,0.040327654159543744,1.0,0.0,6,[0.44917198108149564],False,,0.0,,0.0,,0.0,tr0,inf3,False,0.6267003881170764,0.0,observed
1280,tr0,inf5,0.4416750231230235,exact,feasible,False,0.9767737876672364,0.6267003881170764,1250,0.040327654159543744,1.0,0.0,6,[0.4416750231230235],False,,0.0,,0.0,,0.0,tr1,inf4,False,0.7021445118336438,0.09,observed
1281,tr0,inf5,0.47850645064735636,exact,feasible,False,0.9767737876672364,0.7021445118336438,1250,0.040327654159543744,1.0,0.0,6,[0.47850645064735636],False,,0.0,,0.0,,0.0,tr0,inf2,False,0.685836354313511,0.0,observed
1282,tr0,inf5,0.47077860143306804,exact,feasible,False,0.9767737876672364,0.685836354313511,1250,0.040327654159543744,1.0,0.0,6,[0.47077860143306804],False,,0.0,,0.0,,0.0,tr0,inf3,False,0.6699069735226969,0.0,observed
1283,tr0,inf5,0.463107588629706,exact,feasible,False,0.9767737876672364,0.6699069735226969,1250,0.040327654159543744,1.0,0.0,6,[0.463107588629706],False,,0.0,,0.0,,0.0,tr0,inf4,False,0.6543475719124597,0.0,observed
1284,tr0,inf5,0.4554958442445053,exact,feasible,False,0.9767737876672364,0.6543475719124597,1250,0.040327654159543744,1.0,0.0,6,[0.4554958442445053],False,,0.0,,0.0,,0.0,tr0,inf2,False,0.6391495562677927,0.0,observed
1285,tr0,inf5,0.44794567165596244,exact,feasible,False,0.9767737876672364,0.6391495562677927,1250,0.040327654159543744,1.0,0.0,6,[0.44794567165596244],False,,0.0,,0.0,,0.0,tr0,inf3,False,0.6243045329615253,0.0,observed
1286,tr0,inf5,0.4404592471945972,exact,feasible,False,0.9767737876672364,0.6243045329615253,1250,0.040327654159543744,1.0,0.0,6,[0.4404592471945972],False,,0.0,,0.0,,0.0,tr0,inf4,False,0.6098043033186542,0.0,observed
1287,tr0,inf5,0.43303862192323217,exact,feasible,False,0.9767737876672364,0.6098043033186542,1250,0.040327654159543744,1.0,0.0,6,[0.43303862192323217],False,,0.0,,0.0,,0.0,tr0,inf2,False,0.5956408590883422,0.0,observed
1288,tr0,inf5,0.4256857235994223,exact,feasible,False,0.9767737876672364,0.5956408590883422,1250,0.040327654159543744,1.0,0.0,6,[0.4256857235994223],False,,0.0,,0.0,,0.0,tr0,inf3,False,0.5818063780210867,0.0,observed
1289,tr0,inf5,0.41840235880323245,exact,feasible,False,0.9767737876672364,0.5818063780210867,1250,0.040327654159543744,1.0,0.0,6,[0.41840235880323245],False,,0.0,,0.0,,0.0,tr0,inf4,False,0.5682932195486128,0.0,observed
1290,tr0,inf5,0.41119021521415283,exact,feasible,False,0.9767737876672364,0.5682932195486128,1250,0.040327654159543744,1.0,0.0,6,[0.41119021521415283],False,,0.0,,0.0,,0.0,tr1,inf2,False,0.6450939205641069,0.09,observed
1291,tr0,inf5,0.450912423859283,exact,feasible,False,0.9767737876672364,0.6450939205641069,1250,0.040327654159543744,1.0,0.0,6,[0.450912423859283],False,,0.0,,0.0,,0.0,tr0,inf3,False,0.63011083219051,0.0,observed
1292,tr0,inf5,0.44340063530708196,exact,feasible,False,0.9767737876672364,0.63011083219051,1250,0.040327654159543744,1.0,0.0,6,[0.44340063530708196],False,,0.0,,0.0,,0.0,tr0,inf4,False,0.6154757442088788,0.0,observed
1293,tr0,inf5,0.4359538528006516,exact,feasible,False,0.9767737876672364,0.6154757442088788,1250,0.040327654159543744,1.0,0.0,6,[0.4359538528006516],False,,0.0,,0.0,,0.0,tr0,inf2,False,0.6011805738882178,0.0,observed
1294,tr0,inf5,0.4285740524260691,exact,feasible,False,0.9767737876672364,0.6011805738882178,1250,0.040327654159543744,1.0,0.0,6,[0.4285740524260691],False,,0.0,,0.0,,0.0,tr0,inf3,False,0.5872174262287574,0.0,observed
1295,tr0,inf5,0.4212630882350362,exact,feasible,False,0.9767737876672364,0.5872174262287574,1250,0.040327654159543744,1.0,0.0,6,[0.4212630882350362],False,,0.0,,0.0,,0.0,tr0,inf4,False,0.5735785896016693,0.0,observed
1296,tr0,inf5,0.4140226944649401,exact,feasible,False,0.9767737876672364,0.5735785896016693,1250,0.040327654159543744,1.0,0.0,6,[0.4140226944649401],False,,0.0,,0.0,,0.0,tr0,inf2,False,0.5602565314900538,0.0,observed
1297,tr0,inf5,0.4068544878985296,exact,feasible,False,0.9767737876672364,0.5602565314900538,1250,0.040327654159543744,1.0,0.0,6,[0.4068544878985296],False,,0.0,,0.0,,0.0,tr0,inf3,False,0.5472438943288482,0.0,observed
1298,tr0,inf5,0.399759970348,exact,feasible,False,0.9767737876672364,0.5472438943288482,1250,0.040327654159543744,1.0,0.0,6,[0.399759970348],False,,0.0,,0.0,,0.0,tr0,inf4,False,0.534533491441358,0.0,observed
1299,tr0,inf5,0.39274053124892777,exact,feasible,False,0.9767737876672364,0.534533491441358,1250,0.040327654159543744,1.0,0.0,6,[0.39274053124892777],False,,0.0,,0.0,,0.0,tr0,inf2,False,0.5221183030701675,0.0,observed
1300,tr0,inf5,0.38579745035015284,exact,feasible,False,0.9767737876672364,0.5221183030701675,1250,0.040327654159543744,1.0,0.0,6,[0.38579745035015284],False,,0.0,,0.0,,0.0,tr1,inf3,False,0.5999914725002375,0.09,observed
1301,tr0,inf5,0.427955419742778,exact,feasible,False,0.9767737876672364,0.5999914725002375,1300,0.040327654159543744,1.0,0.0,6,[0.427955419742778],False,,0.0,,0.0,,0.0,tr0,inf4,False,0.5860559431620995,0.0,observed
1302,tr0,inf5,0.42065033589734047,exact,feasible,False,0.9767737876672364,0.5860559431620995,1300,0.040327654159543744,1.0,0.0,6,[0.42065033589734047],False,,0.0,,0.0,,0.0,tr0,inf2,False,0.5724440833873385,0.0,observed
1303,tr0,inf5,0.41341596318467566,exact,feasible,False,0.9767737876672364,0.5724440833873385,1300,0.040327654159543744,1.0,0.0,6,[0.41341596318467566],False,,0.0,,0.0,,0.0,tr0,inf3,False,0.55914837555795,0.0,observed
1304,tr0,inf5,0.4062539086037541,exact,feasible,False,0.9767737876672364,0.55914837555795,1300,0.040327654159543744,1.0,0.0,6,[0.4062539086037541],False,,0.0,,0.0,,0.0,tr0,inf4,False,0.5461614766617213,0.0,observed
1305,tr0,inf5,0.39916566439749374,exact,feasible,False,0.9767737876672364,0.5461614766617213,1300,0.040327654159543744,1.0,0.0,6,[0.39916566439749374],False,,0.0,,0.0,,0.0,tr0,inf2,False,0.5334762142368005,0.0,observed
1306,tr0,inf5,0.3921526106553052,exact,feasible,False,0.9767737876672364,0.5334762142368005,1300,0.040327654159543744,1.0,0.0,6,[0.3921526106553052],False,,0.0,,0.0,,0.0,tr0,inf3,False,0.5210855824104577,0.0,observed
1307,tr0,inf5,0.3852160180104442,exact,feasible,False,0.9767737876672364,0.5210855824104577,1300,0.040327654159543744,1.0,0.0,6,[0.3852160180104442],False,,0.0,,0.0,,0.0,tr0,inf4,False,0.5089827380298506,0.0,observed
1308,tr0,inf5,0.3783570504189856,exact,feasible,False,0.9767737876672364,0.5089827380298506,1300,0.040327654159543744,1.0,0.0,6,[0.3783570504189856],False,,0.0,,0.0,,0.0,tr0,inf2,False,0.4971609968826579,0.0,observed
1309,tr0,inf5,0.3715767680079052,exact,feasible,False,0.9767737876672364,0.4971609968826579,1300,0.040327654159543744,1.0,0.0,6,[0.3715767680079052],False,,0.0,,0.0,,0.0,tr0,inf3,False,0.4856138300054929,0.0,observed
1310,tr0,inf5,0.36487612998041336,exact,feasible,False,0.9767737876672364,0.4856138300054929,1300,0.040327654159543744,1.0,0.0,6,[0.36487612998041336],False,,0.0,,0.0,,0.0,tr1,inf4,False,0.5643348600780588,0.09,observed
1311,tr0,inf5,0.4090590672814453,exact,feasible,False,0.9767737876672364,0.5643348600780588,1300,0.040327654159543744,1.0,0.0,6,[0.4090590672814453],False,,0.0,,0.0,,0.0,tr0,inf2,False,0.5512274987911053,0.0,observed
1312,tr0,inf5,0.40194165315888136,exact,feasible,False,0.9767737876672364,0.5512274987911053,1300,0.040327654159543744,1.0,0.0,6,[0.40194165315888136],False,,0.0,,0.0,,0.0,tr0,inf3,False,0.538424571860525,0.0,observed
1313,tr0,inf5,0.3948989004859968,exact,feasible,False,0.9767737876672364,0.538424571860525,1300,0.040327654159543744,1.0,0.0,6,[0.3948989004859968],False,,0.0,,0.0,,0.0,tr0,inf4,False,0.525919008429315,0.0,observed
1314,tr0,inf5,0.3879321225728023,exact,feasible,False,0.9767737876672364,0.525919008429315,1300,0.040327654159543744,1.0,0.0,6,[0.3879321225728023],False,,0.0,,0.0,,0.0,tr0,inf2,False,0.5137039018696993,0.0,observed
1315,tr0,inf5,0.3810425249513835,exact,feasible,False,0.9767737876672364,0.5137039018696993,1300,0.040327654159543744,1.0,0.0,6,[0.3810425249513835],False,,0.0,,0.0,,0.0,tr0,inf3,False,0.5017725059687045,0.0,observed
1316,tr0,inf5,0.37423120819828154,exact,feasible,False,0.9767737876672364,0.5017725059687045,1300,0.040327654159543744,1.0,0.0,6,[0.37423120819828154],False,,0.0,,0.0,,0.0,tr0,inf4,False,0.4901182312023325,0.0,observed
1317,tr0,inf5,0.36749917081870465,exact,feasible,False,0.9767737876672364,0.4901182312023325,1300,0.040327654159543744,1.0,0.0,6,[0.36749917081870465],False,,0.0,,0.0,,0.0,tr0,inf2,False,0.4787346410962686,0.0,observed
1318,tr0,inf5,0.3608473121811184,exact,feasible,False,0.9767737876672364,0.4787346410962686,1300,0.040327654159543744,1.0,0.0,6,[0.3608473121811184],False,,0.0,,0.0,,0.0,tr0,inf3,False,0.4676154486711173,0.0,observed
1319,tr0,inf5,0.3542764354914191,exact,feasible,False,0.9767737876672364,0.4676154486711173,1300,0.040327654159543744,1.0,0.0,6,[0.3542764354914191],False,,0.0,,0.0,,0.0,tr0,inf4,False,0.4567545129702014,0.0,observed
1320,tr0,inf5,0.3477872507965394,exact,feasible,False,0.9767737876672364,0.4567545129702014,1300,0.040327654159543744,1.0,0.0,6,[0.3477872507965394],False,,0.0,,0.0,,0.0,tr1,inf2,False,0.5361458356680076,0.09,observed
1321,tr0,inf5,0.39363591229535533,exact,feasible,False,0.9767737876672364,0.5361458356680076,1300,0.040327654159543744,1.0,0.0,6,[0.39363591229535533],False,,0.0,,0.0,,0.0,tr0,inf3,False,0.5236931986474554,0.0,observed
1322,tr0,inf5,0.3866829774795601,exact,feasible,False,0.9767737876672364,0.5236931986474554,1300,0.040327654159543744,1.0,0.0,6,[0.3866829774795601],False,,0.0,,0.0,,0.0,tr0,inf4,False,0.5115297892184455,0.0,observed
1323,tr0,inf5,0.3798074292612192,exact,feasible,False,0.9767737876672364,0.5115297892184455,1300,0.040327654159543744,1.0,0.0,6,[0.3798074292612192],False,,0.0,,0.0,,0.0,tr0,inf2,False,0.4996488897195241,0.0,observed
1324,tr0,inf5,0.37301034958058477,exact,feasible,False,0.9767737876672364,0.4996488897195241,1300,0.040327654159543744,1.0,0.0,6,[0.37301034958058477],False,,0.0,,0.0,,0.0,tr0,inf3,False,0.4880439385150689,0.0,observed
1325,tr0,inf5,0.3662927188327948,exact,feasible,False,0.9767737876672364,0.4880439385150689,1300,0.040327654159543744,1.0,0.0,6,[0.3662927188327948],False,,0.0,,0.0,,0.0,tr0,inf4,False,0.4767085263713997,0.0,observed
1326,tr0,inf5,0.35965541881038715,exact,feasible,False,0.9767737876672364,0.4767085263713997,1300,0.040327654159543744,1.0,0.0,6,[0.35965541881038715],False,,0.0,,0.0,,0.0,tr0,inf2,False,0.4656363929170588,0.0,observed
1327,tr0,inf5,0.3530992356835165,exact,feasible,False,0.9767737876672364,0.4656363929170588,1300,0.040327654159543744,1.0,0.0,6,[0.3530992356835165],False,,0.0,,0.0,,0.0,tr0,inf3,False,0.45482142318530505,0.0,observed
1328,tr0,inf5,0.34662486300783935,exact,feasible,False,0.9767737876672364,0.45482142318530505,1300,0.040327654159543744,1.0,0.0,6,[0.34662486300783935],False,,0.0,,0.0,,0.0,tr0,inf4,False,0.44425764423691344,0.0,observed
1329,tr0,inf5,0.34023290475066537,exact,feasible,False,0.9767737876672364,0.44425764423691344,1300,0.040327654159543744,1.0,0.0,6,[0.34023290475066537],False,,0.0,,0.0,,0.0,tr0,inf2,False,0.43393922186141354,0.0,observed
1330,tr0,inf5,0.3339238783265892,exact,feasible,False,0.9767737876672364,0.43393922186141354,1300,0.040327654159543744,1.0,0.0,6,[0.3339238783265892],False,,0.0,,0.0,,0.0,tr1,inf3,False,0.5138604573549461,0.09,observed
1331,tr0,inf5,0.38113135924808966,exact,feasible,False,0.9767737876672364,0.5138604573549461,1300,0.040327654159543744,1.0,0.0,6,[0.38113135924808966],False,,0.0,,0.0,,0.0,tr0,inf4,False,0.5019254252630091,0.0,observed
1332,tr0,inf5,0.37431902087062036,exact,feasible,False,0.9767737876672364,0.5019254252630091,1300,0.040327654159543744,1.0,0.0,6,[0.37431902087062036],False,,0.0,,0.0,,0.0,tr0,inf2,False,0.4902675987606378,0.0,observed
1333,tr0,inf5,0.36758594956047963,exact,feasible,False,0.9767737876672364,0.4902675987606378,1300,0.040327654159543744,1.0,0.0,6,[0.36758594956047963],False,,0.0,,0.0,,0.0,tr0,inf3,False,0.4788805394119491,0.0,observed
1334,tr0,inf5,0.36093304595261744,exact,feasible,False,0.9767737876672364,0.4788805394119491,1300,0.040327654159543744,1.0,0.0,6,[0.36093304595261744],False,,0.0,,0.0,,0.0,tr0,inf4,False,0.4677579583215388,0.0,observed
1335,tr0,inf5,0.3543611144806409,exact,feasible,False,0.9767737876672364,0.4677579583215388,1300,0.040327654159543744,1.0,0.0,6,[0.3543611144806409],False,,0.0,,0.0,,0.0,tr0,inf2,False,0.4568937126612228,0.0,observed
1336,tr0,inf5,0.3478708663800997,exact,feasible,False,0.9767737876672364,0.4568937126612228,1300,0.040327654159543744,1.0,0.0,6,[0.3478708663800997],False,,0.0,,0.0,,0.0,tr0,inf3,False,0.44628180227744857,0.0,observed
1337,tr0,inf5,0.34146292271180845,exact,feasible,False,0.9767737876672364,0.44628180227744857,1300,0.040327654159543744,1.0,0.0,6,[0.34146292271180845],False,,0.0,,0.0,,0.0,tr0,inf4,False,0.43591636637750414,0.0,observed
1338,tr0,inf5,0.33513781739630155,exact,feasible,False,0.9767737876672364,0.43591636637750414,1300,0.040327654159543744,1.0,0.0,6,[0.33513781739630155],False,,0.0,,0.0,,0.0,tr0,inf2,False,0.4257916802926935,0.0,observed
1339,tr0,inf5,0.32889600025112464,exact,feasible,False,0.9767737876672364,0.4257916802926935,1300,0.040327654159543744,1.0,0.0,6,[0.32889600025112464],False,,0.0,,0.0,,0.0,tr0,inf3,False,0.4159021523166912,0.0,observed
1340,tr0,inf5,0.32273784002325606,exact,feasible,False,0.9767737876672364,0.4159021523166912,1300,0.040327654159543744,1.0,0.0,6,[0.32273784002325606],False,,0.0,,0.0,,0.0,tr1,inf4,False,0.4962423206173303,0.09,observed
1341,tr0,inf5,0.37104650312486265,exact,feasible,False,0.9767737876672364,0.4962423206173303,1300,0.040327654159543744,1.0,0.0,6,[0.37104650312486265],False,,0.0,,0.0,,0.0,tr0,inf2,False,0.48471649111016885,0.0,observed
1342,tr0,inf5,0.3643521712271099,exact,feasible,False,0.9767737876672364,0.48471649111016885,1300,0.040327654159543744,1.0,0.0,6,[0.3643521712271099],False,,0.0,,0.0,,0.0,tr0,inf3,False,0.47345836296645194,0.0,observed
1343,tr0,inf5,0.3577384086547329,exact,feasible,False,0.9767737876672364,0.47345836296645194,1300,0.040327654159543744,1.0,0.0,6,[0.3577384086547329],False,,0.0,,0.0,,0.0,tr0,inf4,False,0.4624617184974705,0.0,observed
1344,tr0,inf5,0.3512059743050052,exact,feasible,False,0.9767737876672364,0.4624617184974705,1300,0.040327654159543744,1.0,0.0,6,[0.3512059743050052],False,,0.0,,0.0,,0.0,tr0,inf2,False,0.4517204844278735,0.0,observed
1345,tr0,inf5,0.34475553534017955,exact,feasible,False,0.9767737876672364,0.4517204844278735,1300,0.040327654159543744,1.0,0.0,6,[0.34475553534017955],False,,0.0,,0.0,,0.0,tr0,inf3,False,0.44122872854149287,0.0,observed
1346,tr0,inf5,0.33838767021727784,exact,feasible,False,0.9767737876672364,0.44122872854149287,1300,0.040327654159543744,1.0,0.0,6,[0.33838767021727784],False,,0.0,,0.0,,0.0,tr0,inf4,False,0.4309806564050729,0.0,observed
1347,tr0,inf5,0.33210287172492003,exact,feasible,False,0.9767737876672364,0.4309806564050729,1300,0.040327654159543744,1.0,0.0,6,[0.33210287172492003],False,,0.0,,0.0,,0.0,tr0,inf2,False,0.42097060816809484,0.0,observed
1348,tr0,inf5,0.32590155001918264,exact,feasible,False,0.9767737876672364,0.42097060816809484,1300,0.040327654159543744,1.0,0.0,6,[0.32590155001918264],False,,0.0,,0.0,,0.0,tr0,inf3,False,0.4111930554369301,0.0,observed
1349,tr0,inf5,0.3197840356510589,exact,feasible,False,0.9767737876672364,0.4111930554369301,1300,0.040327654159543744,1.0,0.0,6,[0.3197840356510589],False,,0.0,,0.0,,0.0,tr0,inf4,False,0.4016425982215941,0.0,observed
1350,tr0,inf5,0.31375058257865424,exact,feasible,False,0.9767737876672364,0.4016425982215941,1300,0.040327654159543744,1.0,0.0,6,[0.31375058257865424],False,,0.0,,0.0,,0.0,tr1,inf2,False,0.48231396195341647,0.09,observed
1351,tr0,inf5,0.3629470107645448,exact,feasible,False,0.9767737876672364,0.48231396195341647,1350,0.040327654159543744,1.0,0.0,6,[0.3629470107645448],False,,0.0,,0.0,,0.0,tr0,inf3,False,0.47111163546203,0.0,observed
1352,tr0,inf5,0.3563503841323896,exact,feasible,False,0.9767737876672364,0.47111163546203,1350,0.040327654159543744,1.0,0.0,6,[0.3563503841323896],False,,0.0,,0.0,,0.0,tr0,inf4,False,0.4601694965843534,0.0,observed
1353,tr0,inf5,0.34983523433377234,exact,feasible,False,0.9767737876672364,0.4601694965843534,1350,0.040327654159543744,1.0,0.0,6,[0.34983523433377234],False,,0.0,,0.0,,0.0,tr0,inf2,False,0.4494815021476243,0.0,observed
1354,tr0,inf5,0.3434022095221285,exact,feasible,False,0.9767737876672364,0.4494815021476243,1350,0.040327654159543744,1.0,0.0,6,[0.3434022095221285],False,,0.0,,0.0,,0.0,tr0,inf3,False,0.439041749339094,0.0,observed
1355,tr0,inf5,0.33705186978746327,exact,feasible,False,0.9767737876672364,0.439041749339094,1350,0.040327654159543744,1.0,0.0,6,[0.33705186978746327],False,,0.0,,0.0,,0.0,tr0,inf4,False,0.42884447244599627,0.0,observed
1356,tr0,inf5,0.3307846901936226,exact,feasible,False,0.9767737876672364,0.42884447244599627,1350,0.040327654159543744,1.0,0.0,6,[0.3307846901936226],False,,0.0,,0.0,,0.0,tr0,inf2,False,0.4188840396712336,0.0,observed
1357,tr0,inf5,0.3246010638129758,exact,feasible,False,0.9767737876672364,0.4188840396712336,1350,0.040327654159543744,1.0,0.0,6,[0.3246010638129758],False,,0.0,,0.0,,0.0,tr0,inf3,False,0.40915495002302377,0.0,observed
1358,tr0,inf5,0.3185013047512024,exact,feasible,False,0.9767737876672364,0.40915495002302377,1350,0.040327654159543744,1.0,0.0,6,[0.3185013047512024],False,,0.0,,0.0,,0.0,tr0,inf4,False,0.39965183027678775,0.0,observed
1359,tr0,inf5,0.31248565115543236,exact,feasible,False,0.9767737876672364,0.39965183027678775,1350,0.040327654159543744,1.0,0.0,6,[0.31248565115543236],False,,0.0,,0.0,,0.0,tr0,inf2,False,0.3903694320076015,0.0,observed
1360,tr0,inf5,0.3065542681995302,exact,feasible,False,0.9767737876672364,0.3903694320076015,1350,0.040327654159543744,1.0,0.0,6,[0.3065542681995302],False,,0.0,,0.0,,0.0,tr1,inf3,False,0.4713026286915726,0.09,observed
1361,tr0,inf5,0.35646347315759025,exact,feasible,False,0.9767737876672364,0.4713026286915726,1350,0.040327654159543744,1.0,0.0,6,[0.35646347315759025],False,,0.0,,0.0,,0.0,tr0,inf4,False,0.4603560537645925,0.0,observed
1362,tr0,inf5,0.34994691230886904,exact,feasible,False,0.9767737876672364,0.4603560537645925,1350,0.040327654159543744,1.0,0.0,6,[0.34994691230886904],False,,0.0,,0.0,,0.0,tr0,inf2,False,0.44966372631118295,0.0,observed
1363,tr0,inf5,0.343512466022953,exact,feasible,False,0.9767737876672364,0.44966372631118295,1350,0.040327654159543744,1.0,0.0,6,[0.343512466022953],False,,0.0,,0.0,,0.0,tr0,inf3,False,0.43921974112553774,0.0,observed
1364,tr0,inf5,0.3371606958830134,exact,feasible,False,0.9767737876672364,0.43921974112553774,1350,0.040327654159543744,1.0,0.0,6,[0.3371606958830134],False,,0.0,,0.0,,0.0,tr0,inf4,False,0.4290183301574146,0.0,observed
1365,tr0,inf5,0.330892078393676,exact,feasible,False,0.9767737876672364,0.4290183301574146,1350,0.040327654159543744,1.0,0.0,6,[0.330892078393676],False,,0.0,,0.0,,0.0,tr0,inf2,False,0.41905385932653083,0.0,observed
1366,tr0,inf5,0.3247070080158124,exact,feasible,False,0.9767737876672364,0.41905385932653083,1350,0.040327654159543744,1.0,0.0,6,[0.3247070080158124],False,,0.0,,0.0,,0.0,tr0,inf3,False,0.4093208254109488,0.0,observed
1367,tr0,inf5,0.3186058001915552,exact,feasible,False,0.9767737876672364,0.4093208254109488,1350,0.040327654159543744,1.0,0.0,6,[0.3186058001915552],False,,0.0,,0.0,,0.0,tr0,inf4,False,0.39981385300773203,0.0,observed
1368,tr0,inf5,0.3125886943527805,exact,feasible,False,0.9767737876672364,0.39981385300773203,1350,0.040327654159543744,1.0,0.0,6,[0.3125886943527805],False,,0.0,,0.0,,0.0,tr0,inf2,False,0.39052769156419415,0.0,observed
1369,tr0,inf5,0.3066558569068355,exact,feasible,False,0.9767737876672364,0.39052769156419415,1350,0.040327654159543744,1.0,0.0,6,[0.3066558569068355],False,,0.0,,0.0,,0.0,tr0,inf3,False,0.38145721247810016,0.0,observed
1370,tr0,inf5,0.30080738419381126,exact,feasible,False,0.9767737876672364,0.38145721247810016,1350,0.040327654159543744,1.0,0.0,6,[0.30080738419381126],False,,0.0,,0.0,,0.0,tr1,inf4,False,0.4625974062652197,0.09,observed
1371,tr0,inf5,0.351287016614037,exact,feasible,False,0.9767737876672364,0.4625974062652197,1350,0.040327654159543744,1.0,0.0,6,[0.351287016614037],False,,0.0,,0.0,,0.0,tr0,inf2,False,0.45185302068271804,0.0,observed
1372,tr0,inf5,0.34483555032843927,exact,feasible,False,0.9767737876672364,0.45185302068271804,1350,0.040327654159543744,1.0,0.0,6,[0.34483555032843927],False,,0.0,,0.0,,0.0,tr0,inf3,False,0.4413581864811406,0.0,observed
1373,tr0,inf5,0.3384666511980635,exact,feasible,False,0.9767737876672364,0.4413581864811406,1350,0.040327654159543744,1.0,0.0,6,[0.3384666511980635],False,,0.0,,0.0,,0.0,tr0,inf4,False,0.43110710752712617,0.0,observed
1374,tr0,inf5,0.33218081306223285,exact,feasible,False,0.9767737876672364,0.43110710752712617,1350,0.040327654159543744,1.0,0.0,6,[0.33218081306223285],False,,0.0,,0.0,,0.0,tr0,inf2,False,0.4210941223095376,0.0,observed
1375,tr0,inf5,0.32597844708986634,exact,feasible,False,0.9767737876672364,0.4210941223095376,1350,0.040327654159543744,1.0,0.0,6,[0.32597844708986634],False,,0.0,,0.0,,0.0,tr0,inf3,False,0.4113137008126975,0.0,observed
1376,tr0,inf5,0.3198598848070874,exact,feasible,False,0.9767737876672364,0.4113137008126975,1350,0.040327654159543744,1.0,0.0,6,[0.3198598848070874],False,,0.0,,0.0,,0.0,tr0,inf4,False,0.40176044146224704,0.0,observed
1377,tr0,inf5,0.31382538110964975,exact,feasible,False,0.9767737876672364,0.40176044146224704,1350,0.040327654159543744,1.0,0.0,6,[0.31382538110964975],False,,0.0,,0.0,,0.0,tr0,inf2,False,0.39242906814194006,0.0,observed
1378,tr0,inf5,0.30787511725385297,exact,feasible,False,0.9767737876672364,0.39242906814194006,1350,0.040327654159543744,1.0,0.0,6,[0.30787511725385297],False,,0.0,,0.0,,0.0,tr0,inf3,False,0.3833144272797268,0.0,observed
1379,tr0,inf5,0.3020092038201383,exact,feasible,False,0.9767737876672364,0.3833144272797268,1350,0.040327654159543744,1.0,0.0,6,[0.3020092038201383],False,,0.0,,0.0,,0.0,tr0,inf4,False,0.3744114850015162,0.0,observed
1380,tr0,inf5,0.2962276836440621,exact,feasible,False,0.9767737876672364,0.3744114850015162,1350,0.040327654159543744,1.0,0.0,6,[0.2962276836440621],False,,0.0,,0.0,,0.0,tr1,inf2,False,0.45571532435104567,0.09,observed
1381,tr0,inf5,0.3471626547390226,exact,feasible,False,0.9767737876672364,0.45571532435104567,1350,0.040327654159543744,1.0,0.0,6,[0.3471626547390226],False,,0.0,,0.0,,0.0,tr0,inf3,False,0.44513078346437407,0.0,observed
1382,tr0,inf5,0.34076378970294496,exact,feasible,False,0.9767737876672364,0.44513078346437407,1350,0.040327654159543744,1.0,0.0,6,[0.34076378970294496],False,,0.0,,0.0,,0.0,tr0,inf4,False,0.4347920813717811,0.0,observed
1383,tr0,inf5,0.33444781650892547,exact,feasible,False,0.9767737876672364,0.4347920813717811,1350,0.040327654159543744,1.0,0.0,6,[0.33444781650892547],False,,0.0,,0.0,,0.0,tr0,inf2,False,0.4246935081692359,0.0,observed
1384,tr0,inf5,0.32821517591742655,exact,feasible,False,0.9767737876672364,0.4246935081692359,1350,0.040327654159543744,1.0,0.0,6,[0.32821517591742655],False,,0.0,,0.0,,0.0,tr0,inf3,False,0.41482948657215096,0.0,observed
1385,tr0,inf5,0.322066227950971,exact,feasible,False,0.9767737876672364,0.41482948657215096,1350,0.040327654159543744,1.0,0.0,6,[0.322066227950971],False,,0.0,,0.0,,0.0,tr0,inf4,False,0.4051945688351349,0.0,observed
1386,tr0,inf5,0.31600125491282605,exact,feasible,False,0.9767737876672364,0.4051945688351349,1350,0.040327654159543744,1.0,0.0,6,[0.31600125491282605],False,,0.0,,0.0,,0.0,tr0,inf2,False,0.39578343374328745,0.0,observed
1387,tr0,inf5,0.3100204643864073,exact,feasible,False,0.9767737876672364,0.39578343374328745,1350,0.040327654159543744,1.0,0.0,6,[0.3100204643864073],False,,0.0,,0.0,,0.0,tr0,inf3,False,0.3865908836733756,0.0,observed
1388,tr0,inf5,0.30412399220940783,exact,feasible,False,0.9767737876672364,0.3865908836733756,1350,0.040327654159543744,1.0,0.0,6,[0.30412399220940783],False,,0.0,,0.0,,0.0,tr0,inf4,False,0.37761184172326706,0.0,observed
1389,tr0,inf5,0.29831190541716884,exact,feasible,False,0.9767737876672364,0.37761184172326706,1350,0.040327654159543744,1.0,0.0,6,[0.29831190541716884],False,,0.0,,0.0,,0.0,tr0,inf2,False,0.36884134890803655,0.0,observed
1390,tr0,inf5,0.2925842051502958,exact,feasible,False,0.9767737876672364,0.36884134890803655,1350,0.040327654159543744,1.0,0.0,6,[0.2925842051502958],False,,0.0,,0.0,,0.0,tr1,inf3,False,0.4502745614211956,0.09,observed
1391,tr0,inf5,0.3438819112219362,exact,feasible,False,0.9767737876672364,0.4502745614211956,1350,0.040327654159543744,1.0,0.0,6,[0.3438819112219362],False,,0.0,,0.0,,0.0,tr0,inf4,False,0.4398163888495849,0.0,observed
1392,tr0,inf5,0.33752535146781615,exact,feasible,False,0.9767737876672364,0.4398163888495849,1350,0.040327654159543744,1.0,0.0,6,[0.33752535146781615],False,,0.0,,0.0,,0.0,tr0,inf2,False,0.42960112001473516,0.0,observed
1393,tr0,inf5,0.33125191910054286,exact,feasible,False,0.9767737876672364,0.42960112001473516,1350,0.040327654159543744,1.0,0.0,6,[0.33125191910054286],False,,0.0,,0.0,,0.0,tr0,inf3,False,0.41962311318287987,0.0,observed
1394,tr0,inf5,0.32506201323785083,exact,feasible,False,0.9767737876672364,0.41962311318287987,1350,0.040327654159543744,1.0,0.0,6,[0.32506201323785083],False,,0.0,,0.0,,0.0,tr0,inf4,False,0.409876857656359,0.0,observed
1395,tr0,inf5,0.3189559538043816,exact,feasible,False,0.9767737876672364,0.409876857656359,1350,0.040327654159543744,1.0,0.0,6,[0.3189559538043816],False,,0.0,,0.0,,0.0,tr0,inf2,False,0.4003569707301465,0.0,observed
1396,tr0,inf5,0.3129339845412951,exact,feasible,False,0.9767737876672364,0.4003569707301465,1350,0.040327654159543744,1.0,0.0,6,[0.3129339845412951],False,,0.0,,0.0,,0.0,tr0,inf3,False,0.3910581947190661,0.0,observed
1397,tr0,inf5,0.30699627599347196,exact,feasible,False,0.9767737876672364,0.3910581947190661,1350,0.040327654159543744,1.0,0.0,6,[0.30699627599347196],False,,0.0,,0.0,,0.0,tr0,inf4,False,0.3819753940540539,0.0,observed
1398,tr0,inf5,0.30114292846857577,exact,feasible,False,0.9767737876672364,0.3819753940540539,1350,0.040327654159543744,1.0,0.0,6,[0.30114292846857577],False,,0.0,,0.0,,0.0,tr0,inf2,False,0.3731035524458634,0.0,observed
1399,tr0,inf5,0.29537397496274476,exact,feasible,False,0.9767737876672364,0.3731035524458634,1350,0.040327654159543744,1.0,0.0,6,[0.29537397496274476],False,,0.0,,0.0,,0.0,tr0,inf3,False,0.3644377701146474,0.0,observed
1400,tr0,inf5,0.2896893840481568,exact,feasible,False,0.9767737876672364,0.3644377701146474,1350,0.040327654159543744,1.0,0.0,6,[0.2896893840481568],False,,0.0,,0.0,,0.0,tr1,inf4,False,0.4459732610838857,0.09,observed
1401,tr0,inf5,0.34123242293474365,exact,feasible,False,0.9961369499847641,0.4459732610838857,1400,0.040689091439471727,0.030396135003906425,1.0,6,[0.34123242293474365],False,0.0032648834363625187,0.36749788800228866,0.23425913944897275,0.1685708133519228,0.0,0.4639312986457884,tr0,inf2,False,0.4442504440708608,0.0,observed
1402,tr0,inf5,0.3401854877648072,exact,feasible,False,0.9961369499847641,0.4442504440708608,1400,0.040689091439471727,0.030396135003906425,1.0,6,[0.3401854877648072],False,0.0032648834363625187,0.36749788800228866,0.23425913944897275,0.1685708133519228,0.0,0.4639312986457884,tr0,inf3,False,0.4425342823861243,0.0,observed
1403,tr0,inf5,0.33914080217654424,exact,feasible,False,0.9961369499847641,0.4425342823861243,1400,0.040689091439471727,0.030396135003906425,1.0,6,[0.33914080217654424],False,0.0032648834363625187,0.36749788800228866,0.23425913944897275,0.1685708133519228,0.0,0.4639312986457884,tr0,inf4,False,0.44082475031981017,0.0,observed
1404,tr0,inf5,0.3380983682605645,exact,feasible,False,0.9961369499847641,0.44082475031981017,1400,0.040689091439471727,0.030396135003906425,1.0,6,[0.3380983682605645],False,0.0032648834363625187,0.36749788800228866,0.23425913944897275,0.1685708133519228,0.0,0.4639312986457884,tr0,inf2,False,0.43912182226137086,0.0,observed
1405,tr0,inf5,0.3370581880463996,exact,feasible,False,0.9961369499847641,0.43912182226137086,1400,0.040689091439471727,0.030396135003906425,1.0,6,[0.3370581880463996],False,0.0032648834363625187,0.36749788800228866,0.23425913944897275,0.1685708133519228,0.0,0.4639312986457884,tr0,inf3,False,0.4374254726991937,0.0,observed
1406,tr0,inf5,0.3360202635028708,exact,feasible,False,0.9961369499847641,0.4374254726991937,1400,0.040689091439471727,0.030396135003906425,1.0,6,[0.3360202635028708],False,0.0032648834363625187,0.36749788800228866,0.23425913944897275,0.1685708133519228,0.0,0.4639312986457884,tr0,inf4,False,0.43573567622021847,0.0,observed
1407,tr0,inf5,0.33498459653845614,exact,feasible,False,0.9961369499847641,0.43573567622021847,1400,0.040689091439471727,0.030396135003906425,1.0,6,[0.33498459653845614],False,0.0032648834363625187,0.36749788800228866,0.23425913944897275,0.1685708133519228,0.0,0.4639312986457884,tr0,inf2,False,0.43405240750955715,0.0,observed
1408,tr0,inf5,0.3339511890016584,exact,feasible,False,0.9961369499847641,0.43405240750955715,1400,0.040689091439471727,0.030396135003906425,1.0,6,[0.3339511890016584],False,0.0032648834363625187,0.36749788800228866,0.23425913944897275,0.1685708133519228,0.0,0.4639312986457884,tr0,inf3,False,0.4323756413501142,0.0,observed
1409,tr0,inf5,0.33292004268137176,exact,feasible,False,0.9961369499847641,0.4323756413501142,1400,0.040689091439471727,0.030396135003906425,1.0,6,[0.33292004268137176],False,0.0032648834363625187,0.36749788800228866,0.23425913944897275,0.1685708133519228,0.0,0.4639312986457884,tr0,inf4,False,0.430705352622209,0.0,observed
1410,tr0,inf5,0.3318911593072487,exact,feasible,False,0.9961369499847641,0.430705352622209,1400,0.040689091439471727,0.030396135003906425,1.0,6,[0.3318911593072487],False,0.0032648834363625187,0.36749788800228866,0.23425913944897275,0.1685708133519228,0.0,0.4639312986457884,tr1,inf2,False,0.5190415163031996,0.09,observed
1411,tr0,inf5,0.38401483373374534,exact,feasible,False,0.9961369499847641,0.5190415163031996,1400,0.040689091439471727,0.030396135003906425,1.0,6,[0.38401483373374534],False,0.0032648834363625187,0.36749788800228866,0.23425913944897275,0.1685708133519228,0.0,0.4639312986457884,tr0,inf3,False,0.5170364329657364,0.0,observed
1412,tr0,inf5,0.38288206504014693,exact,feasible,False,0.9961369499847641,0.5170364329657364,1400,0.040689091439471727,0.030396135003906425,1.0,6,[0.38288206504014693],False,0.0032648834363625187,0.36749788800228866,0.23425913944897275,0.1685708133519228,0.0,0.4639312986457884,tr0,inf4,False,0.5150390953654906,0.0,observed
1413,tr0,inf5,0.3817514118777149,exact,feasible,False,0.9961369499847641,0.5150390953654906,1400,0.040689091439471727,0.030396135003906425,1.0,6,[0.3817514118777149],False,0.0032648834363625187,0.36749788800228866,0.23425913944897275,0.1685708133519228,0.0,0.4639312986457884,tr0,inf2,False,0.5130494735802918,0.0,observed
1414,tr0,inf5,0.380622879019992,exact,feasible,False,0.9961369499847641,0.5130494735802918,1400,0.040689091439471727,0.030396135003906425,1.0,6,[0.380622879019992],False,0.0032648834363625187,0.36749788800228866,0.23425913944897275,0.1685708133519228,0.0,0.4639312986457884,tr0,inf3,False,0.5110675378035607,0.0,observed
1415,tr0,inf5,0.3794964711651779,exact,feasible,False,0.9961369499847641,0.5110675378035607,1400,0.040689091439471727,0.030396135003906425,1.0,6,[0.3794964711651779],False,0.0032648834363625187,0.36749788800228866,0.23425913944897275,0.1685708133519228,0.0,0.4639312986457884,tr0,inf4,False,0.5090932583438621,0.0,observed
1416,tr0,inf5,0.37837219293648133,exact,feasible,False,0.9961369499847641,0.5090932583438621,1400,0.040689091439471727,0.030396135003906425,1.0,6,[0.37837219293648133],False,0.0032648834363625187,0.36749788800228866,0.23425913944897275,0.1685708133519228,0.0,0.4639312986457884,tr0,inf2,False,0.5071266056244603,0.0,observed
1417,tr0,inf5,0.37725004888247454,exact,feasible,False,0.9961369499847641,0.5071266056244603,1400,0.040689091439471727,0.030396135003906425,1.0,6,[0.37725004888247454],False,0.0032648834363625187,0.36749788800228866,0.23425913944897275,0.1685708133519228,0.0,0.4639312986457884,tr0,inf3,False,0.5051675501828762,0.0,observed
1418,tr0,inf5,0.3761300434774476,exact,feasible,False,0.9961369499847641,0.5051675501828762,1400,0.040689091439471727,0.030396135003906425,1.0,6,[0.3761300434774476],False,0.0032648834363625187,0.36749788800228866,0.23425913944897275,0.1685708133519228,0.0,0.4639312986457884,tr0,inf4,False,0.5032160626704455,0.0,observed
1419,tr0,inf5,0.37501218112176443,exact,feasible,False,0.9961369499847641,0.5032160626704455,1400,0.040689091439471727,0.030396135003906425,1.0,6,[0.37501218112176443],False,0.0032648834363625187,0.36749788800228866,0.23425913944897275,0.1685708133519228,0.0,0.4639312986457884,tr0,inf2,False,0.5012721138518795,0.0,observed
1420,tr0,inf5,0.37389646614221894,exact,feasible,False,0.9961369499847641,0.5012721138518795,1400,0.040689091439471727,0.030396135003906425,1.0,6,[0.37389646614221894],False,0.0032648834363625187,0.36749788800228866,0.23425913944897275,0.1685708133519228,0.0,0.4639312986457884,tr1,inf3,False,0.5893356746048267,0.09,observed
1421,tr0,inf5,0.4223253322225031,exact,feasible,False,0.9961369499847641,0.5893356746048267,1400,0.040689091439471727,0.030396135003906425,1.0,6,[0.4223253322225031],False,0.0032648834363625187,0.36749788800228866,0.23425913944897275,0.1685708133519228,0.0,0.4639312986457884,tr0,inf4,False,0.5870590414180655,0.0,observed
1422,tr0,inf5,0.42112629547172475,exact,feasible,False,0.9961369499847641,0.5870590414180655,1400,0.040689091439471727,0.030396135003906425,1.0,6,[0.42112629547172475],False,0.0032648834363625187,0.36749788800228866,0.23425913944897275,0.1685708133519228,0.0,0.4639312986457884,tr0,inf2,False,0.5847912029791711,0.0,observed
1423,tr0,inf5,0.4199291736067639,exact,feasible,False,0.9961369499847641,0.5847912029791711,1400,0.040689091439471727,0.030396135003906425,1.0,6,[0.4199291736067639],False,0.0032648834363625187,0.36749788800228866,0.23425913944897275,0.1685708133519228,0.0,0.4639312986457884,tr0,inf3,False,0.5825321253135926,0.0,observed
1424,tr0,inf5,0.4187339740607155,exact,feasible,False,0.9961369499847641,0.5825321253135926,1400,0.040689091439471727,0.030396135003906425,1.0,6,[0.4187339740607155],False,0.0032648834363625187,0.36749788800228866,0.23425913944897275,0.1685708133519228,0.0,0.4639312986457884,tr0,inf4,False,0.5802817745780244,0.0,observed
1425,tr0,inf5,0.4175407041805563,exact,feasible,False,0.9961369499847641,0.5802817745780244,1400,0.040689091439471727,0.030396135003906425,1.0,6,[0.4175407041805563],False,0.0032648834363625187,0.36749788800228866,0.23425913944897275,0.1685708133519228,0.0,0.4639312986457884,tr0,inf2,False,0.5780401170598997,0.0,observed
1426,tr0,inf5,0.4163493712274424,exact,feasible,False,0.9961369499847641,0.5780401170598997,1400,0.040689091439471727,0.030396135003906425,1.0,6,[0.4163493712274424],False,0.0032648834363625187,0.36749788800228866,0.23425913944897275,0.1685708133519228,0.0,0.4639312986457884,tr0,inf3,False,0.5758071191768844,0.0,observed
1427,tr0,inf5,0.41515998237701,exact,feasible,False,0.9961369499847641,0.5758071191768844,1400,0.040689091439471727,0.030396135003906425,1.0,6,[0.41515998237701],False,0.0032648834363625187,0.36749788800228866,0.23425913944897275,0.1685708133519228,0.0,0.4639312986457884,tr0,inf4,False,0.5735827474763753,0.0,observed
1428,tr0,inf5,0.41397254471967765,exact,feasible,False,0.9961369499847641,0.5735827474763753,1400,0.040689091439471727,0.030396135003906425,1.0,6,[0.41397254471967765],False,0.0032648834363625187,0.36749788800228866,0.23425913944897275,0.1685708133519228,0.0,0.4639312986457884,tr0,inf2,False,0.5713669686349976,0.0,observed
1429,tr0,inf5,0.4127870652609512,exact,feasible,False,0.9961369499847641,0.5713669686349976,1400,0.040689091439471727,0.030396135003906425,1.0,6,[0.4127870652609512],False,0.0032648834363625187,0.36749788800228866,0.23425913944897275,0.1685708133519228,0.0,0.4639312986457884,tr0,inf3,False,0.5691597494581069,0.0,observed
1430,tr0,inf5,0.4116035509217313,exact,feasible,False,0.9961369499847641,0.5691597494581069,1400,0.040689091439471727,0.030396135003906425,1.0,6,[0.4116035509217313],False,0.0032648834363625187,0.36749788800228866,0.23425913944897275,0.1685708133519228,0.0,0.4639312986457884,tr1,inf4,False,0.6569610568792911,0.09,observed
1431,tr0,inf5,0.45672488474970335,exact,feasible,False,0.9961369499847641,0.6569610568792911,1400,0.040689091439471727,0.030396135003906425,1.0,6,[0.45672488474970335],False,0.0032648834363625187,0.36749788800228866,0.23425913944897275,0.1685708133519228,0.0,0.4639312986457884,tr0,inf2,False,0.6544231834585041,0.0,observed
1432,tr0,inf5,0.45547549824784533,exact,feasible,False,0.9961369499847641,0.6544231834585041,1400,0.040689091439471727,0.030396135003906425,1.0,6,[0.45547549824784533],False,0.0032648834363625187,0.36749788800228866,0.23425913944897275,0.1685708133519228,0.0,0.4639312986457884,tr0,inf3,False,0.651895113969674,0.0,observed
1433,tr0,inf5,0.4542277817601232,exact,feasible,False,0.9961369499847641,0.651895113969674,1400,0.040689091439471727,0.030396135003906425,1.0,6,[0.4542277817601232],False,0.0032648834363625187,0.36749788800228866,0.23425913944897275,0.1685708133519228,0.0,0.4639312986457884,tr0,inf4,False,0.6493768105397213,0.0,observed
1434,tr0,inf5,0.4529817452467849,exact,feasible,False,0.9961369499847641,0.6493768105397213,1400,0.040689091439471727,0.030396135003906425,1.0,6,[0.4529817452467849],False,0.0032648834363625187,0.36749788800228866,0.23425913944897275,0.1685708133519228,0.0,0.4639312986457884,tr0,inf2,False,0.646868235441872,0.0,observed
1435,tr0,inf5,0.4517373985747768,exact,feasible,False,0.9961369499847641,0.646868235441872,1400,0.040689091439471727,0.030396135003906425,1.0,6,[0.4517373985747768],False,0.0032648834363625187,0.36749788800228866,0.23425913944897275,0.1685708133519228,0.0,0.4639312986457884,tr0,inf3,False,0.6443693510950926,0.0,observed
1436,tr0,inf5,0.45049475151795365,exact,feasible,False,0.9961369499847641,0.6443693510950926,1400,0.040689091439471727,0.030396135003906425,1.0,6,[0.45049475151795365],False,0.0032648834363625187,0.36749788800228866,0.23425913944897275,0.1685708133519228,0.0,0.4639312986457884,tr0,inf4,False,0.6418801200635272,0.0,observed
1437,tr0,inf5,0.4492538137572928,exact,feasible,False,0.9961369499847641,0.6418801200635272,1400,0.040689091439471727,0.030396135003906425,1.0,6,[0.4492538137572928],False,0.0032648834363625187,0.36749788800228866,0.23425913944897275,0.1685708133519228,0.0,0.4639312986457884,tr0,inf2,False,0.6394005050559362,0.0,observed
1438,tr0,inf5,0.44801459488111167,exact,feasible,False,0.9961369499847641,0.6394005050559362,1400,0.040689091439471727,0.030396135003906425,1.0,6,[0.44801459488111167],False,0.0032648834363625187,0.36749788800228866,0.23425913944897275,0.1685708133519228,0.0,0.4639312986457884,tr0,inf3,False,0.6369304689251379,0.0,observed
1439,tr0,inf5,0.44677710438528984,exact,feasible,False,0.9961369499847641,0.6369304689251379,1400,0.040689091439471727,0.030396135003906425,1.0,6,[0.44677710438528984],False,0.0032648834363625187,0.36749788800228866,0.23425913944897275,0.1685708133519228,0.0,0.4639312986457884,tr0,inf4,False,0.6344699746674525,0.0,observed
1440,tr0,inf5,0.44554135167349385,exact,feasible,False,0.9961369499847641,0.6344699746674525,1400,0.040689091439471727,0.030396135003906425,1.0,6,[0.44554135167349385],False,0.0032648834363625187,0.36749788800228866,0.23425913944897275,0.1685708133519228,0.0,0.4639312986457884,tr1,inf2,False,0.7220189854221466,0.09,observed
1441,tr0,inf5,0.48769375143156124,exact,feasible,False,0.9961369499847641,0.7220189854221466,1400,0.040689091439471727,0.030396135003906425,1.0,6,[0.48769375143156124],False,0.0032648834363625187,0.36749788800228866,0.23425913944897275,0.1685708133519228,0.0,0.4639312986457884,tr0,inf3,False,0.7192297899695109,0.0,observed
1442,tr0,inf5,0.4864069661064435,exact,feasible,False,0.9961369499847641,0.7192297899695109,1400,0.040689091439471727,0.030396135003906425,1.0,6,[0.4864069661064435],False,0.0032648834363625187,0.36749788800228866,0.23425913944897275,0.1685708133519228,0.0,0.4639312986457884,tr0,inf4,False,0.7164513693184111,0.0,observed
1443,tr0,inf5,0.4851215784039573,exact,feasible,False,0.9961369499847641,0.7164513693184111,1400,0.040689091439471727,0.030396135003906425,1.0,6,[0.4851215784039573],False,0.0032648834363625187,0.36749788800228866,0.23425913944897275,0.1685708133519228,0.0,0.4639312986457884,tr0,inf2,False,0.7136836818452499,0.0,observed
1444,tr0,inf5,0.483837600614029,exact,feasible,False,0.9961369499847641,0.7136836818452499,1400,0.040689091439471727,0.030396135003906425,1.0,6,[0.483837600614029],False,0.0032648834363625187,0.36749788800228866,0.23425913944897275,0.1685708133519228,0.0,0.4639312986457884,tr0,inf3,False,0.710926686087224,0.0,observed
1445,tr0,inf5,0.482555044929516,exact,feasible,False,0.9961369499847641,0.710926686087224,1400,0.040689091439471727,0.030396135003906425,1.0,6,[0.482555044929516],False,0.0032648834363625187,0.36749788800228866,0.23425913944897275,0.1685708133519228,0.0,0.4639312986457884,tr0,inf4,False,0.7081803407417031,0.0,observed
1446,tr0,inf5,0.48127392344630343,exact,feasible,False,0.9961369499847641,0.7081803407417031,1400,0.040689091439471727,0.030396135003906425,1.0,6,[0.48127392344630343],False,0.0032648834363625187,0.36749788800228866,0.23425913944897275,0.1685708133519228,0.0,0.4639312986457884,tr0,inf2,False,0.7054446046656111,0.0,observed
1447,tr0,inf5,0.47999424816340724,exact,feasible,False,0.9961369499847641,0.7054446046656111,1400,0.040689091439471727,0.030396135003906425,1.0,6,[0.47999424816340724],False,0.0032648834363625187,0.36749788800228866,0.23425913944897275,0.1685708133519228,0.0,0.4639312986457884,tr0,inf3,False,0.7027194368748095,0.0,observed
1448,tr0,inf5,0.47871603098308185,exact,feasible,False,0.9961369499847641,0.7027194368748095,1400,0.040689091439471727,0.030396135003906425,1.0,6,[0.47871603098308185],False,0.0032648834363625187,0.36749788800228866,0.23425913944897275,0.1685708133519228,0.0,0.4639312986457884,tr0,inf4,False,0.7000047965434837,0.0,observed
1449,tr0,inf5,0.47743928371093386,exact,feasible,False,0.9961369499847641,0.7000047965434837,1400,0.040689091439471727,0.030396135003906425,1.0,6,[0.47743928371093386],False,0.0032648834363625187,0.36749788800228866,0.23425913944897275,0.1685708133519228,0.0,0.4639312986457884,tr0,inf2,False,0.6973006430035312,0.0,observed
1450,tr0,inf5,0.47616401805603953,exact,feasible,False,0.9961369499847641,0.6973006430035312,1400,0.040689091439471727,0.030396135003906425,1.0,6,[0.47616401805603953],False,0.0032648834363625187,0.36749788800228866,0.23425913944897275,0.1685708133519228,0.0,0.4639312986457884,tr1,inf3,False,0.7846069357439523,0.09,observed
1451,tr0,inf5,0.5133627122686911,exact,feasible,False,0.9950740160152188,0.7846069357439523,1450,0.053359882777943665,0.03285966812728488,1.0,6,[0.5133627122686911],False,0.02426500850318448,0.34478038643796394,0.24134868749856783,0.18642646966771773,0.0,0.46879314389431836,tr0,inf4,False,0.7807419745441294,0.0,observed
1452,tr0,inf5,0.5116943190427594,exact,feasible,False,0.9950740160152188,0.7807419745441294,1450,0.053359882777943665,0.03285966812728488,1.0,6,[0.5116943190427594],False,0.02426500850318448,0.34478038643796394,0.24134868749856783,0.18642646966771773,0.0,0.46879314389431836,tr0,inf2,False,0.7768960520812787,0.0,observed
1453,tr0,inf5,0.5100277312435144,exact,feasible,False,0.9950740160152188,0.7768960520812787,1450,0.053359882777943665,0.03285966812728488,1.0,6,[0.5100277312435144],False,0.02426500850318448,0.34478038643796394,0.24134868749856783,0.18642646966771773,0.0,0.46879314389431836,tr0,inf3,False,0.7730690745708866,0.0,observed
1454,tr0,inf5,0.508362978534166,exact,feasible,False,0.9950740160152188,0.7730690745708866,1450,0.053359882777943665,0.03285966812728488,1.0,6,[0.508362978534166],False,0.02426500850318448,0.34478038643796394,0.24134868749856783,0.18642646966771773,0.0,0.46879314389431836,tr0,inf4,False,0.7692609486904208,0.0,observed
1455,tr0,inf5,0.506700090320029,exact,feasible,False,0.9950740160152188,0.7692609486904208,1450,0.053359882777943665,0.03285966812728488,1.0,6,[0.506700090320029],False,0.02426500850318448,0.34478038643796394,0.24134868749856783,0.18642646966771773,0.0,0.46879314389431836,tr0,inf2,False,0.7654715815770543,0.0,observed
1456,tr0,inf5,0.5050390957484286,exact,feasible,False,0.9950740160152188,0.7654715815770543,1450,0.053359882777943665,0.03285966812728488,1.0,6,[0.5050390957484286],False,0.02426500850318448,0.34478038643796394,0.24134868749856783,0.18642646966771773,0.0,0.46879314389431836,tr0,inf3,False,0.7617008808254007,0.0,observed
1457,tr0,inf5,0.5033800237086329,exact,feasible,False,0.9950740160152188,0.7617008808254007,1450,0.053359882777943665,0.03285966812728488,1.0,6,[0.5033800237086329],False,0.02426500850318448,0.34478038643796394,0.24134868749856783,0.18642646966771773,0.0,0.46879314389431836,tr0,inf4,False,0.757948754485261,0.0,observed
1458,tr0,inf5,0.5017229028318143,exact,feasible,False,0.9950740160152188,0.757948754485261,1450,0.053359882777943665,0.03285966812728488,1.0,6,[0.5017229028318143],False,0.02426500850318448,0.34478038643796394,0.24134868749856783,0.18642646966771773,0.0,0.46879314389431836,tr0,inf2,False,0.7542151110593818,0.0,observed
1459,tr0,inf5,0.5000677614910398,exact,feasible,False,0.9950740160152188,0.7542151110593818,1450,0.053359882777943665,0.03285966812728488,1.0,6,[0.5000677614910398],False,0.02426500850318448,0.34478038643796394,0.24134868749856783,0.18642646966771773,0.0,0.46879314389431836,tr0,inf3,False,0.7504998595012233,0.0,observed
1460,tr0,inf5,0.49841462780128765,exact,feasible,False,0.9950740160152188,0.7504998595012233,1450,0.053359882777943665,0.03285966812728488,1.0,6,[0.49841462780128765],False,0.02426500850318448,0.34478038643796394,0.24134868749856783,0.18642646966771773,0.0,0.46879314389431836,tr1,inf4,False,0.8368029092127398,0.09,observed
1461,tr0,inf5,0.535273895590374,exact,feasible,False,0.9950740160152188,0.8368029092127398,1450,0.053359882777943665,0.03285966812728488,1.0,6,[0.535273895590374],False,0.02426500850318448,0.34478038643796394,0.24134868749856783,0.18642646966771773,0.0,0.46879314389431836,tr0,inf2,False,0.8326808314835396,0.0,observed
1462,tr0,inf5,0.5335847895989798,exact,feasible,False,0.9950740160152188,0.8326808314835396,1450,0.053359882777943665,0.03285966812728488,1.0,6,[0.5335847895989798],False,0.02426500850318448,0.34478038643796394,0.24134868749856783,0.18642646966771773,0.0,0.46879314389431836,tr0,inf3,False,0.8285790590432174,0.0,observed
1463,tr0,inf5,0.531897078635608,exact,feasible,False,0.9950740160152188,0.8285790590432174,1450,0.053359882777943665,0.03285966812728488,1.0,6,[0.531897078635608],False,0.02426500850318448,0.34478038643796394,0.24134868749856783,0.18642646966771773,0.0,0.46879314389431836,tr0,inf4,False,0.8244974918682454,0.0,observed
1464,tr0,inf5,0.5302107957044674,exact,feasible,False,0.9950740160152188,0.8244974918682454,1450,0.053359882777943665,0.03285966812728488,1.0,6,[0.5302107957044674],False,0.02426500850318448,0.34478038643796394,0.24134868749856783,0.18642646966771773,0.0,0.46879314389431836,tr0,inf2,False,0.8204360304278102,0.0,observed
1465,tr0,inf5,0.5285259735559099,exact,feasible,False,0.9950740160152188,0.8204360304278102,1450,0.053359882777943665,0.03285966812728488,1.0,6,[0.5285259735559099],False,0.02426500850318448,0.34478038643796394,0.24134868749856783,0.18642646966771773,0.0,0.46879314389431836,tr0,inf3,False,0.8163945756813854,0.0,observed
1466,tr0,inf5,0.5268426446859282,exact,feasible,False,0.9950740160152188,0.8163945756813854,1450,0.053359882777943665,0.03285966812728488,1.0,6,[0.5268426446859282],False,0.02426500850318448,0.34478038643796394,0.24134868749856783,0.18642646966771773,0.0,0.46879314389431836,tr0,inf4,False,0.8123730290763167,0.0,observed
1467,tr0,inf5,0.5251608413356865,exact,feasible,False,0.9950740160152188,0.8123730290763167,1450,0.053359882777943665,0.03285966812728488,1.0,6,[0.5251608413356865],False,0.02426500850318448,0.34478038643796394,0.24134868749856783,0.18642646966771773,0.0,0.46879314389431836,tr0,inf2,False,0.8083712925454186,0.0,observed
1468,tr0,inf5,0.523480595491084,exact,feasible,False,0.9950740160152188,0.8083712925454186,1450,0.053359882777943665,0.03285966812728488,1.0,6,[0.523480595491084],False,0.02426500850318448,0.34478038643796394,0.24134868749856783,0.18642646966771773,0.0,0.46879314389431836,tr0,inf3,False,0.804389268504583,0.0,observed
1469,tr0,inf5,0.5218019388823514,exact,feasible,False,0.9950740160152188,0.804389268504583,1450,0.053359882777943665,0.03285966812728488,1.0,6,[0.5218019388823514],False,0.02426500850318448,0.34478038643796394,0.24134868749856783,0.18642646966771773,0.0,0.46879314389431836,tr0,inf4,False,0.8004268598503996,0.0,observed
1470,tr0,inf5,0.5201249029836803,exact,feasible,False,0.9950740160152188,0.8004268598503996,1450,0.053359882777943665,0.03285966812728488,1.0,6,[0.5201249029836803],False,0.02426500850318448,0.34478038643796394,0.24134868749856783,0.18642646966771773,0.0,0.46879314389431836,tr1,inf2,False,0.8864839699577879,0.09,observed
1471,tr0,inf5,0.5550933975804555,exact,feasible,False,0.9950740160152188,0.8864839699577879,1450,0.053359882777943665,0.03285966812728488,1.0,6,[0.5550933975804555],False,0.02426500850318448,0.34478038643796394,0.24134868749856783,0.18642646966771773,0.0,0.46879314389431836,tr0,inf3,False,0.8821171641190106,0.0,observed
1472,tr0,inf5,0.5533905272571963,exact,feasible,False,0.9950740160152188,0.8821171641190106,1450,0.053359882777943665,0.03285966812728488,1.0,6,[0.5533905272571963],False,0.02426500850318448,0.34478038643796394,0.24134868749856783,0.18642646966771773,0.0,0.46879314389431836,tr0,inf4,False,0.8777718690958598,0.0,observed
1473,tr0,inf5,0.5516886479101555,exact,feasible,False,0.9950740160152188,0.8777718690958598,1450,0.053359882777943665,0.03285966812728488,1.0,6,[0.5516886479101555],False,0.02426500850318448,0.34478038643796394,0.24134868749856783,0.18642646966771773,0.0,0.46879314389431836,tr0,inf2,False,0.8734479789264021,0.0,observed
1474,tr0,inf5,0.5499877954595116,exact,feasible,False,0.9950740160152188,0.8734479789264021,1450,0.053359882777943665,0.03285966812728488,1.0,6,[0.5499877954595116],False,0.02426500850318448,0.34478038643796394,0.24134868749856783,0.18642646966771773,0.0,0.46879314389431836,tr0,inf3,False,0.8691453881706712,0.0,observed
1475,tr0,inf5,0.5482880055800452,exact,feasible,False,0.9950740160152188,0.8691453881706712,1450,0.053359882777943665,0.03285966812728488,1.0,6,[0.5482880055800452],False,0.02426500850318448,0.34478038643796394,0.24134868749856783,0.18642646966771773,0.0,0.46879314389431836,tr0,inf4,False,0.864863991908096,0.0,observed
1476,tr0,inf5,0.5465893137002203,exact,feasible,False,0.9950740160152188,0.864863991908096,1450,0.053359882777943665,0.03285966812728488,1.0,6,[0.5465893137002203],False,0.02426500850318448,0.34478038643796394,0.24134868749856783,0.18642646966771773,0.0,0.46879314389431836,tr0,inf2,False,0.8606036857349428,0.0,observed
1477,tr0,inf5,0.5448917550013046,exact,feasible,False,0.9950740160152188,0.8606036857349428,1450,0.053359882777943665,0.03285966812728488,1.0,6,[0.5448917550013046],False,0.02426500850318448,0.34478038643796394,0.24134868749856783,0.18642646966771773,0.0,0.46879314389431836,tr0,inf3,False,0.8563643657617689,0.0,observed
1478,tr0,inf5,0.5431953644165249,exact,feasible,False,0.9950740160152188,0.8563643657617689,1450,0.053359882777943665,0.03285966812728488,1.0,6,[0.5431953644165249],False,0.02426500850318448,0.34478038643796394,0.24134868749856783,0.18642646966771773,0.0,0.46879314389431836,tr0,inf4,False,0.8521459286108891,0.0,observed
1479,tr0,inf5,0.5415001766302604,exact,feasible,False,0.9950740160152188,0.8521459286108891,1450,0.053359882777943665,0.03285966812728488,1.0,6,[0.5415001766302604],False,0.02426500850318448,0.34478038643796394,0.24134868749856783,0.18642646966771773,0.0,0.46879314389431836,tr0,inf2,False,0.8479482714138554,0.0,observed
1480,tr0,inf5,0.5398062260772726,exact,feasible,False,0.9950740160152188,0.8479482714138554,1450,0.053359882777943665,0.03285966812728488,1.0,6,[0.5398062260772726],False,0.02426500850318448,0.34478038643796394,0.24134868749856783,0.18642646966771773,0.0,0.46879314389431836,tr1,inf3,False,0.9337712918089479,0.09,observed
1481,tr0,inf5,0.5730649659328932,exact,feasible,False,0.9950740160152188,0.9337712918089479,1450,0.053359882777943665,0.03285966812728488,1.0,6,[0.5730649659328932],False,0.02426500850318448,0.34478038643796394,0.24134868749856783,0.18642646966771773,0.0,0.46879314389431836,tr0,inf4,False,0.9291715493800486,0.0,observed
1482,tr0,inf5,0.5713539060691158,exact,feasible,False,0.9950740160152188,0.9291715493800486,1450,0.053359882777943665,0.03285966812728488,1.0,6,[0.5713539060691158],False,0.02426500850318448,0.34478038643796394,0.24134868749856783,0.18642646966771773,0.0,0.46879314389431836,tr0,inf2,False,0.9245944652086883,0.0,observed
1483,tr0,inf5,0.5696434445473042,exact,feasible,False,0.9950740160152188,0.9245944652086883,1450,0.053359882777943665,0.03285966812728488,1.0,6,[0.5696434445473042],False,0.02426500850318448,0.34478038643796394,0.24134868749856783,0.18642646966771773,0.0,0.46879314389431836,tr0,inf3,False,0.9200399276806529,0.0,observed
1484,tr0,inf5,0.5679336198047438,exact,feasible,False,0.9950740160152188,0.9200399276806529,1450,0.053359882777943665,0.03285966812728488,1.0,6,[0.5679336198047438],False,0.02426500850318448,0.34478038643796394,0.24134868749856783,0.18642646966771773,0.0,0.46879314389431836,tr0,inf4,False,0.9155078257315388,0.0,observed
1485,tr0,inf5,0.5662244700453366,exact,feasible,False,0.9950740160152188,0.9155078257315388,1450,0.053359882777943665,0.03285966812728488,1.0,6,[0.5662244700453366],False,0.02426500850318448,0.34478038643796394,0.24134868749856783,0.18642646966771773,0.0,0.46879314389431836,tr0,inf2,False,0.9109980488440433,0.0,observed
1486,tr0,inf5,0.5645160332382693,exact,feasible,False,0.9950740160152188,0.9109980488440433,1450,0.053359882777943665,0.03285966812728488,1.0,6,[0.5645160332382693],False,0.02426500850318448,0.34478038643796394,0.24134868749856783,0.18642646966771773,0.0,0.46879314389431836,tr0,inf3,False,0.9065104870452707,0.0,observed
1487,tr0,inf5,0.5628083471167226,exact,feasible,False,0.9950740160152188,0.9065104870452707,1450,0.053359882777943665,0.03285966812728488,1.0,6,[0.5628083471167226],False,0.02426500850318448,0.34478038643796394,0.24134868749856783,0.18642646966771773,0.0,0.46879314389431836,tr0,inf4,False,0.9020450309040495,0.0,observed
1488,tr0,inf5,0.5611014491766206,exact,feasible,False,0.9950740160152188,0.9020450309040495,1450,0.053359882777943665,0.03285966812728488,1.0,6,[0.5611014491766206],False,0.02426500850318448,0.34478038643796394,0.24134868749856783,0.18642646966771773,0.0,0.46879314389431836,tr0,inf2,False,0.8976015715282647,0.0,observed
1489,tr0,inf5,0.5593953766754209,exact,feasible,False,0.9950740160152188,0.8976015715282647,1450,0.053359882777943665,0.03285966812728488,1.0,6,[0.5593953766754209],False,0.02426500850318448,0.34478038643796394,0.24134868749856783,0.18642646966771773,0.0,0.46879314389431836,tr0,inf3,False,0.893180000562202,0.0,observed
1490,tr0,inf5,0.5576901666309437,exact,feasible,False,0.9950740160152188,0.893180000562202,1450,0.053359882777943665,0.03285966812728488,1.0,6,[0.5576901666309437],False,0.02426500850318448,0.34478038643796394,0.24134868749856783,0.18642646966771773,0.0,0.46879314389431836,tr1,inf4,False,0.9787802101839058,0.09,observed
1491,tr0,inf5,0.5893990263695451,exact,feasible,False,0.9950740160152188,0.9787802101839058,1450,0.053359882777943665,0.03285966812728488,1.0,6,[0.5893990263695451],False,0.02426500850318448,0.34478038643796394,0.24134868749856783,0.18642646966771773,0.0,0.46879314389431836,tr0,inf2,False,0.9739587545439191,0.0,observed
1492,tr0,inf5,0.58768423644281,exact,feasible,False,0.9950740160152188,0.9739587545439191,1450,0.053359882777943665,0.03285966812728488,1.0,6,[0.58768423644281],False,0.02426500850318448,0.34478038643796394,0.24134868749856783,0.18642646966771773,0.0,0.46879314389431836,tr0,inf3,False,0.9691610493171984,0.0,observed
1493,tr0,inf5,0.5859696669993981,exact,feasible,False,0.9950740160152188,0.9691610493171984,1450,0.053359882777943665,0.03285966812728488,1.0,6,[0.5859696669993981],False,0.02426500850318448,0.34478038643796394,0.24134868749856783,0.18642646966771773,0.0,0.46879314389431836,tr0,inf4,False,0.9643869775095881,0.0,observed
1494,tr0,inf5,0.5842553586265312,exact,feasible,False,0.9950740160152188,0.9643869775095881,1450,0.053359882777943665,0.03285966812728488,1.0,6,[0.5842553586265312],False,0.02426500850318448,0.34478038643796394,0.24134868749856783,0.18642646966771773,0.0,0.46879314389431836,tr0,inf2,False,0.9596364227032443,0.0,observed
1495,tr0,inf5,0.5825413516928486,exact,feasible,False,0.9950740160152188,0.9596364227032443,1450,0.053359882777943665,0.03285966812728488,1.0,6,[0.5825413516928486],False,0.02426500850318448,0.34478038643796394,0.24134868749856783,0.18642646966771773,0.0,0.46879314389431836,tr0,inf3,False,0.9549092690537955,0.0,observed
1496,tr0,inf5,0.5808276863466711,exact,feasible,False,0.9950740160152188,0.9549092690537955,1450,0.053359882777943665,0.03285966812728488,1.0,6,[0.5808276863466711],False,0.02426500850318448,0.34478038643796394,0.24134868749856783,0.18642646966771773,0.0,0.46879314389431836,tr0,inf4,False,0.9502054012875174,0.0,observed
1497,tr0,inf5,0.5791144025143101,exact,feasible,False,0.9950740160152188,0.9502054012875174,1450,0.053359882777943665,0.03285966812728488,1.0,6,[0.5791144025143101],False,0.02426500850318448,0.34478038643796394,0.24134868749856783,0.18642646966771773,0.0,0.46879314389431836,tr0,inf2,False,0.9455247046985226,0.0,observed
1498,tr0,inf5,0.5774015398984179,exact,feasible,False,0.9950740160152188,0.9455247046985226,1450,0.053359882777943665,0.03285966812728488,1.0,6,[0.5774015398984179],False,0.02426500850318448,0.34478038643796394,0.24134868749856783,0.18642646966771773,0.0,0.46879314389431836,tr0,inf3,False,0.9408670651459627,0.0,observed
1499,tr0,inf5,0.575689137976383,exact,feasible,False,0.9950740160152188,0.9408670651459627,1450,0.053359882777943665,0.03285966812728488,1.0,6,[0.575689137976383],False,0.02426500850318448,0.34478038643796394,0.24134868749856783,0.18642646966771773,0.0,0.46879314389431836,tr0,inf4,False,0.9362323690512456,0.0,observed
1500,tr0,inf5,0.5739772359987672,exact,feasible,False,0.9950740160152188,0.9362323690512456,1450,0.053359882777943665,0.03285966812728488,1.0,6,[0.5739772359987672],False,0.02426500850318448,0.34478038643796394,0.24134868749856783,0.18642646966771773,0.0,0.46879314389431836,tr1,inf2,False,1.0216205033952654,0.09,observed
