seed,family,tau,k,q,F,S,score,proposal,utility,truegross,mean,variance,effective_joint_mass,log_evidence,log_evidence_ratio
88001,product_to_joint,0.0,0,0.007798710127542649,0.0,12.890462726661413,-5.100528982215125,False,-6.0,-1.0,-1.2488856386635861e-20,0.010041847491909619,0.0,1.1151861303294424,0.0
88001,product_to_joint,0.25,0,0.007798710127542649,0.0,12.890462726661411,-5.100528982215125,False,-6.0,-1.0,-6.329934297457138e-19,0.010041847491909617,0.25,1.1151861303294424,0.0
88001,product_to_joint,0.5,0,0.007798710127542649,0.0,12.890462726661411,-5.100528982215125,False,-6.0,-1.0,6.411556638439304e-19,0.010041847491909617,0.5,1.1151861303294424,0.0
88001,product_to_joint,0.75,0,0.007798710127542649,0.0,12.890462726661413,-5.100528982215125,False,-6.0,-1.0,4.738396538401912e-19,0.010041847491909619,0.75,1.1151861303294424,0.0
88001,product_to_joint,1.0,0,0.007798710127542649,0.0,12.890462726661411,-5.100528982215125,False,-6.0,-1.0,6.110355103519841e-19,0.010041847491909617,1.0,1.1151861303294424,0.0
88001,product_to_joint_diagP,0.0,0,0.007798710127542649,0.0,12.890462726661413,-5.100528982215125,False,-6.0,-1.0,-1.2488856386635861e-20,0.010041847491909619,0.0,1.1151861303294424,0.0
88001,product_to_joint_diagP,0.25,0,0.007798710127542649,0.0,12.890462726661411,-5.100528982215125,False,-6.0,-1.0,-6.329934297457138e-19,0.010041847491909617,0.25,1.1151861303294424,0.0
88001,product_to_joint_diagP,0.5,0,0.007798710127542649,0.0,12.890462726661411,-5.100528982215125,False,-6.0,-1.0,6.411556638439304e-19,0.010041847491909617,0.5,1.1151861303294424,0.0
88001,product_to_joint_diagP,0.75,0,0.007798710127542649,0.0,12.890462726661413,-5.100528982215125,False,-6.0,-1.0,4.738396538401912e-19,0.010041847491909619,0.75,1.1151861303294424,0.0
88001,product_to_joint_diagP,1.0,0,0.007798710127542649,0.0,12.890462726661411,-5.100528982215125,False,-6.0,-1.0,6.110355103519841e-19,0.010041847491909617,1.0,1.1151861303294424,0.0
88001,gaussian_to_joint,0.0,0,0.007798710127542649,0.0,12.890462726661411,-5.100528982215125,False,-6.0,-1.0,6.110355103519841e-19,0.010041847491909617,0.0,1.1151861303294424,0.0
88001,gaussian_to_joint,0.25,0,0.007798710127542649,0.0,12.890462726661413,-5.100528982215125,False,-6.0,-1.0,6.855744097103625e-19,0.01004184749190962,0.25,1.1151861303294424,0.0
88001,gaussian_to_joint,0.5,0,0.007798710127542649,0.0,12.890462726661411,-5.100528982215125,False,-6.0,-1.0,6.584698885415723e-19,0.010041847491909617,0.5,1.1151861303294424,0.0
88001,gaussian_to_joint,0.75,0,0.007798710127542649,0.0,12.890462726661413,-5.100528982215125,False,-6.0,-1.0,6.855744097103625e-19,0.01004184749190962,0.75,1.1151861303294424,0.0
88001,gaussian_to_joint,1.0,0,0.007798710127542649,0.0,12.890462726661411,-5.100528982215125,False,-6.0,-1.0,6.110355103519841e-19,0.010041847491909617,1.0,1.1151861303294424,0.0
88001,product_to_joint,0.0,4,0.007798710127542649,0.0,11.158957255116814,-5.087025472958295,False,-3.0,2.0,1.7605518457110832e-19,0.007500239686372324,0.0,1.809762563682225,0.0
88001,product_to_joint,0.25,4,0.007798710127542649,0.0,11.158957255116814,-5.087025472958295,False,-3.0,2.0,-4.8673244227975573e-20,0.007500239686372325,0.25,1.809762563682225,0.0
88001,product_to_joint,0.5,4,0.007798710127542649,0.0,11.158957255116814,-5.087025472958295,False,-3.0,2.0,7.106851321270845e-19,0.007500239686372324,0.49999999999999994,1.809762563682225,0.0
88001,product_to_joint,0.75,4,0.007798710127542649,0.0,11.158957255116814,-5.087025472958295,False,-3.0,2.0,7.577918123108183e-19,0.007500239686372325,0.7500000000000001,1.809762563682225,0.0
88001,product_to_joint,1.0,4,0.007798710127542649,0.0,11.158957255116814,-5.087025472958295,False,-3.0,2.0,7.586088858102618e-19,0.007500239686372325,1.0,1.809762563682225,0.0
88001,product_to_joint_diagP,0.0,4,0.007798710127542649,0.0,11.158957255116814,-5.087025472958295,False,-3.0,2.0,1.7605518457110832e-19,0.007500239686372324,0.0,1.809762563682225,0.0
88001,product_to_joint_diagP,0.25,4,0.007798710127542649,0.0,11.158957255116814,-5.087025472958295,False,-3.0,2.0,-4.8673244227975573e-20,0.007500239686372325,0.25,1.809762563682225,0.0
88001,product_to_joint_diagP,0.5,4,0.007798710127542649,0.0,11.158957255116814,-5.087025472958295,False,-3.0,2.0,7.106851321270845e-19,0.007500239686372324,0.49999999999999994,1.809762563682225,0.0
88001,product_to_joint_diagP,0.75,4,0.007798710127542649,0.0,11.158957255116814,-5.087025472958295,False,-3.0,2.0,7.577918123108183e-19,0.007500239686372325,0.7500000000000001,1.809762563682225,0.0
88001,product_to_joint_diagP,1.0,4,0.007798710127542649,0.0,11.158957255116814,-5.087025472958295,False,-3.0,2.0,7.586088858102618e-19,0.007500239686372325,1.0,1.809762563682225,0.0
88001,gaussian_to_joint,0.0,4,0.007798710127542649,0.0,11.158957255116814,-5.087025472958295,False,-3.0,2.0,7.586088858102618e-19,0.007500239686372325,0.0,1.809762563682225,0.0
88001,gaussian_to_joint,0.25,4,0.007798710127542649,0.0,11.158957255116814,-5.087025472958295,False,-3.0,2.0,9.820634564853365e-19,0.007500239686372325,0.25,1.809762563682225,0.0
88001,gaussian_to_joint,0.5,4,0.007798710127542649,0.0,11.158957255116814,-5.087025472958295,False,-3.0,2.0,8.6702928844743545e-19,0.007500239686372325,0.49999999999999994,1.809762563682225,0.0
88001,gaussian_to_joint,0.75,4,0.007798710127542649,0.0,11.158957255116814,-5.087025472958295,False,-3.0,2.0,9.820634564853365e-19,0.007500239686372325,0.7500000000000001,1.809762563682225,0.0
88001,gaussian_to_joint,1.0,4,0.007798710127542649,0.0,11.158957255116814,-5.087025472958295,False,-3.0,2.0,7.586088858102618e-19,0.007500239686372325,1.0,1.809762563682225,0.0
88001,product_to_joint,0.0,8,0.052798710127542656,0.0,11.158957255116814,-5.589178549438552,False,-5.0,0.0,1.7605518457110832e-19,0.007500239686372324,0.0,1.809762563682225,0.0
88001,product_to_joint,0.25,8,0.052798710127542656,0.0,11.158957255116814,-5.589178549438552,False,-5.0,0.0,-4.8673244227975573e-20,0.007500239686372325,0.25,1.809762563682225,0.0
88001,product_to_joint,0.5,8,0.052798710127542656,0.0,11.158957255116814,-5.589178549438552,False,-5.0,0.0,7.106851321270845e-19,0.007500239686372324,0.49999999999999994,1.809762563682225,0.0
88001,product_to_joint,0.75,8,0.052798710127542656,0.0,11.158957255116814,-5.589178549438552,False,-5.0,0.0,7.577918123108183e-19,0.007500239686372325,0.7500000000000001,1.809762563682225,0.0
88001,product_to_joint,1.0,8,0.052798710127542656,0.0,11.158957255116814,-5.589178549438552,False,-5.0,0.0,7.586088858102618e-19,0.007500239686372325,1.0,1.809762563682225,0.0
88001,product_to_joint_diagP,0.0,8,0.052798710127542656,0.0,11.158957255116814,-5.589178549438552,False,-5.0,0.0,1.7605518457110832e-19,0.007500239686372324,0.0,1.809762563682225,0.0
88001,product_to_joint_diagP,0.25,8,0.052798710127542656,0.0,11.158957255116814,-5.589178549438552,False,-5.0,0.0,-4.8673244227975573e-20,0.007500239686372325,0.25,1.809762563682225,0.0
88001,product_to_joint_diagP,0.5,8,0.052798710127542656,0.0,11.158957255116814,-5.589178549438552,False,-5.0,0.0,7.106851321270845e-19,0.007500239686372324,0.49999999999999994,1.809762563682225,0.0
88001,product_to_joint_diagP,0.75,8,0.052798710127542656,0.0,11.158957255116814,-5.589178549438552,False,-5.0,0.0,7.577918123108183e-19,0.007500239686372325,0.7500000000000001,1.809762563682225,0.0
88001,product_to_joint_diagP,1.0,8,0.052798710127542656,0.0,11.158957255116814,-5.589178549438552,False,-5.0,0.0,7.586088858102618e-19,0.007500239686372325,1.0,1.809762563682225,0.0
88001,gaussian_to_joint,0.0,8,0.052798710127542656,0.0,11.158957255116814,-5.589178549438552,False,-5.0,0.0,7.586088858102618e-19,0.007500239686372325,0.0,1.809762563682225,0.0
88001,gaussian_to_joint,0.25,8,0.052798710127542656,0.0,11.158957255116814,-5.589178549438552,False,-5.0,0.0,9.820634564853365e-19,0.007500239686372325,0.25,1.809762563682225,0.0
88001,gaussian_to_joint,0.5,8,0.052798710127542656,0.0,11.158957255116814,-5.589178549438552,False,-5.0,0.0,8.6702928844743545e-19,0.007500239686372325,0.49999999999999994,1.809762563682225,0.0
88001,gaussian_to_joint,0.75,8,0.052798710127542656,0.0,11.158957255116814,-5.589178549438552,False,-5.0,0.0,9.820634564853365e-19,0.007500239686372325,0.7500000000000001,1.809762563682225,0.0
88001,gaussian_to_joint,1.0,8,0.052798710127542656,0.0,11.158957255116814,-5.589178549438552,False,-5.0,0.0,7.586088858102618e-19,0.007500239686372325,1.0,1.809762563682225,0.0
88001,product_to_joint,0.0,12,0.04779871012754265,0.08916178866870843,10.988663192796187,-5.436082137972954,False,-5.0,0.0,0.0006965764739742846,0.007270038987104107,0.0,1.8534803114919023,0.005275354432671353
88001,product_to_joint,0.25,12,0.04779871012754265,0.09212720132758045,10.989194996543759,-5.433142144847257,False,-5.0,0.0,0.0007197437603717223,0.007270752360355369,0.2509904328803218,1.854801761396124,0.005275354432671353
88001,product_to_joint,0.5,12,0.04779871012754265,0.09508479220318572,10.989724574926091,-5.430209867135239,False,-5.0,0.0,0.0007428499390873884,0.0072714627827596716,0.5013188355496396,1.856121467374753,0.005275354432671353
88001,product_to_joint,0.75,12,0.04779871012754265,0.09803459220169955,10.990251940100773,-5.42728527451184,False,-5.0,0.0,0.0007658952515757777,0.007272170270195849,0.7509878238849734,1.8574394340246627,0.005275354432671353
88001,product_to_joint,1.0,12,0.04779871012754265,0.10097663206668826,10.990777104142923,-5.424368336810672,False,-5.0,0.0,0.000788879938021002,0.00727287483843703,1.0,1.8587556659245736,0.005275354432671353
88001,product_to_joint_diagP,0.0,12,0.04779871012754265,0.08916178866870843,10.988663192796187,-5.436082137972954,False,-5.0,0.0,0.0006965764739742846,0.007270038987104107,0.0,1.8534803114919023,0.005259183423484526
88001,product_to_joint_diagP,0.25,12,0.04779871012754265,0.0921270205211629,10.989151506071384,-5.433140246865192,False,-5.0,0.0,0.0007197423478215851,0.007270694019982357,0.25098739283605426,1.8547977026521085,0.005259183423484526
88001,product_to_joint_diagP,0.5,12,0.04779871012754265,0.09508445504248589,10.989637716744932,-5.4302060525869145,False,-5.0,0.0,0.000742847305019421,0.007271346261309982,0.5013147928253835,1.8561133605759452,0.005259183423484526
88001,product_to_joint_diagP,0.75,12,0.04779871012754265,0.09803412294791994,10.990121836427624,-5.427279524977861,False,-5.0,0.0,0.0007658915855306245,0.007271995726289264,0.7509847998113115,1.8574272898181143,0.005259183423484526
88001,product_to_joint_diagP,1.0,12,0.04779871012754265,0.10097605479159164,10.990603876651152,-5.424360634035104,False,-5.0,0.0,0.0007888754280593096,0.007272642430020711,1.0,1.8587394949153868,0.005259183423484526
88001,gaussian_to_joint,0.0,12,0.04779871012754265,0.07087509707674855,11.01796305840519,-5.4557693253479345,False,-5.0,0.0,0.000553711695912098,0.007309393918236172,0.0,1.851841980872079,0.006913685052494678
88001,gaussian_to_joint,0.25,12,0.04779871012754265,0.07843956932978555,11.011145322979594,-5.447878974135563,False,-5.0,0.0,0.0006128091353889496,0.007300227131578088,0.251298555225335,1.8535748884566057,0.006913685052494678
88001,gaussian_to_joint,0.5,12,0.04779871012754265,0.08597789249760815,11.00434178030658,-5.440015450403672,False,-5.0,0.0,0.0006717022851375637,0.0072910850840942985,0.5017284143784166,1.8553047982665523,0.006913685052494678
88001,gaussian_to_joint,0.75,12,0.04779871012754265,0.09349020193562965,10.997552388084836,-5.432178616774902,False,-5.0,0.0,0.0007303922026221067,0.0072819676836346735,0.7512940740875527,1.8570317206557738,0.006913685052494678
88001,gaussian_to_joint,1.0,12,0.04779871012754265,0.10097663206668826,10.990777104142923,-5.424368336810672,False,-5.0,0.0,0.000788879938021002,0.00727287483843703,1.0,1.8587556659245736,0.006913685052494678
88001,product_to_joint,0.0,16,0.04279871012754265,0.0,11.158957255116814,-5.477588976887383,False,-5.0,0.0,1.7605518457110832e-19,0.007500239686372324,0.0,1.809762563682225,0.0
88001,product_to_joint,0.25,16,0.04279871012754265,0.0,11.158957255116814,-5.477588976887383,False,-5.0,0.0,-4.8673244227975573e-20,0.007500239686372325,0.25,1.809762563682225,0.0
88001,product_to_joint,0.5,16,0.04279871012754265,0.0,11.158957255116814,-5.477588976887383,False,-5.0,0.0,7.106851321270845e-19,0.007500239686372324,0.49999999999999994,1.809762563682225,0.0
88001,product_to_joint,0.75,16,0.04279871012754265,0.0,11.158957255116814,-5.477588976887383,False,-5.0,0.0,7.577918123108183e-19,0.007500239686372325,0.7500000000000001,1.809762563682225,0.0
88001,product_to_joint,1.0,16,0.04279871012754265,0.0,11.158957255116814,-5.477588976887383,False,-5.0,0.0,7.586088858102618e-19,0.007500239686372325,1.0,1.809762563682225,0.0
88001,product_to_joint_diagP,0.0,16,0.04279871012754265,0.0,11.158957255116814,-5.477588976887383,False,-5.0,0.0,1.7605518457110832e-19,0.007500239686372324,0.0,1.809762563682225,0.0
88001,product_to_joint_diagP,0.25,16,0.04279871012754265,0.0,11.158957255116814,-5.477588976887383,False,-5.0,0.0,-4.8673244227975573e-20,0.007500239686372325,0.25,1.809762563682225,0.0
88001,product_to_joint_diagP,0.5,16,0.04279871012754265,0.0,11.158957255116814,-5.477588976887383,False,-5.0,0.0,7.106851321270845e-19,0.007500239686372324,0.49999999999999994,1.809762563682225,0.0
88001,product_to_joint_diagP,0.75,16,0.04279871012754265,0.0,11.158957255116814,-5.477588976887383,False,-5.0,0.0,7.577918123108183e-19,0.007500239686372325,0.7500000000000001,1.809762563682225,0.0
88001,product_to_joint_diagP,1.0,16,0.04279871012754265,0.0,11.158957255116814,-5.477588976887383,False,-5.0,0.0,7.586088858102618e-19,0.007500239686372325,1.0,1.809762563682225,0.0
88001,gaussian_to_joint,0.0,16,0.04279871012754265,0.0,11.158957255116814,-5.477588976887383,False,-5.0,0.0,7.586088858102618e-19,0.007500239686372325,0.0,1.809762563682225,0.0
88001,gaussian_to_joint,0.25,16,0.04279871012754265,0.0,11.158957255116814,-5.477588976887383,False,-5.0,0.0,9.820634564853365e-19,0.007500239686372325,0.25,1.809762563682225,0.0
88001,gaussian_to_joint,0.5,16,0.04279871012754265,0.0,11.158957255116814,-5.477588976887383,False,-5.0,0.0,8.6702928844743545e-19,0.007500239686372325,0.49999999999999994,1.809762563682225,0.0
88001,gaussian_to_joint,0.75,16,0.04279871012754265,0.0,11.158957255116814,-5.477588976887383,False,-5.0,0.0,9.820634564853365e-19,0.007500239686372325,0.7500000000000001,1.809762563682225,0.0
88001,gaussian_to_joint,1.0,16,0.04279871012754265,0.0,11.158957255116814,-5.477588976887383,False,-5.0,0.0,7.586088858102618e-19,0.007500239686372325,1.0,1.809762563682225,0.0
88001,product_to_joint,0.0,20,0.03779871012754264,1.8418076626774684,10.967252861755782,-3.572740349139501,False,4.0,8.0,0.014389122364667722,0.007241347371441064,0.0,1.8545066464465942,0.012301446825660811
88001,product_to_joint,0.25,20,0.03779871012754264,1.853816628950913,10.983752433262799,-3.5613550453866787,False,4.0,8.0,0.014482942413679008,0.007263453217480863,0.25231360728346175,1.8575962239911181,0.012301446825660811
88001,product_to_joint,0.5,20,0.03779871012754264,1.86575173232578,11.000113011576028,-3.5500383507689923,False,4.0,8.0,0.014576185408795156,0.007285405655971938,0.5030753229252574,1.8606762854394083,0.012301446825660811
88001,product_to_joint,0.75,20,0.03779871012754264,1.8776136521695888,11.016336384140507,-3.5387896534820396,False,4.0,8.0,0.014668856657574912,0.007307206257845333,0.752299420732649,1.8637468892318814,0.012301446825660811
88001,product_to_joint,1.0,20,0.03779871012754264,1.8894030595438511,11.03242430701456,-3.5276083488410475,False,4.0,8.0,0.014760961402686337,0.007328856572876324,1.0,1.866808093272255,0.012301446825660811
88001,product_to_joint_diagP,0.0,20,0.03779871012754264,1.8418076626774684,10.967252861755782,-3.572740349139501,False,4.0,8.0,0.014389122364667722,0.007241347371441064,0.0,1.8545066464465942,0.012161738737263228
88001,product_to_joint_diagP,0.25,20,0.03779871012754264,1.853809840674847,10.983374720826886,-3.561347556619868,False,4.0,8.0,0.014482889380272243,0.007262946793096867,0.2522872520619219,1.8575609755804074,0.012161738737263228
88001,product_to_joint_diagP,0.5,20,0.03779871012754264,1.8657390358952428,10.999362154189274,-3.5500226657588208,False,4.0,8.0,0.014576086217931584,0.007284397448670124,0.5030403972095137,1.8606060041874248,0.012161738737263228
88001,product_to_joint_diagP,0.75,20,0.03779871012754264,1.8775959120107244,11.015216870722732,-3.5387650774777413,False,4.0,8.0,0.014668718062583784,0.007305700848941325,0.7522733859109555,1.8636417887365244,0.012161738737263228
88001,product_to_joint_diagP,1.0,20,0.03779871012754264,1.8893811246708347,11.030940549674495,-3.5275741996004673,False,4.0,8.0,0.014760790036490896,0.007326858484524723,1.0,1.8666683851838575,0.012161738737263228
88001,gaussian_to_joint,0.0,20,0.03779871012754264,1.7734845068827527,11.042130386464935,-3.643893778785766,False,4.0,8.0,0.013855347710021506,0.00734193380564528,0.0,1.858146113223424,0.008661980048831008
88001,gaussian_to_joint,0.25,20,0.03779871012754264,1.8026528182248818,11.039803474308355,-3.6146375131655377,False,4.0,8.0,0.014083225142381889,0.007338797653280691,0.25162763571942215,1.8603186524378628,0.008661980048831008
88001,gaussian_to_joint,0.5,20,0.03779871012754264,1.8316948026914166,11.037409570418257,-3.585505042219788,False,4.0,8.0,0.014310115646026692,0.007335571900949739,0.50216548147257,1.8624864819558153,0.008661980048831008
88001,gaussian_to_joint,0.75,20,0.03779871012754264,1.8606112791845648,11.034949557856494,-3.5564955804249077,False,4.0,8.0,0.014536025618629413,0.007332257796901688,0.7516206017214254,1.8646496221527649,0.008661980048831008
88001,gaussian_to_joint,1.0,20,0.03779871012754264,1.8894030595438511,11.03242430701456,-3.5276083488410475,False,4.0,8.0,0.014760961402686337,0.007328856572876324,1.0,1.866808093272255,0.008661980048831008
88001,product_to_joint,0.0,24,0.03279871012754264,0.0,11.158957255116814,-5.365999404336216,False,-5.0,0.0,1.7605518457110832e-19,0.007500239686372324,0.0,1.809762563682225,0.0
88001,product_to_joint,0.25,24,0.03279871012754264,0.0,11.158957255116814,-5.365999404336216,False,-5.0,0.0,-4.8673244227975573e-20,0.007500239686372325,0.25,1.809762563682225,0.0
88001,product_to_joint,0.5,24,0.03279871012754264,0.0,11.158957255116814,-5.365999404336216,False,-5.0,0.0,7.106851321270845e-19,0.007500239686372324,0.49999999999999994,1.809762563682225,0.0
88001,product_to_joint,0.75,24,0.03279871012754264,0.0,11.158957255116814,-5.365999404336216,False,-5.0,0.0,7.577918123108183e-19,0.007500239686372325,0.7500000000000001,1.809762563682225,0.0
88001,product_to_joint,1.0,24,0.03279871012754264,0.0,11.158957255116814,-5.365999404336216,False,-5.0,0.0,7.586088858102618e-19,0.007500239686372325,1.0,1.809762563682225,0.0
88001,product_to_joint_diagP,0.0,24,0.03279871012754264,0.0,11.158957255116814,-5.365999404336216,False,-5.0,0.0,1.7605518457110832e-19,0.007500239686372324,0.0,1.809762563682225,0.0
88001,product_to_joint_diagP,0.25,24,0.03279871012754264,0.0,11.158957255116814,-5.365999404336216,False,-5.0,0.0,-4.8673244227975573e-20,0.007500239686372325,0.25,1.809762563682225,0.0
88001,product_to_joint_diagP,0.5,24,0.03279871012754264,0.0,11.158957255116814,-5.365999404336216,False,-5.0,0.0,7.106851321270845e-19,0.007500239686372324,0.49999999999999994,1.809762563682225,0.0
88001,product_to_joint_diagP,0.75,24,0.03279871012754264,0.0,11.158957255116814,-5.365999404336216,False,-5.0,0.0,7.577918123108183e-19,0.007500239686372325,0.7500000000000001,1.809762563682225,0.0
88001,product_to_joint_diagP,1.0,24,0.03279871012754264,0.0,11.158957255116814,-5.365999404336216,False,-5.0,0.0,7.586088858102618e-19,0.007500239686372325,1.0,1.809762563682225,0.0
88001,gaussian_to_joint,0.0,24,0.03279871012754264,0.0,11.158957255116814,-5.365999404336216,False,-5.0,0.0,7.586088858102618e-19,0.007500239686372325,0.0,1.809762563682225,0.0
88001,gaussian_to_joint,0.25,24,0.03279871012754264,0.0,11.158957255116814,-5.365999404336216,False,-5.0,0.0,9.820634564853365e-19,0.007500239686372325,0.25,1.809762563682225,0.0
88001,gaussian_to_joint,0.5,24,0.03279871012754264,0.0,11.158957255116814,-5.365999404336216,False,-5.0,0.0,8.6702928844743545e-19,0.007500239686372325,0.49999999999999994,1.809762563682225,0.0
88001,gaussian_to_joint,0.75,24,0.03279871012754264,0.0,11.158957255116814,-5.365999404336216,False,-5.0,0.0,9.820634564853365e-19,0.007500239686372325,0.7500000000000001,1.809762563682225,0.0
88001,gaussian_to_joint,1.0,24,0.03279871012754264,0.0,11.158957255116814,-5.365999404336216,False,-5.0,0.0,7.586088858102618e-19,0.007500239686372325,1.0,1.809762563682225,0.0
88001,product_to_joint,0.0,28,0.027798710127542637,4.22338615370446,11.447524128082417,-1.0948402512101532,False,-4.0,1.0,0.032995204325816097,0.007898401407655586,0.0,1.7377830229867994,0.22078639432962177
88001,product_to_joint,0.25,28,0.027798710127542637,4.445124297488853,12.130529885711464,-0.8920887864975331,False,-4.0,1.0,0.034727533574131664,0.008881308307381531,0.29362850950979025,1.7977149399175407,0.22078639432962177
88001,product_to_joint,0.5,28,0.027798710127542637,4.642483012865979,12.70434610769,-0.7106814219416702,False,-4.0,1.0,0.03626939853801546,0.009751099244627567,0.5549734655282719,1.8542572129940758,0.22078639432962177
88001,product_to_joint,0.75,28,0.027798710127542637,4.819273452564142,13.194686353931253,-0.5475218086126361,False,-4.0,1.0,0.037650573848157357,0.010526205320960672,0.7890816456464695,1.907772828447774,0.22078639432962177
88001,product_to_joint,1.0,28,0.027798710127542637,4.978551734031056,13.619383669820673,-0.4000495647220772,False,-4.0,1.0,0.038894935422117624,0.011221265353135867,1.0,1.9585694173164212,0.22078639432962177
88001,product_to_joint_diagP,0.0,28,0.027798710127542637,4.22338615370446,11.447524128082417,-1.0948402512101532,False,-4.0,1.0,0.032995204325816097,0.007898401407655586,0.0,1.7377830229867994,0.21226273289729525
88001,product_to_joint_diagP,0.25,28,0.027798710127542637,4.442943681851795,12.105126213309234,-0.8935632128093065,False,-4.0,1.0,0.03471049751446715,0.008843730507821432,0.2918637250182072,1.7952196755572585,0.21226273289729525
88001,product_to_joint_diagP,0.5,28,0.027798710127542637,4.639286367107259,12.66108393142675,-0.7126754350029616,False,-4.0,1.0,0.03624442474302546,0.009684121479408732,0.5528673352441352,1.849535781665605,0.21226273289729525
88001,product_to_joint_diagP,0.75,28,0.027798710127542637,4.815911250856935,13.138621774771426,-0.5493254873353557,False,-4.0,1.0,0.037624306647319805,0.010436095101348747,0.787659541811037,1.9010530194578878,0.21226273289729525
88001,product_to_joint_diagP,1.0,28,0.027798710127542637,4.975646572958828,13.55403521820833,-0.4011381231306492,False,-4.0,1.0,0.038872238851240845,0.011112882732936508,1.0,1.9500457558840947,0.21226273289729525
88001,gaussian_to_joint,0.0,28,0.027798710127542637,4.289385252488799,13.189244247833527,-1.0772587251580843,False,-4.0,1.0,0.03351082228506874,0.01051744163995421,0.0,1.9476057674655918,0.010963649850829427
88001,gaussian_to_joint,0.25,28,0.027798710127542637,4.463097461101221,13.302343266814297,-0.9066905233900187,False,-4.0,1.0,0.034867948914853286,0.010700313500253886,0.2520613135793821,1.9503579694071091,0.010963649850829427
88001,gaussian_to_joint,0.5,28,0.027798710127542637,4.635857419337105,13.411645242151998,-0.736969019082915,False,-4.0,1.0,0.036217636088571134,0.010878529547200826,0.5027408850078613,1.9531026175180113,0.010963649850829427
88001,gaussian_to_joint,0.75,28,0.027798710127542637,4.807672935820257,13.51728352804978,-0.5680901106878053,False,-4.0,1.0,0.03755994481109576,0.01105215783555212,0.7520500448187867,1.955839753150069,0.010963649850829427
88001,gaussian_to_joint,1.0,28,0.027798710127542637,4.978551734031056,13.619383669820673,-0.4000495647220772,False,-4.0,1.0,0.038894935422117624,0.011221265353135867,1.0,1.9585694173164212,0.010963649850829427
88001,product_to_joint,0.0,32,0.022798710127542636,0.0,11.158957255116814,-5.254409831785047,False,-5.0,0.0,1.7605518457110832e-19,0.007500239686372324,0.0,1.809762563682225,0.0
88001,product_to_joint,0.25,32,0.022798710127542636,0.0,11.158957255116814,-5.254409831785047,False,-5.0,0.0,-4.8673244227975573e-20,0.007500239686372325,0.25,1.809762563682225,0.0
88001,product_to_joint,0.5,32,0.022798710127542636,0.0,11.158957255116814,-5.254409831785047,False,-5.0,0.0,7.106851321270845e-19,0.007500239686372324,0.49999999999999994,1.809762563682225,0.0
88001,product_to_joint,0.75,32,0.022798710127542636,0.0,11.158957255116814,-5.254409831785047,False,-5.0,0.0,7.577918123108183e-19,0.007500239686372325,0.7500000000000001,1.809762563682225,0.0
88001,product_to_joint,1.0,32,0.022798710127542636,0.0,11.158957255116814,-5.254409831785047,False,-5.0,0.0,7.586088858102618e-19,0.007500239686372325,1.0,1.809762563682225,0.0
88001,product_to_joint_diagP,0.0,32,0.022798710127542636,0.0,11.158957255116814,-5.254409831785047,False,-5.0,0.0,1.7605518457110832e-19,0.007500239686372324,0.0,1.809762563682225,0.0
88001,product_to_joint_diagP,0.25,32,0.022798710127542636,0.0,11.158957255116814,-5.254409831785047,False,-5.0,0.0,-4.8673244227975573e-20,0.007500239686372325,0.25,1.809762563682225,0.0
88001,product_to_joint_diagP,0.5,32,0.022798710127542636,0.0,11.158957255116814,-5.254409831785047,False,-5.0,0.0,7.106851321270845e-19,0.007500239686372324,0.49999999999999994,1.809762563682225,0.0
88001,product_to_joint_diagP,0.75,32,0.022798710127542636,0.0,11.158957255116814,-5.254409831785047,False,-5.0,0.0,7.577918123108183e-19,0.007500239686372325,0.7500000000000001,1.809762563682225,0.0
88001,product_to_joint_diagP,1.0,32,0.022798710127542636,0.0,11.158957255116814,-5.254409831785047,False,-5.0,0.0,7.586088858102618e-19,0.007500239686372325,1.0,1.809762563682225,0.0
88001,gaussian_to_joint,0.0,32,0.022798710127542636,0.0,11.158957255116814,-5.254409831785047,False,-5.0,0.0,7.586088858102618e-19,0.007500239686372325,0.0,1.809762563682225,0.0
88001,gaussian_to_joint,0.25,32,0.022798710127542636,0.0,11.158957255116814,-5.254409831785047,False,-5.0,0.0,9.820634564853365e-19,0.007500239686372325,0.25,1.809762563682225,0.0
88001,gaussian_to_joint,0.5,32,0.022798710127542636,0.0,11.158957255116814,-5.254409831785047,False,-5.0,0.0,8.6702928844743545e-19,0.007500239686372325,0.49999999999999994,1.809762563682225,0.0
88001,gaussian_to_joint,0.75,32,0.022798710127542636,0.0,11.158957255116814,-5.254409831785047,False,-5.0,0.0,9.820634564853365e-19,0.007500239686372325,0.7500000000000001,1.809762563682225,0.0
88001,gaussian_to_joint,1.0,32,0.022798710127542636,0.0,11.158957255116814,-5.254409831785047,False,-5.0,0.0,7.586088858102618e-19,0.007500239686372325,1.0,1.809762563682225,0.0
88001,product_to_joint,0.0,36,0.06779871012754264,0.0,11.158957255116814,-5.756562908265304,False,-5.0,0.0,1.7605518457110832e-19,0.007500239686372324,0.0,1.809762563682225,0.0
88001,product_to_joint,0.25,36,0.06779871012754264,0.0,11.158957255116814,-5.756562908265304,False,-5.0,0.0,-4.8673244227975573e-20,0.007500239686372325,0.25,1.809762563682225,0.0
88001,product_to_joint,0.5,36,0.06779871012754264,0.0,11.158957255116814,-5.756562908265304,False,-5.0,0.0,7.106851321270845e-19,0.007500239686372324,0.49999999999999994,1.809762563682225,0.0
88001,product_to_joint,0.75,36,0.06779871012754264,0.0,11.158957255116814,-5.756562908265304,False,-5.0,0.0,7.577918123108183e-19,0.007500239686372325,0.7500000000000001,1.809762563682225,0.0
88001,product_to_joint,1.0,36,0.06779871012754264,0.0,11.158957255116814,-5.756562908265304,False,-5.0,0.0,7.586088858102618e-19,0.007500239686372325,1.0,1.809762563682225,0.0
88001,product_to_joint_diagP,0.0,36,0.06779871012754264,0.0,11.158957255116814,-5.756562908265304,False,-5.0,0.0,1.7605518457110832e-19,0.007500239686372324,0.0,1.809762563682225,0.0
88001,product_to_joint_diagP,0.25,36,0.06779871012754264,0.0,11.158957255116814,-5.756562908265304,False,-5.0,0.0,-4.8673244227975573e-20,0.007500239686372325,0.25,1.809762563682225,0.0
88001,product_to_joint_diagP,0.5,36,0.06779871012754264,0.0,11.158957255116814,-5.756562908265304,False,-5.0,0.0,7.106851321270845e-19,0.007500239686372324,0.49999999999999994,1.809762563682225,0.0
88001,product_to_joint_diagP,0.75,36,0.06779871012754264,0.0,11.158957255116814,-5.756562908265304,False,-5.0,0.0,7.577918123108183e-19,0.007500239686372325,0.7500000000000001,1.809762563682225,0.0
88001,product_to_joint_diagP,1.0,36,0.06779871012754264,0.0,11.158957255116814,-5.756562908265304,False,-5.0,0.0,7.586088858102618e-19,0.007500239686372325,1.0,1.809762563682225,0.0
88001,gaussian_to_joint,0.0,36,0.06779871012754264,0.0,11.158957255116814,-5.756562908265304,False,-5.0,0.0,7.586088858102618e-19,0.007500239686372325,0.0,1.809762563682225,0.0
88001,gaussian_to_joint,0.25,36,0.06779871012754264,0.0,11.158957255116814,-5.756562908265304,False,-5.0,0.0,9.820634564853365e-19,0.007500239686372325,0.25,1.809762563682225,0.0
88001,gaussian_to_joint,0.5,36,0.06779871012754264,0.0,11.158957255116814,-5.756562908265304,False,-5.0,0.0,8.6702928844743545e-19,0.007500239686372325,0.49999999999999994,1.809762563682225,0.0
88001,gaussian_to_joint,0.75,36,0.06779871012754264,0.0,11.158957255116814,-5.756562908265304,False,-5.0,0.0,9.820634564853365e-19,0.007500239686372325,0.7500000000000001,1.809762563682225,0.0
88001,gaussian_to_joint,1.0,36,0.06779871012754264,0.0,11.158957255116814,-5.756562908265304,False,-5.0,0.0,7.586088858102618e-19,0.007500239686372325,1.0,1.809762563682225,0.0
88001,product_to_joint,0.0,40,0.06279871012754264,0.0,12.849012371546142,-5.806901403345935,False,-5.0,0.0,1.0150388444745493e-18,0.009976728449960072,0.0,1.121657815441739,0.0
88001,product_to_joint,0.25,40,0.06279871012754264,0.0,12.849012371546143,-5.806901403345935,False,-5.0,0.0,1.2825214861955447e-18,0.009976728449960073,0.25,1.121657815441739,0.0
88001,product_to_joint,0.5,40,0.06279871012754264,0.0,12.849012371546143,-5.806901403345935,False,-5.0,0.0,6.841981836774803e-19,0.009976728449960073,0.5,1.121657815441739,0.0
88001,product_to_joint,0.75,40,0.06279871012754264,0.0,12.849012371546143,-5.806901403345935,False,-5.0,0.0,6.929332111180125e-19,0.009976728449960073,0.75,1.121657815441739,0.0
88001,product_to_joint,1.0,40,0.06279871012754264,0.0,12.849012371546143,-5.806901403345935,False,-5.0,0.0,1.0795243422007956e-18,0.009976728449960073,1.0,1.121657815441739,0.0
88001,product_to_joint_diagP,0.0,40,0.06279871012754264,0.0,12.849012371546142,-5.806901403345935,False,-5.0,0.0,1.0150388444745493e-18,0.009976728449960072,0.0,1.121657815441739,0.0
88001,product_to_joint_diagP,0.25,40,0.06279871012754264,0.0,12.849012371546143,-5.806901403345935,False,-5.0,0.0,1.2825214861955447e-18,0.009976728449960073,0.25,1.121657815441739,0.0
88001,product_to_joint_diagP,0.5,40,0.06279871012754264,0.0,12.849012371546143,-5.806901403345935,False,-5.0,0.0,6.841981836774803e-19,0.009976728449960073,0.5,1.121657815441739,0.0
88001,product_to_joint_diagP,0.75,40,0.06279871012754264,0.0,12.849012371546143,-5.806901403345935,False,-5.0,0.0,6.929332111180125e-19,0.009976728449960073,0.75,1.121657815441739,0.0
88001,product_to_joint_diagP,1.0,40,0.06279871012754264,0.0,12.849012371546143,-5.806901403345935,False,-5.0,0.0,1.0795243422007956e-18,0.009976728449960073,1.0,1.121657815441739,0.0
88001,gaussian_to_joint,0.0,40,0.06279871012754264,0.0,12.849012371546143,-5.806901403345935,False,-5.0,0.0,1.0795243422007956e-18,0.009976728449960073,0.0,1.121657815441739,0.0
88001,gaussian_to_joint,0.25,40,0.06279871012754264,0.0,12.849012371546143,-5.806901403345935,False,-5.0,0.0,7.407111632990757e-19,0.009976728449960073,0.25,1.121657815441739,0.0
88001,gaussian_to_joint,0.5,40,0.06279871012754264,0.0,12.849012371546143,-5.806901403345935,False,-5.0,0.0,8.084737990794194e-19,0.009976728449960073,0.5,1.121657815441739,0.0
88001,gaussian_to_joint,0.75,40,0.06279871012754264,0.0,12.849012371546143,-5.806901403345935,False,-5.0,0.0,7.407111632990757e-19,0.009976728449960073,0.75,1.121657815441739,0.0
88001,gaussian_to_joint,1.0,40,0.06279871012754264,0.0,12.849012371546143,-5.806901403345935,False,-5.0,0.0,1.0795243422007956e-18,0.009976728449960073,1.0,1.121657815441739,0.0
88001,product_to_joint,0.0,44,0.05779871012754263,0.0,11.158957255116814,-5.644973335714136,False,-5.0,0.0,1.7605518457110832e-19,0.007500239686372324,0.0,1.809762563682225,0.0
88001,product_to_joint,0.25,44,0.05779871012754263,0.0,11.158957255116814,-5.644973335714136,False,-5.0,0.0,-4.8673244227975573e-20,0.007500239686372325,0.25,1.809762563682225,0.0
88001,product_to_joint,0.5,44,0.05779871012754263,0.0,11.158957255116814,-5.644973335714136,False,-5.0,0.0,7.106851321270845e-19,0.007500239686372324,0.49999999999999994,1.809762563682225,0.0
88001,product_to_joint,0.75,44,0.05779871012754263,0.0,11.158957255116814,-5.644973335714136,False,-5.0,0.0,7.577918123108183e-19,0.007500239686372325,0.7500000000000001,1.809762563682225,0.0
88001,product_to_joint,1.0,44,0.05779871012754263,0.0,11.158957255116814,-5.644973335714136,False,-5.0,0.0,7.586088858102618e-19,0.007500239686372325,1.0,1.809762563682225,0.0
88001,product_to_joint_diagP,0.0,44,0.05779871012754263,0.0,11.158957255116814,-5.644973335714136,False,-5.0,0.0,1.7605518457110832e-19,0.007500239686372324,0.0,1.809762563682225,0.0
88001,product_to_joint_diagP,0.25,44,0.05779871012754263,0.0,11.158957255116814,-5.644973335714136,False,-5.0,0.0,-4.8673244227975573e-20,0.007500239686372325,0.25,1.809762563682225,0.0
88001,product_to_joint_diagP,0.5,44,0.05779871012754263,0.0,11.158957255116814,-5.644973335714136,False,-5.0,0.0,7.106851321270845e-19,0.007500239686372324,0.49999999999999994,1.809762563682225,0.0
88001,product_to_joint_diagP,0.75,44,0.05779871012754263,0.0,11.158957255116814,-5.644973335714136,False,-5.0,0.0,7.577918123108183e-19,0.007500239686372325,0.7500000000000001,1.809762563682225,0.0
88001,product_to_joint_diagP,1.0,44,0.05779871012754263,0.0,11.158957255116814,-5.644973335714136,False,-5.0,0.0,7.586088858102618e-19,0.007500239686372325,1.0,1.809762563682225,0.0
88001,gaussian_to_joint,0.0,44,0.05779871012754263,0.0,11.158957255116814,-5.644973335714136,False,-5.0,0.0,7.586088858102618e-19,0.007500239686372325,0.0,1.809762563682225,0.0
88001,gaussian_to_joint,0.25,44,0.05779871012754263,0.0,11.158957255116814,-5.644973335714136,False,-5.0,0.0,9.820634564853365e-19,0.007500239686372325,0.25,1.809762563682225,0.0
88001,gaussian_to_joint,0.5,44,0.05779871012754263,0.0,11.158957255116814,-5.644973335714136,False,-5.0,0.0,8.6702928844743545e-19,0.007500239686372325,0.49999999999999994,1.809762563682225,0.0
88001,gaussian_to_joint,0.75,44,0.05779871012754263,0.0,11.158957255116814,-5.644973335714136,False,-5.0,0.0,9.820634564853365e-19,0.007500239686372325,0.7500000000000001,1.809762563682225,0.0
88001,gaussian_to_joint,1.0,44,0.05779871012754263,0.0,11.158957255116814,-5.644973335714136,False,-5.0,0.0,7.586088858102618e-19,0.007500239686372325,1.0,1.809762563682225,0.0
88001,product_to_joint,0.0,48,0.05279871012754263,0.0,11.158957255116814,-5.589178549438551,False,-5.0,0.0,1.7605518457110832e-19,0.007500239686372324,0.0,1.809762563682225,0.0
88001,product_to_joint,0.25,48,0.05279871012754263,0.0,11.158957255116814,-5.589178549438551,False,-5.0,0.0,-4.8673244227975573e-20,0.007500239686372325,0.25,1.809762563682225,0.0
88001,product_to_joint,0.5,48,0.05279871012754263,0.0,11.158957255116814,-5.589178549438551,False,-5.0,0.0,7.106851321270845e-19,0.007500239686372324,0.49999999999999994,1.809762563682225,0.0
88001,product_to_joint,0.75,48,0.05279871012754263,0.0,11.158957255116814,-5.589178549438551,False,-5.0,0.0,7.577918123108183e-19,0.007500239686372325,0.7500000000000001,1.809762563682225,0.0
88001,product_to_joint,1.0,48,0.05279871012754263,0.0,11.158957255116814,-5.589178549438551,False,-5.0,0.0,7.586088858102618e-19,0.007500239686372325,1.0,1.809762563682225,0.0
88001,product_to_joint_diagP,0.0,48,0.05279871012754263,0.0,11.158957255116814,-5.589178549438551,False,-5.0,0.0,1.7605518457110832e-19,0.007500239686372324,0.0,1.809762563682225,0.0
88001,product_to_joint_diagP,0.25,48,0.05279871012754263,0.0,11.158957255116814,-5.589178549438551,False,-5.0,0.0,-4.8673244227975573e-20,0.007500239686372325,0.25,1.809762563682225,0.0
88001,product_to_joint_diagP,0.5,48,0.05279871012754263,0.0,11.158957255116814,-5.589178549438551,False,-5.0,0.0,7.106851321270845e-19,0.007500239686372324,0.49999999999999994,1.809762563682225,0.0
88001,product_to_joint_diagP,0.75,48,0.05279871012754263,0.0,11.158957255116814,-5.589178549438551,False,-5.0,0.0,7.577918123108183e-19,0.007500239686372325,0.7500000000000001,1.809762563682225,0.0
88001,product_to_joint_diagP,1.0,48,0.05279871012754263,0.0,11.158957255116814,-5.589178549438551,False,-5.0,0.0,7.586088858102618e-19,0.007500239686372325,1.0,1.809762563682225,0.0
88001,gaussian_to_joint,0.0,48,0.05279871012754263,0.0,11.158957255116814,-5.589178549438551,False,-5.0,0.0,7.586088858102618e-19,0.007500239686372325,0.0,1.809762563682225,0.0
88001,gaussian_to_joint,0.25,48,0.05279871012754263,0.0,11.158957255116814,-5.589178549438551,False,-5.0,0.0,9.820634564853365e-19,0.007500239686372325,0.25,1.809762563682225,0.0
88001,gaussian_to_joint,0.5,48,0.05279871012754263,0.0,11.158957255116814,-5.589178549438551,False,-5.0,0.0,8.6702928844743545e-19,0.007500239686372325,0.49999999999999994,1.809762563682225,0.0
88001,gaussian_to_joint,0.75,48,0.05279871012754263,0.0,11.158957255116814,-5.589178549438551,False,-5.0,0.0,9.820634564853365e-19,0.007500239686372325,0.7500000000000001,1.809762563682225,0.0
88001,gaussian_to_joint,1.0,48,0.05279871012754263,0.0,11.158957255116814,-5.589178549438551,False,-5.0,0.0,7.586088858102618e-19,0.007500239686372325,1.0,1.809762563682225,0.0
88001,product_to_joint,0.0,52,0.047798710127542623,0.0,12.890462726661413,-5.616147491281581,False,-5.0,0.0,-1.2488856386635861e-20,0.010041847491909619,0.0,1.1151861303294424,0.0
88001,product_to_joint,0.25,52,0.047798710127542623,0.0,12.890462726661411,-5.616147491281581,False,-5.0,0.0,-6.329934297457138e-19,0.010041847491909617,0.25,1.1151861303294424,0.0
88001,product_to_joint,0.5,52,0.047798710127542623,0.0,12.890462726661411,-5.616147491281581,False,-5.0,0.0,6.411556638439304e-19,0.010041847491909617,0.5,1.1151861303294424,0.0
88001,product_to_joint,0.75,52,0.047798710127542623,0.0,12.890462726661413,-5.616147491281581,False,-5.0,0.0,4.738396538401912e-19,0.010041847491909619,0.75,1.1151861303294424,0.0
88001,product_to_joint,1.0,52,0.047798710127542623,0.0,12.890462726661411,-5.616147491281581,False,-5.0,0.0,6.110355103519841e-19,0.010041847491909617,1.0,1.1151861303294424,0.0
88001,product_to_joint_diagP,0.0,52,0.047798710127542623,0.0,12.890462726661413,-5.616147491281581,False,-5.0,0.0,-1.2488856386635861e-20,0.010041847491909619,0.0,1.1151861303294424,0.0
88001,product_to_joint_diagP,0.25,52,0.047798710127542623,0.0,12.890462726661411,-5.616147491281581,False,-5.0,0.0,-6.329934297457138e-19,0.010041847491909617,0.25,1.1151861303294424,0.0
88001,product_to_joint_diagP,0.5,52,0.047798710127542623,0.0,12.890462726661411,-5.616147491281581,False,-5.0,0.0,6.411556638439304e-19,0.010041847491909617,0.5,1.1151861303294424,0.0
88001,product_to_joint_diagP,0.75,52,0.047798710127542623,0.0,12.890462726661413,-5.616147491281581,False,-5.0,0.0,4.738396538401912e-19,0.010041847491909619,0.75,1.1151861303294424,0.0
88001,product_to_joint_diagP,1.0,52,0.047798710127542623,0.0,12.890462726661411,-5.616147491281581,False,-5.0,0.0,6.110355103519841e-19,0.010041847491909617,1.0,1.1151861303294424,0.0
88001,gaussian_to_joint,0.0,52,0.047798710127542623,0.0,12.890462726661411,-5.616147491281581,False,-5.0,0.0,6.110355103519841e-19,0.010041847491909617,0.0,1.1151861303294424,0.0
88001,gaussian_to_joint,0.25,52,0.047798710127542623,0.0,12.890462726661413,-5.616147491281581,False,-5.0,0.0,6.855744097103625e-19,0.01004184749190962,0.25,1.1151861303294424,0.0
88001,gaussian_to_joint,0.5,52,0.047798710127542623,0.0,12.890462726661411,-5.616147491281581,False,-5.0,0.0,6.584698885415723e-19,0.010041847491909617,0.5,1.1151861303294424,0.0
88001,gaussian_to_joint,0.75,52,0.047798710127542623,0.0,12.890462726661413,-5.616147491281581,False,-5.0,0.0,6.855744097103625e-19,0.01004184749190962,0.75,1.1151861303294424,0.0
88001,gaussian_to_joint,1.0,52,0.047798710127542623,0.0,12.890462726661411,-5.616147491281581,False,-5.0,0.0,6.110355103519841e-19,0.010041847491909617,1.0,1.1151861303294424,0.0
88001,product_to_joint,0.0,56,0.037798710127542615,0.0,11.158957255116814,-5.4217941906117995,False,-3.0,0.0,1.7605518457110832e-19,0.007500239686372324,0.0,1.809762563682225,0.0
88001,product_to_joint,0.25,56,0.037798710127542615,0.0,11.158957255116814,-5.4217941906117995,False,-3.0,0.0,-4.8673244227975573e-20,0.007500239686372325,0.25,1.809762563682225,0.0
88001,product_to_joint,0.5,56,0.037798710127542615,0.0,11.158957255116814,-5.4217941906117995,False,-3.0,0.0,7.106851321270845e-19,0.007500239686372324,0.49999999999999994,1.809762563682225,0.0
88001,product_to_joint,0.75,56,0.037798710127542615,0.0,11.158957255116814,-5.4217941906117995,False,-3.0,0.0,7.577918123108183e-19,0.007500239686372325,0.7500000000000001,1.809762563682225,0.0
88001,product_to_joint,1.0,56,0.037798710127542615,0.0,11.158957255116814,-5.4217941906117995,False,-3.0,0.0,7.586088858102618e-19,0.007500239686372325,1.0,1.809762563682225,0.0
88001,product_to_joint_diagP,0.0,56,0.037798710127542615,0.0,11.158957255116814,-5.4217941906117995,False,-3.0,0.0,1.7605518457110832e-19,0.007500239686372324,0.0,1.809762563682225,0.0
88001,product_to_joint_diagP,0.25,56,0.037798710127542615,0.0,11.158957255116814,-5.4217941906117995,False,-3.0,0.0,-4.8673244227975573e-20,0.007500239686372325,0.25,1.809762563682225,0.0
88001,product_to_joint_diagP,0.5,56,0.037798710127542615,0.0,11.158957255116814,-5.4217941906117995,False,-3.0,0.0,7.106851321270845e-19,0.007500239686372324,0.49999999999999994,1.809762563682225,0.0
88001,product_to_joint_diagP,0.75,56,0.037798710127542615,0.0,11.158957255116814,-5.4217941906117995,False,-3.0,0.0,7.577918123108183e-19,0.007500239686372325,0.7500000000000001,1.809762563682225,0.0
88001,product_to_joint_diagP,1.0,56,0.037798710127542615,0.0,11.158957255116814,-5.4217941906117995,False,-3.0,0.0,7.586088858102618e-19,0.007500239686372325,1.0,1.809762563682225,0.0
88001,gaussian_to_joint,0.0,56,0.037798710127542615,0.0,11.158957255116814,-5.4217941906117995,False,-3.0,0.0,7.586088858102618e-19,0.007500239686372325,0.0,1.809762563682225,0.0
88001,gaussian_to_joint,0.25,56,0.037798710127542615,0.0,11.158957255116814,-5.4217941906117995,False,-3.0,0.0,9.820634564853365e-19,0.007500239686372325,0.25,1.809762563682225,0.0
88001,gaussian_to_joint,0.5,56,0.037798710127542615,0.0,11.158957255116814,-5.4217941906117995,False,-3.0,0.0,8.6702928844743545e-19,0.007500239686372325,0.49999999999999994,1.809762563682225,0.0
88001,gaussian_to_joint,0.75,56,0.037798710127542615,0.0,11.158957255116814,-5.4217941906117995,False,-3.0,0.0,9.820634564853365e-19,0.007500239686372325,0.7500000000000001,1.809762563682225,0.0
88001,gaussian_to_joint,1.0,56,0.037798710127542615,0.0,11.158957255116814,-5.4217941906117995,False,-3.0,0.0,7.586088858102618e-19,0.007500239686372325,1.0,1.809762563682225,0.0
88001,product_to_joint,0.0,60,0.037798710127542615,-3.570501064965164,10.803495559829795,-8.978859261995364,False,18.0,21.0,-0.027894539570040344,0.007023749774857304,0.0,1.9065812025674531,0.09636659441254158
88001,product_to_joint,0.25,60,0.037798710127542615,-3.6039297687576872,11.035277420162892,-9.02104902113944,False,18.0,21.0,-0.02815570131841943,0.0073326994470188575,0.2685001202517799,1.93155735302832,0.09636659441254158
88001,product_to_joint,0.5,60,0.037798710127542615,-3.635749012710906,11.251373065997669,-9.061036401769393,False,18.0,21.0,-0.02840428916180395,0.007626647697159289,0.524073021934881,1.9559248659525683,0.09636659441254158
88001,product_to_joint,0.75,60,0.037798710127542615,-3.6660722981900102,11.453433400325125,-9.098997307254013,False,18.0,21.0,-0.028641189829609455,0.007906661172832223,0.7676303506336378,1.979712700510695,0.09636659441254158
88001,product_to_joint,1.0,60,0.037798710127542615,-3.695002699307731,11.642870252612475,-9.135088177038819,False,18.0,21.0,-0.028867208588341648,0.00817370774653128,1.0,2.0029477969799947,0.09636659441254158
88001,product_to_joint_diagP,0.0,60,0.037798710127542615,-3.570501064965164,10.803495559829795,-8.978859261995364,False,18.0,21.0,-0.027894539570040344,0.007023749774857304,0.0,1.9065812025674531,0.0922704663494569
88001,product_to_joint_diagP,0.25,60,0.037798710127542615,-3.6039490194293613,11.024343447409,-9.020654981744448,False,18.0,21.0,-0.028155851714291885,0.007317977810451034,0.2676963720077381,1.9304591887999032,0.0922704663494569
88001,product_to_joint_diagP,0.5,60,0.037798710127542615,-3.6358549386132593,11.230870494973766,-9.060367356932744,False,18.0,21.0,-0.028405116707916088,0.007598513920585467,0.523051264344857,1.953780288297962,0.0922704663494569
88001,product_to_joint_diagP,0.75,60,0.037798710127542615,-3.6663230573605494,11.424523123345596,-9.098155295245299,False,18.0,21.0,-0.028643148885629292,0.0078662920285558,0.7668989070843033,1.9765698857859526,0.0922704663494569
88001,product_to_joint_diagP,1.0,60,0.037798710127542615,-3.6954484230983162,11.606546378845072,-9.13416090525416,False,18.0,21.0,-0.028870690805455596,0.008122163015398053,1.0,1.99885166891691,0.0922704663494569
88001,gaussian_to_joint,0.0,60,0.037798710127542615,-3.448363237989728,11.528241649255634,-8.884115902370205,False,18.0,21.0,-0.02694033779679475,0.008011593965065445,0.0,1.9833625819290464,0.019585215050948346
88001,gaussian_to_joint,0.25,60,0.037798710127542615,-3.5109332468577286,11.557927676674298,-8.947808004783443,False,18.0,21.0,-0.027429165991076004,0.008053423594923935,0.25369017809897576,1.988294963614044,0.019585215050948346
88001,gaussian_to_joint,0.5,60,0.037798710127542615,-3.572890551771006,11.586915139057105,-9.010860998384661,False,18.0,21.0,-0.027913207435710984,0.008094372707501876,0.5048961472581257,1.9932031362692908,0.019585215050948346
88001,gaussian_to_joint,0.75,60,0.037798710127542615,-3.6342441085469304,11.615223174744113,-9.073284562395799,False,18.0,21.0,-0.028392532098022893,0.008134461022895063,0.7536542188499914,1.9980873363792249,0.019585215050948346
88001,gaussian_to_joint,1.0,60,0.037798710127542615,-3.695002699307731,11.642870252612475,-9.135088177038819,False,18.0,21.0,-0.028867208588341648,0.00817370774653128,1.0,2.0029477969799947,0.019585215050948346
88001,product_to_joint,0.0,64,0.03279871012754261,0.0,11.158957255116814,-5.365999404336215,False,-5.0,0.0,1.7605518457110832e-19,0.007500239686372324,0.0,1.809762563682225,0.0
88001,product_to_joint,0.25,64,0.03279871012754261,0.0,11.158957255116814,-5.365999404336215,False,-5.0,0.0,-4.8673244227975573e-20,0.007500239686372325,0.25,1.809762563682225,0.0
88001,product_to_joint,0.5,64,0.03279871012754261,0.0,11.158957255116814,-5.365999404336215,False,-5.0,0.0,7.106851321270845e-19,0.007500239686372324,0.49999999999999994,1.809762563682225,0.0
88001,product_to_joint,0.75,64,0.03279871012754261,0.0,11.158957255116814,-5.365999404336215,False,-5.0,0.0,7.577918123108183e-19,0.007500239686372325,0.7500000000000001,1.809762563682225,0.0
88001,product_to_joint,1.0,64,0.03279871012754261,0.0,11.158957255116814,-5.365999404336215,False,-5.0,0.0,7.586088858102618e-19,0.007500239686372325,1.0,1.809762563682225,0.0
88001,product_to_joint_diagP,0.0,64,0.03279871012754261,0.0,11.158957255116814,-5.365999404336215,False,-5.0,0.0,1.7605518457110832e-19,0.007500239686372324,0.0,1.809762563682225,0.0
88001,product_to_joint_diagP,0.25,64,0.03279871012754261,0.0,11.158957255116814,-5.365999404336215,False,-5.0,0.0,-4.8673244227975573e-20,0.007500239686372325,0.25,1.809762563682225,0.0
88001,product_to_joint_diagP,0.5,64,0.03279871012754261,0.0,11.158957255116814,-5.365999404336215,False,-5.0,0.0,7.106851321270845e-19,0.007500239686372324,0.49999999999999994,1.809762563682225,0.0
88001,product_to_joint_diagP,0.75,64,0.03279871012754261,0.0,11.158957255116814,-5.365999404336215,False,-5.0,0.0,7.577918123108183e-19,0.007500239686372325,0.7500000000000001,1.809762563682225,0.0
88001,product_to_joint_diagP,1.0,64,0.03279871012754261,0.0,11.158957255116814,-5.365999404336215,False,-5.0,0.0,7.586088858102618e-19,0.007500239686372325,1.0,1.809762563682225,0.0
88001,gaussian_to_joint,0.0,64,0.03279871012754261,0.0,11.158957255116814,-5.365999404336215,False,-5.0,0.0,7.586088858102618e-19,0.007500239686372325,0.0,1.809762563682225,0.0
88001,gaussian_to_joint,0.25,64,0.03279871012754261,0.0,11.158957255116814,-5.365999404336215,False,-5.0,0.0,9.820634564853365e-19,0.007500239686372325,0.25,1.809762563682225,0.0
88001,gaussian_to_joint,0.5,64,0.03279871012754261,0.0,11.158957255116814,-5.365999404336215,False,-5.0,0.0,8.6702928844743545e-19,0.007500239686372325,0.49999999999999994,1.809762563682225,0.0
88001,gaussian_to_joint,0.75,64,0.03279871012754261,0.0,11.158957255116814,-5.365999404336215,False,-5.0,0.0,9.820634564853365e-19,0.007500239686372325,0.7500000000000001,1.809762563682225,0.0
88001,gaussian_to_joint,1.0,64,0.03279871012754261,0.0,11.158957255116814,-5.365999404336215,False,-5.0,0.0,7.586088858102618e-19,0.007500239686372325,1.0,1.809762563682225,0.0
88001,product_to_joint,0.0,68,0.022798710127542608,-1.6429506877013078,13.620678751558263,-6.953484594298463,False,4.0,9.0,-0.012835552247666467,0.011223418557931564,0.0,1.0997681095250313,1.278717137754251
88001,product_to_joint,0.25,68,0.022798710127542608,1.8006560931745785,20.904121979890963,-3.6759309243157476,False,4.0,9.0,0.014067625727926395,0.026571283920297877,0.5449048933446285,1.5993348933310467,1.278717137754251
88001,product_to_joint,0.5,68,0.022798710127542608,3.300475459706143,23.21826955585788,-2.228871137561008,False,4.0,9.0,0.025784964528954242,0.03280332282522441,0.7822313257627399,1.9309428359043697,1.278717137754251
88001,product_to_joint,0.75,68,0.022798710127542608,4.140045774891158,24.377875202240958,-1.4157383353701425,False,4.0,9.0,0.03234410761633717,0.03617202144629117,0.9150821424099431,2.1795446194378623,1.278717137754251
88001,product_to_joint,1.0,68,0.022798710127542608,4.676696691016494,25.076309543762193,-0.8950108213402697,False,4.0,9.0,0.03653669289856636,0.038280206319249194,1.0,2.3784852472792823,1.278717137754251
88001,product_to_joint_diagP,0.0,68,0.022798710127542608,-1.6429506877013078,13.620678751558263,-6.953484594298463,False,4.0,9.0,-0.012835552247666467,0.011223418557931564,0.0,1.0997681095250313,1.2095874121830859
88001,product_to_joint_diagP,0.25,68,0.022798710127542608,1.6139780538525232,20.522979145082953,-3.8539193986298255,False,4.0,9.0,0.012609203545722838,0.025607560607269885,0.5277153427408122,1.5622594248404291,1.2095874121830859
88001,product_to_joint_diagP,0.5,68,0.022798710127542608,3.1106935454400406,22.855621337529897,-2.410385140219181,False,4.0,9.0,0.024302293323750317,0.03178350993191845,0.7702259382448973,1.87727972203158,1.2095874121830859
88001,product_to_joint_diagP,0.75,68,0.022798710127542608,3.970591072880562,24.051758811366085,-1.5777580043173423,False,4.0,9.0,0.03102024275687939,0.035208050654304573,0.9095538617040884,2.116474510808858,1.2095874121830859
88001,product_to_joint_diagP,1.0,68,0.022798710127542608,4.528802296849442,24.78141169491783,-1.0361819249342843,False,4.0,9.0,0.03538126794413626,0.037382810399963995,1.0,2.309355521708117,1.2095874121830859
88001,gaussian_to_joint,0.0,68,0.022798710127542608,1.8697736322791112,23.57778989284038,-3.6677695649358606,False,4.0,9.0,0.014607606502180556,0.03383018653753209,0.0,2.3237835046028654,0.05470174267641692
88001,gaussian_to_joint,0.25,68,0.022798710127542608,2.600685608362787,24.008640388077392,-2.9466804244014013,False,4.0,9.0,0.020317856315334275,0.03508156819360479,0.26039615649901576,2.337742014904463,0.05470174267641692
88001,gaussian_to_joint,0.5,68,0.022798710127542608,3.3116114884478827,24.399421822880075,-2.2446638569715973,False,4.0,9.0,0.025871964753499083,0.03623616853581765,0.5136720266273853,2.3515083643977728,0.05470174267641692
88001,gaussian_to_joint,0.75,68,0.022798710127542608,4.00335996734739,24.754154589721146,-1.5610028275960408,False,4.0,9.0,0.03127624974490149,0.03730040096751785,0.7601157176100201,2.365087772106457,0.05470174267641692
88001,gaussian_to_joint,1.0,68,0.022798710127542608,4.676696691016494,25.076309543762193,-0.8950108213402697,False,4.0,9.0,0.03653669289856636,0.038280206319249194,1.0,2.3784852472792823,0.05470174267641692
88001,product_to_joint,0.0,72,0.022798710127542608,0.0,11.158957255116814,-5.254409831785047,False,-5.0,0.0,1.7605518457110832e-19,0.007500239686372324,0.0,1.809762563682225,0.0
88001,product_to_joint,0.25,72,0.022798710127542608,0.0,11.158957255116814,-5.254409831785047,False,-5.0,0.0,-4.8673244227975573e-20,0.007500239686372325,0.25,1.809762563682225,0.0
88001,product_to_joint,0.5,72,0.022798710127542608,0.0,11.158957255116814,-5.254409831785047,False,-5.0,0.0,7.106851321270845e-19,0.007500239686372324,0.49999999999999994,1.809762563682225,0.0
88001,product_to_joint,0.75,72,0.022798710127542608,0.0,11.158957255116814,-5.254409831785047,False,-5.0,0.0,7.577918123108183e-19,0.007500239686372325,0.7500000000000001,1.809762563682225,0.0
88001,product_to_joint,1.0,72,0.022798710127542608,0.0,11.158957255116814,-5.254409831785047,False,-5.0,0.0,7.586088858102618e-19,0.007500239686372325,1.0,1.809762563682225,0.0
88001,product_to_joint_diagP,0.0,72,0.022798710127542608,0.0,11.158957255116814,-5.254409831785047,False,-5.0,0.0,1.7605518457110832e-19,0.007500239686372324,0.0,1.809762563682225,0.0
88001,product_to_joint_diagP,0.25,72,0.022798710127542608,0.0,11.158957255116814,-5.254409831785047,False,-5.0,0.0,-4.8673244227975573e-20,0.007500239686372325,0.25,1.809762563682225,0.0
88001,product_to_joint_diagP,0.5,72,0.022798710127542608,0.0,11.158957255116814,-5.254409831785047,False,-5.0,0.0,7.106851321270845e-19,0.007500239686372324,0.49999999999999994,1.809762563682225,0.0
88001,product_to_joint_diagP,0.75,72,0.022798710127542608,0.0,11.158957255116814,-5.254409831785047,False,-5.0,0.0,7.577918123108183e-19,0.007500239686372325,0.7500000000000001,1.809762563682225,0.0
88001,product_to_joint_diagP,1.0,72,0.022798710127542608,0.0,11.158957255116814,-5.254409831785047,False,-5.0,0.0,7.586088858102618e-19,0.007500239686372325,1.0,1.809762563682225,0.0
88001,gaussian_to_joint,0.0,72,0.022798710127542608,0.0,11.158957255116814,-5.254409831785047,False,-5.0,0.0,7.586088858102618e-19,0.007500239686372325,0.0,1.809762563682225,0.0
88001,gaussian_to_joint,0.25,72,0.022798710127542608,0.0,11.158957255116814,-5.254409831785047,False,-5.0,0.0,9.820634564853365e-19,0.007500239686372325,0.25,1.809762563682225,0.0
88001,gaussian_to_joint,0.5,72,0.022798710127542608,0.0,11.158957255116814,-5.254409831785047,False,-5.0,0.0,8.6702928844743545e-19,0.007500239686372325,0.49999999999999994,1.809762563682225,0.0
88001,gaussian_to_joint,0.75,72,0.022798710127542608,0.0,11.158957255116814,-5.254409831785047,False,-5.0,0.0,9.820634564853365e-19,0.007500239686372325,0.7500000000000001,1.809762563682225,0.0
88001,gaussian_to_joint,1.0,72,0.022798710127542608,0.0,11.158957255116814,-5.254409831785047,False,-5.0,0.0,7.586088858102618e-19,0.007500239686372325,1.0,1.809762563682225,0.0
88001,product_to_joint,0.0,76,0.017798710127542607,9.68859826843736,10.866174827310603,4.495194372490859,True,6.0,11.0,0.07569217397216688,0.007106650108500891,0.0,1.4737698423539323,0.3464966806968399
88001,product_to_joint,0.25,76,0.017798710127542607,9.958839152698092,12.096604660399045,4.743535192820168,True,6.0,11.0,0.07780343088045384,0.008831142841185786,0.32036049528919996,1.5722805314192767,0.3464966806968399
88001,product_to_joint,0.5,76,0.017798710127542607,10.182724117644906,13.024005725828317,4.950913615031432,True,6.0,11.0,0.07955253216910083,0.010253071603174365,0.5857677761096919,1.6619511969404304,0.3464966806968399
88001,product_to_joint,0.75,76,0.017798710127542607,10.371238507095944,13.753664736244385,5.126441015264126,True,6.0,11.0,0.08102530083668706,0.011445611186341085,0.8092445580884237,1.7442385614332534,0.3464966806968399
88001,product_to_joint,1.0,76,0.017798710127542607,10.532150729600762,14.345201615423335,5.276824644326686,True,6.0,11.0,0.08228242757500595,0.012460107994820818,1.0,1.8202665230507722,0.3464966806968399
88001,product_to_joint_diagP,0.0,76,0.017798710127542607,9.68859826843736,10.866174827310603,4.495194372490859,True,6.0,11.0,0.07569217397216688,0.007106650108500891,0.0,1.4737698423539323,0.3349944022103717
88001,product_to_joint_diagP,0.25,76,0.017798710127542607,9.95200047907116,12.05306694826011,4.737471434311214,True,6.0,11.0,0.07775000374274343,0.008766969168654801,0.317861299789936,1.5686100389762294,0.3349944022103717
88001,product_to_joint_diagP,0.5,76,0.017798710127542607,10.171691570507253,12.956030476465733,4.941090939653032,True,6.0,11.0,0.07946634039458791,0.010145283551459282,0.5829740932935276,1.6552295945126692,0.3349944022103717
88001,product_to_joint_diagP,0.75,76,0.017798710127542607,10.3577185711226,13.671327037982252,5.114386584114719,True,6.0,11.0,0.08091967633689531,0.011307787047086461,0.8074626580224934,1.734940641002125,0.3349944022103717
88001,product_to_joint_diagP,1.0,76,0.017798710127542607,10.517268543201448,14.254320085570058,5.263560031933178,True,6.0,11.0,0.08216616049376131,0.012301467352410033,1.0,1.808764244564304,0.3349944022103717
88001,gaussian_to_joint,0.0,76,0.017798710127542607,12.06014348993904,16.839971115612652,6.760413725496061,True,6.0,11.0,0.09421987101514875,0.017208632029703887,0.0,1.761728255096548,0.05853826795422412
88001,gaussian_to_joint,0.25,76,0.017798710127542607,11.661130012809874,16.239420997268766,6.3720892658403585,True,6.0,11.0,0.09110257822507714,0.0159961178177816,0.2611357118215846,1.776687200062114,0.05853826795422412
88001,gaussian_to_joint,0.5,76,0.017798710127542607,11.273791980743207,15.624649351952451,5.9956933760833095,True,6.0,11.0,0.0880764998495563,0.014800492393278086,0.5146303893624097,1.7914256690308132,0.05853826795422412
88001,gaussian_to_joint,0.75,76,0.017798710127542607,10.897624334037395,14.993940852048237,5.6307515271422695,True,6.0,11.0,0.08513769010966715,0.013621817765791076,0.7608145706425201,1.805950066795012,0.05853826795422412
88001,gaussian_to_joint,1.0,76,0.017798710127542607,10.532150729600762,14.345201615423335,5.276824644326686,True,6.0,11.0,0.08228242757500595,0.012460107994820818,1.0,1.8202665230507722,0.05853826795422412
88001,product_to_joint,0.0,80,0.012798710127542606,0.0,11.158957255116814,-5.142820259233878,False,-5.0,0.0,1.7605518457110832e-19,0.007500239686372324,0.0,1.809762563682225,0.0
88001,product_to_joint,0.25,80,0.012798710127542606,0.0,11.158957255116814,-5.142820259233878,False,-5.0,0.0,-4.8673244227975573e-20,0.007500239686372325,0.25,1.809762563682225,0.0
88001,product_to_joint,0.5,80,0.012798710127542606,0.0,11.158957255116814,-5.142820259233878,False,-5.0,0.0,7.106851321270845e-19,0.007500239686372324,0.49999999999999994,1.809762563682225,0.0
88001,product_to_joint,0.75,80,0.012798710127542606,0.0,11.158957255116814,-5.142820259233878,False,-5.0,0.0,7.577918123108183e-19,0.007500239686372325,0.7500000000000001,1.809762563682225,0.0
88001,product_to_joint,1.0,80,0.012798710127542606,0.0,11.158957255116814,-5.142820259233878,False,-5.0,0.0,7.586088858102618e-19,0.007500239686372325,1.0,1.809762563682225,0.0
88001,product_to_joint_diagP,0.0,80,0.012798710127542606,0.0,11.158957255116814,-5.142820259233878,False,-5.0,0.0,1.7605518457110832e-19,0.007500239686372324,0.0,1.809762563682225,0.0
88001,product_to_joint_diagP,0.25,80,0.012798710127542606,0.0,11.158957255116814,-5.142820259233878,False,-5.0,0.0,-4.8673244227975573e-20,0.007500239686372325,0.25,1.809762563682225,0.0
88001,product_to_joint_diagP,0.5,80,0.012798710127542606,0.0,11.158957255116814,-5.142820259233878,False,-5.0,0.0,7.106851321270845e-19,0.007500239686372324,0.49999999999999994,1.809762563682225,0.0
88001,product_to_joint_diagP,0.75,80,0.012798710127542606,0.0,11.158957255116814,-5.142820259233878,False,-5.0,0.0,7.577918123108183e-19,0.007500239686372325,0.7500000000000001,1.809762563682225,0.0
88001,product_to_joint_diagP,1.0,80,0.012798710127542606,0.0,11.158957255116814,-5.142820259233878,False,-5.0,0.0,7.586088858102618e-19,0.007500239686372325,1.0,1.809762563682225,0.0
88001,gaussian_to_joint,0.0,80,0.012798710127542606,0.0,11.158957255116814,-5.142820259233878,False,-5.0,0.0,7.586088858102618e-19,0.007500239686372325,0.0,1.809762563682225,0.0
88001,gaussian_to_joint,0.25,80,0.012798710127542606,0.0,11.158957255116814,-5.142820259233878,False,-5.0,0.0,9.820634564853365e-19,0.007500239686372325,0.25,1.809762563682225,0.0
88001,gaussian_to_joint,0.5,80,0.012798710127542606,0.0,11.158957255116814,-5.142820259233878,False,-5.0,0.0,8.6702928844743545e-19,0.007500239686372325,0.49999999999999994,1.809762563682225,0.0
88001,gaussian_to_joint,0.75,80,0.012798710127542606,0.0,11.158957255116814,-5.142820259233878,False,-5.0,0.0,9.820634564853365e-19,0.007500239686372325,0.7500000000000001,1.809762563682225,0.0
88001,gaussian_to_joint,1.0,80,0.012798710127542606,0.0,11.158957255116814,-5.142820259233878,False,-5.0,0.0,7.586088858102618e-19,0.007500239686372325,1.0,1.809762563682225,0.0
88001,product_to_joint,0.0,84,0.007798710127542605,4.822442845782009,10.700626403366917,-0.26100823772097836,False,6.0,9.0,0.03767533473267195,0.006888733241237377,0.0,1.9042009742483748,0.1059326470099653
88001,product_to_joint,0.25,84,0.007798710127542605,4.9005637579209065,10.95524526659767,-0.18487302428942165,False,6.0,9.0,0.03828565435875708,0.007225280691608315,0.2703831232776509,1.9317546108136199,0.1059326470099653
88001,product_to_joint,0.5,84,0.007798710127542605,4.974550757634738,11.190547579037126,-0.11272107910264673,False,6.0,9.0,0.03886367779402139,0.007543332221599955,0.5264584239474633,1.9585693580859664,0.1059326470099653
88001,product_to_joint,0.75,84,0.007798710127542605,5.044723517318268,11.40879291152907,-0.04425035150391032,False,6.0,9.0,0.039411902479048966,0.007844369854623775,0.7693323153647895,1.9846838120123738,0.1059326470099653
88001,product_to_joint,1.0,84,0.007798710127542605,5.1113695775687304,11.611880051763919,0.0208118910092292,True,6.0,9.0,0.03993257482475571,0.008129721578158743,1.0,2.01013362125834,0.1059326470099653
88001,product_to_joint_diagP,0.0,84,0.007798710127542605,4.822442845782009,10.700626403366917,-0.26100823772097836,False,6.0,9.0,0.03767533473267195,0.006888733241237377,0.0,1.9042009742483748,0.1009264197878541
88001,product_to_joint_diagP,0.25,84,0.007798710127542605,4.899967765307466,10.941167339517909,-0.18535922723037146,False,6.0,9.0,0.038280998166464575,0.007206466232381188,0.269396650370946,1.930403481663408,0.1009264197878541
88001,product_to_joint_diagP,0.5,84,0.007798710127542605,4.973583845982775,11.164285835556049,-0.11348318302975624,False,6.0,9.0,0.03885612379674043,0.007507499891235195,0.5252102090145496,1.9559369118817829,0.1009264197878541
88001,product_to_joint_diagP,0.75,84,0.007798710127542605,5.043579446166696,11.3719301917732,-0.04510694098959345,False,6.0,9.0,0.03940296442317731,0.007793115007724784,0.7684427121332382,1.980834585411137,0.1009264197878541
88001,product_to_joint_diagP,1.0,84,0.007798710127542605,5.110215241684886,11.565750813759875,0.020017303680982756,True,6.0,9.0,0.03992355657566317,0.008064464836791211,1.0,2.005127394036229,0.1009264197878541
88001,gaussian_to_joint,0.0,84,0.007798710127542605,4.654333397734238,11.450455849336421,-0.4349653882629614,False,6.0,9.0,0.03636197966979873,0.007902498727881024,0.0,1.9842462011787054,0.025887420079634627
88001,gaussian_to_joint,0.25,84,0.007798710127542605,4.7708251718243435,11.493541726586626,-0.3188096284401212,False,6.0,9.0,0.037272071654877684,0.007962835780077386,0.25488523497700183,1.990781154182789,0.025887420079634627
88001,gaussian_to_joint,0.5,84,0.007798710127542605,4.885809194370374,11.53475845941338,-0.20414704324581123,False,6.0,9.0,0.03817038433101855,0.008020767377747104,0.5064714936133976,1.9972736786942975,0.025887420079634627
88001,gaussian_to_joint,0.75,84,0.007798710127542605,4.999314549368894,11.574180894662843,-0.09094913239232305,False,6.0,9.0,0.03905714491694449,0.00807637105605337,0.7548224120015785,2.003724322099217,0.025887420079634627
88001,gaussian_to_joint,1.0,84,0.007798710127542605,5.1113695775687304,11.611880051763919,0.0208118910092292,True,6.0,9.0,0.03993257482475571,0.008129721578158743,1.0,2.01013362125834,0.025887420079634627
88001,product_to_joint,0.0,88,0.0,0.0,11.158957255116814,-5.0,False,-5.0,0.0,1.7605518457110832e-19,0.007500239686372324,0.0,1.809762563682225,0.0
88001,product_to_joint,0.25,88,0.0,0.0,11.158957255116814,-5.0,False,-5.0,0.0,-4.8673244227975573e-20,0.007500239686372325,0.25,1.809762563682225,0.0
88001,product_to_joint,0.5,88,0.0,0.0,11.158957255116814,-5.0,False,-5.0,0.0,7.106851321270845e-19,0.007500239686372324,0.49999999999999994,1.809762563682225,0.0
88001,product_to_joint,0.75,88,0.0,0.0,11.158957255116814,-5.0,False,-5.0,0.0,7.577918123108183e-19,0.007500239686372325,0.7500000000000001,1.809762563682225,0.0
88001,product_to_joint,1.0,88,0.0,0.0,11.158957255116814,-5.0,False,-5.0,0.0,7.586088858102618e-19,0.007500239686372325,1.0,1.809762563682225,0.0
88001,product_to_joint_diagP,0.0,88,0.0,0.0,11.158957255116814,-5.0,False,-5.0,0.0,1.7605518457110832e-19,0.007500239686372324,0.0,1.809762563682225,0.0
88001,product_to_joint_diagP,0.25,88,0.0,0.0,11.158957255116814,-5.0,False,-5.0,0.0,-4.8673244227975573e-20,0.007500239686372325,0.25,1.809762563682225,0.0
88001,product_to_joint_diagP,0.5,88,0.0,0.0,11.158957255116814,-5.0,False,-5.0,0.0,7.106851321270845e-19,0.007500239686372324,0.49999999999999994,1.809762563682225,0.0
88001,product_to_joint_diagP,0.75,88,0.0,0.0,11.158957255116814,-5.0,False,-5.0,0.0,7.577918123108183e-19,0.007500239686372325,0.7500000000000001,1.809762563682225,0.0
88001,product_to_joint_diagP,1.0,88,0.0,0.0,11.158957255116814,-5.0,False,-5.0,0.0,7.586088858102618e-19,0.007500239686372325,1.0,1.809762563682225,0.0
88001,gaussian_to_joint,0.0,88,0.0,0.0,11.158957255116814,-5.0,False,-5.0,0.0,7.586088858102618e-19,0.007500239686372325,0.0,1.809762563682225,0.0
88001,gaussian_to_joint,0.25,88,0.0,0.0,11.158957255116814,-5.0,False,-5.0,0.0,9.820634564853365e-19,0.007500239686372325,0.25,1.809762563682225,0.0
88001,gaussian_to_joint,0.5,88,0.0,0.0,11.158957255116814,-5.0,False,-5.0,0.0,8.6702928844743545e-19,0.007500239686372325,0.49999999999999994,1.809762563682225,0.0
88001,gaussian_to_joint,0.75,88,0.0,0.0,11.158957255116814,-5.0,False,-5.0,0.0,9.820634564853365e-19,0.007500239686372325,0.7500000000000001,1.809762563682225,0.0
88001,gaussian_to_joint,1.0,88,0.0,0.0,11.158957255116814,-5.0,False,-5.0,0.0,7.586088858102618e-19,0.007500239686372325,1.0,1.809762563682225,0.0
88001,product_to_joint,0.0,92,0.0,-0.07653429098312071,12.803544101975215,-5.076534290983121,False,-5.0,0.0,-0.0005979241483056306,0.009905538425978046,0.0,1.128572187031672,0.00149470969539367
88001,product_to_joint,0.25,92,0.0,-0.07721414329218107,12.806175516788619,-5.077214143292181,False,-5.0,0.0,-0.0006032354944701646,0.009909651572680436,0.2502803627809302,1.1289460739599195,0.00149470969539367
88001,product_to_joint,0.5,92,0.0,-0.07789348751041564,12.808804388971083,-5.077893487510416,False,-5.0,0.0,-0.0006085428711751222,0.009913761589045708,0.5003736773542773,1.129319821148977,0.00149470969539367
88001,product_to_joint,0.75,92,0.0,-0.0785723242072009,12.811430722371249,-5.078572324207201,False,-5.0,0.0,-0.000613846282868757,0.009917868478644893,0.750280153328753,1.12969342870326,0.00149470969539367
88001,product_to_joint,1.0,92,0.0,-0.0792506539510568,12.814054520829629,-5.079250653951057,False,-5.0,0.0,-0.0006191457339926312,0.009921972245043594,1.0,1.1300668967270657,0.00149470969539367
88001,product_to_joint_diagP,0.0,92,0.0,-0.07653429098312071,12.803544101975215,-5.076534290983121,False,-5.0,0.0,-0.0005979241483056306,0.009905538425978046,0.0,1.128572187031672,0.001490426092434216
88001,product_to_joint_diagP,0.25,92,0.0,-0.07721411572342256,12.806161961128973,-5.0772141157234225,False,-5.0,0.0,-0.0006032352790892387,0.00990963038175456,0.2502795590060903,1.1289450018599387,0.001490426092434216
88001,product_to_joint_diagP,0.5,92,0.0,-0.0778934338495518,12.80877729893862,-5.077893433849551,False,-5.0,0.0,-0.0006085424519496235,0.009913719231799643,0.5003726064541338,1.1293176777491056,0.001490426092434216
88001,product_to_joint_diagP,0.75,92,0.0,-0.07857224592760194,12.811390119207582,-5.078572245927602,False,-5.0,0.0,-0.0006138456713093901,0.009917804979646585,0.7502793507527069,1.1296902148026935,0.001490426092434216
88001,product_to_joint_diagP,1.0,92,0.0,-0.07925055252282079,12.81400042573128,-5.07925055252282,False,-5.0,0.0,-0.0006191449415845374,0.00992188762882333,1.0,1.1300626131241063,0.001490426092434216
88001,gaussian_to_joint,0.0,92,0.0,-0.06336134211216989,12.81634144036492,-5.06336134211217,False,-5.0,0.0,-0.0004950104852513272,0.009925549799561471,0.0,1.1291338711884977,0.0009330255385679997
88001,gaussian_to_joint,0.25,92,0.0,-0.06733645043280274,12.81577119631847,-5.067336450432803,False,-5.0,0.0,-0.0005260660190062714,0.00992465767556068,0.2501749830917107,1.1293672091986418,0.0009330255385679997
88001,gaussian_to_joint,0.5,92,0.0,-0.0713097043147795,12.815199960777337,-5.071309704314779,False,-5.0,0.0,-0.0005571070649592148,0.009923764040204314,0.5002332563677204,1.12960049277486,0.0009330255385679997
88001,gaussian_to_joint,0.75,92,0.0,-0.07528110505547489,12.814627735146725,-5.075281105055475,False,-5.0,0.0,-0.0005881336332458976,0.00992286889589793,0.7501749014789065,1.1298337219425436,0.0009330255385679997
88001,gaussian_to_joint,1.0,92,0.0,-0.0792506539510568,12.814054520829629,-5.079250653951057,False,-5.0,0.0,-0.0006191457339926312,0.009921972245043594,1.0,1.1300668967270657,0.0009330255385679997
88001,product_to_joint,0.0,96,0.0,0.0,11.158957255116814,-5.0,False,-5.0,0.0,1.7605518457110832e-19,0.007500239686372324,0.0,1.809762563682225,0.0
88001,product_to_joint,0.25,96,0.0,0.0,11.158957255116814,-5.0,False,-5.0,0.0,-4.8673244227975573e-20,0.007500239686372325,0.25,1.809762563682225,0.0
88001,product_to_joint,0.5,96,0.0,0.0,11.158957255116814,-5.0,False,-5.0,0.0,7.106851321270845e-19,0.007500239686372324,0.49999999999999994,1.809762563682225,0.0
88001,product_to_joint,0.75,96,0.0,0.0,11.158957255116814,-5.0,False,-5.0,0.0,7.577918123108183e-19,0.007500239686372325,0.7500000000000001,1.809762563682225,0.0
88001,product_to_joint,1.0,96,0.0,0.0,11.158957255116814,-5.0,False,-5.0,0.0,7.586088858102618e-19,0.007500239686372325,1.0,1.809762563682225,0.0
88001,product_to_joint_diagP,0.0,96,0.0,0.0,11.158957255116814,-5.0,False,-5.0,0.0,1.7605518457110832e-19,0.007500239686372324,0.0,1.809762563682225,0.0
88001,product_to_joint_diagP,0.25,96,0.0,0.0,11.158957255116814,-5.0,False,-5.0,0.0,-4.8673244227975573e-20,0.007500239686372325,0.25,1.809762563682225,0.0
88001,product_to_joint_diagP,0.5,96,0.0,0.0,11.158957255116814,-5.0,False,-5.0,0.0,7.106851321270845e-19,0.007500239686372324,0.49999999999999994,1.809762563682225,0.0
88001,product_to_joint_diagP,0.75,96,0.0,0.0,11.158957255116814,-5.0,False,-5.0,0.0,7.577918123108183e-19,0.007500239686372325,0.7500000000000001,1.809762563682225,0.0
88001,product_to_joint_diagP,1.0,96,0.0,0.0,11.158957255116814,-5.0,False,-5.0,0.0,7.586088858102618e-19,0.007500239686372325,1.0,1.809762563682225,0.0
88001,gaussian_to_joint,0.0,96,0.0,0.0,11.158957255116814,-5.0,False,-5.0,0.0,7.586088858102618e-19,0.007500239686372325,0.0,1.809762563682225,0.0
88001,gaussian_to_joint,0.25,96,0.0,0.0,11.158957255116814,-5.0,False,-5.0,0.0,9.820634564853365e-19,0.007500239686372325,0.25,1.809762563682225,0.0
88001,gaussian_to_joint,0.5,96,0.0,0.0,11.158957255116814,-5.0,False,-5.0,0.0,8.6702928844743545e-19,0.007500239686372325,0.49999999999999994,1.809762563682225,0.0
88001,gaussian_to_joint,0.75,96,0.0,0.0,11.158957255116814,-5.0,False,-5.0,0.0,9.820634564853365e-19,0.007500239686372325,0.7500000000000001,1.809762563682225,0.0
88001,gaussian_to_joint,1.0,96,0.0,0.0,11.158957255116814,-5.0,False,-5.0,0.0,7.586088858102618e-19,0.007500239686372325,1.0,1.809762563682225,0.0
88001,product_to_joint,0.0,100,0.0,0.0,11.158957255116814,-5.0,False,-3.0,0.0,1.7605518457110832e-19,0.007500239686372324,0.0,1.809762563682225,0.0
88001,product_to_joint,0.25,100,0.0,0.0,11.158957255116814,-5.0,False,-3.0,0.0,-4.8673244227975573e-20,0.007500239686372325,0.25,1.809762563682225,0.0
88001,product_to_joint,0.5,100,0.0,0.0,11.158957255116814,-5.0,False,-3.0,0.0,7.106851321270845e-19,0.007500239686372324,0.49999999999999994,1.809762563682225,0.0
88001,product_to_joint,0.75,100,0.0,0.0,11.158957255116814,-5.0,False,-3.0,0.0,7.577918123108183e-19,0.007500239686372325,0.7500000000000001,1.809762563682225,0.0
88001,product_to_joint,1.0,100,0.0,0.0,11.158957255116814,-5.0,False,-3.0,0.0,7.586088858102618e-19,0.007500239686372325,1.0,1.809762563682225,0.0
88001,product_to_joint_diagP,0.0,100,0.0,0.0,11.158957255116814,-5.0,False,-3.0,0.0,1.7605518457110832e-19,0.007500239686372324,0.0,1.809762563682225,0.0
88001,product_to_joint_diagP,0.25,100,0.0,0.0,11.158957255116814,-5.0,False,-3.0,0.0,-4.8673244227975573e-20,0.007500239686372325,0.25,1.809762563682225,0.0
88001,product_to_joint_diagP,0.5,100,0.0,0.0,11.158957255116814,-5.0,False,-3.0,0.0,7.106851321270845e-19,0.007500239686372324,0.49999999999999994,1.809762563682225,0.0
88001,product_to_joint_diagP,0.75,100,0.0,0.0,11.158957255116814,-5.0,False,-3.0,0.0,7.577918123108183e-19,0.007500239686372325,0.7500000000000001,1.809762563682225,0.0
88001,product_to_joint_diagP,1.0,100,0.0,0.0,11.158957255116814,-5.0,False,-3.0,0.0,7.586088858102618e-19,0.007500239686372325,1.0,1.809762563682225,0.0
88001,gaussian_to_joint,0.0,100,0.0,0.0,11.158957255116814,-5.0,False,-3.0,0.0,7.586088858102618e-19,0.007500239686372325,0.0,1.809762563682225,0.0
88001,gaussian_to_joint,0.25,100,0.0,0.0,11.158957255116814,-5.0,False,-3.0,0.0,9.820634564853365e-19,0.007500239686372325,0.25,1.809762563682225,0.0
88001,gaussian_to_joint,0.5,100,0.0,0.0,11.158957255116814,-5.0,False,-3.0,0.0,8.6702928844743545e-19,0.007500239686372325,0.49999999999999994,1.809762563682225,0.0
88001,gaussian_to_joint,0.75,100,0.0,0.0,11.158957255116814,-5.0,False,-3.0,0.0,9.820634564853365e-19,0.007500239686372325,0.7500000000000001,1.809762563682225,0.0
88001,gaussian_to_joint,1.0,100,0.0,0.0,11.158957255116814,-5.0,False,-3.0,0.0,7.586088858102618e-19,0.007500239686372325,1.0,1.809762563682225,0.0
88001,product_to_joint,0.0,104,0.0,0.0,12.890462726661413,-5.0,False,-3.0,0.0,-1.2488856386635861e-20,0.010041847491909619,0.0,1.1151861303294424,0.0
88001,product_to_joint,0.25,104,0.0,0.0,12.890462726661411,-5.0,False,-3.0,0.0,-6.329934297457138e-19,0.010041847491909617,0.25,1.1151861303294424,0.0
88001,product_to_joint,0.5,104,0.0,0.0,12.890462726661411,-5.0,False,-3.0,0.0,6.411556638439304e-19,0.010041847491909617,0.5,1.1151861303294424,0.0
88001,product_to_joint,0.75,104,0.0,0.0,12.890462726661413,-5.0,False,-3.0,0.0,4.738396538401912e-19,0.010041847491909619,0.75,1.1151861303294424,0.0
88001,product_to_joint,1.0,104,0.0,0.0,12.890462726661411,-5.0,False,-3.0,0.0,6.110355103519841e-19,0.010041847491909617,1.0,1.1151861303294424,0.0
88001,product_to_joint_diagP,0.0,104,0.0,0.0,12.890462726661413,-5.0,False,-3.0,0.0,-1.2488856386635861e-20,0.010041847491909619,0.0,1.1151861303294424,0.0
88001,product_to_joint_diagP,0.25,104,0.0,0.0,12.890462726661411,-5.0,False,-3.0,0.0,-6.329934297457138e-19,0.010041847491909617,0.25,1.1151861303294424,0.0
88001,product_to_joint_diagP,0.5,104,0.0,0.0,12.890462726661411,-5.0,False,-3.0,0.0,6.411556638439304e-19,0.010041847491909617,0.5,1.1151861303294424,0.0
88001,product_to_joint_diagP,0.75,104,0.0,0.0,12.890462726661413,-5.0,False,-3.0,0.0,4.738396538401912e-19,0.010041847491909619,0.75,1.1151861303294424,0.0
88001,product_to_joint_diagP,1.0,104,0.0,0.0,12.890462726661411,-5.0,False,-3.0,0.0,6.110355103519841e-19,0.010041847491909617,1.0,1.1151861303294424,0.0
88001,gaussian_to_joint,0.0,104,0.0,0.0,12.890462726661411,-5.0,False,-3.0,0.0,6.110355103519841e-19,0.010041847491909617,0.0,1.1151861303294424,0.0
88001,gaussian_to_joint,0.25,104,0.0,0.0,12.890462726661413,-5.0,False,-3.0,0.0,6.855744097103625e-19,0.01004184749190962,0.25,1.1151861303294424,0.0
88001,gaussian_to_joint,0.5,104,0.0,0.0,12.890462726661411,-5.0,False,-3.0,0.0,6.584698885415723e-19,0.010041847491909617,0.5,1.1151861303294424,0.0
88001,gaussian_to_joint,0.75,104,0.0,0.0,12.890462726661413,-5.0,False,-3.0,0.0,6.855744097103625e-19,0.01004184749190962,0.75,1.1151861303294424,0.0
88001,gaussian_to_joint,1.0,104,0.0,0.0,12.890462726661411,-5.0,False,-3.0,0.0,6.110355103519841e-19,0.010041847491909617,1.0,1.1151861303294424,0.0
88001,product_to_joint,0.0,108,0.0,-3.082707605998558,13.259347395367529,-8.082707605998557,False,1.0,4.0,-0.024083653171863735,0.010630608725039042,0.0,1.1026844631659571,0.8634138211702034
88001,product_to_joint,0.25,108,0.0,-1.0354727652202134,18.45556020778289,-6.035472765220213,False,1.0,4.0,-0.008089630978282917,0.020689044347112995,0.4414699500224043,1.3974492478402212,0.8634138211702034
88001,product_to_joint,0.5,108,0.0,0.179055832223171,20.842571485699168,-4.820944167776829,False,1.0,4.0,0.0013988736892435235,0.026414452278837895,0.7033734056172986,1.6248184717680276,0.8634138211702034
88001,product_to_joint,0.75,108,0.0,0.9830671024119164,22.24608523209546,-4.016932897588084,False,1.0,4.0,0.007680211737593097,0.030105585214456526,0.8767520567605783,1.8099472559572463,0.8634138211702034
88001,product_to_joint,1.0,108,0.0,1.554606532085922,23.175240120193422,-3.4453934679140783,False,1.0,4.0,0.012145363531921265,0.03268147916434465,1.0,1.9660982843361605,0.8634138211702034
88001,product_to_joint_diagP,0.0,108,0.0,-3.082707605998558,13.259347395367529,-8.082707605998557,False,1.0,4.0,-0.024083653171863735,0.010630608725039042,0.0,1.1026844631659571,0.8416063026299359
88001,product_to_joint_diagP,0.25,108,0.0,-1.0723873437636529,18.347378376253854,-6.072387343763653,False,1.0,4.0,-0.008378026123153538,0.020446038408290255,0.4360998450542903,1.3878804641080595,0.8416063026299359
88001,product_to_joint_diagP,0.5,108,0.0,0.1386158556856734,20.72678751193601,-4.861384144314327,False,1.0,4.0,0.0010829363725443234,0.02612068606963785,0.6988034140134879,1.609529400432785,0.8416063026299359
88001,product_to_joint_diagP,0.75,108,0.0,0.9479659273285505,22.138236186434888,-4.052034072671449,False,1.0,4.0,0.0074059838072543,0.02981342171913911,0.8743761560629312,1.7908533047481998,0.8416063026299359
88001,product_to_joint_diagP,1.0,108,0.0,1.5270630349074032,23.077846801918053,-3.4729369650925968,False,1.0,4.0,0.011930179960214088,0.032406531555956984,1.0,1.944290765795893,0.8416063026299359
88001,gaussian_to_joint,0.0,108,0.0,0.6696533891608645,21.865075013721174,-4.330346610839135,False,1.0,4.0,0.005231667102819254,0.029079779379617556,0.0,1.9575883892694281,0.008509895066732387
88001,gaussian_to_joint,0.25,108,0.0,0.8923067127557553,22.205312161079384,-4.107693287244245,False,1.0,4.0,0.006971146193404339,0.029994963877623286,0.25159899750053416,1.9597226618771417,0.008509895066732387
88001,gaussian_to_joint,0.5,108,0.0,1.1140126638578742,22.536813305423784,-3.8859873361421258,False,1.0,4.0,0.008703223936389642,0.030900241330781647,0.5021274609277708,1.9618523890647355,0.008509895066732387
88001,gaussian_to_joint,0.75,108,0.0,1.3347772761247365,22.859994807748873,-3.6652227238752637,False,1.0,4.0,0.010427947469724504,0.0317957130499454,0.7515922083348072,1.963977590152087,0.008509895066732387
88001,gaussian_to_joint,1.0,108,0.0,1.554606532085922,23.175240120193422,-3.4453934679140783,False,1.0,4.0,0.012145363531921265,0.03268147916434465,1.0,1.9660982843361605,0.008509895066732387
88001,product_to_joint,0.0,112,0.0,0.0,11.158957255116814,-5.0,False,-4.0,0.0,1.7605518457110832e-19,0.007500239686372324,0.0,1.809762563682225,0.0
88001,product_to_joint,0.25,112,0.0,0.0,11.158957255116814,-5.0,False,-4.0,0.0,-4.8673244227975573e-20,0.007500239686372325,0.25,1.809762563682225,0.0
88001,product_to_joint,0.5,112,0.0,0.0,11.158957255116814,-5.0,False,-4.0,0.0,7.106851321270845e-19,0.007500239686372324,0.49999999999999994,1.809762563682225,0.0
88001,product_to_joint,0.75,112,0.0,0.0,11.158957255116814,-5.0,False,-4.0,0.0,7.577918123108183e-19,0.007500239686372325,0.7500000000000001,1.809762563682225,0.0
88001,product_to_joint,1.0,112,0.0,0.0,11.158957255116814,-5.0,False,-4.0,0.0,7.586088858102618e-19,0.007500239686372325,1.0,1.809762563682225,0.0
88001,product_to_joint_diagP,0.0,112,0.0,0.0,11.158957255116814,-5.0,False,-4.0,0.0,1.7605518457110832e-19,0.007500239686372324,0.0,1.809762563682225,0.0
88001,product_to_joint_diagP,0.25,112,0.0,0.0,11.158957255116814,-5.0,False,-4.0,0.0,-4.8673244227975573e-20,0.007500239686372325,0.25,1.809762563682225,0.0
88001,product_to_joint_diagP,0.5,112,0.0,0.0,11.158957255116814,-5.0,False,-4.0,0.0,7.106851321270845e-19,0.007500239686372324,0.49999999999999994,1.809762563682225,0.0
88001,product_to_joint_diagP,0.75,112,0.0,0.0,11.158957255116814,-5.0,False,-4.0,0.0,7.577918123108183e-19,0.007500239686372325,0.7500000000000001,1.809762563682225,0.0
88001,product_to_joint_diagP,1.0,112,0.0,0.0,11.158957255116814,-5.0,False,-4.0,0.0,7.586088858102618e-19,0.007500239686372325,1.0,1.809762563682225,0.0
88001,gaussian_to_joint,0.0,112,0.0,0.0,11.158957255116814,-5.0,False,-4.0,0.0,7.586088858102618e-19,0.007500239686372325,0.0,1.809762563682225,0.0
88001,gaussian_to_joint,0.25,112,0.0,0.0,11.158957255116814,-5.0,False,-4.0,0.0,9.820634564853365e-19,0.007500239686372325,0.25,1.809762563682225,0.0
88001,gaussian_to_joint,0.5,112,0.0,0.0,11.158957255116814,-5.0,False,-4.0,0.0,8.6702928844743545e-19,0.007500239686372325,0.49999999999999994,1.809762563682225,0.0
88001,gaussian_to_joint,0.75,112,0.0,0.0,11.158957255116814,-5.0,False,-4.0,0.0,9.820634564853365e-19,0.007500239686372325,0.7500000000000001,1.809762563682225,0.0
88001,gaussian_to_joint,1.0,112,0.0,0.0,11.158957255116814,-5.0,False,-4.0,0.0,7.586088858102618e-19,0.007500239686372325,1.0,1.809762563682225,0.0
88001,product_to_joint,0.0,116,0.0,0.429220533688648,11.835274568982706,-4.570779466311352,False,12.0,17.0,0.0033532854194425624,0.008449421638379443,0.0,1.5907814076813547,0.6886300141134312
88001,product_to_joint,0.25,116,0.0,1.52480864089373,14.783662071364342,-3.4751913591062698,False,12.0,17.0,0.011912567506982266,0.013239640151385294,0.3989163713885178,1.8121205402528782,0.6886300141134312
88001,product_to_joint,0.5,116,0.0,2.2574019008487105,16.422453960491808,-2.7425980991512895,False,12.0,17.0,0.01763595235038055,0.016360998174101138,0.6656620973077764,1.9932373398276693,0.6886300141134312
88001,product_to_joint,0.75,116,0.0,2.781765115067479,17.482627170247707,-2.218234884932521,False,12.0,17.0,0.02173253996146468,0.018554922654655963,0.8565888418846193,2.146526589279821,0.6886300141134312
88001,product_to_joint,1.0,116,0.0,3.175631024167245,18.228555130393268,-1.8243689758327548,False,12.0,17.0,0.024809617376306603,0.020180775277208664,1.0,2.279411421794786,0.6886300141134312
88001,product_to_joint_diagP,0.0,116,0.0,0.429220533688648,11.835274568982706,-4.570779466311352,False,12.0,17.0,0.0033532854194425624,0.008449421638379443,0.0,1.5907814076813547,0.6469995776038671
88001,product_to_joint_diagP,0.25,116,0.0,1.4817418115019196,14.604462194366576,-3.5182581884980806,False,12.0,17.0,0.011576107902358747,0.012918207762859044,0.38897739803261305,1.795720663960977,0.6469995776038671
88001,product_to_joint_diagP,0.5,116,0.0,2.205173353427254,16.196593509578896,-2.794826646572746,False,12.0,17.0,0.01722791682365042,0.015911330646638994,0.6563340061740406,1.9657192685860232,0.6469995776038671
88001,product_to_joint_diagP,0.75,116,0.0,2.7329919486814873,17.246695319151943,-2.2670080513185127,False,12.0,17.0,0.02135149959907412,0.018054815639139257,0.85139847483901,2.110973929779708,0.6469995776038671
88001,product_to_joint_diagP,1.0,116,0.0,3.1350879777529066,17.99523228379593,-1.8649120222470934,False,12.0,17.0,0.024492874826194583,0.019664916073472368,1.0,2.2377809852852217,0.6469995776038671
88001,gaussian_to_joint,0.0,116,0.0,2.054104916915888,17.163991065389272,-2.945895083084112,False,12.0,17.0,0.016047694663405374,0.017881115069138354,0.0,2.2305051050058493,0.04890631678893653
88001,gaussian_to_joint,0.25,116,0.0,2.344895962633033,17.453173787853295,-2.655104037366967,False,12.0,17.0,0.01831949970807057,0.018492118851868244,0.259281566284549,2.242957739941998,0.04890631678893653
88001,gaussian_to_joint,0.5,116,0.0,2.6285776658200186,17.726145935532656,-2.3714223341799814,False,12.0,17.0,0.020535763014218895,0.019078237898425353,0.5122241427906217,2.2552572120867564,0.04890631678893653
88001,gaussian_to_joint,0.75,116,0.0,2.9054075947798346,17.98421854874358,-2.0945924052201654,False,12.0,17.0,0.022698496834217458,0.0196407297857039,0.7590573882852568,2.267407243398826,0.04890631678893653
88001,gaussian_to_joint,1.0,116,0.0,3.175631024167245,18.228555130393268,-1.8243689758327548,False,12.0,17.0,0.024809617376306603,0.020180775277208664,1.0,2.279411421794786,0.04890631678893653
88001,product_to_joint,0.0,120,0.0,0.0,11.158957255116814,-5.0,False,-5.0,0.0,1.7605518457110832e-19,0.007500239686372324,0.0,1.809762563682225,0.0
88001,product_to_joint,0.25,120,0.0,0.0,11.158957255116814,-5.0,False,-5.0,0.0,-4.8673244227975573e-20,0.007500239686372325,0.25,1.809762563682225,0.0
88001,product_to_joint,0.5,120,0.0,0.0,11.158957255116814,-5.0,False,-5.0,0.0,7.106851321270845e-19,0.007500239686372324,0.49999999999999994,1.809762563682225,0.0
88001,product_to_joint,0.75,120,0.0,0.0,11.158957255116814,-5.0,False,-5.0,0.0,7.577918123108183e-19,0.007500239686372325,0.7500000000000001,1.809762563682225,0.0
88001,product_to_joint,1.0,120,0.0,0.0,11.158957255116814,-5.0,False,-5.0,0.0,7.586088858102618e-19,0.007500239686372325,1.0,1.809762563682225,0.0
88001,product_to_joint_diagP,0.0,120,0.0,0.0,11.158957255116814,-5.0,False,-5.0,0.0,1.7605518457110832e-19,0.007500239686372324,0.0,1.809762563682225,0.0
88001,product_to_joint_diagP,0.25,120,0.0,0.0,11.158957255116814,-5.0,False,-5.0,0.0,-4.8673244227975573e-20,0.007500239686372325,0.25,1.809762563682225,0.0
88001,product_to_joint_diagP,0.5,120,0.0,0.0,11.158957255116814,-5.0,False,-5.0,0.0,7.106851321270845e-19,0.007500239686372324,0.49999999999999994,1.809762563682225,0.0
88001,product_to_joint_diagP,0.75,120,0.0,0.0,11.158957255116814,-5.0,False,-5.0,0.0,7.577918123108183e-19,0.007500239686372325,0.7500000000000001,1.809762563682225,0.0
88001,product_to_joint_diagP,1.0,120,0.0,0.0,11.158957255116814,-5.0,False,-5.0,0.0,7.586088858102618e-19,0.007500239686372325,1.0,1.809762563682225,0.0
88001,gaussian_to_joint,0.0,120,0.0,0.0,11.158957255116814,-5.0,False,-5.0,0.0,7.586088858102618e-19,0.007500239686372325,0.0,1.809762563682225,0.0
88001,gaussian_to_joint,0.25,120,0.0,0.0,11.158957255116814,-5.0,False,-5.0,0.0,9.820634564853365e-19,0.007500239686372325,0.25,1.809762563682225,0.0
88001,gaussian_to_joint,0.5,120,0.0,0.0,11.158957255116814,-5.0,False,-5.0,0.0,8.6702928844743545e-19,0.007500239686372325,0.49999999999999994,1.809762563682225,0.0
88001,gaussian_to_joint,0.75,120,0.0,0.0,11.158957255116814,-5.0,False,-5.0,0.0,9.820634564853365e-19,0.007500239686372325,0.7500000000000001,1.809762563682225,0.0
88001,gaussian_to_joint,1.0,120,0.0,0.0,11.158957255116814,-5.0,False,-5.0,0.0,7.586088858102618e-19,0.007500239686372325,1.0,1.809762563682225,0.0
88001,product_to_joint,0.0,124,0.0,18.2641548527529,14.197573045937636,13.264154852752899,True,3.0,8.0,0.14268870978713202,0.012202922387373957,0.0,1.0033448876493543,1.1287673675303678
88001,product_to_joint,0.25,124,0.0,19.03183213141736,20.065785860598247,14.03183213141736,True,3.0,8.0,0.14868618852669813,0.02447493665792142,0.5075381984991506,1.4240011969798965,1.1287673675303678
88001,product_to_joint,0.5,124,0.0,19.40705535986221,22.371472278839782,14.407055359862209,True,3.0,8.0,0.1516176199989235,0.03044704418474712,0.7556113494086723,1.7191931976947328,1.1287673675303678
88001,product_to_joint,0.75,124,0.0,19.629506290099606,23.62960804890213,14.629506290099606,True,3.0,8.0,0.15335551789140317,0.03397949075590456,0.9026814106505086,1.9468157826716164,1.1287673675303678
88001,product_to_joint,1.0,124,0.0,19.776705594617372,24.42542054311434,14.776705594617372,True,3.0,8.0,0.15450551245794822,0.0363136455510249,1.0,2.132112255179722,1.1287673675303678
88001,product_to_joint_diagP,0.0,124,0.0,18.2641548527529,14.197573045937636,13.264154852752899,True,3.0,8.0,0.14268870978713202,0.012202922387373957,0.0,1.0033448876493543,1.068298509689995
88001,product_to_joint_diagP,0.25,124,0.0,18.98817155595166,19.736676709469915,13.98817155595166,True,3.0,8.0,0.14834509028087234,0.023675415498909433,0.4924221355374663,1.3937679675201835,1.068298509689995
88001,product_to_joint_diagP,0.5,124,0.0,19.358472498348316,22.02877032710201,14.358472498348316,True,3.0,8.0,0.15123806639334622,0.02951833020777649,0.7442732047750804,1.6738433176146104,1.068298509689995
88001,product_to_joint_diagP,0.75,124,0.0,19.583379973163535,23.308281908260273,14.583379973163535,True,3.0,8.0,0.1529951560403401,0.0330589358834798,0.8972384865946118,1.8923949058054976,1.068298509689995
88001,product_to_joint_diagP,1.0,124,0.0,19.734471987072045,24.128605805130253,14.734471987072045,True,3.0,8.0,0.15417556239900035,0.03543403430782258,1.0,2.0716433973393493,1.068298509689995
88001,gaussian_to_joint,0.0,124,0.0,18.470767452566534,22.448941631966925,13.470767452566534,True,3.0,8.0,0.14430287072317605,0.030658970971402456,0.0,1.9625972898054669,0.16951496537425514
88001,gaussian_to_joint,0.25,124,0.0,18.840488836493556,23.033236552368933,13.840488836493556,True,3.0,8.0,0.1471913190351059,0.032280980595543476,0.28310788392044983,2.007745132776202,0.16951496537425514
88001,gaussian_to_joint,0.5,124,0.0,19.17894839069494,23.550334367268338,14.178948390694941,True,3.0,8.0,0.14983553430230423,0.033751211475228284,0.5422775515356875,2.0509423955302104,0.16951496537425514
88001,gaussian_to_joint,0.75,124,0.0,19.4899503042239,24.011463089280284,14.4899503042239,True,3.0,8.0,0.15226523675174922,0.03508984128954281,0.7804219961420517,2.092350667630434,0.16951496537425514
88001,gaussian_to_joint,1.0,124,0.0,19.776705594617372,24.42542054311434,14.776705594617372,True,3.0,8.0,0.15450551245794822,0.0363136455510249,1.0,2.132112255179722,0.16951496537425514
88001,product_to_joint,0.0,128,0.0,0.0,11.158957255116814,-5.0,False,-5.0,0.0,1.7605518457110832e-19,0.007500239686372324,0.0,1.809762563682225,0.0
88001,product_to_joint,0.25,128,0.0,0.0,11.158957255116814,-5.0,False,-5.0,0.0,-4.8673244227975573e-20,0.007500239686372325,0.25,1.809762563682225,0.0
88001,product_to_joint,0.5,128,0.0,0.0,11.158957255116814,-5.0,False,-5.0,0.0,7.106851321270845e-19,0.007500239686372324,0.49999999999999994,1.809762563682225,0.0
88001,product_to_joint,0.75,128,0.0,0.0,11.158957255116814,-5.0,False,-5.0,0.0,7.577918123108183e-19,0.007500239686372325,0.7500000000000001,1.809762563682225,0.0
88001,product_to_joint,1.0,128,0.0,0.0,11.158957255116814,-5.0,False,-5.0,0.0,7.586088858102618e-19,0.007500239686372325,1.0,1.809762563682225,0.0
88001,product_to_joint_diagP,0.0,128,0.0,0.0,11.158957255116814,-5.0,False,-5.0,0.0,1.7605518457110832e-19,0.007500239686372324,0.0,1.809762563682225,0.0
88001,product_to_joint_diagP,0.25,128,0.0,0.0,11.158957255116814,-5.0,False,-5.0,0.0,-4.8673244227975573e-20,0.007500239686372325,0.25,1.809762563682225,0.0
88001,product_to_joint_diagP,0.5,128,0.0,0.0,11.158957255116814,-5.0,False,-5.0,0.0,7.106851321270845e-19,0.007500239686372324,0.49999999999999994,1.809762563682225,0.0
88001,product_to_joint_diagP,0.75,128,0.0,0.0,11.158957255116814,-5.0,False,-5.0,0.0,7.577918123108183e-19,0.007500239686372325,0.7500000000000001,1.809762563682225,0.0
88001,product_to_joint_diagP,1.0,128,0.0,0.0,11.158957255116814,-5.0,False,-5.0,0.0,7.586088858102618e-19,0.007500239686372325,1.0,1.809762563682225,0.0
88001,gaussian_to_joint,0.0,128,0.0,0.0,11.158957255116814,-5.0,False,-5.0,0.0,7.586088858102618e-19,0.007500239686372325,0.0,1.809762563682225,0.0
88001,gaussian_to_joint,0.25,128,0.0,0.0,11.158957255116814,-5.0,False,-5.0,0.0,9.820634564853365e-19,0.007500239686372325,0.25,1.809762563682225,0.0
88001,gaussian_to_joint,0.5,128,0.0,0.0,11.158957255116814,-5.0,False,-5.0,0.0,8.6702928844743545e-19,0.007500239686372325,0.49999999999999994,1.809762563682225,0.0
88001,gaussian_to_joint,0.75,128,0.0,0.0,11.158957255116814,-5.0,False,-5.0,0.0,9.820634564853365e-19,0.007500239686372325,0.7500000000000001,1.809762563682225,0.0
88001,gaussian_to_joint,1.0,128,0.0,0.0,11.158957255116814,-5.0,False,-5.0,0.0,7.586088858102618e-19,0.007500239686372325,1.0,1.809762563682225,0.0
88001,product_to_joint,0.0,132,0.045000000000000005,0.110041164236029,11.019396926732838,-5.385831697466949,False,-5.0,0.0,0.0008596965955939766,0.00731132254814997,0.0,1.8472040915026136,0.016929243692967333
88001,product_to_joint,0.25,132,0.045000000000000005,0.11894455540596191,11.054674586955128,-5.378515801007019,False,-5.0,0.0,0.0009292543391090774,0.007358851942350558,0.2531876481795287,1.8514633468389898,0.016929243692967333
88001,product_to_joint,0.5,132,0.045000000000000005,0.12777258453637302,11.089535781905454,-5.371256525649373,False,-5.0,0.0,0.0009982233166904142,0.007405969473764734,0.504232209844696,1.855704537832799,0.016929243692967333
88001,product_to_joint,0.75,132,0.045000000000000005,0.13652620443866206,11.123988350360882,-5.3640532713275775,False,-5.0,0.0,0.0010666109721770474,0.007452680469907509,0.7531607802980277,1.859927817066025,0.016929243692967333
88001,product_to_joint,1.0,132,0.045000000000000005,0.1452063519296218,11.158039921675126,-5.356905444545759,False,-5.0,0.0,0.0011344246244501704,0.007498990166851552,1.0,1.8641333351955809,0.016929243692967333
88001,product_to_joint_diagP,0.0,132,0.045000000000000005,0.110041164236029,11.019396926732838,-5.385831697466949,False,-5.0,0.0,0.0008596965955939766,0.00731132254814997,0.0,1.8472040915026136,0.016703697673078555
88001,product_to_joint_diagP,0.25,132,0.045000000000000005,0.11894095862008895,11.0540599673513,-5.37849173991072,False,-5.0,0.0,0.0009292262392194449,0.007358022568469154,0.25314500348602176,1.8514062461819174,0.016703697673078555
88001,product_to_joint_diagP,0.5,132,0.045000000000000005,0.12776642499497887,11.08831945487351,-5.3712079504743295,False,-5.0,0.0,0.0009981751952732724,0.007404323018391501,0.5041758273260324,1.8555908166231934,0.016703697673078555
88001,product_to_joint_diagP,0.75,132,0.045000000000000005,0.136518490631371,11.122182877376812,-5.363979738850586,False,-5.0,0.0,0.001066550708057586,0.007450229001331417,0.7531188467291272,1.8597579493785772,0.016703697673078555
88001,product_to_joint_diagP,1.0,132,0.045000000000000005,0.14519806743973435,11.155657525779208,-5.35680652122033,False,-5.0,0.0,0.0011343599018729246,0.007495745534208636,1.0,1.863907789175692,0.016703697673078555
88001,gaussian_to_joint,0.0,132,0.045000000000000005,0.10357208620531061,11.135433769819159,-5.397522433436552,False,-5.0,0.0,0.0008091569234789891,0.0074682303004168045,0.0,1.8567344672107144,0.007398867984866442
88001,gaussian_to_joint,0.25,132,0.045000000000000005,0.11403851811386814,11.141135683327139,-5.387312587635853,False,-5.0,0.0,0.0008909259227645949,0.007475982929339922,0.2513898522400601,1.858589322712152,0.007398867984866442
88001,gaussian_to_joint,0.5,132,0.045000000000000005,0.12446623032508092,11.146803829436037,-5.377139941999541,False,-5.0,0.0,0.0009723924244146947,0.007483693579829705,0.5018497085579698,1.8604407440934714,0.007398867984866442
88001,gaussian_to_joint,0.75,132,0.045000000000000005,0.13485543730271998,11.152438484429176,-5.367004294496593,False,-5.0,0.0,0.0010535581039274999,0.007491362557920956,0.7513847200898769,1.8622887440471887,0.007398867984866442
88001,gaussian_to_joint,1.0,132,0.045000000000000005,0.1452063519296218,11.158039921675126,-5.356905444545759,False,-5.0,0.0,0.0011344246244501704,0.007498990166851552,1.0,1.8641333351955809,0.007398867984866442
88001,product_to_joint,0.0,136,0.04000000000000001,0.0,11.158957255116814,-5.446358290204673,False,-5.0,0.0,1.7605518457110832e-19,0.007500239686372324,0.0,1.809762563682225,0.0
88001,product_to_joint,0.25,136,0.04000000000000001,0.0,11.158957255116814,-5.446358290204673,False,-5.0,0.0,-4.8673244227975573e-20,0.007500239686372325,0.25,1.809762563682225,0.0
88001,product_to_joint,0.5,136,0.04000000000000001,0.0,11.158957255116814,-5.446358290204673,False,-5.0,0.0,7.106851321270845e-19,0.007500239686372324,0.49999999999999994,1.809762563682225,0.0
88001,product_to_joint,0.75,136,0.04000000000000001,0.0,11.158957255116814,-5.446358290204673,False,-5.0,0.0,7.577918123108183e-19,0.007500239686372325,0.7500000000000001,1.809762563682225,0.0
88001,product_to_joint,1.0,136,0.04000000000000001,0.0,11.158957255116814,-5.446358290204673,False,-5.0,0.0,7.586088858102618e-19,0.007500239686372325,1.0,1.809762563682225,0.0
88001,product_to_joint_diagP,0.0,136,0.04000000000000001,0.0,11.158957255116814,-5.446358290204673,False,-5.0,0.0,1.7605518457110832e-19,0.007500239686372324,0.0,1.809762563682225,0.0
88001,product_to_joint_diagP,0.25,136,0.04000000000000001,0.0,11.158957255116814,-5.446358290204673,False,-5.0,0.0,-4.8673244227975573e-20,0.007500239686372325,0.25,1.809762563682225,0.0
88001,product_to_joint_diagP,0.5,136,0.04000000000000001,0.0,11.158957255116814,-5.446358290204673,False,-5.0,0.0,7.106851321270845e-19,0.007500239686372324,0.49999999999999994,1.809762563682225,0.0
88001,product_to_joint_diagP,0.75,136,0.04000000000000001,0.0,11.158957255116814,-5.446358290204673,False,-5.0,0.0,7.577918123108183e-19,0.007500239686372325,0.7500000000000001,1.809762563682225,0.0
88001,product_to_joint_diagP,1.0,136,0.04000000000000001,0.0,11.158957255116814,-5.446358290204673,False,-5.0,0.0,7.586088858102618e-19,0.007500239686372325,1.0,1.809762563682225,0.0
88001,gaussian_to_joint,0.0,136,0.04000000000000001,0.0,11.158957255116814,-5.446358290204673,False,-5.0,0.0,7.586088858102618e-19,0.007500239686372325,0.0,1.809762563682225,0.0
88001,gaussian_to_joint,0.25,136,0.04000000000000001,0.0,11.158957255116814,-5.446358290204673,False,-5.0,0.0,9.820634564853365e-19,0.007500239686372325,0.25,1.809762563682225,0.0
88001,gaussian_to_joint,0.5,136,0.04000000000000001,0.0,11.158957255116814,-5.446358290204673,False,-5.0,0.0,8.6702928844743545e-19,0.007500239686372325,0.49999999999999994,1.809762563682225,0.0
88001,gaussian_to_joint,0.75,136,0.04000000000000001,0.0,11.158957255116814,-5.446358290204673,False,-5.0,0.0,9.820634564853365e-19,0.007500239686372325,0.7500000000000001,1.809762563682225,0.0
88001,gaussian_to_joint,1.0,136,0.04000000000000001,0.0,11.158957255116814,-5.446358290204673,False,-5.0,0.0,7.586088858102618e-19,0.007500239686372325,1.0,1.809762563682225,0.0
88001,product_to_joint,0.0,140,0.035,0.0026857334445963264,11.148058338668275,-5.387496308408793,False,-5.0,0.0,2.09822925359088e-05,0.007485400678854446,0.0,1.8125439247066515,0.0003262780079102967
88001,product_to_joint,0.25,140,0.035,0.0027712022540856123,11.147985930882065,-5.387408305326787,False,-5.0,0.0,2.1650017610043846e-05,0.007485302143258328,0.2500611821165352,1.8126255041895472,0.0003262780079102967
88001,product_to_joint,0.5,140,0.035,0.0028566571202784195,11.147913533783088,-5.387320316562129,False,-5.0,0.0,2.2317633752175152e-05,0.007485203622845712,0.500081569501254,1.8127070770177736,0.0003262780079102967
88001,product_to_joint,0.75,140,0.035,0.002942098046586926,11.147841147368986,-5.387232342111328,False,-5.0,0.0,2.298514098896036e-05,0.007485105117613101,0.75006117213616,1.812788643192417,0.0003262780079102967
88001,product_to_joint,1.0,140,0.035,0.003027525036421706,11.147768771637395,-5.387144381970887,False,-5.0,0.0,2.365253934704458e-05,0.007485006627557002,1.0,1.8128702027145618,0.0003262780079102967
88001,product_to_joint_diagP,0.0,140,0.035,0.0026857334445963264,11.148058338668275,-5.387496308408793,False,-5.0,0.0,2.09822925359088e-05,0.007485400678854446,0.0,1.8125439247066515,0.00032623913434104423
88001,product_to_joint_diagP,0.25,140,0.035,0.002771202242227391,11.147985824024934,-5.387408301598645,False,-5.0,0.0,2.165001751740149e-05,0.00748530199784307,0.250061174826552,1.8126254944687767,0.00032623913434104423
88001,product_to_joint_diagP,0.5,140,0.035,0.002856657098225546,11.147913320083463,-5.3873203091046955,False,-5.0,0.0,2.231763357988708e-05,0.007485203332037006,0.5000815597828618,1.8127070575778186,0.00032623913434104423
88001,product_to_joint_diagP,0.75,140,0.035,0.0029420980160008614,11.147840826841499,-5.387232330923451,False,-5.0,0.0,2.298514075000673e-05,0.007485104681432747,0.7500611648485546,1.8127886140348624,0.00032623913434104423
88001,product_to_joint_diagP,1.0,140,0.035,0.003027524998964509,11.147768344296674,-5.387144367051419,False,-5.0,0.0,2.3652539054410226e-05,0.007485006046026794,1.0,1.8128701638409925,0.00032623913434104423
88001,gaussian_to_joint,0.0,140,0.035,0.0021361517274914596,11.149624951502721,-5.388100721575103,False,-5.0,0.0,1.668868537102703e-05,0.0074875327489729035,0.0,1.8124232276736327,0.00044697504092905405
88001,gaussian_to_joint,0.25,140,0.035,0.0023590697671252206,11.149160786617076,-5.387861557764473,False,-5.0,0.0,1.8430232555665786e-05,0.007486901015981439,0.2500838171848262,1.812534990165262,0.00044697504092905405
88001,gaussian_to_joint,0.5,140,0.035,0.0025819379873600686,11.148696701692172,-5.387622446571866,False,-5.0,0.0,2.0171390526250536e-05,0.007486269418110468,0.500111743758372,1.8126467401674327,0.00044697504092905405
88001,gaussian_to_joint,0.75,140,0.035,0.0028047564048946875,11.148232696706211,-5.387383387979822,False,-5.0,0.0,2.1912159413239746e-05,0.007485637955316738,0.7500837984548248,1.812758477682936,0.00044697504092905405
88001,gaussian_to_joint,1.0,140,0.035,0.003027525036421706,11.147768771637395,-5.387144381970887,False,-5.0,0.0,2.365253934704458e-05,0.007485006627557002,1.0,1.8128702027145618,0.00044697504092905405
88001,product_to_joint,0.0,144,0.030000000000000002,0.0,12.849012371546142,-5.3854703711463845,False,-5.0,0.0,1.0150388444745493e-18,0.009976728449960072,0.0,1.121657815441739,0.0
88001,product_to_joint,0.25,144,0.030000000000000002,0.0,12.849012371546143,-5.3854703711463845,False,-5.0,0.0,1.2825214861955447e-18,0.009976728449960073,0.25,1.121657815441739,0.0
88001,product_to_joint,0.5,144,0.030000000000000002,0.0,12.849012371546143,-5.3854703711463845,False,-5.0,0.0,6.841981836774803e-19,0.009976728449960073,0.5,1.121657815441739,0.0
88001,product_to_joint,0.75,144,0.030000000000000002,0.0,12.849012371546143,-5.3854703711463845,False,-5.0,0.0,6.929332111180125e-19,0.009976728449960073,0.75,1.121657815441739,0.0
88001,product_to_joint,1.0,144,0.030000000000000002,0.0,12.849012371546143,-5.3854703711463845,False,-5.0,0.0,1.0795243422007956e-18,0.009976728449960073,1.0,1.121657815441739,0.0
88001,product_to_joint_diagP,0.0,144,0.030000000000000002,0.0,12.849012371546142,-5.3854703711463845,False,-5.0,0.0,1.0150388444745493e-18,0.009976728449960072,0.0,1.121657815441739,0.0
88001,product_to_joint_diagP,0.25,144,0.030000000000000002,0.0,12.849012371546143,-5.3854703711463845,False,-5.0,0.0,1.2825214861955447e-18,0.009976728449960073,0.25,1.121657815441739,0.0
88001,product_to_joint_diagP,0.5,144,0.030000000000000002,0.0,12.849012371546143,-5.3854703711463845,False,-5.0,0.0,6.841981836774803e-19,0.009976728449960073,0.5,1.121657815441739,0.0
88001,product_to_joint_diagP,0.75,144,0.030000000000000002,0.0,12.849012371546143,-5.3854703711463845,False,-5.0,0.0,6.929332111180125e-19,0.009976728449960073,0.75,1.121657815441739,0.0
88001,product_to_joint_diagP,1.0,144,0.030000000000000002,0.0,12.849012371546143,-5.3854703711463845,False,-5.0,0.0,1.0795243422007956e-18,0.009976728449960073,1.0,1.121657815441739,0.0
88001,gaussian_to_joint,0.0,144,0.030000000000000002,0.0,12.849012371546143,-5.3854703711463845,False,-5.0,0.0,1.0795243422007956e-18,0.009976728449960073,0.0,1.121657815441739,0.0
88001,gaussian_to_joint,0.25,144,0.030000000000000002,0.0,12.849012371546143,-5.3854703711463845,False,-5.0,0.0,7.407111632990757e-19,0.009976728449960073,0.25,1.121657815441739,0.0
88001,gaussian_to_joint,0.5,144,0.030000000000000002,0.0,12.849012371546143,-5.3854703711463845,False,-5.0,0.0,8.084737990794194e-19,0.009976728449960073,0.5,1.121657815441739,0.0
88001,gaussian_to_joint,0.75,144,0.030000000000000002,0.0,12.849012371546143,-5.3854703711463845,False,-5.0,0.0,7.407111632990757e-19,0.009976728449960073,0.75,1.121657815441739,0.0
88001,gaussian_to_joint,1.0,144,0.030000000000000002,0.0,12.849012371546143,-5.3854703711463845,False,-5.0,0.0,1.0795243422007956e-18,0.009976728449960073,1.0,1.121657815441739,0.0
88001,product_to_joint,0.0,148,0.025,0.08690339774943823,11.01136309305538,-5.188380679576946,False,-5.0,0.0,0.0006789327949174861,0.007300519846624885,0.0,1.848002979002628,0.006034876368853581
88001,product_to_joint,0.25,148,0.025,0.08949560763756384,11.014907391799362,-5.1858770771574205,False,-5.0,0.0,0.0006991844346684675,0.0073052847198435186,0.2511332456291037,1.8495151158776837,0.006034876368853581
88001,product_to_joint,0.5,148,0.025,0.09207999571632977,11.018439253846259,-5.183380985629826,False,-5.0,0.0,0.0007193749665338263,0.007310034398846441,0.5015087145133014,1.8510249696467445,0.006034876368853581
88001,product_to_joint,0.75,148,0.025,0.09465659733503701,11.02195874492704,-5.180892371288139,False,-5.0,0.0,0.0007395046666799766,0.007314768955985942,0.7511298312921082,1.8525325471937326,0.006034876368853581
88001,product_to_joint,1.0,148,0.025,0.09722544763029697,11.02546593030707,-5.17841120062738,False,-5.0,0.0,0.0007595738096116951,0.007319488463156855,1.0,1.8540378553714816,0.006034876368853581
88001,product_to_joint_diagP,0.0,148,0.025,0.08690339774943823,11.01136309305538,-5.188380679576946,False,-5.0,0.0,0.0006789327949174861,0.007300519846624885,0.0,1.848002979002628,0.006004470257156669
88001,product_to_joint_diagP,0.25,148,0.025,0.08949532406066427,11.014825286151783,-5.18587530809313,False,-5.0,0.0,0.0006991822192239396,0.00730517432156059,0.2511275273366841,1.8495074799791018,0.006004470257156669
88001,product_to_joint_diagP,0.5,148,0.025,0.09207946882304768,11.018275394977458,-5.183377416051389,False,-5.0,0.0,0.00071937085018006,0.0073098140063211445,0.5015011130542399,1.8510097208323195,0.006004470257156669
88001,product_to_joint_diagP,0.75,148,0.025,0.09465586702701698,11.021713483035724,-5.180886970048876,False,-5.0,0.0,0.0007394989611485701,0.007314438971077359,0.7511241473184652,1.8525097083425974,0.006004470257156669
88001,product_to_joint_diagP,1.0,148,0.025,0.09722455345353287,11.025139613382821,-5.178403936881038,False,-5.0,0.0,0.0007595668238557255,0.0073190492855580505,1.0,1.8540074492597847,0.006004470257156669
88001,gaussian_to_joint,0.0,148,0.025,0.06918011896587808,11.043984905510815,-5.206919503671893,False,-5.0,0.0,0.0005404696794209225,0.00734443375202336,0.0,1.8478317635286352,0.006206091842846373
88001,gaussian_to_joint,0.25,148,0.025,0.07622413646764664,11.03934320062934,-5.1997594435480865,False,-5.0,0.0,0.0005955010661534894,0.007338177386552809,0.251165446697192,1.8493869010579984,0.006206091842846373
88001,gaussian_to_joint,0.5,148,0.025,0.08324629612979084,11.034709480044041,-5.19262144087131,False,-5.0,0.0,0.000650361688513991,0.007331934406065298,0.5015515179809141,1.8509396238893272,0.006206091842846373
88001,gaussian_to_joint,0.75,148,0.025,0.09024669953320069,11.030083728394722,-5.185505393676667,False,-5.0,0.0,0.0007050523401031304,0.007325704776330443,0.7511618358764324,1.8524899395097143,0.006206091842846373
88001,gaussian_to_joint,1.0,148,0.025,0.09722544763029697,11.02546593030707,-5.17841120062738,False,-5.0,0.0,0.0007595738096116951,0.007319488463156855,1.0,1.8540378553714816,0.006206091842846373
88001,product_to_joint,0.0,152,0.015,0.0,11.158957255116814,-5.1673843588267525,False,-3.0,0.0,1.7605518457110832e-19,0.007500239686372324,0.0,1.809762563682225,0.0
88001,product_to_joint,0.25,152,0.015,0.0,11.158957255116814,-5.1673843588267525,False,-3.0,0.0,-4.8673244227975573e-20,0.007500239686372325,0.25,1.809762563682225,0.0
88001,product_to_joint,0.5,152,0.015,0.0,11.158957255116814,-5.1673843588267525,False,-3.0,0.0,7.106851321270845e-19,0.007500239686372324,0.49999999999999994,1.809762563682225,0.0
88001,product_to_joint,0.75,152,0.015,0.0,11.158957255116814,-5.1673843588267525,False,-3.0,0.0,7.577918123108183e-19,0.007500239686372325,0.7500000000000001,1.809762563682225,0.0
88001,product_to_joint,1.0,152,0.015,0.0,11.158957255116814,-5.1673843588267525,False,-3.0,0.0,7.586088858102618e-19,0.007500239686372325,1.0,1.809762563682225,0.0
88001,product_to_joint_diagP,0.0,152,0.015,0.0,11.158957255116814,-5.1673843588267525,False,-3.0,0.0,1.7605518457110832e-19,0.007500239686372324,0.0,1.809762563682225,0.0
88001,product_to_joint_diagP,0.25,152,0.015,0.0,11.158957255116814,-5.1673843588267525,False,-3.0,0.0,-4.8673244227975573e-20,0.007500239686372325,0.25,1.809762563682225,0.0
88001,product_to_joint_diagP,0.5,152,0.015,0.0,11.158957255116814,-5.1673843588267525,False,-3.0,0.0,7.106851321270845e-19,0.007500239686372324,0.49999999999999994,1.809762563682225,0.0
88001,product_to_joint_diagP,0.75,152,0.015,0.0,11.158957255116814,-5.1673843588267525,False,-3.0,0.0,7.577918123108183e-19,0.007500239686372325,0.7500000000000001,1.809762563682225,0.0
88001,product_to_joint_diagP,1.0,152,0.015,0.0,11.158957255116814,-5.1673843588267525,False,-3.0,0.0,7.586088858102618e-19,0.007500239686372325,1.0,1.809762563682225,0.0
88001,gaussian_to_joint,0.0,152,0.015,0.0,11.158957255116814,-5.1673843588267525,False,-3.0,0.0,7.586088858102618e-19,0.007500239686372325,0.0,1.809762563682225,0.0
88001,gaussian_to_joint,0.25,152,0.015,0.0,11.158957255116814,-5.1673843588267525,False,-3.0,0.0,9.820634564853365e-19,0.007500239686372325,0.25,1.809762563682225,0.0
88001,gaussian_to_joint,0.5,152,0.015,0.0,11.158957255116814,-5.1673843588267525,False,-3.0,0.0,8.6702928844743545e-19,0.007500239686372325,0.49999999999999994,1.809762563682225,0.0
88001,gaussian_to_joint,0.75,152,0.015,0.0,11.158957255116814,-5.1673843588267525,False,-3.0,0.0,9.820634564853365e-19,0.007500239686372325,0.7500000000000001,1.809762563682225,0.0
88001,gaussian_to_joint,1.0,152,0.015,0.0,11.158957255116814,-5.1673843588267525,False,-3.0,0.0,7.586088858102618e-19,0.007500239686372325,1.0,1.809762563682225,0.0
88001,product_to_joint,0.0,156,0.015,-8.911233817461522,13.367166693774715,-14.111741317868143,False,14.0,17.0,-0.06961901419891814,0.010805831629587405,0.0,1.0581364590710804,0.3527944596063919
88001,product_to_joint,0.25,156,0.015,-8.78178442591871,14.55423746885174,-14.000097987951486,False,14.0,17.0,-0.06860769082748992,0.012828822528059565,0.3217332569856711,1.1586690287580437,0.3527944596063919
88001,product_to_joint,0.5,156,0.015,-8.674935620128608,15.464751165005918,-13.906906887603697,False,14.0,17.0,-0.06777293453225475,0.014497078161349602,0.5872950636667756,1.2500116597371527,0.3527944596063919
88001,product_to_joint,0.75,156,0.015,-8.585243837516206,16.189030536705715,-13.828079295566791,False,14.0,17.0,-0.06707221748059536,0.015896381208397835,0.8102148395020644,1.3337046787564848,0.3527944596063919
88001,product_to_joint,1.0,156,0.015,-8.508883768990845,16.78065797503728,-13.760593638616404,False,14.0,17.0,-0.06647565444524098,0.01708691907197157,1.0,1.4109309186774723,0.3527944596063919
88001,product_to_joint_diagP,0.0,156,0.015,-8.911233817461522,13.367166693774715,-14.111741317868143,False,14.0,17.0,-0.06961901419891814,0.010805831629587405,0.0,1.0581364590710804,0.32670233761353495
88001,product_to_joint_diagP,0.25,156,0.015,-8.78451950209832,14.459513627408445,-14.001412206509446,False,14.0,17.0,-0.06862905861014312,0.012661079976880527,0.3160660903899735,1.1503483760243798,0.32670233761353495
88001,product_to_joint_diagP,0.5,156,0.015,-8.678321954950516,15.314293992824037,-13.908036364842877,False,14.0,17.0,-0.0677993902730509,0.014214428741372461,0.5809567891228057,1.234770514303332,0.32670233761353495
88001,product_to_joint_diagP,0.75,156,0.015,-8.588031449631421,16.004619003316602,-13.82810073468117,False,14.0,17.0,-0.06709399570024548,0.01553402279304949,0.8061702303487785,1.3126170791020755,0.32670233761353495
88001,product_to_joint_diagP,1.0,156,0.015,-8.51032299780713,16.575349390053457,-13.75895323865793,False,14.0,17.0,-0.0664868984203682,0.016668933557272066,1.0,1.3848387966846154,0.32670233761353495
88001,gaussian_to_joint,0.0,156,0.015,-8.603003109161502,16.244622347135735,-13.846672444368538,False,14.0,17.0,-0.06721096179032424,0.01600643037115855,0.0,1.3880500934428746,0.02288082523459778
88001,gaussian_to_joint,0.25,156,0.015,-8.579067182374406,16.382658448646,-13.824807059104096,False,14.0,17.0,-0.06702396236230004,0.01628131700714064,0.2543146471670267,1.3938195677875425,0.02288082523459778
88001,gaussian_to_joint,0.5,156,0.015,-8.55540508051989,16.51794756600035,-13.803174294009896,False,14.0,17.0,-0.06683910219156164,0.016552990221749074,0.5057199567623818,1.3995559461531197,0.02288082523459778
88001,gaussian_to_joint,0.75,156,0.015,-8.532012131521707,16.65058420775186,-13.781770894637985,False,14.0,17.0,-0.06665634477751334,0.016821506009487036,0.754265568703237,1.4052596060780913,0.02288082523459778
88001,gaussian_to_joint,1.0,156,0.015,-8.508883768990845,16.78065797503728,-13.760593638616404,False,14.0,17.0,-0.06647565444524098,0.01708691907197157,1.0,1.4109309186774723,0.02288082523459778
88001,product_to_joint,0.0,160,0.009999999999999998,0.0,11.158957255116814,-5.111589572551168,False,-5.0,0.0,1.7605518457110832e-19,0.007500239686372324,0.0,1.809762563682225,0.0
88001,product_to_joint,0.25,160,0.009999999999999998,0.0,11.158957255116814,-5.111589572551168,False,-5.0,0.0,-4.8673244227975573e-20,0.007500239686372325,0.25,1.809762563682225,0.0
88001,product_to_joint,0.5,160,0.009999999999999998,0.0,11.158957255116814,-5.111589572551168,False,-5.0,0.0,7.106851321270845e-19,0.007500239686372324,0.49999999999999994,1.809762563682225,0.0
88001,product_to_joint,0.75,160,0.009999999999999998,0.0,11.158957255116814,-5.111589572551168,False,-5.0,0.0,7.577918123108183e-19,0.007500239686372325,0.7500000000000001,1.809762563682225,0.0
88001,product_to_joint,1.0,160,0.009999999999999998,0.0,11.158957255116814,-5.111589572551168,False,-5.0,0.0,7.586088858102618e-19,0.007500239686372325,1.0,1.809762563682225,0.0
88001,product_to_joint_diagP,0.0,160,0.009999999999999998,0.0,11.158957255116814,-5.111589572551168,False,-5.0,0.0,1.7605518457110832e-19,0.007500239686372324,0.0,1.809762563682225,0.0
88001,product_to_joint_diagP,0.25,160,0.009999999999999998,0.0,11.158957255116814,-5.111589572551168,False,-5.0,0.0,-4.8673244227975573e-20,0.007500239686372325,0.25,1.809762563682225,0.0
88001,product_to_joint_diagP,0.5,160,0.009999999999999998,0.0,11.158957255116814,-5.111589572551168,False,-5.0,0.0,7.106851321270845e-19,0.007500239686372324,0.49999999999999994,1.809762563682225,0.0
88001,product_to_joint_diagP,0.75,160,0.009999999999999998,0.0,11.158957255116814,-5.111589572551168,False,-5.0,0.0,7.577918123108183e-19,0.007500239686372325,0.7500000000000001,1.809762563682225,0.0
88001,product_to_joint_diagP,1.0,160,0.009999999999999998,0.0,11.158957255116814,-5.111589572551168,False,-5.0,0.0,7.586088858102618e-19,0.007500239686372325,1.0,1.809762563682225,0.0
88001,gaussian_to_joint,0.0,160,0.009999999999999998,0.0,11.158957255116814,-5.111589572551168,False,-5.0,0.0,7.586088858102618e-19,0.007500239686372325,0.0,1.809762563682225,0.0
88001,gaussian_to_joint,0.25,160,0.009999999999999998,0.0,11.158957255116814,-5.111589572551168,False,-5.0,0.0,9.820634564853365e-19,0.007500239686372325,0.25,1.809762563682225,0.0
88001,gaussian_to_joint,0.5,160,0.009999999999999998,0.0,11.158957255116814,-5.111589572551168,False,-5.0,0.0,8.6702928844743545e-19,0.007500239686372325,0.49999999999999994,1.809762563682225,0.0
88001,gaussian_to_joint,0.75,160,0.009999999999999998,0.0,11.158957255116814,-5.111589572551168,False,-5.0,0.0,9.820634564853365e-19,0.007500239686372325,0.7500000000000001,1.809762563682225,0.0
88001,gaussian_to_joint,1.0,160,0.009999999999999998,0.0,11.158957255116814,-5.111589572551168,False,-5.0,0.0,7.586088858102618e-19,0.007500239686372325,1.0,1.809762563682225,0.0
88001,product_to_joint,0.0,164,0.0049999999999999975,1.9684067100690226,13.103308942681684,-3.0971098346443857,False,22.0,27.0,0.015378177422414239,0.010379535232382922,0.0,1.0985675513990936,0.8096297994148665
88001,product_to_joint,0.25,164,0.0049999999999999975,3.551882121049004,17.672021125161734,-1.5364779845768046,False,22.0,27.0,0.027749079070695345,0.01896129947803727,0.42825298877442813,1.3699441524550506,0.8096297994148665
88001,product_to_joint,0.5,164,0.0049999999999999975,4.527206030075486,19.90999491840535,-0.5723439445165406,False,22.0,27.0,0.03536879710996473,0.024094817971858327,0.692030611191218,1.5831752587713979,0.8096297994148665
88001,product_to_joint,0.75,164,0.0049999999999999975,5.188289609027558,21.268168314356416,0.08194876745577595,True,22.0,27.0,0.0405335125705278,0.027508336392077285,0.870821526763888,1.7588335076143622,0.8096297994148665
88001,product_to_joint,1.0,164,0.0049999999999999975,5.665930025695057,22.185559254560683,0.5550022294222536,True,22.0,27.0,0.044265078325742634,0.02994144527817524,1.0,1.90819735081396,0.8096297994148665
88001,product_to_joint_diagP,0.0,164,0.0049999999999999975,1.9684067100690226,13.103308942681684,-3.0971098346443857,False,22.0,27.0,0.015378177422414239,0.010379535232382922,0.0,1.0985675513990936,0.7766332094676303
88001,product_to_joint_diagP,0.25,164,0.0049999999999999975,3.525427803098472,17.502235181057817,-1.5620833728068173,False,22.0,27.0,0.02754240471170681,0.018596791768375122,0.420193506948276,1.3559463427261873,0.7766332094676303
88001,product_to_joint_diagP,0.5,164,0.0049999999999999975,4.506494212218129,19.714675847717746,-0.5920791670204597,False,22.0,27.0,0.035206986032954135,0.023622439195592378,0.6849540402786635,1.5604571177613287,0.7766332094676303
88001,product_to_joint_diagP,0.75,164,0.0049999999999999975,5.1813003108439,21.075745487567755,0.07592158340606137,True,22.0,27.0,0.04047890867846797,0.027011025870161902,0.8670640594435002,1.7301611070213152,0.7766332094676303
88001,product_to_joint_diagP,1.0,164,0.0049999999999999975,5.673892557143553,22.00316441244699,0.5638767350813181,True,22.0,27.0,0.04432728560268401,0.02944951441413413,1.0,1.8752007608667238,0.7766332094676303
88001,gaussian_to_joint,0.0,164,0.0049999999999999975,3.8503865829953945,21.190253898707446,-1.255564686498143,False,22.0,27.0,0.03008114517965152,0.02730642457834999,0.0,1.890506103542386,0.017691247271574007
88001,gaussian_to_joint,0.25,164,0.0049999999999999975,4.310321394521314,21.46129623109687,-0.7969850866341703,False,22.0,27.0,0.03367438589469777,0.02801201391106523,0.2533317577033606,1.8949583436752788,0.017691247271574007
88001,gaussian_to_joint,0.5,164,0.0049999999999999975,4.766187901915147,21.716995011568386,-0.34239707314269463,False,22.0,27.0,0.03723584298371209,0.02868588087966835,0.5044226964671152,1.8993908491967462,0.017691247271574007
88001,gaussian_to_joint,0.75,164,0.0049999999999999975,5.218039846119966,21.95816762949221,0.10824900797250514,True,22.0,27.0,0.040765936297812236,0.029328779641411108,0.7533024167633844,1.9038037942828683,0.017691247271574007
88001,gaussian_to_joint,1.0,164,0.0049999999999999975,5.665930025695057,22.185559254560683,0.5550022294222536,True,22.0,27.0,0.044265078325742634,0.02994144527817524,1.0,1.90819735081396,0.017691247271574007
88002,product_to_joint,0.0,0,0.007798710127542649,0.0,12.890462726661413,-5.100528982215125,False,-6.0,-1.0,-1.2488856386635861e-20,0.010041847491909619,0.0,1.1151861303294424,0.0
88002,product_to_joint,0.25,0,0.007798710127542649,0.0,12.890462726661411,-5.100528982215125,False,-6.0,-1.0,-6.329934297457138e-19,0.010041847491909617,0.25,1.1151861303294424,0.0
88002,product_to_joint,0.5,0,0.007798710127542649,0.0,12.890462726661411,-5.100528982215125,False,-6.0,-1.0,6.411556638439304e-19,0.010041847491909617,0.5,1.1151861303294424,0.0
88002,product_to_joint,0.75,0,0.007798710127542649,0.0,12.890462726661413,-5.100528982215125,False,-6.0,-1.0,4.738396538401912e-19,0.010041847491909619,0.75,1.1151861303294424,0.0
88002,product_to_joint,1.0,0,0.007798710127542649,0.0,12.890462726661411,-5.100528982215125,False,-6.0,-1.0,6.110355103519841e-19,0.010041847491909617,1.0,1.1151861303294424,0.0
88002,product_to_joint_diagP,0.0,0,0.007798710127542649,0.0,12.890462726661413,-5.100528982215125,False,-6.0,-1.0,-1.2488856386635861e-20,0.010041847491909619,0.0,1.1151861303294424,0.0
88002,product_to_joint_diagP,0.25,0,0.007798710127542649,0.0,12.890462726661411,-5.100528982215125,False,-6.0,-1.0,-6.329934297457138e-19,0.010041847491909617,0.25,1.1151861303294424,0.0
88002,product_to_joint_diagP,0.5,0,0.007798710127542649,0.0,12.890462726661411,-5.100528982215125,False,-6.0,-1.0,6.411556638439304e-19,0.010041847491909617,0.5,1.1151861303294424,0.0
88002,product_to_joint_diagP,0.75,0,0.007798710127542649,0.0,12.890462726661413,-5.100528982215125,False,-6.0,-1.0,4.738396538401912e-19,0.010041847491909619,0.75,1.1151861303294424,0.0
88002,product_to_joint_diagP,1.0,0,0.007798710127542649,0.0,12.890462726661411,-5.100528982215125,False,-6.0,-1.0,6.110355103519841e-19,0.010041847491909617,1.0,1.1151861303294424,0.0
88002,gaussian_to_joint,0.0,0,0.007798710127542649,0.0,12.890462726661411,-5.100528982215125,False,-6.0,-1.0,6.110355103519841e-19,0.010041847491909617,0.0,1.1151861303294424,0.0
88002,gaussian_to_joint,0.25,0,0.007798710127542649,0.0,12.890462726661413,-5.100528982215125,False,-6.0,-1.0,6.855744097103625e-19,0.01004184749190962,0.25,1.1151861303294424,0.0
88002,gaussian_to_joint,0.5,0,0.007798710127542649,0.0,12.890462726661411,-5.100528982215125,False,-6.0,-1.0,6.584698885415723e-19,0.010041847491909617,0.5,1.1151861303294424,0.0
88002,gaussian_to_joint,0.75,0,0.007798710127542649,0.0,12.890462726661413,-5.100528982215125,False,-6.0,-1.0,6.855744097103625e-19,0.01004184749190962,0.75,1.1151861303294424,0.0
88002,gaussian_to_joint,1.0,0,0.007798710127542649,0.0,12.890462726661411,-5.100528982215125,False,-6.0,-1.0,6.110355103519841e-19,0.010041847491909617,1.0,1.1151861303294424,0.0
88002,product_to_joint,0.0,4,0.052798710127542656,0.052498540580636195,11.11540941928983,-5.534380739297404,False,-4.0,1.0,0.0004101448482862203,0.00744103555654523,0.0,1.820786154222784,0.001128198287903892
88002,product_to_joint,0.25,4,0.052798710127542656,0.053378286068550204,11.115479555591545,-5.533504696915754,False,-4.0,1.0,0.00041701785991054847,0.007441130722093116,0.2502115968373354,1.8210683231451377,0.001128198287903892
88002,product_to_joint,0.5,4,0.052798710127542656,0.05425753529284037,11.115549582318296,-5.5326291450123115,False,-4.0,1.0,0.0004238869944753154,0.007441225739561552,0.5002820495420591,1.8213504124706494,0.001128198287903892
88002,product_to_joint,0.75,4,0.052798710127542656,0.05513628867329999,11.115619499623303,-5.531754083175372,False,-4.0,1.0,0.0004307522552601562,0.007441320609155629,0.7502114775094096,1.8216324222442144,0.001128198287903892
88002,product_to_joint,1.0,4,0.052798710127542656,0.05601454662925147,11.115689307659538,-5.53087951099369,False,-4.0,1.0,0.0004376136455410271,0.0074414153310801145,1.0,1.8219143525106878,0.001128198287903892
88002,product_to_joint_diagP,0.0,4,0.052798710127542656,0.052498540580636195,11.11540941928983,-5.534380739297404,False,-4.0,1.0,0.0004101448482862203,0.00744103555654523,0.0,1.820786154222784,0.001128198287903892
88002,product_to_joint_diagP,0.25,4,0.052798710127542656,0.053378286068550204,11.115479555591545,-5.533504696915754,False,-4.0,1.0,0.00041701785991054847,0.007441130722093116,0.2502115968373354,1.8210683231451377,0.001128198287903892
88002,product_to_joint_diagP,0.5,4,0.052798710127542656,0.05425753529284037,11.115549582318296,-5.5326291450123115,False,-4.0,1.0,0.0004238869944753154,0.007441225739561552,0.5002820495420591,1.8213504124706494,0.001128198287903892
88002,product_to_joint_diagP,0.75,4,0.052798710127542656,0.05513628867329999,11.115619499623303,-5.531754083175372,False,-4.0,1.0,0.0004307522552601562,0.007441320609155629,0.7502114775094096,1.8216324222442144,0.001128198287903892
88002,product_to_joint_diagP,1.0,4,0.052798710127542656,0.05601454662925147,11.115689307659538,-5.53087951099369,False,-4.0,1.0,0.0004376136455410271,0.0074414153310801145,1.0,1.8219143525106878,0.001128198287903892
88002,gaussian_to_joint,0.0,4,0.052798710127542656,0.0416009811341423,11.122757880147358,-5.545666287998599,False,-4.0,1.0,0.0003250076651104867,0.007451009696068124,0.0,1.8201866587228226,0.0017276937878651921
88002,gaussian_to_joint,0.25,4,0.052798710127542656,0.04520904369202041,11.120990620644966,-5.541964916418534,False,-4.0,1.0,0.00035319565384390946,0.007448610375028888,0.2503240824834345,1.820618862087155,0.0017276937878651921
88002,gaussian_to_joint,0.5,4,0.052798710127542656,0.04881398943703988,11.119223438005323,-5.538266665709582,False,-4.0,1.0,0.00038135929247687405,0.007446211539568293,0.5004319233395279,1.821050878732437,0.0017276937878651921
88002,gaussian_to_joint,0.75,4,0.052798710127542656,0.052415822406129325,11.117456333315678,-5.534571531892219,False,-4.0,1.0,0.00040949861254788535,0.0074438131911121145,0.7503238026467255,1.8214827088199304,0.0017276937878651921
88002,gaussian_to_joint,1.0,4,0.052798710127542656,0.05601454662925147,11.115689307659538,-5.53087951099369,False,-4.0,1.0,0.0004376136455410271,0.0074414153310801145,1.0,1.8219143525106878,0.0017276937878651921
88002,product_to_joint,0.0,8,0.052798710127542656,0.0,11.158957255116814,-5.589178549438552,False,-5.0,0.0,1.7605518457110832e-19,0.007500239686372324,0.0,1.809762563682225,0.0
88002,product_to_joint,0.25,8,0.052798710127542656,0.0,11.158957255116814,-5.589178549438552,False,-5.0,0.0,-4.8673244227975573e-20,0.007500239686372325,0.25,1.809762563682225,0.0
88002,product_to_joint,0.5,8,0.052798710127542656,0.0,11.158957255116814,-5.589178549438552,False,-5.0,0.0,7.106851321270845e-19,0.007500239686372324,0.49999999999999994,1.809762563682225,0.0
88002,product_to_joint,0.75,8,0.052798710127542656,0.0,11.158957255116814,-5.589178549438552,False,-5.0,0.0,7.577918123108183e-19,0.007500239686372325,0.7500000000000001,1.809762563682225,0.0
88002,product_to_joint,1.0,8,0.052798710127542656,0.0,11.158957255116814,-5.589178549438552,False,-5.0,0.0,7.586088858102618e-19,0.007500239686372325,1.0,1.809762563682225,0.0
88002,product_to_joint_diagP,0.0,8,0.052798710127542656,0.0,11.158957255116814,-5.589178549438552,False,-5.0,0.0,1.7605518457110832e-19,0.007500239686372324,0.0,1.809762563682225,0.0
88002,product_to_joint_diagP,0.25,8,0.052798710127542656,0.0,11.158957255116814,-5.589178549438552,False,-5.0,0.0,-4.8673244227975573e-20,0.007500239686372325,0.25,1.809762563682225,0.0
88002,product_to_joint_diagP,0.5,8,0.052798710127542656,0.0,11.158957255116814,-5.589178549438552,False,-5.0,0.0,7.106851321270845e-19,0.007500239686372324,0.49999999999999994,1.809762563682225,0.0
88002,product_to_joint_diagP,0.75,8,0.052798710127542656,0.0,11.158957255116814,-5.589178549438552,False,-5.0,0.0,7.577918123108183e-19,0.007500239686372325,0.7500000000000001,1.809762563682225,0.0
88002,product_to_joint_diagP,1.0,8,0.052798710127542656,0.0,11.158957255116814,-5.589178549438552,False,-5.0,0.0,7.586088858102618e-19,0.007500239686372325,1.0,1.809762563682225,0.0
88002,gaussian_to_joint,0.0,8,0.052798710127542656,0.0,11.158957255116814,-5.589178549438552,False,-5.0,0.0,7.586088858102618e-19,0.007500239686372325,0.0,1.809762563682225,0.0
88002,gaussian_to_joint,0.25,8,0.052798710127542656,0.0,11.158957255116814,-5.589178549438552,False,-5.0,0.0,9.820634564853365e-19,0.007500239686372325,0.25,1.809762563682225,0.0
88002,gaussian_to_joint,0.5,8,0.052798710127542656,0.0,11.158957255116814,-5.589178549438552,False,-5.0,0.0,8.6702928844743545e-19,0.007500239686372325,0.49999999999999994,1.809762563682225,0.0
88002,gaussian_to_joint,0.75,8,0.052798710127542656,0.0,11.158957255116814,-5.589178549438552,False,-5.0,0.0,9.820634564853365e-19,0.007500239686372325,0.7500000000000001,1.809762563682225,0.0
88002,gaussian_to_joint,1.0,8,0.052798710127542656,0.0,11.158957255116814,-5.589178549438552,False,-5.0,0.0,7.586088858102618e-19,0.007500239686372325,1.0,1.809762563682225,0.0
88002,product_to_joint,0.0,12,0.04279871012754265,-0.018558963981236742,10.794957929016098,-5.480569239224215,False,-5.0,0.0,-0.00014499190610341205,0.007012494915113984,0.0,1.904152790977374,0.00963879011886748
88002,product_to_joint,0.25,12,0.04279871012754265,-0.017649953567984537,10.792673467742809,-5.479562456815129,False,-5.0,0.0,-0.0001378902622498792,0.007009484898762181,0.2518116245886644,1.906571212454109,0.00963879011886748
88002,product_to_joint,0.5,12,0.04279871012754265,-0.01674532400110991,10.790399459922975,-5.478560502646746,False,-5.0,0.0,-0.00013082284375867117,0.007006489288617312,0.5024096788735551,1.9089837992762213,0.00963879011886748
88002,product_to_joint,0.75,12,0.04279871012754265,-0.015845043687443473,10.788135833822873,-5.4775633420557845,False,-5.0,0.0,-0.00012378940380815214,0.007003507981507149,0.7518029147096797,1.9113905795292023,0.00963879011886748
88002,product_to_joint,1.0,12,0.04279871012754265,-0.014949081336872175,10.785882518364888,-5.476570940710101,False,-5.0,0.0,-0.00011678969794431387,0.007000540875242265,1.0,1.9137915810962416,0.00963879011886748
88002,product_to_joint_diagP,0.0,12,0.04279871012754265,-0.018558963981236742,10.794957929016098,-5.480569239224215,False,-5.0,0.0,-0.00014499190610341205,0.007012494915113984,0.0,1.904152790977374,0.009621080973211793
88002,product_to_joint_diagP,0.25,12,0.04279871012754265,-0.01765010922520953,10.792627106436017,-5.479560628268224,False,-5.0,0.0,-0.00013789147832194944,0.007009423819493253,0.25180828815547757,1.9065667531149142,0.009621080973211793
88002,product_to_joint_diagP,0.5,12,0.04279871012754265,-0.016745626518058672,10.790306920429972,-5.478556844592759,False,-5.0,0.0,-0.00013082520717233337,0.00700636739728265,0.5024052516897813,1.9089749020692404,0.009621080973211793
88002,product_to_joint_diagP,0.75,12,0.04279871012754265,-0.01584548438784627,10.787997298198535,-5.477557853610159,False,-5.0,0.0,-0.00012379284678004898,0.007003325543575371,0.7517996102517372,1.911377265771141,0.009621080973211793
88002,product_to_joint_diagP,1.0,12,0.04279871012754265,-0.01494965166398081,10.78569816760645,-5.476563621062537,False,-5.0,0.0,-0.00011679415362485007,0.007000298154462226,1.0,1.913773871950586,0.009621080973211793
88002,gaussian_to_joint,0.0,12,0.04279871012754265,-0.015047925765865298,10.844263657811624,-5.47916842260319,False,-5.0,0.0,-0.00011756192004582264,0.007077615617683955,0.0,1.8996115433690952,0.014180037727146377
88002,gaussian_to_joint,0.25,12,0.04279871012754265,-0.015022950924773015,10.829542316752072,-5.478513393353402,False,-5.0,0.0,-0.00011736680409978918,0.0070581412835891005,0.2526681710573526,1.9031754479491045,0.014180037727146377
88002,gaussian_to_joint,0.5,12,0.04279871012754265,-0.014998153152807257,10.81490552228248,-5.477862159657735,False,-5.0,0.0,-0.00011717307150630669,0.007038805020501469,0.5035449500323685,1.9067266962058387,0.014180037727146377
88002,gaussian_to_joint,0.75,12,0.04279871012754265,-0.014973530573517737,10.800352508328718,-5.477214686852757,False,-5.0,0.0,-0.00011698070760560732,0.00701960536524429,0.7526493208143695,1.9102653777128795,0.014180037727146377
88002,gaussian_to_joint,1.0,12,0.04279871012754265,-0.014949081336872175,10.785882518364888,-5.476570940710101,False,-5.0,0.0,-0.00011678969794431387,0.007000540875242265,1.0,1.9137915810962416,0.014180037727146377
88002,product_to_joint,0.0,16,0.04279871012754265,0.0,11.158957255116814,-5.477588976887383,False,-5.0,0.0,1.7605518457110832e-19,0.007500239686372324,0.0,1.809762563682225,0.0
88002,product_to_joint,0.25,16,0.04279871012754265,0.0,11.158957255116814,-5.477588976887383,False,-5.0,0.0,-4.8673244227975573e-20,0.007500239686372325,0.25,1.809762563682225,0.0
88002,product_to_joint,0.5,16,0.04279871012754265,0.0,11.158957255116814,-5.477588976887383,False,-5.0,0.0,7.106851321270845e-19,0.007500239686372324,0.49999999999999994,1.809762563682225,0.0
88002,product_to_joint,0.75,16,0.04279871012754265,0.0,11.158957255116814,-5.477588976887383,False,-5.0,0.0,7.577918123108183e-19,0.007500239686372325,0.7500000000000001,1.809762563682225,0.0
88002,product_to_joint,1.0,16,0.04279871012754265,0.0,11.158957255116814,-5.477588976887383,False,-5.0,0.0,7.586088858102618e-19,0.007500239686372325,1.0,1.809762563682225,0.0
88002,product_to_joint_diagP,0.0,16,0.04279871012754265,0.0,11.158957255116814,-5.477588976887383,False,-5.0,0.0,1.7605518457110832e-19,0.007500239686372324,0.0,1.809762563682225,0.0
88002,product_to_joint_diagP,0.25,16,0.04279871012754265,0.0,11.158957255116814,-5.477588976887383,False,-5.0,0.0,-4.8673244227975573e-20,0.007500239686372325,0.25,1.809762563682225,0.0
88002,product_to_joint_diagP,0.5,16,0.04279871012754265,0.0,11.158957255116814,-5.477588976887383,False,-5.0,0.0,7.106851321270845e-19,0.007500239686372324,0.49999999999999994,1.809762563682225,0.0
88002,product_to_joint_diagP,0.75,16,0.04279871012754265,0.0,11.158957255116814,-5.477588976887383,False,-5.0,0.0,7.577918123108183e-19,0.007500239686372325,0.7500000000000001,1.809762563682225,0.0
88002,product_to_joint_diagP,1.0,16,0.04279871012754265,0.0,11.158957255116814,-5.477588976887383,False,-5.0,0.0,7.586088858102618e-19,0.007500239686372325,1.0,1.809762563682225,0.0
88002,gaussian_to_joint,0.0,16,0.04279871012754265,0.0,11.158957255116814,-5.477588976887383,False,-5.0,0.0,7.586088858102618e-19,0.007500239686372325,0.0,1.809762563682225,0.0
88002,gaussian_to_joint,0.25,16,0.04279871012754265,0.0,11.158957255116814,-5.477588976887383,False,-5.0,0.0,9.820634564853365e-19,0.007500239686372325,0.25,1.809762563682225,0.0
88002,gaussian_to_joint,0.5,16,0.04279871012754265,0.0,11.158957255116814,-5.477588976887383,False,-5.0,0.0,8.6702928844743545e-19,0.007500239686372325,0.49999999999999994,1.809762563682225,0.0
88002,gaussian_to_joint,0.75,16,0.04279871012754265,0.0,11.158957255116814,-5.477588976887383,False,-5.0,0.0,9.820634564853365e-19,0.007500239686372325,0.7500000000000001,1.809762563682225,0.0
88002,gaussian_to_joint,1.0,16,0.04279871012754265,0.0,11.158957255116814,-5.477588976887383,False,-5.0,0.0,7.586088858102618e-19,0.007500239686372325,1.0,1.809762563682225,0.0
88002,product_to_joint,0.0,20,0.03779871012754264,1.8037276014289554,10.978319118104713,-3.6112387006039444,False,4.0,8.0,0.014091621886163714,0.0072561700841640275,0.0,1.8492948669255265,0.00776112492807135
88002,product_to_joint,0.25,20,0.03779871012754264,1.81080047482603,10.984254594108176,-3.6043901805437937,False,4.0,8.0,0.01414687870957836,0.007264126525157872,0.251458032598584,1.8512408024954223,0.00776112492807135
88002,product_to_joint,0.5,20,0.03779871012754264,1.817845901633857,10.990159324908753,-3.5975679449438784,False,4.0,8.0,0.014201921106514508,0.007272046019706957,0.5019402714926633,1.8531829587531838,0.00776112492807135
88002,product_to_joint,0.75,20,0.03779871012754264,1.8248640413045618,10.996033546168665,-3.5907718432598026,False,4.0,8.0,0.01425675032269189,0.007279928817655433,0.7514523855971271,1.8551213503503936,0.00776112492807135
88002,product_to_joint,1.0,20,0.03779871012754264,1.831855052057528,11.001877491151197,-3.584001726089232,False,4.0,8.0,0.014311367594199438,0.007287775166644246,1.0,1.8570559918535978,0.00776112492807135
88002,product_to_joint_diagP,0.0,20,0.03779871012754264,1.8037276014289554,10.978319118104713,-3.6112387006039444,False,4.0,8.0,0.014091621886163714,0.0072561700841640275,0.0,1.8492948669255265,0.007711809880801557
88002,product_to_joint_diagP,0.25,20,0.03779871012754264,1.8107978802276112,10.984121238756133,-3.604387734481916,False,4.0,8.0,0.014146858439278213,0.0072639477165340315,0.25144875029435826,1.851228402059538,0.007711809880801557
88002,product_to_joint_diagP,0.5,20,0.03779871012754264,1.8178408968384283,10.989893419212041,-3.597562898846956,False,4.0,8.0,0.014201882006550221,0.007271689292336433,0.5019279429153228,1.8531582058489606,0.007711809880801557
88002,product_to_joint_diagP,0.75,20,0.03779871012754264,1.824856808637821,10.995635887738052,-3.5907640449507947,False,4.0,8.0,0.014256693817482976,0.007279395054669981,0.7514431748278072,1.8550842926675908,0.007711809880801557
88002,product_to_joint_diagP,1.0,20,0.03779871012754264,1.831845771793211,11.001348870291022,-3.5839910251668883,False,4.0,8.0,0.014311295092134461,0.007287065244497897,1.0,1.857006676806328,0.007711809880801557
88002,gaussian_to_joint,0.0,20,0.03779871012754264,1.7535601324130918,11.022636795328467,-3.6630813206547144,False,4.0,8.0,0.01369968853447728,0.007315681269636779,0.0,1.8494725496259758,0.007583442227621973
88002,gaussian_to_joint,0.25,20,0.03779871012754264,1.773245400437849,11.017473436724528,-3.6432008843348025,False,4.0,8.0,0.013853479690920696,0.007308735408259922,0.25142458941338625,1.8513738084247713,0.007583442227621973
88002,gaussian_to_joint,0.5,20,0.03779871012754264,1.7928560277739103,11.012292259948952,-3.6233944151996815,False,4.0,8.0,0.014006687716983674,0.007301768848787327,0.5018958514712677,1.8532714592970643,0.007583442227621973
88002,gaussian_to_joint,0.75,20,0.03779871012754264,1.8123924381409477,11.007093525630992,-3.6036614993811296,False,4.0,8.0,0.014159315922976154,0.007294781975218975,0.7514191980148067,1.8551655159100964,0.007583442227621973
88002,gaussian_to_joint,1.0,20,0.03779871012754264,1.831855052057528,11.001877491151197,-3.584001726089232,False,4.0,8.0,0.014311367594199438,0.007287775166644246,1.0,1.8570559918535978,0.007583442227621973
88002,product_to_joint,0.0,24,0.03279871012754264,0.0,11.158957255116814,-5.365999404336216,False,-5.0,0.0,1.7605518457110832e-19,0.007500239686372324,0.0,1.809762563682225,0.0
88002,product_to_joint,0.25,24,0.03279871012754264,0.0,11.158957255116814,-5.365999404336216,False,-5.0,0.0,-4.8673244227975573e-20,0.007500239686372325,0.25,1.809762563682225,0.0
88002,product_to_joint,0.5,24,0.03279871012754264,0.0,11.158957255116814,-5.365999404336216,False,-5.0,0.0,7.106851321270845e-19,0.007500239686372324,0.49999999999999994,1.809762563682225,0.0
88002,product_to_joint,0.75,24,0.03279871012754264,0.0,11.158957255116814,-5.365999404336216,False,-5.0,0.0,7.577918123108183e-19,0.007500239686372325,0.7500000000000001,1.809762563682225,0.0
88002,product_to_joint,1.0,24,0.03279871012754264,0.0,11.158957255116814,-5.365999404336216,False,-5.0,0.0,7.586088858102618e-19,0.007500239686372325,1.0,1.809762563682225,0.0
88002,product_to_joint_diagP,0.0,24,0.03279871012754264,0.0,11.158957255116814,-5.365999404336216,False,-5.0,0.0,1.7605518457110832e-19,0.007500239686372324,0.0,1.809762563682225,0.0
88002,product_to_joint_diagP,0.25,24,0.03279871012754264,0.0,11.158957255116814,-5.365999404336216,False,-5.0,0.0,-4.8673244227975573e-20,0.007500239686372325,0.25,1.809762563682225,0.0
88002,product_to_joint_diagP,0.5,24,0.03279871012754264,0.0,11.158957255116814,-5.365999404336216,False,-5.0,0.0,7.106851321270845e-19,0.007500239686372324,0.49999999999999994,1.809762563682225,0.0
88002,product_to_joint_diagP,0.75,24,0.03279871012754264,0.0,11.158957255116814,-5.365999404336216,False,-5.0,0.0,7.577918123108183e-19,0.007500239686372325,0.7500000000000001,1.809762563682225,0.0
88002,product_to_joint_diagP,1.0,24,0.03279871012754264,0.0,11.158957255116814,-5.365999404336216,False,-5.0,0.0,7.586088858102618e-19,0.007500239686372325,1.0,1.809762563682225,0.0
88002,gaussian_to_joint,0.0,24,0.03279871012754264,0.0,11.158957255116814,-5.365999404336216,False,-5.0,0.0,7.586088858102618e-19,0.007500239686372325,0.0,1.809762563682225,0.0
88002,gaussian_to_joint,0.25,24,0.03279871012754264,0.0,11.158957255116814,-5.365999404336216,False,-5.0,0.0,9.820634564853365e-19,0.007500239686372325,0.25,1.809762563682225,0.0
88002,gaussian_to_joint,0.5,24,0.03279871012754264,0.0,11.158957255116814,-5.365999404336216,False,-5.0,0.0,8.6702928844743545e-19,0.007500239686372325,0.49999999999999994,1.809762563682225,0.0
88002,gaussian_to_joint,0.75,24,0.03279871012754264,0.0,11.158957255116814,-5.365999404336216,False,-5.0,0.0,9.820634564853365e-19,0.007500239686372325,0.7500000000000001,1.809762563682225,0.0
88002,gaussian_to_joint,1.0,24,0.03279871012754264,0.0,11.158957255116814,-5.365999404336216,False,-5.0,0.0,7.586088858102618e-19,0.007500239686372325,1.0,1.809762563682225,0.0
88002,product_to_joint,0.0,28,0.027798710127542637,4.254221877716454,11.523153658167214,-1.0661069305820683,False,-4.0,1.0,0.0332361084196598,0.008004435438826445,0.0,1.7174552581225568,0.2395198042063602
88002,product_to_joint,0.25,28,0.027798710127542637,4.493065640206727,12.27484459058991,-0.8481592064277166,False,-4.0,1.0,0.03510207531411506,0.009096277448921775,0.2975289865251565,1.7829243262538284,0.2395198042063602
88002,product_to_joint,0.5,28,0.027798710127542637,4.703441466958441,12.897049055984198,-0.6550798612495612,False,-4.0,1.0,0.03674563646061282,0.01005221401077044,0.5595953091714458,1.844369300461953,0.2395198042063602
88002,product_to_joint,0.75,28,0.027798710127542637,4.890152763810958,13.422370164642603,-0.48297181362051855,False,-4.0,1.0,0.03820431846727311,0.0108960950217705,0.7921825969704748,1.902256351887416,0.2395198042063602
88002,product_to_joint,1.0,28,0.027798710127542637,5.05697983847762,13.872805854037791,-0.3286662701144536,False,-4.0,1.0,0.039507654988106405,0.011646505265126051,1.0,1.956975062328917,0.2395198042063602
88002,product_to_joint_diagP,0.0,28,0.027798710127542637,4.254221877716454,11.523153658167214,-1.0661069305820683,False,-4.0,1.0,0.0332361084196598,0.008004435438826445,0.0,1.7174552581225568,0.23042682734674091
88002,product_to_joint_diagP,0.25,28,0.027798710127542637,4.490865990220267,12.24755601738522,-0.8496002692778655,False,-4.0,1.0,0.035084890548595836,0.009055433862242977,0.29563200997903777,1.7802275319638166,0.23042682734674091
88002,product_to_joint_diagP,0.5,28,0.027798710127542637,4.7003655274234,12.851207240180567,-0.6568814574353574,False,-4.0,1.0,0.03672160568299531,0.009980171358036465,0.5573531600120515,1.8392911053633956,0.23042682734674091
88002,product_to_joint_diagP,0.75,28,0.027798710127542637,4.8871376336525225,13.3636364068614,-0.4843542210716931,False,-4.0,1.0,0.03818076276291033,0.01080007190031686,0.7906816488906588,1.895059871879769,0.23042682734674091
88002,product_to_joint_diagP,1.0,28,0.027798710127542637,5.054690380841651,13.805011491878792,-0.32907113192848314,False,-4.0,1.0,0.039489768600325395,0.011531978899591403,1.0,1.9478820854692978,0.23042682734674091
88002,gaussian_to_joint,0.0,28,0.027798710127542637,4.361335434823052,13.416892169462592,-1.0116368614083355,False,-4.0,1.0,0.03407293308455509,0.010887121306578774,0.0,1.9474096038784467,0.009565458450470299
88002,gaussian_to_joint,0.25,28,0.027798710127542637,4.536497171484288,13.536505040555515,-0.8398002082781346,False,-4.0,1.0,0.035441384152221,0.011083897016173391,0.2517978089682379,1.949809560095193,0.009565458450470299
88002,gaussian_to_joint,0.5,28,0.027798710127542637,4.7108211633761075,13.652274496151634,-0.6686944579240546,False,-4.0,1.0,0.03680329033887584,0.011276013117570333,0.5023913463790286,1.9522037703094997,0.009565458450470299
88002,gaussian_to_joint,0.75,28,0.027798710127542637,4.884313406174532,13.764333164760806,-0.49831730157157494,False,-4.0,1.0,0.03815869848573853,0.0114635295086996,0.7517892311129284,1.954592261969951,0.009565458450470299
88002,gaussian_to_joint,1.0,28,0.027798710127542637,5.05697983847762,13.872805854037791,-0.3286662701144536,False,-4.0,1.0,0.039507654988106405,0.011646505265126051,1.0,1.956975062328917,0.009565458450470299
88002,product_to_joint,0.0,32,0.022798710127542636,0.0,11.158957255116814,-5.254409831785047,False,-5.0,0.0,1.7605518457110832e-19,0.007500239686372324,0.0,1.809762563682225,0.0
88002,product_to_joint,0.25,32,0.022798710127542636,0.0,11.158957255116814,-5.254409831785047,False,-5.0,0.0,-4.8673244227975573e-20,0.007500239686372325,0.25,1.809762563682225,0.0
88002,product_to_joint,0.5,32,0.022798710127542636,0.0,11.158957255116814,-5.254409831785047,False,-5.0,0.0,7.106851321270845e-19,0.007500239686372324,0.49999999999999994,1.809762563682225,0.0
88002,product_to_joint,0.75,32,0.022798710127542636,0.0,11.158957255116814,-5.254409831785047,False,-5.0,0.0,7.577918123108183e-19,0.007500239686372325,0.7500000000000001,1.809762563682225,0.0
88002,product_to_joint,1.0,32,0.022798710127542636,0.0,11.158957255116814,-5.254409831785047,False,-5.0,0.0,7.586088858102618e-19,0.007500239686372325,1.0,1.809762563682225,0.0
88002,product_to_joint_diagP,0.0,32,0.022798710127542636,0.0,11.158957255116814,-5.254409831785047,False,-5.0,0.0,1.7605518457110832e-19,0.007500239686372324,0.0,1.809762563682225,0.0
88002,product_to_joint_diagP,0.25,32,0.022798710127542636,0.0,11.158957255116814,-5.254409831785047,False,-5.0,0.0,-4.8673244227975573e-20,0.007500239686372325,0.25,1.809762563682225,0.0
88002,product_to_joint_diagP,0.5,32,0.022798710127542636,0.0,11.158957255116814,-5.254409831785047,False,-5.0,0.0,7.106851321270845e-19,0.007500239686372324,0.49999999999999994,1.809762563682225,0.0
88002,product_to_joint_diagP,0.75,32,0.022798710127542636,0.0,11.158957255116814,-5.254409831785047,False,-5.0,0.0,7.577918123108183e-19,0.007500239686372325,0.7500000000000001,1.809762563682225,0.0
88002,product_to_joint_diagP,1.0,32,0.022798710127542636,0.0,11.158957255116814,-5.254409831785047,False,-5.0,0.0,7.586088858102618e-19,0.007500239686372325,1.0,1.809762563682225,0.0
88002,gaussian_to_joint,0.0,32,0.022798710127542636,0.0,11.158957255116814,-5.254409831785047,False,-5.0,0.0,7.586088858102618e-19,0.007500239686372325,0.0,1.809762563682225,0.0
88002,gaussian_to_joint,0.25,32,0.022798710127542636,0.0,11.158957255116814,-5.254409831785047,False,-5.0,0.0,9.820634564853365e-19,0.007500239686372325,0.25,1.809762563682225,0.0
88002,gaussian_to_joint,0.5,32,0.022798710127542636,0.0,11.158957255116814,-5.254409831785047,False,-5.0,0.0,8.6702928844743545e-19,0.007500239686372325,0.49999999999999994,1.809762563682225,0.0
88002,gaussian_to_joint,0.75,32,0.022798710127542636,0.0,11.158957255116814,-5.254409831785047,False,-5.0,0.0,9.820634564853365e-19,0.007500239686372325,0.7500000000000001,1.809762563682225,0.0
88002,gaussian_to_joint,1.0,32,0.022798710127542636,0.0,11.158957255116814,-5.254409831785047,False,-5.0,0.0,7.586088858102618e-19,0.007500239686372325,1.0,1.809762563682225,0.0
88002,product_to_joint,0.0,36,0.06779871012754264,0.0021954317093501622,11.153366755790756,-5.753988447912678,False,-5.0,0.0,1.7151810229298142e-05,0.007492626342112941,0.0,1.8111662340463193,0.00011976724541984396
88002,product_to_joint,0.25,36,0.06779871012754264,0.00223205135461466,11.153308289277966,-5.753947864313261,False,-5.0,0.0,1.7437901207927033e-05,0.007492546740458775,0.25002245703089354,1.8111961772024694,0.00011976724541984396
88002,product_to_joint,0.5,36,0.06779871012754264,0.0022686688069628804,11.15324982583968,-5.753907283115207,False,-5.0,0.0,1.7723975054397503e-05,0.0074924671434077675,0.5000299418113192,1.8112261194620531,0.00011976724541984396
88002,product_to_joint,0.75,36,0.06779871012754264,0.0023052840665911747,11.153191365475651,-5.753866704318304,False,-5.0,0.0,1.8010031770243553e-05,0.007492387550959511,0.7500224556861255,1.8112560608251256,0.00011976724541984396
88002,product_to_joint,1.0,36,0.06779871012754264,0.0023418971336960494,11.15313290818564,-5.753826127922339,False,-5.0,0.0,1.8296071357000386e-05,0.007492307963113615,1.0,1.8112860012917391,0.00011976724541984396
88002,product_to_joint_diagP,0.0,36,0.06779871012754264,0.0021954317093501622,11.153366755790756,-5.753988447912678,False,-5.0,0.0,1.7151810229298142e-05,0.007492626342112941,0.0,1.8111662340463193,0.00011976724541984396
88002,product_to_joint_diagP,0.25,36,0.06779871012754264,0.00223205135461466,11.153308289277966,-5.753947864313261,False,-5.0,0.0,1.7437901207927033e-05,0.007492546740458775,0.25002245703089354,1.8111961772024694,0.00011976724541984396
88002,product_to_joint_diagP,0.5,36,0.06779871012754264,0.0022686688069628804,11.15324982583968,-5.753907283115207,False,-5.0,0.0,1.7723975054397503e-05,0.0074924671434077675,0.5000299418113192,1.8112261194620531,0.00011976724541984396
88002,product_to_joint_diagP,0.75,36,0.06779871012754264,0.0023052840665911747,11.153191365475651,-5.753866704318304,False,-5.0,0.0,1.8010031770243553e-05,0.007492387550959511,0.7500224556861255,1.8112560608251256,0.00011976724541984396
88002,product_to_joint_diagP,1.0,36,0.06779871012754264,0.0023418971336960494,11.15313290818564,-5.753826127922339,False,-5.0,0.0,1.8296071357000386e-05,0.007492307963113615,1.0,1.8112860012917391,0.00011976724541984396
88002,gaussian_to_joint,0.0,36,0.06779871012754264,0.0017334779843357513,11.154220755546785,-5.7545083017196,False,-5.0,0.0,1.3542796752623057e-05,0.007493789102995037,0.0,1.8110671288283706,0.0002188724633684913
88002,gaussian_to_joint,0.25,36,0.06779871012754264,0.0018856077417035797,11.153948762119803,-5.75433773115872,False,-5.0,0.0,1.4731310482059217e-05,0.007493418761474237,0.2500410408323948,1.8111218514354848,0.0002188724633684913
88002,gaussian_to_joint,0.5,36,0.06779871012754264,0.0020377208505641497,11.153676789752396,-5.754167178674159,False,-5.0,0.0,1.591969414503242e-05,0.007493048457657549,0.5000547181156237,1.811176571048199,0.0002188724633684913
88002,gaussian_to_joint,0.75,36,0.06779871012754264,0.002189817313651531,11.153404838441894,-5.753996644263002,False,-5.0,0.0,1.7107947762902587e-05,0.007492678191539249,0.7500410363412864,1.8112312876668417,0.0002188724633684913
88002,gaussian_to_joint,1.0,36,0.06779871012754264,0.0023418971336960494,11.15313290818564,-5.753826127922339,False,-5.0,0.0,1.8296071357000386e-05,0.007492307963113615,1.0,1.8112860012917391,0.0002188724633684913
88002,product_to_joint,0.0,40,0.06279871012754264,0.0,12.849012371546142,-5.806901403345935,False,-5.0,0.0,1.0150388444745493e-18,0.009976728449960072,0.0,1.121657815441739,0.0
88002,product_to_joint,0.25,40,0.06279871012754264,0.0,12.849012371546143,-5.806901403345935,False,-5.0,0.0,1.2825214861955447e-18,0.009976728449960073,0.25,1.121657815441739,0.0
88002,product_to_joint,0.5,40,0.06279871012754264,0.0,12.849012371546143,-5.806901403345935,False,-5.0,0.0,6.841981836774803e-19,0.009976728449960073,0.5,1.121657815441739,0.0
88002,product_to_joint,0.75,40,0.06279871012754264,0.0,12.849012371546143,-5.806901403345935,False,-5.0,0.0,6.929332111180125e-19,0.009976728449960073,0.75,1.121657815441739,0.0
88002,product_to_joint,1.0,40,0.06279871012754264,0.0,12.849012371546143,-5.806901403345935,False,-5.0,0.0,1.0795243422007956e-18,0.009976728449960073,1.0,1.121657815441739,0.0
88002,product_to_joint_diagP,0.0,40,0.06279871012754264,0.0,12.849012371546142,-5.806901403345935,False,-5.0,0.0,1.0150388444745493e-18,0.009976728449960072,0.0,1.121657815441739,0.0
88002,product_to_joint_diagP,0.25,40,0.06279871012754264,0.0,12.849012371546143,-5.806901403345935,False,-5.0,0.0,1.2825214861955447e-18,0.009976728449960073,0.25,1.121657815441739,0.0
88002,product_to_joint_diagP,0.5,40,0.06279871012754264,0.0,12.849012371546143,-5.806901403345935,False,-5.0,0.0,6.841981836774803e-19,0.009976728449960073,0.5,1.121657815441739,0.0
88002,product_to_joint_diagP,0.75,40,0.06279871012754264,0.0,12.849012371546143,-5.806901403345935,False,-5.0,0.0,6.929332111180125e-19,0.009976728449960073,0.75,1.121657815441739,0.0
88002,product_to_joint_diagP,1.0,40,0.06279871012754264,0.0,12.849012371546143,-5.806901403345935,False,-5.0,0.0,1.0795243422007956e-18,0.009976728449960073,1.0,1.121657815441739,0.0
88002,gaussian_to_joint,0.0,40,0.06279871012754264,0.0,12.849012371546143,-5.806901403345935,False,-5.0,0.0,1.0795243422007956e-18,0.009976728449960073,0.0,1.121657815441739,0.0
88002,gaussian_to_joint,0.25,40,0.06279871012754264,0.0,12.849012371546143,-5.806901403345935,False,-5.0,0.0,7.407111632990757e-19,0.009976728449960073,0.25,1.121657815441739,0.0
88002,gaussian_to_joint,0.5,40,0.06279871012754264,0.0,12.849012371546143,-5.806901403345935,False,-5.0,0.0,8.084737990794194e-19,0.009976728449960073,0.5,1.121657815441739,0.0
88002,gaussian_to_joint,0.75,40,0.06279871012754264,0.0,12.849012371546143,-5.806901403345935,False,-5.0,0.0,7.407111632990757e-19,0.009976728449960073,0.75,1.121657815441739,0.0
88002,gaussian_to_joint,1.0,40,0.06279871012754264,0.0,12.849012371546143,-5.806901403345935,False,-5.0,0.0,1.0795243422007956e-18,0.009976728449960073,1.0,1.121657815441739,0.0
88002,product_to_joint,0.0,44,0.05779871012754263,0.0,11.158957255116814,-5.644973335714136,False,-5.0,0.0,1.7605518457110832e-19,0.007500239686372324,0.0,1.809762563682225,0.0
88002,product_to_joint,0.25,44,0.05779871012754263,0.0,11.158957255116814,-5.644973335714136,False,-5.0,0.0,-4.8673244227975573e-20,0.007500239686372325,0.25,1.809762563682225,0.0
88002,product_to_joint,0.5,44,0.05779871012754263,0.0,11.158957255116814,-5.644973335714136,False,-5.0,0.0,7.106851321270845e-19,0.007500239686372324,0.49999999999999994,1.809762563682225,0.0
88002,product_to_joint,0.75,44,0.05779871012754263,0.0,11.158957255116814,-5.644973335714136,False,-5.0,0.0,7.577918123108183e-19,0.007500239686372325,0.7500000000000001,1.809762563682225,0.0
88002,product_to_joint,1.0,44,0.05779871012754263,0.0,11.158957255116814,-5.644973335714136,False,-5.0,0.0,7.586088858102618e-19,0.007500239686372325,1.0,1.809762563682225,0.0
88002,product_to_joint_diagP,0.0,44,0.05779871012754263,0.0,11.158957255116814,-5.644973335714136,False,-5.0,0.0,1.7605518457110832e-19,0.007500239686372324,0.0,1.809762563682225,0.0
88002,product_to_joint_diagP,0.25,44,0.05779871012754263,0.0,11.158957255116814,-5.644973335714136,False,-5.0,0.0,-4.8673244227975573e-20,0.007500239686372325,0.25,1.809762563682225,0.0
88002,product_to_joint_diagP,0.5,44,0.05779871012754263,0.0,11.158957255116814,-5.644973335714136,False,-5.0,0.0,7.106851321270845e-19,0.007500239686372324,0.49999999999999994,1.809762563682225,0.0
88002,product_to_joint_diagP,0.75,44,0.05779871012754263,0.0,11.158957255116814,-5.644973335714136,False,-5.0,0.0,7.577918123108183e-19,0.007500239686372325,0.7500000000000001,1.809762563682225,0.0
88002,product_to_joint_diagP,1.0,44,0.05779871012754263,0.0,11.158957255116814,-5.644973335714136,False,-5.0,0.0,7.586088858102618e-19,0.007500239686372325,1.0,1.809762563682225,0.0
88002,gaussian_to_joint,0.0,44,0.05779871012754263,0.0,11.158957255116814,-5.644973335714136,False,-5.0,0.0,7.586088858102618e-19,0.007500239686372325,0.0,1.809762563682225,0.0
88002,gaussian_to_joint,0.25,44,0.05779871012754263,0.0,11.158957255116814,-5.644973335714136,False,-5.0,0.0,9.820634564853365e-19,0.007500239686372325,0.25,1.809762563682225,0.0
88002,gaussian_to_joint,0.5,44,0.05779871012754263,0.0,11.158957255116814,-5.644973335714136,False,-5.0,0.0,8.6702928844743545e-19,0.007500239686372325,0.49999999999999994,1.809762563682225,0.0
88002,gaussian_to_joint,0.75,44,0.05779871012754263,0.0,11.158957255116814,-5.644973335714136,False,-5.0,0.0,9.820634564853365e-19,0.007500239686372325,0.7500000000000001,1.809762563682225,0.0
88002,gaussian_to_joint,1.0,44,0.05779871012754263,0.0,11.158957255116814,-5.644973335714136,False,-5.0,0.0,7.586088858102618e-19,0.007500239686372325,1.0,1.809762563682225,0.0
88002,product_to_joint,0.0,48,0.05279871012754263,0.0,11.158957255116814,-5.589178549438551,False,-5.0,0.0,1.7605518457110832e-19,0.007500239686372324,0.0,1.809762563682225,0.0
88002,product_to_joint,0.25,48,0.05279871012754263,0.0,11.158957255116814,-5.589178549438551,False,-5.0,0.0,-4.8673244227975573e-20,0.007500239686372325,0.25,1.809762563682225,0.0
88002,product_to_joint,0.5,48,0.05279871012754263,0.0,11.158957255116814,-5.589178549438551,False,-5.0,0.0,7.106851321270845e-19,0.007500239686372324,0.49999999999999994,1.809762563682225,0.0
88002,product_to_joint,0.75,48,0.05279871012754263,0.0,11.158957255116814,-5.589178549438551,False,-5.0,0.0,7.577918123108183e-19,0.007500239686372325,0.7500000000000001,1.809762563682225,0.0
88002,product_to_joint,1.0,48,0.05279871012754263,0.0,11.158957255116814,-5.589178549438551,False,-5.0,0.0,7.586088858102618e-19,0.007500239686372325,1.0,1.809762563682225,0.0
88002,product_to_joint_diagP,0.0,48,0.05279871012754263,0.0,11.158957255116814,-5.589178549438551,False,-5.0,0.0,1.7605518457110832e-19,0.007500239686372324,0.0,1.809762563682225,0.0
88002,product_to_joint_diagP,0.25,48,0.05279871012754263,0.0,11.158957255116814,-5.589178549438551,False,-5.0,0.0,-4.8673244227975573e-20,0.007500239686372325,0.25,1.809762563682225,0.0
88002,product_to_joint_diagP,0.5,48,0.05279871012754263,0.0,11.158957255116814,-5.589178549438551,False,-5.0,0.0,7.106851321270845e-19,0.007500239686372324,0.49999999999999994,1.809762563682225,0.0
88002,product_to_joint_diagP,0.75,48,0.05279871012754263,0.0,11.158957255116814,-5.589178549438551,False,-5.0,0.0,7.577918123108183e-19,0.007500239686372325,0.7500000000000001,1.809762563682225,0.0
88002,product_to_joint_diagP,1.0,48,0.05279871012754263,0.0,11.158957255116814,-5.589178549438551,False,-5.0,0.0,7.586088858102618e-19,0.007500239686372325,1.0,1.809762563682225,0.0
88002,gaussian_to_joint,0.0,48,0.05279871012754263,0.0,11.158957255116814,-5.589178549438551,False,-5.0,0.0,7.586088858102618e-19,0.007500239686372325,0.0,1.809762563682225,0.0
88002,gaussian_to_joint,0.25,48,0.05279871012754263,0.0,11.158957255116814,-5.589178549438551,False,-5.0,0.0,9.820634564853365e-19,0.007500239686372325,0.25,1.809762563682225,0.0
88002,gaussian_to_joint,0.5,48,0.05279871012754263,0.0,11.158957255116814,-5.589178549438551,False,-5.0,0.0,8.6702928844743545e-19,0.007500239686372325,0.49999999999999994,1.809762563682225,0.0
88002,gaussian_to_joint,0.75,48,0.05279871012754263,0.0,11.158957255116814,-5.589178549438551,False,-5.0,0.0,9.820634564853365e-19,0.007500239686372325,0.7500000000000001,1.809762563682225,0.0
88002,gaussian_to_joint,1.0,48,0.05279871012754263,0.0,11.158957255116814,-5.589178549438551,False,-5.0,0.0,7.586088858102618e-19,0.007500239686372325,1.0,1.809762563682225,0.0
88002,product_to_joint,0.0,52,0.047798710127542623,0.0018681762509766566,12.883303123276248,-5.613937095223769,False,-5.0,0.0,1.459512696075513e-05,0.010030584678113984,0.0,1.1162461673100714,7.734183242069648e-05
88002,product_to_joint,0.25,52,0.047798710127542623,0.0018762714363453371,12.883297292548614,-5.613928721337141,False,-5.0,0.0,1.4658370596447946e-05,0.010030575508312406,0.250014501873972,1.116265503328974,7.734183242069648e-05
88002,product_to_joint,0.5,52,0.047798710127542623,0.001884366308666627,12.883291462038738,-5.613920347773968,False,-5.0,0.0,1.4721611786458023e-05,0.010030566338857436,0.5000193354580955,1.1162848389740017,7.734183242069648e-05
88002,product_to_joint,0.75,52,0.047798710127542623,0.0018924608679575323,12.883285631746602,-5.613911974534233,False,-5.0,0.0,1.4784850530918221e-05,0.01003055716974905,0.750014501313182,1.1163041742451698,7.734183242069648e-05
88002,product_to_joint,1.0,52,0.047798710127542623,0.0019005551142362435,12.883279801672199,-5.613903601617918,False,-5.0,0.0,1.4848086829970652e-05,0.010030548000987235,1.0,1.1163235091424921,7.734183242069648e-05
88002,product_to_joint_diagP,0.0,52,0.047798710127542623,0.0018681762509766566,12.883303123276248,-5.613937095223769,False,-5.0,0.0,1.459512696075513e-05,0.010030584678113984,0.0,1.1162461673100714,7.733947827093246e-05
88002,product_to_joint_diagP,0.25,52,0.047798710127542623,0.0018762714360000964,12.883297285042927,-5.613928720978723,False,-5.0,0.0,1.4658370593750753e-05,0.01003057549650845,0.25001450143255183,1.1162655027404025,7.733947827093246e-05
88002,product_to_joint_diagP,0.5,52,0.047798710127542623,0.0018843663079859353,12.883291447027641,-5.613920347057137,False,-5.0,0.0,1.472161178114012e-05,0.010030566315249975,0.500019334869558,1.1162848377968815,7.733947827093246e-05
88002,product_to_joint_diagP,0.75,52,0.047798710127542623,0.0018924608669515668,12.883285609230375,-5.613911973458992,False,-5.0,0.0,1.4784850523059116e-05,0.010030557134338532,0.7500145008717962,1.116304172479523,7.733947827093246e-05
88002,product_to_joint_diagP,1.0,52,0.047798710127542623,0.0019005551129135084,12.883279771651114,-5.613903600184272,False,-5.0,0.0,1.4848086819636784e-05,0.010030547953774097,1.0,1.1163235067883424,7.733947827093246e-05
88002,gaussian_to_joint,0.0,52,0.047798710127542623,0.0015245704590922103,12.88406156997902,-5.614316953789746,False,-5.0,0.0,1.1910706711657893e-05,0.010031777498718888,0.0,1.1161986638865713,0.00012484525592082463
88002,gaussian_to_joint,0.25,52,0.047798710127542623,0.0016185754243846601,12.883866115077858,-5.6142136063322905,False,-5.0,0.0,1.2645120503005157e-05,0.01003147009712228,0.25002340921608707,1.1162298766618015,0.00012484525592082463
88002,gaussian_to_joint,0.5,52,0.047798710127542623,0.0017125745216391949,12.883670668726756,-5.614110265151554,False,-5.0,0.0,1.337948845030621e-05,0.010031162713635872,0.5000312113139397,1.116261088462824,0.00012484525592082463
88002,gaussian_to_joint,0.75,52,0.047798710127542623,0.001806567751407807,12.883475230925077,-5.614006930246955,False,-5.0,0.0,1.4113810557873493e-05,0.010030855348258054,0.750023407754868,1.1162922992897006,0.00012484525592082463
88002,gaussian_to_joint,1.0,52,0.047798710127542623,0.0019005551142362435,12.883279801672199,-5.613903601617918,False,-5.0,0.0,1.4848086829970652e-05,0.010030548000987235,1.0,1.1163235091424921,0.00012484525592082463
88002,product_to_joint,0.0,56,0.037798710127542615,0.0,11.158957255116814,-5.4217941906117995,False,-3.0,0.0,1.7605518457110832e-19,0.007500239686372324,0.0,1.809762563682225,0.0
88002,product_to_joint,0.25,56,0.037798710127542615,0.0,11.158957255116814,-5.4217941906117995,False,-3.0,0.0,-4.8673244227975573e-20,0.007500239686372325,0.25,1.809762563682225,0.0
88002,product_to_joint,0.5,56,0.037798710127542615,0.0,11.158957255116814,-5.4217941906117995,False,-3.0,0.0,7.106851321270845e-19,0.007500239686372324,0.49999999999999994,1.809762563682225,0.0
88002,product_to_joint,0.75,56,0.037798710127542615,0.0,11.158957255116814,-5.4217941906117995,False,-3.0,0.0,7.577918123108183e-19,0.007500239686372325,0.7500000000000001,1.809762563682225,0.0
88002,product_to_joint,1.0,56,0.037798710127542615,0.0,11.158957255116814,-5.4217941906117995,False,-3.0,0.0,7.586088858102618e-19,0.007500239686372325,1.0,1.809762563682225,0.0
88002,product_to_joint_diagP,0.0,56,0.037798710127542615,0.0,11.158957255116814,-5.4217941906117995,False,-3.0,0.0,1.7605518457110832e-19,0.007500239686372324,0.0,1.809762563682225,0.0
88002,product_to_joint_diagP,0.25,56,0.037798710127542615,0.0,11.158957255116814,-5.4217941906117995,False,-3.0,0.0,-4.8673244227975573e-20,0.007500239686372325,0.25,1.809762563682225,0.0
88002,product_to_joint_diagP,0.5,56,0.037798710127542615,0.0,11.158957255116814,-5.4217941906117995,False,-3.0,0.0,7.106851321270845e-19,0.007500239686372324,0.49999999999999994,1.809762563682225,0.0
88002,product_to_joint_diagP,0.75,56,0.037798710127542615,0.0,11.158957255116814,-5.4217941906117995,False,-3.0,0.0,7.577918123108183e-19,0.007500239686372325,0.7500000000000001,1.809762563682225,0.0
88002,product_to_joint_diagP,1.0,56,0.037798710127542615,0.0,11.158957255116814,-5.4217941906117995,False,-3.0,0.0,7.586088858102618e-19,0.007500239686372325,1.0,1.809762563682225,0.0
88002,gaussian_to_joint,0.0,56,0.037798710127542615,0.0,11.158957255116814,-5.4217941906117995,False,-3.0,0.0,7.586088858102618e-19,0.007500239686372325,0.0,1.809762563682225,0.0
88002,gaussian_to_joint,0.25,56,0.037798710127542615,0.0,11.158957255116814,-5.4217941906117995,False,-3.0,0.0,9.820634564853365e-19,0.007500239686372325,0.25,1.809762563682225,0.0
88002,gaussian_to_joint,0.5,56,0.037798710127542615,0.0,11.158957255116814,-5.4217941906117995,False,-3.0,0.0,8.6702928844743545e-19,0.007500239686372325,0.49999999999999994,1.809762563682225,0.0
88002,gaussian_to_joint,0.75,56,0.037798710127542615,0.0,11.158957255116814,-5.4217941906117995,False,-3.0,0.0,9.820634564853365e-19,0.007500239686372325,0.7500000000000001,1.809762563682225,0.0
88002,gaussian_to_joint,1.0,56,0.037798710127542615,0.0,11.158957255116814,-5.4217941906117995,False,-3.0,0.0,7.586088858102618e-19,0.007500239686372325,1.0,1.809762563682225,0.0
88002,product_to_joint,0.0,60,0.037798710127542615,-6.2888605308457635,10.860253194081768,-11.699364093240579,False,19.0,22.0,-0.04913172289723253,0.007098797573215529,0.0,1.8851371564767794,0.12029655735741818
88002,product_to_joint,0.25,60,0.037798710127542615,-6.333373712267705,11.16542665123962,-11.755412437708252,False,19.0,22.0,-0.04947948212709145,0.0075090547060676265,0.2732261071851724,1.9165949478583695,0.12029655735741818
88002,product_to_joint,0.5,60,0.037798710127542615,-6.375212726552117,11.444692362830214,-11.807807335673637,False,19.0,22.0,-0.04980634942618841,0.007894444780262709,0.5300379241845882,1.9470932532049026,0.12029655735741818
88002,product_to_joint,0.75,60,0.037798710127542615,-6.414611525559929,11.701441914897863,-11.856910936575431,False,19.0,22.0,-0.05011415254343694,0.00825716204148734,0.7718714695930009,1.9766888743653102,0.12029655735741818
88002,product_to_joint,1.0,60,0.037798710127542615,-6.4517775444522805,11.938461924841118,-11.903036006118054,False,19.0,22.0,-0.05040451206603344,0.008599149971367254,1.0,2.0054337138341976,0.12029655735741818
88002,product_to_joint_diagP,0.0,60,0.037798710127542615,-6.2888605308457635,10.860253194081768,-11.699364093240579,False,19.0,22.0,-0.04913172289723253,0.007098797573215529,0.0,1.8851371564767794,0.11455974404447655
88002,product_to_joint_diagP,0.25,60,0.037798710127542615,-6.333513815097472,11.149939087680641,-11.75496713061247,False,19.0,22.0,-0.049480576680449,0.0074879603063347545,0.272088410721509,1.91503076548406,0.11455974404447655
88002,product_to_joint_diagP,0.5,60,0.037798710127542615,-6.3756121585705845,11.416160116189925,-11.80712828557206,False,19.0,22.0,-0.04980946998883269,0.007854633288481785,0.5286086546757871,1.944056624081361,0.11455974404447655
88002,product_to_joint_diagP,0.75,60,0.037798710127542615,-6.415368742686787,11.661854527092085,-11.856171801505912,False,19.0,22.0,-0.05012006830224052,0.008200711121280405,0.7708597224117306,1.972263692439045,0.11455974404447655
88002,product_to_joint_diagP,1.0,60,0.037798710127542615,-6.452973673824911,11.889457906681224,-11.902379846813174,False,19.0,22.0,-0.050413856826757114,0.008527881427901899,1.0,1.999696900521256,0.11455974404447655
88002,gaussian_to_joint,0.0,60,0.037798710127542615,-6.180609324349357,11.82054316528541,-11.627410609004084,False,19.0,22.0,-0.04828601034647935,0.00842815189955906,0.0,1.986162649461324,0.019271064372873514
88002,gaussian_to_joint,0.25,60,0.037798710127542615,-6.249385910941241,11.851149333649353,-11.697344069282073,False,19.0,22.0,-0.048823327429228444,0.00847237185842636,0.25363070409127325,1.9910153435469917,0.019271064372873514
88002,gaussian_to_joint,0.5,60,0.037798710127542615,-6.317499819027679,11.880990508488896,-11.766585935286136,False,19.0,22.0,-0.049355467336153744,0.008515596646899612,0.5048176169993647,1.99584460266971,0.019271064372873514
88002,gaussian_to_joint,0.75,60,0.037798710127542615,-6.384960580282407,11.91008788879547,-11.835146539984542,False,19.0,22.0,-0.04988250453345631,0.008557848725514683,0.7535958891329088,2.0006506520895337,0.019271064372873514
88002,gaussian_to_joint,1.0,60,0.037798710127542615,-6.4517775444522805,11.938461924841118,-11.903036006118054,False,19.0,22.0,-0.05040451206603344,0.008599149971367254,1.0,2.0054337138341976,0.019271064372873514
88002,product_to_joint,0.0,64,0.03279871012754261,0.0,11.158957255116814,-5.365999404336215,False,-5.0,0.0,1.7605518457110832e-19,0.007500239686372324,0.0,1.809762563682225,0.0
88002,product_to_joint,0.25,64,0.03279871012754261,0.0,11.158957255116814,-5.365999404336215,False,-5.0,0.0,-4.8673244227975573e-20,0.007500239686372325,0.25,1.809762563682225,0.0
88002,product_to_joint,0.5,64,0.03279871012754261,0.0,11.158957255116814,-5.365999404336215,False,-5.0,0.0,7.106851321270845e-19,0.007500239686372324,0.49999999999999994,1.809762563682225,0.0
88002,product_to_joint,0.75,64,0.03279871012754261,0.0,11.158957255116814,-5.365999404336215,False,-5.0,0.0,7.577918123108183e-19,0.007500239686372325,0.7500000000000001,1.809762563682225,0.0
88002,product_to_joint,1.0,64,0.03279871012754261,0.0,11.158957255116814,-5.365999404336215,False,-5.0,0.0,7.586088858102618e-19,0.007500239686372325,1.0,1.809762563682225,0.0
88002,product_to_joint_diagP,0.0,64,0.03279871012754261,0.0,11.158957255116814,-5.365999404336215,False,-5.0,0.0,1.7605518457110832e-19,0.007500239686372324,0.0,1.809762563682225,0.0
88002,product_to_joint_diagP,0.25,64,0.03279871012754261,0.0,11.158957255116814,-5.365999404336215,False,-5.0,0.0,-4.8673244227975573e-20,0.007500239686372325,0.25,1.809762563682225,0.0
88002,product_to_joint_diagP,0.5,64,0.03279871012754261,0.0,11.158957255116814,-5.365999404336215,False,-5.0,0.0,7.106851321270845e-19,0.007500239686372324,0.49999999999999994,1.809762563682225,0.0
88002,product_to_joint_diagP,0.75,64,0.03279871012754261,0.0,11.158957255116814,-5.365999404336215,False,-5.0,0.0,7.577918123108183e-19,0.007500239686372325,0.7500000000000001,1.809762563682225,0.0
88002,product_to_joint_diagP,1.0,64,0.03279871012754261,0.0,11.158957255116814,-5.365999404336215,False,-5.0,0.0,7.586088858102618e-19,0.007500239686372325,1.0,1.809762563682225,0.0
88002,gaussian_to_joint,0.0,64,0.03279871012754261,0.0,11.158957255116814,-5.365999404336215,False,-5.0,0.0,7.586088858102618e-19,0.007500239686372325,0.0,1.809762563682225,0.0
88002,gaussian_to_joint,0.25,64,0.03279871012754261,0.0,11.158957255116814,-5.365999404336215,False,-5.0,0.0,9.820634564853365e-19,0.007500239686372325,0.25,1.809762563682225,0.0
88002,gaussian_to_joint,0.5,64,0.03279871012754261,0.0,11.158957255116814,-5.365999404336215,False,-5.0,0.0,8.6702928844743545e-19,0.007500239686372325,0.49999999999999994,1.809762563682225,0.0
88002,gaussian_to_joint,0.75,64,0.03279871012754261,0.0,11.158957255116814,-5.365999404336215,False,-5.0,0.0,9.820634564853365e-19,0.007500239686372325,0.7500000000000001,1.809762563682225,0.0
88002,gaussian_to_joint,1.0,64,0.03279871012754261,0.0,11.158957255116814,-5.365999404336215,False,-5.0,0.0,7.586088858102618e-19,0.007500239686372325,1.0,1.809762563682225,0.0
88002,product_to_joint,0.0,68,0.02779871012754261,-0.29678518175760693,13.219320161104093,-5.6642652309993196,False,9.0,14.0,-0.002318634232481304,0.010565919526475414,0.0,1.2780784963916476,1.041144994385677
88002,product_to_joint,0.25,68,0.02779871012754261,1.8129110902293704,18.278736091994286,-3.6952141958898297,False,9.0,14.0,0.014163367892416956,0.02029258991215665,0.4856371289815632,1.6552227118057439,1.041144994385677
88002,product_to_joint,0.5,68,0.02779871012754261,2.9138735027932876,20.340639919934894,-2.651570050149704,False,9.0,14.0,0.02276463674057256,0.02515278517776178,0.7390708730961075,1.9284377687955416,1.041144994385677
88002,product_to_joint,0.75,68,0.02779871012754261,3.589988473725451,21.481191111497175,-2.007160931177404,False,9.0,14.0,0.028046784950980085,0.02806415842093904,0.8947077473252597,2.142799571659778,1.041144994385677
88002,product_to_joint,1.0,68,0.02779871012754261,4.0473972254056445,22.20795565293921,-1.569955296315734,False,9.0,14.0,0.0316202908234816,0.030002129778009926,1.0,2.3192234907773246,1.041144994385677
88002,product_to_joint_diagP,0.0,68,0.02779871012754261,-0.29678518175760693,13.219320161104093,-5.6642652309993196,False,9.0,14.0,-0.002318634232481304,0.010565919526475414,0.0,1.2780784963916476,0.9809532166279946
88002,product_to_joint_diagP,0.25,68,0.02779871012754261,1.7024083171615083,17.96892142266846,-3.7971045207718426,False,9.0,14.0,0.013300064977824284,0.019607161687868253,0.4706191190757851,1.626443528393514,0.9809532166279946
88002,product_to_joint_diagP,0.5,68,0.02779871012754261,2.7927791895213074,20.0076284759208,-2.763407074820382,False,9.0,14.0,0.021818587418135214,0.02433269026064922,0.7272973144047036,1.8843044568432181,0.9809532166279946
88002,product_to_joint_diagP,0.75,68,0.02779871012754261,3.4792734004012313,21.162011120484628,-2.109003212452954,False,9.0,14.0,0.02718182344063462,0.027233417643036807,0.8889011316188005,2.0891189032479422,0.9809532166279946
88002,product_to_joint_diagP,1.0,68,0.02779871012754261,3.9512222150629617,21.90791358186289,-1.6577895240984986,False,9.0,14.0,0.030868923555179388,0.029194230805076445,1.0,2.2590317130196422,0.9809532166279946
88002,gaussian_to_joint,0.0,68,0.02779871012754261,2.078477178357983,20.663380102239852,-3.4959381353594146,False,9.0,14.0,0.016238102955921742,0.02596050276181896,0.0,2.273027240220336,0.046196250556988616
88002,gaussian_to_joint,0.25,68,0.02779871012754261,2.5879577357204475,21.09155048240444,-2.998360162280345,False,9.0,14.0,0.020218419810315996,0.027051702987781673,0.2587614251408623,2.284777909901034,0.046196250556988616
88002,gaussian_to_joint,0.5,68,0.02779871012754261,3.0856723397380206,21.489940680890847,-2.5117202919081496,False,9.0,14.0,0.024106815154203286,0.028087106351819296,0.5115470091791179,2.2963921034772947,0.046196250556988616
88002,gaussian_to_joint,0.75,68,0.02779871012754261,3.5720239224644046,21.86128315297363,-2.03569155092124,False,9.0,14.0,0.02790643689425316,0.029069659490630416,0.7585613983391307,2.307872954742881,0.046196250556988616
88002,gaussian_to_joint,1.0,68,0.02779871012754261,4.0473972254056445,22.20795565293921,-1.569955296315734,False,9.0,14.0,0.0316202908234816,0.030002129778009926,1.0,2.3192234907773246,0.046196250556988616
88002,product_to_joint,0.0,72,0.022798710127542608,0.0,11.158957255116814,-5.254409831785047,False,-5.0,0.0,1.7605518457110832e-19,0.007500239686372324,0.0,1.809762563682225,0.0
88002,product_to_joint,0.25,72,0.022798710127542608,0.0,11.158957255116814,-5.254409831785047,False,-5.0,0.0,-4.8673244227975573e-20,0.007500239686372325,0.25,1.809762563682225,0.0
88002,product_to_joint,0.5,72,0.022798710127542608,0.0,11.158957255116814,-5.254409831785047,False,-5.0,0.0,7.106851321270845e-19,0.007500239686372324,0.49999999999999994,1.809762563682225,0.0
88002,product_to_joint,0.75,72,0.022798710127542608,0.0,11.158957255116814,-5.254409831785047,False,-5.0,0.0,7.577918123108183e-19,0.007500239686372325,0.7500000000000001,1.809762563682225,0.0
88002,product_to_joint,1.0,72,0.022798710127542608,0.0,11.158957255116814,-5.254409831785047,False,-5.0,0.0,7.586088858102618e-19,0.007500239686372325,1.0,1.809762563682225,0.0
88002,product_to_joint_diagP,0.0,72,0.022798710127542608,0.0,11.158957255116814,-5.254409831785047,False,-5.0,0.0,1.7605518457110832e-19,0.007500239686372324,0.0,1.809762563682225,0.0
88002,product_to_joint_diagP,0.25,72,0.022798710127542608,0.0,11.158957255116814,-5.254409831785047,False,-5.0,0.0,-4.8673244227975573e-20,0.007500239686372325,0.25,1.809762563682225,0.0
88002,product_to_joint_diagP,0.5,72,0.022798710127542608,0.0,11.158957255116814,-5.254409831785047,False,-5.0,0.0,7.106851321270845e-19,0.007500239686372324,0.49999999999999994,1.809762563682225,0.0
88002,product_to_joint_diagP,0.75,72,0.022798710127542608,0.0,11.158957255116814,-5.254409831785047,False,-5.0,0.0,7.577918123108183e-19,0.007500239686372325,0.7500000000000001,1.809762563682225,0.0
88002,product_to_joint_diagP,1.0,72,0.022798710127542608,0.0,11.158957255116814,-5.254409831785047,False,-5.0,0.0,7.586088858102618e-19,0.007500239686372325,1.0,1.809762563682225,0.0
88002,gaussian_to_joint,0.0,72,0.022798710127542608,0.0,11.158957255116814,-5.254409831785047,False,-5.0,0.0,7.586088858102618e-19,0.007500239686372325,0.0,1.809762563682225,0.0
88002,gaussian_to_joint,0.25,72,0.022798710127542608,0.0,11.158957255116814,-5.254409831785047,False,-5.0,0.0,9.820634564853365e-19,0.007500239686372325,0.25,1.809762563682225,0.0
88002,gaussian_to_joint,0.5,72,0.022798710127542608,0.0,11.158957255116814,-5.254409831785047,False,-5.0,0.0,8.6702928844743545e-19,0.007500239686372325,0.49999999999999994,1.809762563682225,0.0
88002,gaussian_to_joint,0.75,72,0.022798710127542608,0.0,11.158957255116814,-5.254409831785047,False,-5.0,0.0,9.820634564853365e-19,0.007500239686372325,0.7500000000000001,1.809762563682225,0.0
88002,gaussian_to_joint,1.0,72,0.022798710127542608,0.0,11.158957255116814,-5.254409831785047,False,-5.0,0.0,7.586088858102618e-19,0.007500239686372325,1.0,1.809762563682225,0.0
88002,product_to_joint,0.0,76,0.017798710127542607,10.863372523897349,12.022297004071461,5.649391144454658,True,13.0,18.0,0.08487009784294804,0.008721754471075784,0.0,1.1670470778966298,0.6134540030488447
88002,product_to_joint,0.25,76,0.017798710127542607,11.922889138676556,15.549567220096328,6.6461268991173235,True,13.0,18.0,0.0931475713959106,0.014657631880633194,0.3810348132634549,1.3590712544604195,0.6134540030488447
88002,product_to_joint,0.5,76,0.017798710127542607,12.667245535772953,17.57188267578065,7.354488689631545,True,13.0,18.0,0.09896285574822619,0.01874588993966065,0.6487283036842627,1.520095188708058,0.6134540030488447
88002,product_to_joint,0.75,76,0.017798710127542607,13.218855112021274,18.91278941770709,7.88223185547225,True,13.0,18.0,0.1032723055626662,0.021731884982820634,0.8471040997296231,1.6587506963267185,0.6134540030488447
88002,product_to_joint,1.0,76,0.017798710127542607,13.644001951704084,19.874225393008455,8.29026637492448,True,13.0,18.0,0.10659376524768815,0.024007961118902715,1.0,1.7805010809454744,0.6134540030488447
88002,product_to_joint_diagP,0.0,76,0.017798710127542607,10.863372523897349,12.022297004071461,5.649391144454658,True,13.0,18.0,0.08487009784294804,0.008721754471075784,0.0,1.1670470778966298,0.5927024188210024
88002,product_to_joint_diagP,0.25,76,0.017798710127542607,11.898631910842841,15.44869865833671,6.62366500157535,True,13.0,18.0,0.0929580618034597,0.014466790175542876,0.3761528358854411,1.3512148753612303,0.5927024188210024
88002,product_to_joint_diagP,0.5,76,0.017798710127542607,12.635767723473329,17.446398196020493,7.325244339212677,True,13.0,18.0,0.09871693533963538,0.018477686158087595,0.6439849655430845,1.506682214737972,0.5927024188210024
88002,product_to_joint_diagP,0.75,76,0.017798710127542607,13.187347820287584,18.783995691112338,7.853016925944466,True,13.0,18.0,0.10302615484599675,0.021435552619856378,0.8443969784655758,1.6411999656014284,0.5927024188210024
88002,product_to_joint_diagP,1.0,76,0.017798710127542607,13.61560323487565,19.749564142185072,8.264086467563589,True,13.0,18.0,0.10637190027246601,0.02370647484169204,1.0,1.7597494967176321,0.5927024188210024
88002,gaussian_to_joint,0.0,76,0.017798710127542607,14.73359371500662,20.33769603288562,9.371608958655216,True,13.0,18.0,0.11510620089848922,0.025145476069705294,0.0,1.760542376405076,0.019958704540398386
88002,gaussian_to_joint,0.25,76,0.017798710127542607,14.457097930786214,20.22664935856579,9.097089662001656,True,13.0,18.0,0.1129460775842673,0.024870541032371213,0.2537608979186396,1.7655695219113205,0.019958704540398386
88002,gaussian_to_joint,0.5,76,0.017798710127542607,14.183361303805881,20.11236288242389,8.825387186881672,True,13.0,18.0,0.11080751018598345,0.024589156537738174,0.5049895105052872,1.7705715215846913,0.019958704540398386
88002,gaussian_to_joint,0.75,76,0.017798710127542607,13.912342738579863,19.99487622610952,8.556459732595247,True,13.0,18.0,0.10869017764515518,0.024301554888759742,0.7537235541663352,1.77554862573309,0.019958704540398386
88002,gaussian_to_joint,1.0,76,0.017798710127542607,13.644001951704084,19.874225393008455,8.29026637492448,True,13.0,18.0,0.10659376524768815,0.024007961118902715,1.0,1.7805010809454744,0.019958704540398386
88002,product_to_joint,0.0,80,0.012798710127542606,0.0,11.158957255116814,-5.142820259233878,False,-5.0,0.0,1.7605518457110832e-19,0.007500239686372324,0.0,1.809762563682225,0.0
88002,product_to_joint,0.25,80,0.012798710127542606,0.0,11.158957255116814,-5.142820259233878,False,-5.0,0.0,-4.8673244227975573e-20,0.007500239686372325,0.25,1.809762563682225,0.0
88002,product_to_joint,0.5,80,0.012798710127542606,0.0,11.158957255116814,-5.142820259233878,False,-5.0,0.0,7.106851321270845e-19,0.007500239686372324,0.49999999999999994,1.809762563682225,0.0
88002,product_to_joint,0.75,80,0.012798710127542606,0.0,11.158957255116814,-5.142820259233878,False,-5.0,0.0,7.577918123108183e-19,0.007500239686372325,0.7500000000000001,1.809762563682225,0.0
88002,product_to_joint,1.0,80,0.012798710127542606,0.0,11.158957255116814,-5.142820259233878,False,-5.0,0.0,7.586088858102618e-19,0.007500239686372325,1.0,1.809762563682225,0.0
88002,product_to_joint_diagP,0.0,80,0.012798710127542606,0.0,11.158957255116814,-5.142820259233878,False,-5.0,0.0,1.7605518457110832e-19,0.007500239686372324,0.0,1.809762563682225,0.0
88002,product_to_joint_diagP,0.25,80,0.012798710127542606,0.0,11.158957255116814,-5.142820259233878,False,-5.0,0.0,-4.8673244227975573e-20,0.007500239686372325,0.25,1.809762563682225,0.0
88002,product_to_joint_diagP,0.5,80,0.012798710127542606,0.0,11.158957255116814,-5.142820259233878,False,-5.0,0.0,7.106851321270845e-19,0.007500239686372324,0.49999999999999994,1.809762563682225,0.0
88002,product_to_joint_diagP,0.75,80,0.012798710127542606,0.0,11.158957255116814,-5.142820259233878,False,-5.0,0.0,7.577918123108183e-19,0.007500239686372325,0.7500000000000001,1.809762563682225,0.0
88002,product_to_joint_diagP,1.0,80,0.012798710127542606,0.0,11.158957255116814,-5.142820259233878,False,-5.0,0.0,7.586088858102618e-19,0.007500239686372325,1.0,1.809762563682225,0.0
88002,gaussian_to_joint,0.0,80,0.012798710127542606,0.0,11.158957255116814,-5.142820259233878,False,-5.0,0.0,7.586088858102618e-19,0.007500239686372325,0.0,1.809762563682225,0.0
88002,gaussian_to_joint,0.25,80,0.012798710127542606,0.0,11.158957255116814,-5.142820259233878,False,-5.0,0.0,9.820634564853365e-19,0.007500239686372325,0.25,1.809762563682225,0.0
88002,gaussian_to_joint,0.5,80,0.012798710127542606,0.0,11.158957255116814,-5.142820259233878,False,-5.0,0.0,8.6702928844743545e-19,0.007500239686372325,0.49999999999999994,1.809762563682225,0.0
88002,gaussian_to_joint,0.75,80,0.012798710127542606,0.0,11.158957255116814,-5.142820259233878,False,-5.0,0.0,9.820634564853365e-19,0.007500239686372325,0.7500000000000001,1.809762563682225,0.0
88002,gaussian_to_joint,1.0,80,0.012798710127542606,0.0,11.158957255116814,-5.142820259233878,False,-5.0,0.0,7.586088858102618e-19,0.007500239686372325,1.0,1.809762563682225,0.0
88002,product_to_joint,0.0,84,0.0027987101275426043,14.59232614683661,10.66819190952075,9.562468970096866,True,25.0,30.0,0.11400254802216102,0.006846430579734129,0.0,1.4554170192966667,0.08355119598124316
88002,product_to_joint,0.25,84,0.0027987101275426043,14.620015209982606,11.017264218431759,9.589181081036669,True,25.0,30.0,0.11421886882798911,0.007308454031905319,0.2659905555973893,1.476968330261757,0.08355119598124316
88002,product_to_joint,0.5,84,0.0027987101275426043,14.64654821839543,11.341623149342286,9.614806302824595,True,25.0,30.0,0.1144261579562143,0.007751099588726613,0.520875656338763,1.4980649638886585,0.08355119598124316
88002,product_to_joint,0.75,84,0.0027987101275426043,14.671996091783608,11.644174344588281,9.639407423118538,True,25.0,30.0,0.11462496946705944,0.008175561289499995,0.765336581058484,1.5187257095026072,0.08355119598124316
88002,product_to_joint,1.0,84,0.0027987101275426043,14.696424065214963,11.92733166391631,9.6630429212926,True,25.0,30.0,0.1148158130094919,0.008582937049625282,1.0,1.5389682152779098,0.08355119598124316
88002,product_to_joint_diagP,0.0,84,0.0027987101275426043,14.59232614683661,10.66819190952075,9.562468970096866,True,25.0,30.0,0.11400254802216102,0.006846430579734129,0.0,1.4554170192966667,0.0784171242792513
88002,product_to_joint_diagP,0.25,84,0.0027987101275426043,14.622040450131534,10.9923993040682,9.591275910873247,True,25.0,30.0,0.11423469101665261,0.007275051419682561,0.26498938661978544,1.4756052867453602,0.0784171242792513
88002,product_to_joint_diagP,0.5,84,0.0027987101275426043,14.65059029496986,11.295065330323483,9.618978681238628,True,25.0,30.0,0.11445773667945203,0.007686773731462129,0.5195942412822461,1.4953940402456722,0.0784171242792513
88002,product_to_joint_diagP,0.75,84,0.0027987101275426043,14.678042815940152,11.578572877830391,9.645637746764478,True,25.0,30.0,0.11467220949953244,0.008082577507765474,0.7644132639894112,1.5147987857329177,0.0784171242792513
88002,product_to_joint_diagP,1.0,84,0.0027987101275426043,14.704460084251817,11.844924142143737,9.671309575095226,True,25.0,30.0,0.11487859440821732,0.008463368404122287,1.0,1.533834143575918,0.0784171242792513
88002,gaussian_to_joint,0.0,84,0.0027987101275426043,14.369134310725657,11.784801563456094,9.336152067238933,True,25.0,30.0,0.1122588618025442,0.00837665697571028,0.0,1.5336765466588247,0.005291668619085144
88002,gaussian_to_joint,0.25,84,0.0027987101275426043,14.451281911675135,11.82158900642687,9.418196710799203,True,25.0,30.0,0.112900639934962,0.008429661049613808,0.25099349986578345,1.5350020912927742,0.005291668619085144
88002,gaussian_to_joint,0.5,84,0.0027987101275426043,14.533212164190761,11.857598608360275,9.500026182877209,True,25.0,30.0,0.11354072003274032,0.00848170439190598,0.5013229140677795,1.5363258811838802,0.005291668619085144
88002,gaussian_to_joint,0.75,84,0.0027987101275426043,14.614925929732792,11.892842294801586,9.581641311557064,True,25.0,30.0,0.11417910882603743,0.008532794058167814,0.750990874708743,1.5376479209718243,0.005291668619085144
88002,gaussian_to_joint,1.0,84,0.0027987101275426043,14.696424065214963,11.92733166391631,9.6630429212926,True,25.0,30.0,0.1148158130094919,0.008582937049625282,1.0,1.5389682152779098,0.005291668619085144
88002,product_to_joint,0.0,88,0.0027987101275426043,0.0,11.158957255116814,-5.031230686682711,False,-5.0,0.0,1.7605518457110832e-19,0.007500239686372324,0.0,1.809762563682225,0.0
88002,product_to_joint,0.25,88,0.0027987101275426043,0.0,11.158957255116814,-5.031230686682711,False,-5.0,0.0,-4.8673244227975573e-20,0.007500239686372325,0.25,1.809762563682225,0.0
88002,product_to_joint,0.5,88,0.0027987101275426043,0.0,11.158957255116814,-5.031230686682711,False,-5.0,0.0,7.106851321270845e-19,0.007500239686372324,0.49999999999999994,1.809762563682225,0.0
88002,product_to_joint,0.75,88,0.0027987101275426043,0.0,11.158957255116814,-5.031230686682711,False,-5.0,0.0,7.577918123108183e-19,0.007500239686372325,0.7500000000000001,1.809762563682225,0.0
88002,product_to_joint,1.0,88,0.0027987101275426043,0.0,11.158957255116814,-5.031230686682711,False,-5.0,0.0,7.586088858102618e-19,0.007500239686372325,1.0,1.809762563682225,0.0
88002,product_to_joint_diagP,0.0,88,0.0027987101275426043,0.0,11.158957255116814,-5.031230686682711,False,-5.0,0.0,1.7605518457110832e-19,0.007500239686372324,0.0,1.809762563682225,0.0
88002,product_to_joint_diagP,0.25,88,0.0027987101275426043,0.0,11.158957255116814,-5.031230686682711,False,-5.0,0.0,-4.8673244227975573e-20,0.007500239686372325,0.25,1.809762563682225,0.0
88002,product_to_joint_diagP,0.5,88,0.0027987101275426043,0.0,11.158957255116814,-5.031230686682711,False,-5.0,0.0,7.106851321270845e-19,0.007500239686372324,0.49999999999999994,1.809762563682225,0.0
88002,product_to_joint_diagP,0.75,88,0.0027987101275426043,0.0,11.158957255116814,-5.031230686682711,False,-5.0,0.0,7.577918123108183e-19,0.007500239686372325,0.7500000000000001,1.809762563682225,0.0
88002,product_to_joint_diagP,1.0,88,0.0027987101275426043,0.0,11.158957255116814,-5.031230686682711,False,-5.0,0.0,7.586088858102618e-19,0.007500239686372325,1.0,1.809762563682225,0.0
88002,gaussian_to_joint,0.0,88,0.0027987101275426043,0.0,11.158957255116814,-5.031230686682711,False,-5.0,0.0,7.586088858102618e-19,0.007500239686372325,0.0,1.809762563682225,0.0
88002,gaussian_to_joint,0.25,88,0.0027987101275426043,0.0,11.158957255116814,-5.031230686682711,False,-5.0,0.0,9.820634564853365e-19,0.007500239686372325,0.25,1.809762563682225,0.0
88002,gaussian_to_joint,0.5,88,0.0027987101275426043,0.0,11.158957255116814,-5.031230686682711,False,-5.0,0.0,8.6702928844743545e-19,0.007500239686372325,0.49999999999999994,1.809762563682225,0.0
88002,gaussian_to_joint,0.75,88,0.0027987101275426043,0.0,11.158957255116814,-5.031230686682711,False,-5.0,0.0,9.820634564853365e-19,0.007500239686372325,0.7500000000000001,1.809762563682225,0.0
88002,gaussian_to_joint,1.0,88,0.0027987101275426043,0.0,11.158957255116814,-5.031230686682711,False,-5.0,0.0,7.586088858102618e-19,0.007500239686372325,1.0,1.809762563682225,0.0
88002,product_to_joint,0.0,92,0.0,-0.21258401657082857,12.78769625009601,-5.212584016570829,False,-5.0,0.0,-0.0016608126294595982,0.009880784630415012,0.0,1.131416951087726,0.005369636841363157
88002,product_to_joint,0.25,92,0.0,-0.2161186677121396,12.800709095529921,-5.21611866771214,False,-5.0,0.0,-0.0016884270915010907,0.009901107992454986,0.2510081578457831,1.132762065810088,0.005369636841363157
88002,product_to_joint,0.5,92,0.0,-0.21964382897975593,12.81367287087686,-5.2196438289797555,False,-5.0,0.0,-0.0017159674139043432,0.009921375271108744,0.5013424059848763,1.1341053736290538,0.005369636841363157
88002,product_to_joint,0.75,92,0.0,-0.22315953854023476,12.826587872875447,-5.2231595385402345,False,-5.0,0.0,-0.001743433894845584,0.009941586698034393,0.7510054547601698,1.1354468793925676,0.005369636841363157
88002,product_to_joint,1.0,92,0.0,-0.22666583435573784,12.839454395699919,-5.226665834355738,False,-5.0,0.0,-0.0017708268309042019,0.00996174250361682,1.0,1.1367865879290893,0.005369636841363157
88002,product_to_joint_diagP,0.0,92,0.0,-0.21258401657082857,12.78769625009601,-5.212584016570829,False,-5.0,0.0,-0.0016608126294595982,0.009880784630415012,0.0,1.131416951087726,0.005333996031373633
88002,product_to_joint_diagP,0.25,92,0.0,-0.21611796609390477,12.800596423520135,-5.216117966093905,False,-5.0,0.0,-0.001688421610108631,0.0099009319334617,0.2510014573238166,1.132753119795435,0.005333996031373633
88002,product_to_joint_diagP,0.5,92,0.0,-0.2196424906029616,12.81344828595325,-5.219642490602961,False,-5.0,0.0,-0.0017159569578356374,0.009921023985400287,0.5013334958461804,1.1340875055384045,0.005333996031373633
88002,product_to_joint_diagP,0.75,92,0.0,-0.22315762775243753,12.826252127469598,-5.223157627752437,False,-5.0,0.0,-0.0017434189668159182,0.009941061013026026,0.750998790002316,1.135420113068622,0.005333996031373633
88002,product_to_joint_diagP,1.0,92,0.0,-0.2266634149964587,12.839008235654957,-5.226663414996459,False,-5.0,0.0,-0.0017708079296598336,0.009961043241895498,1.0,1.1367509471190997,0.005333996031373633
88002,gaussian_to_joint,0.0,92,0.0,-0.18085927417072645,12.83328276254086,-5.180859274170727,False,-5.0,0.0,-0.0014129630794588004,0.009952071927693382,0.0,1.135118008797329,0.0016685791317603282
88002,gaussian_to_joint,0.25,92,0.0,-0.19232525116994176,12.834843219980801,-5.192325251169942,False,-5.0,0.0,-0.00150254102476517,0.009954516630950143,0.2503129890763479,1.1355354146675034,0.0016685791317603282
88002,gaussian_to_joint,0.5,92,0.0,-0.20378166222640434,12.836391957037774,-5.203781662226405,False,-5.0,0.0,-0.001592044236143784,0.009956943266278325,0.5004171446861571,1.1359526463827088,0.0016685791317603282
88002,gaussian_to_joint,0.75,92,0.0,-0.2152285193062683,12.837929005164488,-5.215228519306268,False,-5.0,0.0,-0.001681472807080221,0.009959351876321024,0.7503127280617686,1.1363697040882093,0.0016685791317603282
88002,gaussian_to_joint,1.0,92,0.0,-0.22666583435573784,12.839454395699919,-5.226665834355738,False,-5.0,0.0,-0.0017708268309042019,0.00996174250361682,1.0,1.1367865879290893,0.0016685791317603282
88002,product_to_joint,0.0,96,0.0,0.0,11.158957255116814,-5.0,False,-5.0,0.0,1.7605518457110832e-19,0.007500239686372324,0.0,1.809762563682225,0.0
88002,product_to_joint,0.25,96,0.0,0.0,11.158957255116814,-5.0,False,-5.0,0.0,-4.8673244227975573e-20,0.007500239686372325,0.25,1.809762563682225,0.0
88002,product_to_joint,0.5,96,0.0,0.0,11.158957255116814,-5.0,False,-5.0,0.0,7.106851321270845e-19,0.007500239686372324,0.49999999999999994,1.809762563682225,0.0
88002,product_to_joint,0.75,96,0.0,0.0,11.158957255116814,-5.0,False,-5.0,0.0,7.577918123108183e-19,0.007500239686372325,0.7500000000000001,1.809762563682225,0.0
88002,product_to_joint,1.0,96,0.0,0.0,11.158957255116814,-5.0,False,-5.0,0.0,7.586088858102618e-19,0.007500239686372325,1.0,1.809762563682225,0.0
88002,product_to_joint_diagP,0.0,96,0.0,0.0,11.158957255116814,-5.0,False,-5.0,0.0,1.7605518457110832e-19,0.007500239686372324,0.0,1.809762563682225,0.0
88002,product_to_joint_diagP,0.25,96,0.0,0.0,11.158957255116814,-5.0,False,-5.0,0.0,-4.8673244227975573e-20,0.007500239686372325,0.25,1.809762563682225,0.0
88002,product_to_joint_diagP,0.5,96,0.0,0.0,11.158957255116814,-5.0,False,-5.0,0.0,7.106851321270845e-19,0.007500239686372324,0.49999999999999994,1.809762563682225,0.0
88002,product_to_joint_diagP,0.75,96,0.0,0.0,11.158957255116814,-5.0,False,-5.0,0.0,7.577918123108183e-19,0.007500239686372325,0.7500000000000001,1.809762563682225,0.0
88002,product_to_joint_diagP,1.0,96,0.0,0.0,11.158957255116814,-5.0,False,-5.0,0.0,7.586088858102618e-19,0.007500239686372325,1.0,1.809762563682225,0.0
88002,gaussian_to_joint,0.0,96,0.0,0.0,11.158957255116814,-5.0,False,-5.0,0.0,7.586088858102618e-19,0.007500239686372325,0.0,1.809762563682225,0.0
88002,gaussian_to_joint,0.25,96,0.0,0.0,11.158957255116814,-5.0,False,-5.0,0.0,9.820634564853365e-19,0.007500239686372325,0.25,1.809762563682225,0.0
88002,gaussian_to_joint,0.5,96,0.0,0.0,11.158957255116814,-5.0,False,-5.0,0.0,8.6702928844743545e-19,0.007500239686372325,0.49999999999999994,1.809762563682225,0.0
88002,gaussian_to_joint,0.75,96,0.0,0.0,11.158957255116814,-5.0,False,-5.0,0.0,9.820634564853365e-19,0.007500239686372325,0.7500000000000001,1.809762563682225,0.0
88002,gaussian_to_joint,1.0,96,0.0,0.0,11.158957255116814,-5.0,False,-5.0,0.0,7.586088858102618e-19,0.007500239686372325,1.0,1.809762563682225,0.0
88002,product_to_joint,0.0,100,0.0,0.0,11.158957255116814,-5.0,False,-3.0,0.0,1.7605518457110832e-19,0.007500239686372324,0.0,1.809762563682225,0.0
88002,product_to_joint,0.25,100,0.0,0.0,11.158957255116814,-5.0,False,-3.0,0.0,-4.8673244227975573e-20,0.007500239686372325,0.25,1.809762563682225,0.0
88002,product_to_joint,0.5,100,0.0,0.0,11.158957255116814,-5.0,False,-3.0,0.0,7.106851321270845e-19,0.007500239686372324,0.49999999999999994,1.809762563682225,0.0
88002,product_to_joint,0.75,100,0.0,0.0,11.158957255116814,-5.0,False,-3.0,0.0,7.577918123108183e-19,0.007500239686372325,0.7500000000000001,1.809762563682225,0.0
88002,product_to_joint,1.0,100,0.0,0.0,11.158957255116814,-5.0,False,-3.0,0.0,7.586088858102618e-19,0.007500239686372325,1.0,1.809762563682225,0.0
88002,product_to_joint_diagP,0.0,100,0.0,0.0,11.158957255116814,-5.0,False,-3.0,0.0,1.7605518457110832e-19,0.007500239686372324,0.0,1.809762563682225,0.0
88002,product_to_joint_diagP,0.25,100,0.0,0.0,11.158957255116814,-5.0,False,-3.0,0.0,-4.8673244227975573e-20,0.007500239686372325,0.25,1.809762563682225,0.0
88002,product_to_joint_diagP,0.5,100,0.0,0.0,11.158957255116814,-5.0,False,-3.0,0.0,7.106851321270845e-19,0.007500239686372324,0.49999999999999994,1.809762563682225,0.0
88002,product_to_joint_diagP,0.75,100,0.0,0.0,11.158957255116814,-5.0,False,-3.0,0.0,7.577918123108183e-19,0.007500239686372325,0.7500000000000001,1.809762563682225,0.0
88002,product_to_joint_diagP,1.0,100,0.0,0.0,11.158957255116814,-5.0,False,-3.0,0.0,7.586088858102618e-19,0.007500239686372325,1.0,1.809762563682225,0.0
88002,gaussian_to_joint,0.0,100,0.0,0.0,11.158957255116814,-5.0,False,-3.0,0.0,7.586088858102618e-19,0.007500239686372325,0.0,1.809762563682225,0.0
88002,gaussian_to_joint,0.25,100,0.0,0.0,11.158957255116814,-5.0,False,-3.0,0.0,9.820634564853365e-19,0.007500239686372325,0.25,1.809762563682225,0.0
88002,gaussian_to_joint,0.5,100,0.0,0.0,11.158957255116814,-5.0,False,-3.0,0.0,8.6702928844743545e-19,0.007500239686372325,0.49999999999999994,1.809762563682225,0.0
88002,gaussian_to_joint,0.75,100,0.0,0.0,11.158957255116814,-5.0,False,-3.0,0.0,9.820634564853365e-19,0.007500239686372325,0.7500000000000001,1.809762563682225,0.0
88002,gaussian_to_joint,1.0,100,0.0,0.0,11.158957255116814,-5.0,False,-3.0,0.0,7.586088858102618e-19,0.007500239686372325,1.0,1.809762563682225,0.0
88002,product_to_joint,0.0,104,0.0,0.0,12.890462726661413,-5.0,False,-3.0,0.0,-1.2488856386635861e-20,0.010041847491909619,0.0,1.1151861303294424,0.0
88002,product_to_joint,0.25,104,0.0,0.0,12.890462726661411,-5.0,False,-3.0,0.0,-6.329934297457138e-19,0.010041847491909617,0.25,1.1151861303294424,0.0
88002,product_to_joint,0.5,104,0.0,0.0,12.890462726661411,-5.0,False,-3.0,0.0,6.411556638439304e-19,0.010041847491909617,0.5,1.1151861303294424,0.0
88002,product_to_joint,0.75,104,0.0,0.0,12.890462726661413,-5.0,False,-3.0,0.0,4.738396538401912e-19,0.010041847491909619,0.75,1.1151861303294424,0.0
88002,product_to_joint,1.0,104,0.0,0.0,12.890462726661411,-5.0,False,-3.0,0.0,6.110355103519841e-19,0.010041847491909617,1.0,1.1151861303294424,0.0
88002,product_to_joint_diagP,0.0,104,0.0,0.0,12.890462726661413,-5.0,False,-3.0,0.0,-1.2488856386635861e-20,0.010041847491909619,0.0,1.1151861303294424,0.0
88002,product_to_joint_diagP,0.25,104,0.0,0.0,12.890462726661411,-5.0,False,-3.0,0.0,-6.329934297457138e-19,0.010041847491909617,0.25,1.1151861303294424,0.0
88002,product_to_joint_diagP,0.5,104,0.0,0.0,12.890462726661411,-5.0,False,-3.0,0.0,6.411556638439304e-19,0.010041847491909617,0.5,1.1151861303294424,0.0
88002,product_to_joint_diagP,0.75,104,0.0,0.0,12.890462726661413,-5.0,False,-3.0,0.0,4.738396538401912e-19,0.010041847491909619,0.75,1.1151861303294424,0.0
88002,product_to_joint_diagP,1.0,104,0.0,0.0,12.890462726661411,-5.0,False,-3.0,0.0,6.110355103519841e-19,0.010041847491909617,1.0,1.1151861303294424,0.0
88002,gaussian_to_joint,0.0,104,0.0,0.0,12.890462726661411,-5.0,False,-3.0,0.0,6.110355103519841e-19,0.010041847491909617,0.0,1.1151861303294424,0.0
88002,gaussian_to_joint,0.25,104,0.0,0.0,12.890462726661413,-5.0,False,-3.0,0.0,6.855744097103625e-19,0.01004184749190962,0.25,1.1151861303294424,0.0
88002,gaussian_to_joint,0.5,104,0.0,0.0,12.890462726661411,-5.0,False,-3.0,0.0,6.584698885415723e-19,0.010041847491909617,0.5,1.1151861303294424,0.0
88002,gaussian_to_joint,0.75,104,0.0,0.0,12.890462726661413,-5.0,False,-3.0,0.0,6.855744097103625e-19,0.01004184749190962,0.75,1.1151861303294424,0.0
88002,gaussian_to_joint,1.0,104,0.0,0.0,12.890462726661411,-5.0,False,-3.0,0.0,6.110355103519841e-19,0.010041847491909617,1.0,1.1151861303294424,0.0
88002,product_to_joint,0.0,108,0.0,-3.3962811772700476,13.598286850711576,-8.396281177270048,False,5.0,8.0,-0.026533446697422247,0.011186218583632529,0.0,0.9696130223508139,0.9823912167645501
88002,product_to_joint,0.25,108,0.0,-1.38417855865667,19.093448269723318,-6.38417855865667,False,5.0,8.0,-0.010813894989505234,0.02215096233084719,0.4709773928514276,1.318655062305441,0.9823912167645501
88002,product_to_joint,0.5,108,0.0,-0.28791433975101766,21.424981368912682,-5.287914339751017,False,5.0,8.0,-0.0022493307793048254,0.027916957193497044,0.7275824282607578,1.5768850414590458,0.9823912167645501
88002,product_to_joint,0.75,108,0.0,0.40187538553157065,22.74291393280969,-4.598124614468429,False,5.0,8.0,0.0031396514494653957,0.03146983240693293,0.8890430632323386,1.7819317712236278,0.9823912167645501
88002,product_to_joint,1.0,108,0.0,0.8759039618754828,23.594300218182067,-4.1240960381245175,False,5.0,8.0,0.006842999702152209,0.03387772233799477,1.0,1.952004239115364,0.9823912167645501
88002,product_to_joint_diagP,0.0,108,0.0,-3.3962811772700476,13.598286850711576,-8.396281177270048,False,5.0,8.0,-0.026533446697422247,0.011186218583632529,0.0,0.9696130223508139,0.9559601604499521
88002,product_to_joint_diagP,0.25,108,0.0,-1.4225689566767026,18.980571679238142,-6.422568956676702,False,5.0,8.0,-0.011113819974036739,0.021888653642010314,0.46439732258695476,1.3062936161725305,0.9559601604499521
88002,product_to_joint_diagP,0.5,108,0.0,-0.32641747944432403,21.31387907463872,-5.326417479444324,False,5.0,8.0,-0.0025501365581587815,0.02762713874562514,0.7223122333146293,1.5577237796978816,0.9559601604499521
88002,product_to_joint_diagP,0.75,108,0.0,0.3710013723379515,22.646185793555144,-4.628998627662049,False,5.0,8.0,0.002898448221390246,0.031201863464124683,0.8864088245552667,1.7584681178875834,0.9559601604499521
88002,product_to_joint_diagP,1.0,108,0.0,0.8537696404191107,23.51217129152926,-4.14623035958089,False,5.0,8.0,0.006670075315774303,0.033641589284803014,1.0,1.925573182800766,0.9559601604499521
88002,gaussian_to_joint,0.0,108,0.0,1.1427992621145322,22.963626924519048,-3.857200737885468,False,5.0,8.0,0.008928119235269783,0.032085556733917,0.0,1.9529967828112307,-0.0009925436958666545
88002,gaussian_to_joint,0.25,108,0.0,1.076125094462851,23.12307847788433,-3.923874905537149,False,5.0,8.0,0.008407227300491024,0.03253407948574203,0.24981394423941744,1.9527487392291398,-0.0009925436958666545
88002,gaussian_to_joint,0.5,108,0.0,1.009417838301499,23.281325229739185,-3.990582161698501,False,5.0,8.0,0.00788607686173046,0.03298228176592348,0.49975186409640426,1.9525006341061655,-0.0009925436958666545
88002,gaussian_to_joint,0.75,108,0.0,0.9426774689930146,23.43839135836224,-4.057322531006985,False,5.0,8.0,0.007364667726507927,0.0334301629313812,0.7498138518822713,1.9522524674117636,-0.0009925436958666545
88002,gaussian_to_joint,1.0,108,0.0,0.8759039618754828,23.594300218182067,-4.1240960381245175,False,5.0,8.0,0.006842999702152209,0.03387772233799477,1.0,1.952004239115364,-0.0009925436958666545
88002,product_to_joint,0.0,112,0.0,0.0,11.158957255116814,-5.0,False,-4.0,0.0,1.7605518457110832e-19,0.007500239686372324,0.0,1.809762563682225,0.0
88002,product_to_joint,0.25,112,0.0,0.0,11.158957255116814,-5.0,False,-4.0,0.0,-4.8673244227975573e-20,0.007500239686372325,0.25,1.809762563682225,0.0
88002,product_to_joint,0.5,112,0.0,0.0,11.158957255116814,-5.0,False,-4.0,0.0,7.106851321270845e-19,0.007500239686372324,0.49999999999999994,1.809762563682225,0.0
88002,product_to_joint,0.75,112,0.0,0.0,11.158957255116814,-5.0,False,-4.0,0.0,7.577918123108183e-19,0.007500239686372325,0.7500000000000001,1.809762563682225,0.0
88002,product_to_joint,1.0,112,0.0,0.0,11.158957255116814,-5.0,False,-4.0,0.0,7.586088858102618e-19,0.007500239686372325,1.0,1.809762563682225,0.0
88002,product_to_joint_diagP,0.0,112,0.0,0.0,11.158957255116814,-5.0,False,-4.0,0.0,1.7605518457110832e-19,0.007500239686372324,0.0,1.809762563682225,0.0
88002,product_to_joint_diagP,0.25,112,0.0,0.0,11.158957255116814,-5.0,False,-4.0,0.0,-4.8673244227975573e-20,0.007500239686372325,0.25,1.809762563682225,0.0
88002,product_to_joint_diagP,0.5,112,0.0,0.0,11.158957255116814,-5.0,False,-4.0,0.0,7.106851321270845e-19,0.007500239686372324,0.49999999999999994,1.809762563682225,0.0
88002,product_to_joint_diagP,0.75,112,0.0,0.0,11.158957255116814,-5.0,False,-4.0,0.0,7.577918123108183e-19,0.007500239686372325,0.7500000000000001,1.809762563682225,0.0
88002,product_to_joint_diagP,1.0,112,0.0,0.0,11.158957255116814,-5.0,False,-4.0,0.0,7.586088858102618e-19,0.007500239686372325,1.0,1.809762563682225,0.0
88002,gaussian_to_joint,0.0,112,0.0,0.0,11.158957255116814,-5.0,False,-4.0,0.0,7.586088858102618e-19,0.007500239686372325,0.0,1.809762563682225,0.0
88002,gaussian_to_joint,0.25,112,0.0,0.0,11.158957255116814,-5.0,False,-4.0,0.0,9.820634564853365e-19,0.007500239686372325,0.25,1.809762563682225,0.0
88002,gaussian_to_joint,0.5,112,0.0,0.0,11.158957255116814,-5.0,False,-4.0,0.0,8.6702928844743545e-19,0.007500239686372325,0.49999999999999994,1.809762563682225,0.0
88002,gaussian_to_joint,0.75,112,0.0,0.0,11.158957255116814,-5.0,False,-4.0,0.0,9.820634564853365e-19,0.007500239686372325,0.7500000000000001,1.809762563682225,0.0
88002,gaussian_to_joint,1.0,112,0.0,0.0,11.158957255116814,-5.0,False,-4.0,0.0,7.586088858102618e-19,0.007500239686372325,1.0,1.809762563682225,0.0
88002,product_to_joint,0.0,116,0.0,-1.1913212426116073,12.455194641887697,-6.1913212426116075,False,15.0,20.0,-0.009307197207903182,0.00936849814253589,0.0,1.4115743215503453,0.9131333059887794
88002,product_to_joint,0.25,116,0.0,0.6030997393128552,16.85576585963906,-4.396900260687145,False,15.0,20.0,0.004711716713381681,0.017241115888365098,0.4537627346670331,1.728594094834245,0.9131333059887794
88002,product_to_joint,0.5,116,0.0,1.6307972728768023,18.843794636625002,-3.3692027271231977,False,15.0,20.0,0.012740603694350018,0.02157288795820906,0.7136409059200332,1.9689358230200034,0.9131333059887794
88002,product_to_joint,0.75,116,0.0,2.296677351192825,19.998647012200287,-2.703322648807175,False,15.0,20.0,0.017942791806193945,0.0243107594188591,0.8820247848094387,2.162560677766533,0.9131333059887794
88002,product_to_joint,1.0,116,0.0,2.763214563950807,20.756831145381604,-2.236785436049193,False,15.0,20.0,0.02158761378086568,0.02619675532213646,1.0,2.3247076275391247,0.9131333059887794
88002,product_to_joint_diagP,0.0,116,0.0,-1.1913212426116073,12.455194641887697,-6.1913212426116075,False,15.0,20.0,-0.009307197207903182,0.00936849814253589,0.0,1.4115743215503453,0.8602664075859203
88002,product_to_joint_diagP,0.25,116,0.0,0.5236240382352482,16.599319270130312,-4.476375961764752,False,15.0,20.0,0.004090812798712876,0.016717468275861787,0.4406940225117091,1.704950838864729,0.8602664075859203
88002,product_to_joint_diagP,0.5,116,0.0,1.5432745555011251,18.556353800577472,-3.4567254444988746,False,15.0,20.0,0.01205683246485254,0.020916739890881712,0.7027163115191747,1.9314955569939172,0.8602664075859203
88002,product_to_joint_diagP,0.75,116,0.0,2.2192034654036314,19.718023318874078,-2.7807965345963686,False,15.0,20.0,0.01733752707346587,0.02363049582541882,0.8764115504073773,2.1160781486535893,0.8602664075859203
88002,product_to_joint_diagP,1.0,116,0.0,2.700143567990152,20.490973510598952,-2.299856432009848,False,15.0,20.0,0.021094871624923062,0.025527441126224848,1.0,2.2718407291362657,0.8602664075859203
88002,gaussian_to_joint,0.0,116,0.0,1.370980892741985,19.495727411056684,-3.629019107258015,False,15.0,20.0,0.010710788224546759,0.023098448931044124,0.0,2.275107318785608,0.04960030875351684
88002,gaussian_to_joint,0.25,116,0.0,1.7321470136375692,19.839968771362653,-3.267852986362431,False,15.0,20.0,0.01353239854404351,0.023924924368203447,0.25941487292287535,2.2877399392996147,0.04960030875351684
88002,gaussian_to_joint,0.5,116,0.0,2.084357994849907,20.163787485448648,-2.915642005150093,False,15.0,20.0,0.0162840468347649,0.02471557164052341,0.5123975356008487,2.300214965472456,0.04960030875351684
88002,gaussian_to_joint,0.75,116,0.0,2.427942822747879,20.46890237799163,-2.572057177252121,False,15.0,20.0,0.018968303302717805,0.02547226346189889,0.7591842891489438,2.3125362809434393,0.04960030875351684
88002,gaussian_to_joint,1.0,116,0.0,2.763214563950807,20.756831145381604,-2.236785436049193,False,15.0,20.0,0.02158761378086568,0.02619675532213646,1.0,2.3247076275391247,0.04960030875351684
88002,product_to_joint,0.0,120,0.0,0.0,11.158957255116814,-5.0,False,-5.0,0.0,1.7605518457110832e-19,0.007500239686372324,0.0,1.809762563682225,0.0
88002,product_to_joint,0.25,120,0.0,0.0,11.158957255116814,-5.0,False,-5.0,0.0,-4.8673244227975573e-20,0.007500239686372325,0.25,1.809762563682225,0.0
88002,product_to_joint,0.5,120,0.0,0.0,11.158957255116814,-5.0,False,-5.0,0.0,7.106851321270845e-19,0.007500239686372324,0.49999999999999994,1.809762563682225,0.0
88002,product_to_joint,0.75,120,0.0,0.0,11.158957255116814,-5.0,False,-5.0,0.0,7.577918123108183e-19,0.007500239686372325,0.7500000000000001,1.809762563682225,0.0
88002,product_to_joint,1.0,120,0.0,0.0,11.158957255116814,-5.0,False,-5.0,0.0,7.586088858102618e-19,0.007500239686372325,1.0,1.809762563682225,0.0
88002,product_to_joint_diagP,0.0,120,0.0,0.0,11.158957255116814,-5.0,False,-5.0,0.0,1.7605518457110832e-19,0.007500239686372324,0.0,1.809762563682225,0.0
88002,product_to_joint_diagP,0.25,120,0.0,0.0,11.158957255116814,-5.0,False,-5.0,0.0,-4.8673244227975573e-20,0.007500239686372325,0.25,1.809762563682225,0.0
88002,product_to_joint_diagP,0.5,120,0.0,0.0,11.158957255116814,-5.0,False,-5.0,0.0,7.106851321270845e-19,0.007500239686372324,0.49999999999999994,1.809762563682225,0.0
88002,product_to_joint_diagP,0.75,120,0.0,0.0,11.158957255116814,-5.0,False,-5.0,0.0,7.577918123108183e-19,0.007500239686372325,0.7500000000000001,1.809762563682225,0.0
88002,product_to_joint_diagP,1.0,120,0.0,0.0,11.158957255116814,-5.0,False,-5.0,0.0,7.586088858102618e-19,0.007500239686372325,1.0,1.809762563682225,0.0
88002,gaussian_to_joint,0.0,120,0.0,0.0,11.158957255116814,-5.0,False,-5.0,0.0,7.586088858102618e-19,0.007500239686372325,0.0,1.809762563682225,0.0
88002,gaussian_to_joint,0.25,120,0.0,0.0,11.158957255116814,-5.0,False,-5.0,0.0,9.820634564853365e-19,0.007500239686372325,0.25,1.809762563682225,0.0
88002,gaussian_to_joint,0.5,120,0.0,0.0,11.158957255116814,-5.0,False,-5.0,0.0,8.6702928844743545e-19,0.007500239686372325,0.49999999999999994,1.809762563682225,0.0
88002,gaussian_to_joint,0.75,120,0.0,0.0,11.158957255116814,-5.0,False,-5.0,0.0,9.820634564853365e-19,0.007500239686372325,0.7500000000000001,1.809762563682225,0.0
88002,gaussian_to_joint,1.0,120,0.0,0.0,11.158957255116814,-5.0,False,-5.0,0.0,7.586088858102618e-19,0.007500239686372325,1.0,1.809762563682225,0.0
88002,product_to_joint,0.0,124,0.0,15.290968718239407,13.224505886426675,10.290968718239407,True,0.0,5.0,0.11946069311124537,0.010574289302986681,0.0,1.2372252993874575,0.8857133477060763
88002,product_to_joint,0.25,124,0.0,15.49145072934077,17.583081566664262,10.49145072934077,True,0.0,5.0,0.12102695882297476,0.018769919273679724,0.4469753962076515,1.5418960138981284,0.8857133477060763
88002,product_to_joint,0.5,124,0.0,15.608530312612775,19.68614190150766,10.608530312612775,True,0.0,5.0,0.1219416430672873,0.023553819761126447,0.7080047665403749,1.7750959194430087,0.8857133477060763
88002,product_to_joint,0.75,124,0.0,15.685290334141854,20.950337159986404,10.685290334141854,True,0.0,5.0,0.12254133073548323,0.02668934491681562,0.8791415226382451,1.9640659647594156,0.8857133477060763
88002,product_to_joint,1.0,124,0.0,15.739499023939342,21.798836159481546,10.739499023939342,True,0.0,5.0,0.1229648361245261,0.028903250604731458,1.0,2.122938647093534,0.8857133477060763
88002,product_to_joint_diagP,0.0,124,0.0,15.290968718239407,13.224505886426675,10.290968718239407,True,0.0,5.0,0.11946069311124537,0.010574289302986681,0.0,1.2372252993874575,0.8349875998388931
88002,product_to_joint_diagP,0.25,124,0.0,15.481544306002487,17.329774321674144,10.481544306002487,True,0.0,5.0,0.12094956489064443,0.0182301439233494,0.434472889078852,1.5195402700056713,0.8349875998388931
88002,product_to_joint_diagP,0.5,124,0.0,15.59687741284735,19.395773571778697,10.59687741284735,True,0.0,5.0,0.12185060478786992,0.02286118362107599,0.6974084975977147,1.7394496787985245,0.8349875998388931
88002,product_to_joint_diagP,0.75,124,0.0,15.674182168647103,20.66490096794075,10.674182168647103,True,0.0,5.0,0.1224545481925555,0.025964339112231352,0.873647337976407,1.9196093149900864,0.8349875998388931
88002,product_to_joint_diagP,1.0,124,0.0,15.729605034919906,21.528620652851686,10.729605034919906,True,0.0,5.0,0.12288753933531177,0.028188666211815924,1.0,2.0722128992263507,0.8349875998388931
88002,gaussian_to_joint,0.0,124,0.0,15.032177700724905,19.996599770005144,10.032177700724905,True,0.0,5.0,0.11743888828691332,0.02430576186290099,0.0,1.9639017927170417,0.15903685437649218
88002,gaussian_to_joint,0.25,124,0.0,15.230925168459999,20.52146268502323,10.230925168459999,True,0.0,5.0,0.11899160287859374,0.025603761641406306,0.2809861108553493,2.006094324404651,0.15903685437649218
88002,gaussian_to_joint,0.5,124,0.0,15.413901776811379,20.99141479078144,10.413901776811379,True,0.0,5.0,0.1204211076313389,0.02679450042228014,0.5396756234517573,2.04657848375988,0.15903685437649218
88002,gaussian_to_joint,0.75,124,0.0,15.582913046648192,21.414949855150343,10.582913046648192,True,0.0,5.0,0.121741508176939,0.027890727374182356,0.7786211554042451,2.085487247734919,0.15903685437649218
88002,gaussian_to_joint,1.0,124,0.0,15.739499023939342,21.798836159481546,10.739499023939342,True,0.0,5.0,0.1229648361245261,0.028903250604731458,1.0,2.122938647093534,0.15903685437649218
88002,product_to_joint,0.0,128,0.045000000000000005,0.0,11.158957255116814,-5.502153076480257,False,-5.0,0.0,1.7605518457110832e-19,0.007500239686372324,0.0,1.809762563682225,0.0
88002,product_to_joint,0.25,128,0.045000000000000005,0.0,11.158957255116814,-5.502153076480257,False,-5.0,0.0,-4.8673244227975573e-20,0.007500239686372325,0.25,1.809762563682225,0.0
88002,product_to_joint,0.5,128,0.045000000000000005,0.0,11.158957255116814,-5.502153076480257,False,-5.0,0.0,7.106851321270845e-19,0.007500239686372324,0.49999999999999994,1.809762563682225,0.0
88002,product_to_joint,0.75,128,0.045000000000000005,0.0,11.158957255116814,-5.502153076480257,False,-5.0,0.0,7.577918123108183e-19,0.007500239686372325,0.7500000000000001,1.809762563682225,0.0
88002,product_to_joint,1.0,128,0.045000000000000005,0.0,11.158957255116814,-5.502153076480257,False,-5.0,0.0,7.586088858102618e-19,0.007500239686372325,1.0,1.809762563682225,0.0
88002,product_to_joint_diagP,0.0,128,0.045000000000000005,0.0,11.158957255116814,-5.502153076480257,False,-5.0,0.0,1.7605518457110832e-19,0.007500239686372324,0.0,1.809762563682225,0.0
88002,product_to_joint_diagP,0.25,128,0.045000000000000005,0.0,11.158957255116814,-5.502153076480257,False,-5.0,0.0,-4.8673244227975573e-20,0.007500239686372325,0.25,1.809762563682225,0.0
88002,product_to_joint_diagP,0.5,128,0.045000000000000005,0.0,11.158957255116814,-5.502153076480257,False,-5.0,0.0,7.106851321270845e-19,0.007500239686372324,0.49999999999999994,1.809762563682225,0.0
88002,product_to_joint_diagP,0.75,128,0.045000000000000005,0.0,11.158957255116814,-5.502153076480257,False,-5.0,0.0,7.577918123108183e-19,0.007500239686372325,0.7500000000000001,1.809762563682225,0.0
88002,product_to_joint_diagP,1.0,128,0.045000000000000005,0.0,11.158957255116814,-5.502153076480257,False,-5.0,0.0,7.586088858102618e-19,0.007500239686372325,1.0,1.809762563682225,0.0
88002,gaussian_to_joint,0.0,128,0.045000000000000005,0.0,11.158957255116814,-5.502153076480257,False,-5.0,0.0,7.586088858102618e-19,0.007500239686372325,0.0,1.809762563682225,0.0
88002,gaussian_to_joint,0.25,128,0.045000000000000005,0.0,11.158957255116814,-5.502153076480257,False,-5.0,0.0,9.820634564853365e-19,0.007500239686372325,0.25,1.809762563682225,0.0
88002,gaussian_to_joint,0.5,128,0.045000000000000005,0.0,11.158957255116814,-5.502153076480257,False,-5.0,0.0,8.6702928844743545e-19,0.007500239686372325,0.49999999999999994,1.809762563682225,0.0
88002,gaussian_to_joint,0.75,128,0.045000000000000005,0.0,11.158957255116814,-5.502153076480257,False,-5.0,0.0,9.820634564853365e-19,0.007500239686372325,0.7500000000000001,1.809762563682225,0.0
88002,gaussian_to_joint,1.0,128,0.045000000000000005,0.0,11.158957255116814,-5.502153076480257,False,-5.0,0.0,7.586088858102618e-19,0.007500239686372325,1.0,1.809762563682225,0.0
88002,product_to_joint,0.0,132,0.045000000000000005,0.10226892476258795,11.025454407586562,-5.3938765235788075,False,-5.0,0.0,0.0007989759747077183,0.007319472954942013,0.0,1.845625027374949,0.01657302136454497
88002,product_to_joint,0.25,132,0.045000000000000005,0.11037272098460862,11.059907636123013,-5.387323122640927,False,-5.0,0.0,0.0008622868826922549,0.0073659153393293535,0.2531202982789524,1.8497941036138839,0.01657302136454497
88002,product_to_joint,0.5,132,0.045000000000000005,0.1184093665496563,11.093963857388895,-5.380819007032844,False,-5.0,0.0,0.0009250731761691898,0.007411964970034856,0.5041431605097924,1.8539458707939511,0.01657302136454497
88002,product_to_joint,0.75,132,0.045000000000000005,0.12637969266176957,11.127630367395577,-5.374363673871032,False,-5.0,0.0,0.0009873413489200748,0.007457626806236829,0.753094549168434,1.8580804720476753,0.01657302136454497
88002,product_to_joint,1.0,132,0.045000000000000005,0.13428451686294807,11.160914271783238,-5.367956625367298,False,-5.0,0.0,0.0010490977879917818,0.0075029057240048064,1.0,1.862198048739494,0.01657302136454497
88002,product_to_joint_diagP,0.0,132,0.045000000000000005,0.10226892476258795,11.025454407586562,-5.3938765235788075,False,-5.0,0.0,0.0007989759747077183,0.007319472954942013,0.0,1.845625027374949,0.0163605992690683
88002,product_to_joint_diagP,0.25,132,0.045000000000000005,0.1103696326406623,11.059328553082949,-5.387300152248071,False,-5.0,0.0,0.0008622627550051742,0.007365133547670643,0.25308014190015815,1.8497403395348413,0.0163605992690683
88002,product_to_joint_diagP,0.5,132,0.045000000000000005,0.1184040757791212,11.092817585623346,-5.380772715573929,False,-5.0,0.0,0.0009250318420243843,0.007410412718988925,0.5040900585857786,1.853838785287385,0.0163605992690683
88002,product_to_joint_diagP,0.75,132,0.045000000000000005,0.1263730639459677,11.125928485599912,-5.374293717906029,False,-5.0,0.0,0.0009872895620778727,0.00745531522623801,0.7530550486115304,1.8579205023207694,0.0163605992690683
88002,product_to_joint_diagP,1.0,132,0.045000000000000005,0.13427739376870174,11.158668053817232,-5.367862668653074,False,-5.0,0.0,0.0010490421388179823,0.007499845748003006,1.0,1.8619856266440173,0.0163605992690683
88002,gaussian_to_joint,0.0,132,0.045000000000000005,0.09628219691325313,11.138641657403063,-5.404956677669885,False,-5.0,0.0,0.00075220466338479,0.0074725914289572055,0.0,1.8550085561112253,0.007189492628268734
88002,gaussian_to_joint,0.25,132,0.045000000000000005,0.10583409718365663,11.144256269845,-5.395657434959368,False,-5.0,0.0,0.0008268288842473174,0.007480227527342504,0.25135045131581585,1.8568107808975678,0.007189492628268734
88002,gaussian_to_joint,0.5,132,0.045000000000000005,0.11535166094367172,11.149839748305808,-5.386391127730089,False,-5.0,0.0,0.0009011848511224353,0.007487825098443612,0.5017973654151014,1.8586097635119758,0.007189492628268734
88002,gaussian_to_joint,0.75,132,0.045000000000000005,0.12483507300688855,11.155392335524438,-5.377157582091711,False,-5.0,0.0,0.0009752740078663168,0.007495384409147789,0.7513456055165083,1.860405515598731,0.007189492628268734
88002,gaussian_to_joint,1.0,132,0.045000000000000005,0.13428451686294807,11.160914271783238,-5.367956625367298,False,-5.0,0.0,0.0010490977879917818,0.0075029057240048064,1.0,1.862198048739494,0.007189492628268734
88002,product_to_joint,0.0,136,0.04000000000000001,0.0,11.158957255116814,-5.446358290204673,False,-5.0,0.0,1.7605518457110832e-19,0.007500239686372324,0.0,1.809762563682225,0.0
88002,product_to_joint,0.25,136,0.04000000000000001,0.0,11.158957255116814,-5.446358290204673,False,-5.0,0.0,-4.8673244227975573e-20,0.007500239686372325,0.25,1.809762563682225,0.0
88002,product_to_joint,0.5,136,0.04000000000000001,0.0,11.158957255116814,-5.446358290204673,False,-5.0,0.0,7.106851321270845e-19,0.007500239686372324,0.49999999999999994,1.809762563682225,0.0
88002,product_to_joint,0.75,136,0.04000000000000001,0.0,11.158957255116814,-5.446358290204673,False,-5.0,0.0,7.577918123108183e-19,0.007500239686372325,0.7500000000000001,1.809762563682225,0.0
88002,product_to_joint,1.0,136,0.04000000000000001,0.0,11.158957255116814,-5.446358290204673,False,-5.0,0.0,7.586088858102618e-19,0.007500239686372325,1.0,1.809762563682225,0.0
88002,product_to_joint_diagP,0.0,136,0.04000000000000001,0.0,11.158957255116814,-5.446358290204673,False,-5.0,0.0,1.7605518457110832e-19,0.007500239686372324,0.0,1.809762563682225,0.0
88002,product_to_joint_diagP,0.25,136,0.04000000000000001,0.0,11.158957255116814,-5.446358290204673,False,-5.0,0.0,-4.8673244227975573e-20,0.007500239686372325,0.25,1.809762563682225,0.0
88002,product_to_joint_diagP,0.5,136,0.04000000000000001,0.0,11.158957255116814,-5.446358290204673,False,-5.0,0.0,7.106851321270845e-19,0.007500239686372324,0.49999999999999994,1.809762563682225,0.0
88002,product_to_joint_diagP,0.75,136,0.04000000000000001,0.0,11.158957255116814,-5.446358290204673,False,-5.0,0.0,7.577918123108183e-19,0.007500239686372325,0.7500000000000001,1.809762563682225,0.0
88002,product_to_joint_diagP,1.0,136,0.04000000000000001,0.0,11.158957255116814,-5.446358290204673,False,-5.0,0.0,7.586088858102618e-19,0.007500239686372325,1.0,1.809762563682225,0.0
88002,gaussian_to_joint,0.0,136,0.04000000000000001,0.0,11.158957255116814,-5.446358290204673,False,-5.0,0.0,7.586088858102618e-19,0.007500239686372325,0.0,1.809762563682225,0.0
88002,gaussian_to_joint,0.25,136,0.04000000000000001,0.0,11.158957255116814,-5.446358290204673,False,-5.0,0.0,9.820634564853365e-19,0.007500239686372325,0.25,1.809762563682225,0.0
88002,gaussian_to_joint,0.5,136,0.04000000000000001,0.0,11.158957255116814,-5.446358290204673,False,-5.0,0.0,8.6702928844743545e-19,0.007500239686372325,0.49999999999999994,1.809762563682225,0.0
88002,gaussian_to_joint,0.75,136,0.04000000000000001,0.0,11.158957255116814,-5.446358290204673,False,-5.0,0.0,9.820634564853365e-19,0.007500239686372325,0.7500000000000001,1.809762563682225,0.0
88002,gaussian_to_joint,1.0,136,0.04000000000000001,0.0,11.158957255116814,-5.446358290204673,False,-5.0,0.0,7.586088858102618e-19,0.007500239686372325,1.0,1.809762563682225,0.0
88002,product_to_joint,0.0,140,0.035,-0.006893108276179366,11.13169439450211,-5.396502412083754,False,-4.0,1.0,-5.38524084076513e-05,0.0074631481990106024,0.0,1.816720851972765,0.0007734026503629643
88002,product_to_joint,0.25,140,0.035,-0.00709465141936745,11.131418568061077,-5.396694301301505,False,-4.0,1.0,-5.5426964213808204e-05,0.007462773397056574,0.2501450410334933,1.8169142587193017,0.0007734026503629643
88002,product_to_joint,0.5,140,0.035,-0.007296116625558537,11.131142837804484,-5.396886115948716,False,-4.0,1.0,-5.700091113717607e-05,0.007462398735083378,0.5001933506529531,1.8171076280669016,0.0007734026503629643
88002,product_to_joint,0.75,140,0.035,-0.007497503939953021,11.130867203681841,-5.397077856068817,False,-4.0,1.0,-5.8574249530882975e-05,0.007462024213012697,0.7501449849567785,1.817300960030027,0.0007734026503629643
88002,product_to_joint,1.0,140,0.035,-0.007698813407711976,11.130591665642712,-5.397269521705207,False,-4.0,1.0,-6.014697974774981e-05,0.007461649830766295,1.0,1.8174942546231279,0.0007734026503629643
88002,product_to_joint_diagP,0.0,140,0.035,-0.006893108276179366,11.13169439450211,-5.396502412083754,False,-4.0,1.0,-5.38524084076513e-05,0.0074631481990106024,0.0,1.816720851972765,0.000773250167413142
88002,product_to_joint_diagP,0.25,140,0.035,-0.007094651334349981,11.131418149879414,-5.3966942865801295,False,-4.0,1.0,-5.542696354960923e-05,0.007462772828824758,0.25014501243188636,1.8169142205764501,0.000773250167413142
88002,product_to_joint_diagP,0.5,140,0.035,-0.007296116470923507,11.13114200156108,-5.396886086525561,False,-4.0,1.0,-5.70009099290899e-05,0.0074623975988108646,0.5001933125322212,1.8171075517959472,0.000773250167413142
88002,product_to_joint_diagP,0.75,140,0.035,-0.007497503731080346,11.130865949496576,-5.39707781196346,False,-4.0,1.0,-5.8574247899065206e-05,0.0074620225088905204,0.7501449563772817,1.8173008456457085,0.000773250167413142
88002,product_to_joint_diagP,1.0,140,0.035,-0.007698813159966324,11.130589993635395,-5.3972694629372056,False,-4.0,1.0,-6.0146977812236904e-05,0.007461647558985375,1.0,1.817494102140178,0.000773250167413142
88002,gaussian_to_joint,0.0,140,0.035,-0.0054519572460103565,11.135339394928,-5.39518883606849,False,-4.0,1.0,-4.259341598445591e-05,0.007468102016615935,0.0,1.8163885537426507,0.001105700880477123
88002,gaussian_to_joint,0.25,140,0.035,-0.006014137230968805,11.134151710471917,-5.395709447097486,False,-4.0,1.0,-4.698544711694379e-05,0.007466487689929486,0.25020737621797834,1.8166650936002444,0.001105700880477123
88002,gaussian_to_joint,0.5,140,0.035,-0.006576006414506723,11.132964527663606,-5.396229764882733,False,-4.0,1.0,-5.137505011333377e-05,0.0074648742171762785,0.5002764251919566,1.8169415570046863,0.001105700880477123
88002,gaussian_to_joint,0.75,140,0.035,-0.007137565054292965,11.131777846166093,-5.396749789670106,False,-4.0,1.0,-5.576222698666379e-05,0.007463261597680312,0.7502072616016394,1.817217943998239,0.001105700880477123
88002,gaussian_to_joint,1.0,140,0.035,-0.007698813407711976,11.130591665642712,-5.397269521705207,False,-4.0,1.0,-6.014697974774981e-05,0.007461649830766295,1.0,1.8174942546231279,0.001105700880477123
88002,product_to_joint,0.0,144,0.025,0.0,12.849012371546142,-5.3212253092886534,False,-5.0,0.0,1.0150388444745493e-18,0.009976728449960072,0.0,1.121657815441739,0.0
88002,product_to_joint,0.25,144,0.025,0.0,12.849012371546143,-5.3212253092886534,False,-5.0,0.0,1.2825214861955447e-18,0.009976728449960073,0.25,1.121657815441739,0.0
88002,product_to_joint,0.5,144,0.025,0.0,12.849012371546143,-5.3212253092886534,False,-5.0,0.0,6.841981836774803e-19,0.009976728449960073,0.5,1.121657815441739,0.0
88002,product_to_joint,0.75,144,0.025,0.0,12.849012371546143,-5.3212253092886534,False,-5.0,0.0,6.929332111180125e-19,0.009976728449960073,0.75,1.121657815441739,0.0
88002,product_to_joint,1.0,144,0.025,0.0,12.849012371546143,-5.3212253092886534,False,-5.0,0.0,1.0795243422007956e-18,0.009976728449960073,1.0,1.121657815441739,0.0
88002,product_to_joint_diagP,0.0,144,0.025,0.0,12.849012371546142,-5.3212253092886534,False,-5.0,0.0,1.0150388444745493e-18,0.009976728449960072,0.0,1.121657815441739,0.0
88002,product_to_joint_diagP,0.25,144,0.025,0.0,12.849012371546143,-5.3212253092886534,False,-5.0,0.0,1.2825214861955447e-18,0.009976728449960073,0.25,1.121657815441739,0.0
88002,product_to_joint_diagP,0.5,144,0.025,0.0,12.849012371546143,-5.3212253092886534,False,-5.0,0.0,6.841981836774803e-19,0.009976728449960073,0.5,1.121657815441739,0.0
88002,product_to_joint_diagP,0.75,144,0.025,0.0,12.849012371546143,-5.3212253092886534,False,-5.0,0.0,6.929332111180125e-19,0.009976728449960073,0.75,1.121657815441739,0.0
88002,product_to_joint_diagP,1.0,144,0.025,0.0,12.849012371546143,-5.3212253092886534,False,-5.0,0.0,1.0795243422007956e-18,0.009976728449960073,1.0,1.121657815441739,0.0
88002,gaussian_to_joint,0.0,144,0.025,0.0,12.849012371546143,-5.3212253092886534,False,-5.0,0.0,1.0795243422007956e-18,0.009976728449960073,0.0,1.121657815441739,0.0
88002,gaussian_to_joint,0.25,144,0.025,0.0,12.849012371546143,-5.3212253092886534,False,-5.0,0.0,7.407111632990757e-19,0.009976728449960073,0.25,1.121657815441739,0.0
88002,gaussian_to_joint,0.5,144,0.025,0.0,12.849012371546143,-5.3212253092886534,False,-5.0,0.0,8.084737990794194e-19,0.009976728449960073,0.5,1.121657815441739,0.0
88002,gaussian_to_joint,0.75,144,0.025,0.0,12.849012371546143,-5.3212253092886534,False,-5.0,0.0,7.407111632990757e-19,0.009976728449960073,0.75,1.121657815441739,0.0
88002,gaussian_to_joint,1.0,144,0.025,0.0,12.849012371546143,-5.3212253092886534,False,-5.0,0.0,1.0795243422007956e-18,0.009976728449960073,1.0,1.121657815441739,0.0
88002,product_to_joint,0.0,148,0.025,0.051512010154899576,11.028468244584413,-5.224199695959711,False,-5.0,0.0,0.00040243757933515294,0.0073235297742801995,0.0,1.8435365373626107,0.005599313892798996
88002,product_to_joint,0.25,148,0.025,0.05264245438954129,11.032456633755356,-5.223168961454343,False,-5.0,0.0,0.00041126917491829135,0.007328900108379673,0.25105134030416454,1.8449393078574685,0.005599313892798996
88002,product_to_joint,0.5,148,0.025,0.05376973377639818,11.036432306237842,-5.2221410738795475,False,-5.0,0.0,0.0004200760451281108,0.00733425525208559,0.5013998248158892,1.8463401133433992,0.005599313892798996
88002,product_to_joint,0.75,148,0.025,0.05489386158758834,11.040395323519883,-5.221116021500409,False,-5.0,0.0,0.0004288582936530339,0.0073395952697509585,0.7510484010341324,1.8477389593178954,0.005599313892798996
88002,product_to_joint,1.0,148,0.025,0.056014851021124246,11.0443457466884,-5.220093792646086,False,-5.0,0.0,0.00043761602360253317,0.007344920225365854,1.0,1.8491358512554097,0.005599313892798996
88002,product_to_joint_diagP,0.0,148,0.025,0.051512010154899576,11.028468244584413,-5.224199695959711,False,-5.0,0.0,0.00040243757933515294,0.0073235297742801995,0.0,1.8435365373626107,0.0055718752597213594
88002,product_to_joint_diagP,0.25,148,0.025,0.052642315451248256,11.032382358059758,-5.223167243500246,False,-5.0,0.0,0.000411268089462877,0.007328800079005627,0.25104618120236166,1.8449324194226375,0.0055718752597213594
88002,product_to_joint_diagP,0.5,148,0.025,0.05376947179568652,11.0362840694295,-5.222137629940051,False,-5.0,0.0,0.00042007399840380096,0.007334055545724083,0.5013929652111229,1.8463263557116902,0.0055718752597213594
88002,product_to_joint_diagP,0.75,148,0.025,0.05489349232904854,11.040173438268853,-5.221110843627673,False,-5.0,0.0,0.0004288554088206917,0.007339296237002998,0.7510432706685951,1.847718351646781,0.0055718752597213594
88002,product_to_joint_diagP,1.0,148,0.025,0.05601439011915718,11.044050523767059,-5.22008687297502,False,-5.0,0.0,0.0004376124228059155,0.00734452221505856,1.0,1.849108412622332,0.0055718752597213594
88002,gaussian_to_joint,0.0,148,0.025,0.039869630602319,11.059667945356402,-5.236622068031591,False,-5.0,0.0,0.0003114814890806172,0.007365591739596184,0.0,1.843601116843979,0.0055347344114307084
88002,gaussian_to_joint,0.25,148,0.025,0.0439227137873125,11.055825685671554,-5.232472928354476,False,-5.0,0.0,0.0003431462014633789,0.007360405370602714,0.25103919797049923,1.8449876749655578,0.0055347344114307084
88002,gaussian_to_joint,0.5,148,0.025,0.04796458063145084,11.0519912484515,-5.228335200579837,False,-5.0,0.0,0.0003747232861832097,0.0073552313571684895,0.5013836800706374,1.8463723132054324,0.0055347344114307084
88002,gaussian_to_joint,0.75,148,0.025,0.051995277629881154,11.048164609993734,-5.224208837619962,False,-5.0,0.0,0.0004062131064834465,0.007350069656342649,0.7510363261091938,1.847755036872937,0.0055347344114307084
88002,gaussian_to_joint,1.0,148,0.025,0.056014851021124246,11.0443457466884,-5.220093792646086,False,-5.0,0.0,0.00043761602360253317,0.007344920225365854,1.0,1.8491358512554097,0.0055347344114307084
88002,product_to_joint,0.0,152,0.02,0.0,11.158957255116814,-5.223179145102336,False,-3.0,0.0,1.7605518457110832e-19,0.007500239686372324,0.0,1.809762563682225,0.0
88002,product_to_joint,0.25,152,0.02,0.0,11.158957255116814,-5.223179145102336,False,-3.0,0.0,-4.8673244227975573e-20,0.007500239686372325,0.25,1.809762563682225,0.0
88002,product_to_joint,0.5,152,0.02,0.0,11.158957255116814,-5.223179145102336,False,-3.0,0.0,7.106851321270845e-19,0.007500239686372324,0.49999999999999994,1.809762563682225,0.0
88002,product_to_joint,0.75,152,0.02,0.0,11.158957255116814,-5.223179145102336,False,-3.0,0.0,7.577918123108183e-19,0.007500239686372325,0.7500000000000001,1.809762563682225,0.0
88002,product_to_joint,1.0,152,0.02,0.0,11.158957255116814,-5.223179145102336,False,-3.0,0.0,7.586088858102618e-19,0.007500239686372325,1.0,1.809762563682225,0.0
88002,product_to_joint_diagP,0.0,152,0.02,0.0,11.158957255116814,-5.223179145102336,False,-3.0,0.0,1.7605518457110832e-19,0.007500239686372324,0.0,1.809762563682225,0.0
88002,product_to_joint_diagP,0.25,152,0.02,0.0,11.158957255116814,-5.223179145102336,False,-3.0,0.0,-4.8673244227975573e-20,0.007500239686372325,0.25,1.809762563682225,0.0
88002,product_to_joint_diagP,0.5,152,0.02,0.0,11.158957255116814,-5.223179145102336,False,-3.0,0.0,7.106851321270845e-19,0.007500239686372324,0.49999999999999994,1.809762563682225,0.0
88002,product_to_joint_diagP,0.75,152,0.02,0.0,11.158957255116814,-5.223179145102336,False,-3.0,0.0,7.577918123108183e-19,0.007500239686372325,0.7500000000000001,1.809762563682225,0.0
88002,product_to_joint_diagP,1.0,152,0.02,0.0,11.158957255116814,-5.223179145102336,False,-3.0,0.0,7.586088858102618e-19,0.007500239686372325,1.0,1.809762563682225,0.0
88002,gaussian_to_joint,0.0,152,0.02,0.0,11.158957255116814,-5.223179145102336,False,-3.0,0.0,7.586088858102618e-19,0.007500239686372325,0.0,1.809762563682225,0.0
88002,gaussian_to_joint,0.25,152,0.02,0.0,11.158957255116814,-5.223179145102336,False,-3.0,0.0,9.820634564853365e-19,0.007500239686372325,0.25,1.809762563682225,0.0
88002,gaussian_to_joint,0.5,152,0.02,0.0,11.158957255116814,-5.223179145102336,False,-3.0,0.0,8.6702928844743545e-19,0.007500239686372325,0.49999999999999994,1.809762563682225,0.0
88002,gaussian_to_joint,0.75,152,0.02,0.0,11.158957255116814,-5.223179145102336,False,-3.0,0.0,9.820634564853365e-19,0.007500239686372325,0.7500000000000001,1.809762563682225,0.0
88002,gaussian_to_joint,1.0,152,0.02,0.0,11.158957255116814,-5.223179145102336,False,-3.0,0.0,7.586088858102618e-19,0.007500239686372325,1.0,1.809762563682225,0.0
88002,product_to_joint,0.0,156,0.015,-9.338589550022174,12.895054292823419,-14.532015364414525,False,14.0,17.0,-0.07295773085954824,0.010049073804618145,0.0,1.128315898934034,0.2645676393980301
88002,product_to_joint,0.25,156,0.015,-9.314525332248692,13.72526926905808,-14.520404371284563,False,14.0,17.0,-0.07276972915819291,0.011397986847421271,0.3027905301860238,1.2013032092745424,0.2645676393980301
88002,product_to_joint,0.5,156,0.015,-9.293625981939401,14.407499852940122,-14.509738479733503,False,14.0,17.0,-0.07260645298390157,0.012569436768339212,0.5657587853880028,1.2693238236152613,0.2645676393980301
88002,product_to_joint,0.75,156,0.015,-9.275305669045668,14.979983161984908,-14.500005416475442,False,14.0,17.0,-0.07246332553941928,0.01359628268636178,0.7962760332987046,1.3330108436298795,0.2645676393980301
88002,product_to_joint,1.0,156,0.015,-9.259114746901023,15.468281283618314,-14.491138966155297,False,14.0,17.0,-0.07233683396016424,0.014503743034004923,1.0,1.3928835383320641,0.2645676393980301
88002,product_to_joint_diagP,0.0,156,0.015,-9.338589550022174,12.895054292823419,-14.532015364414525,False,14.0,17.0,-0.07295773085954824,0.010049073804618145,0.0,1.128315898934034,0.2437553663653511
88002,product_to_joint_diagP,0.25,156,0.015,-9.314188215487832,13.654561889384553,-14.5190066438286,False,14.0,17.0,-0.07276709543349869,0.01127982546331989,0.29841500076635585,1.195047045430822,0.2437553663653511
88002,product_to_joint_diagP,0.5,156,0.015,-9.292746220718014,14.288638505378207,-14.507075798298686,False,14.0,17.0,-0.07259957984935948,0.012361254293052784,0.5606388917040448,1.2576023522562325,0.2437553663653511
88002,product_to_joint_diagP,0.75,156,0.015,-9.273755991217104,14.827561806071508,-14.496169418308178,False,14.0,17.0,-0.07245121868138363,0.013318981269096104,0.7928790318116339,1.3164738068353108,0.2437553663653511
88002,product_to_joint_diagP,1.0,156,0.015,-9.256819751346914,15.292161143629388,-14.486202168501354,False,14.0,17.0,-0.07231890430739776,0.014173083034834503,1.0,1.3720712652993852,0.2437553663653511
88002,gaussian_to_joint,0.0,156,0.015,-9.20120124358591,15.066877426421623,-14.427204404982234,False,14.0,17.0,-0.07188438471551492,0.013755639366626798,0.0,1.3714397654842578,0.021443772847806297
88002,gaussian_to_joint,0.25,156,0.015,-9.215913718688935,15.169878339668774,-14.443461893783967,False,14.0,17.0,-0.0719993259272573,0.013945728078634756,0.2540422226397525,1.376843972125426,0.021443772847806297
88002,gaussian_to_joint,0.5,156,0.015,-9.230468454349362,15.271077408406066,-14.459534615475453,False,14.0,17.0,-0.07211303479960439,0.014133752759614876,0.5053607377921114,1.3822191302311433,0.021443772847806297
88002,gaussian_to_joint,0.75,156,0.015,-9.244867973839957,15.370528040174358,-14.475425894442573,False,14.0,17.0,-0.07222553104562467,0.014319746840441053,0.7539991151364367,1.3875655504142554,0.021443772847806297
88002,gaussian_to_joint,1.0,156,0.015,-9.259114746901023,15.468281283618314,-14.491138966155297,False,14.0,17.0,-0.07233683396016424,0.014503743034004923,1.0,1.3928835383320641,0.021443772847806297
88002,product_to_joint,0.0,160,0.009999999999999998,0.0,11.158957255116814,-5.111589572551168,False,-5.0,0.0,1.7605518457110832e-19,0.007500239686372324,0.0,1.809762563682225,0.0
88002,product_to_joint,0.25,160,0.009999999999999998,0.0,11.158957255116814,-5.111589572551168,False,-5.0,0.0,-4.8673244227975573e-20,0.007500239686372325,0.25,1.809762563682225,0.0
88002,product_to_joint,0.5,160,0.009999999999999998,0.0,11.158957255116814,-5.111589572551168,False,-5.0,0.0,7.106851321270845e-19,0.007500239686372324,0.49999999999999994,1.809762563682225,0.0
88002,product_to_joint,0.75,160,0.009999999999999998,0.0,11.158957255116814,-5.111589572551168,False,-5.0,0.0,7.577918123108183e-19,0.007500239686372325,0.7500000000000001,1.809762563682225,0.0
88002,product_to_joint,1.0,160,0.009999999999999998,0.0,11.158957255116814,-5.111589572551168,False,-5.0,0.0,7.586088858102618e-19,0.007500239686372325,1.0,1.809762563682225,0.0
88002,product_to_joint_diagP,0.0,160,0.009999999999999998,0.0,11.158957255116814,-5.111589572551168,False,-5.0,0.0,1.7605518457110832e-19,0.007500239686372324,0.0,1.809762563682225,0.0
88002,product_to_joint_diagP,0.25,160,0.009999999999999998,0.0,11.158957255116814,-5.111589572551168,False,-5.0,0.0,-4.8673244227975573e-20,0.007500239686372325,0.25,1.809762563682225,0.0
88002,product_to_joint_diagP,0.5,160,0.009999999999999998,0.0,11.158957255116814,-5.111589572551168,False,-5.0,0.0,7.106851321270845e-19,0.007500239686372324,0.49999999999999994,1.809762563682225,0.0
88002,product_to_joint_diagP,0.75,160,0.009999999999999998,0.0,11.158957255116814,-5.111589572551168,False,-5.0,0.0,7.577918123108183e-19,0.007500239686372325,0.7500000000000001,1.809762563682225,0.0
88002,product_to_joint_diagP,1.0,160,0.009999999999999998,0.0,11.158957255116814,-5.111589572551168,False,-5.0,0.0,7.586088858102618e-19,0.007500239686372325,1.0,1.809762563682225,0.0
88002,gaussian_to_joint,0.0,160,0.009999999999999998,0.0,11.158957255116814,-5.111589572551168,False,-5.0,0.0,7.586088858102618e-19,0.007500239686372325,0.0,1.809762563682225,0.0
88002,gaussian_to_joint,0.25,160,0.009999999999999998,0.0,11.158957255116814,-5.111589572551168,False,-5.0,0.0,9.820634564853365e-19,0.007500239686372325,0.25,1.809762563682225,0.0
88002,gaussian_to_joint,0.5,160,0.009999999999999998,0.0,11.158957255116814,-5.111589572551168,False,-5.0,0.0,8.6702928844743545e-19,0.007500239686372325,0.49999999999999994,1.809762563682225,0.0
88002,gaussian_to_joint,0.75,160,0.009999999999999998,0.0,11.158957255116814,-5.111589572551168,False,-5.0,0.0,9.820634564853365e-19,0.007500239686372325,0.7500000000000001,1.809762563682225,0.0
88002,gaussian_to_joint,1.0,160,0.009999999999999998,0.0,11.158957255116814,-5.111589572551168,False,-5.0,0.0,7.586088858102618e-19,0.007500239686372325,1.0,1.809762563682225,0.0
88002,product_to_joint,0.0,164,0.0049999999999999975,-0.3373595487836808,18.25325582762494,-5.428625827921805,False,38.0,43.0,-0.0026356214748725062,0.020235775653608637,0.0,-0.21505562640747033,1.479308220688869
88002,product_to_joint,0.25,164,0.0049999999999999975,3.3282581891796346,32.475635211224635,-1.8341199868764884,False,38.0,43.0,0.026002017102965895,0.06427175795730794,0.5940409423037941,0.39876526871895424,1.479308220688869
88002,product_to_joint,0.5,164,0.0049999999999999975,4.688436465181365,36.27048542222949,-0.49291596192978293,False,38.0,43.0,0.03662840988422941,0.08019468461695325,0.8144680687902999,0.7763254688795671,1.479308220688869
88002,product_to_joint,0.75,164,0.0049999999999999975,5.397807550319305,38.08066315355469,0.20740423455153145,True,38.0,43.0,0.04217037148686957,0.08840933265469347,0.9294269919464666,1.0497575422472556,1.479308220688869
88002,product_to_joint,1.0,164,0.0049999999999999975,5.833288763346813,39.144119392804875,0.6375681663827883,True,38.0,43.0,0.045572568463646976,0.09342185565418472,1.0,1.2642525942813987,1.479308220688869
88002,product_to_joint_diagP,0.0,164,0.0049999999999999975,-0.3373595487836808,18.25325582762494,-5.428625827921805,False,38.0,43.0,-0.0026356214748725062,0.020235775653608637,0.0,-0.21505562640747033,1.4490574510315133
88002,product_to_joint_diagP,0.25,164,0.0049999999999999975,3.4716076628539176,32.30974409164524,-1.6899410576043086,False,38.0,43.0,0.02712193486604623,0.06361579365647002,0.5867255254667362,0.38090562065455025,1.4490574510315133
88002,product_to_joint_diagP,0.5,164,0.0049999999999999975,4.920132507457966,36.14682505599791,-0.2606016178220232,False,38.0,43.0,0.03843853521451536,0.07964810556817127,0.8098533323969876,0.7517567628899338,1.4490574510315133
88002,product_to_joint_diagP,0.75,164,0.0049999999999999975,5.683343601187253,37.99084804393758,0.4933893609675648,True,38.0,43.0,0.04440112188427541,0.08799231781601294,0.927416809615222,1.0216719338327058,1.4490574510315133
88002,product_to_joint_diagP,1.0,164,0.0049999999999999975,6.154546881582699,39.078485365919164,0.9591544547531035,True,38.0,43.0,0.04808239751236484,0.09310849722255606,1.0,1.234001824624043,1.4490574510315133
88002,gaussian_to_joint,0.0,164,0.0049999999999999975,4.637707675033082,38.908501547352074,-0.5568348327036787,False,38.0,43.0,0.03623209121119595,0.09229938309694205,0.0,1.2857084234128697,-0.021455829131471038
88002,gaussian_to_joint,0.25,164,0.0049999999999999975,4.931819007070631,38.96999724802835,-0.26303097916951046,False,38.0,43.0,0.038529835992739306,0.09259169223091658,0.2459986486172728,1.2803874696520916,-0.021455829131471038
88002,gaussian_to_joint,0.5,164,0.0049999999999999975,5.22908541931457,39.029802173504365,0.03393640844704837,True,38.0,43.0,0.04085222983839508,0.09287640733049843,0.49463624848363513,1.2750380518188589,-0.021455829131471038
88002,gaussian_to_joint,0.75,164,0.0049999999999999975,5.529557954745485,39.08786176003986,0.33411864594528584,True,38.0,43.0,0.0431996715214491,0.09315323101635657,0.745955492630188,1.2696598637414387,-0.021455829131471038
88002,gaussian_to_joint,1.0,164,0.0049999999999999975,5.833288763346813,39.144119392804875,0.6375681663827883,True,38.0,43.0,0.045572568463646976,0.09342185565418472,1.0,1.2642525942813987,-0.021455829131471038
88003,product_to_joint,0.0,0,0.007798710127542649,0.0,12.890462726661413,-5.100528982215125,False,-6.0,-1.0,-1.2488856386635861e-20,0.010041847491909619,0.0,1.1151861303294424,0.0
88003,product_to_joint,0.25,0,0.007798710127542649,0.0,12.890462726661411,-5.100528982215125,False,-6.0,-1.0,-6.329934297457138e-19,0.010041847491909617,0.25,1.1151861303294424,0.0
88003,product_to_joint,0.5,0,0.007798710127542649,0.0,12.890462726661411,-5.100528982215125,False,-6.0,-1.0,6.411556638439304e-19,0.010041847491909617,0.5,1.1151861303294424,0.0
88003,product_to_joint,0.75,0,0.007798710127542649,0.0,12.890462726661413,-5.100528982215125,False,-6.0,-1.0,4.738396538401912e-19,0.010041847491909619,0.75,1.1151861303294424,0.0
88003,product_to_joint,1.0,0,0.007798710127542649,0.0,12.890462726661411,-5.100528982215125,False,-6.0,-1.0,6.110355103519841e-19,0.010041847491909617,1.0,1.1151861303294424,0.0
88003,product_to_joint_diagP,0.0,0,0.007798710127542649,0.0,12.890462726661413,-5.100528982215125,False,-6.0,-1.0,-1.2488856386635861e-20,0.010041847491909619,0.0,1.1151861303294424,0.0
88003,product_to_joint_diagP,0.25,0,0.007798710127542649,0.0,12.890462726661411,-5.100528982215125,False,-6.0,-1.0,-6.329934297457138e-19,0.010041847491909617,0.25,1.1151861303294424,0.0
88003,product_to_joint_diagP,0.5,0,0.007798710127542649,0.0,12.890462726661411,-5.100528982215125,False,-6.0,-1.0,6.411556638439304e-19,0.010041847491909617,0.5,1.1151861303294424,0.0
88003,product_to_joint_diagP,0.75,0,0.007798710127542649,0.0,12.890462726661413,-5.100528982215125,False,-6.0,-1.0,4.738396538401912e-19,0.010041847491909619,0.75,1.1151861303294424,0.0
88003,product_to_joint_diagP,1.0,0,0.007798710127542649,0.0,12.890462726661411,-5.100528982215125,False,-6.0,-1.0,6.110355103519841e-19,0.010041847491909617,1.0,1.1151861303294424,0.0
88003,gaussian_to_joint,0.0,0,0.007798710127542649,0.0,12.890462726661411,-5.100528982215125,False,-6.0,-1.0,6.110355103519841e-19,0.010041847491909617,0.0,1.1151861303294424,0.0
88003,gaussian_to_joint,0.25,0,0.007798710127542649,0.0,12.890462726661413,-5.100528982215125,False,-6.0,-1.0,6.855744097103625e-19,0.01004184749190962,0.25,1.1151861303294424,0.0
88003,gaussian_to_joint,0.5,0,0.007798710127542649,0.0,12.890462726661411,-5.100528982215125,False,-6.0,-1.0,6.584698885415723e-19,0.010041847491909617,0.5,1.1151861303294424,0.0
88003,gaussian_to_joint,0.75,0,0.007798710127542649,0.0,12.890462726661413,-5.100528982215125,False,-6.0,-1.0,6.855744097103625e-19,0.01004184749190962,0.75,1.1151861303294424,0.0
88003,gaussian_to_joint,1.0,0,0.007798710127542649,0.0,12.890462726661411,-5.100528982215125,False,-6.0,-1.0,6.110355103519841e-19,0.010041847491909617,1.0,1.1151861303294424,0.0
88003,product_to_joint,0.0,4,0.007798710127542649,0.0,11.158957255116814,-5.087025472958295,False,-4.0,1.0,1.7605518457110832e-19,0.007500239686372324,0.0,1.809762563682225,0.0
88003,product_to_joint,0.25,4,0.007798710127542649,0.0,11.158957255116814,-5.087025472958295,False,-4.0,1.0,-4.8673244227975573e-20,0.007500239686372325,0.25,1.809762563682225,0.0
88003,product_to_joint,0.5,4,0.007798710127542649,0.0,11.158957255116814,-5.087025472958295,False,-4.0,1.0,7.106851321270845e-19,0.007500239686372324,0.49999999999999994,1.809762563682225,0.0
88003,product_to_joint,0.75,4,0.007798710127542649,0.0,11.158957255116814,-5.087025472958295,False,-4.0,1.0,7.577918123108183e-19,0.007500239686372325,0.7500000000000001,1.809762563682225,0.0
88003,product_to_joint,1.0,4,0.007798710127542649,0.0,11.158957255116814,-5.087025472958295,False,-4.0,1.0,7.586088858102618e-19,0.007500239686372325,1.0,1.809762563682225,0.0
88003,product_to_joint_diagP,0.0,4,0.007798710127542649,0.0,11.158957255116814,-5.087025472958295,False,-4.0,1.0,1.7605518457110832e-19,0.007500239686372324,0.0,1.809762563682225,0.0
88003,product_to_joint_diagP,0.25,4,0.007798710127542649,0.0,11.158957255116814,-5.087025472958295,False,-4.0,1.0,-4.8673244227975573e-20,0.007500239686372325,0.25,1.809762563682225,0.0
88003,product_to_joint_diagP,0.5,4,0.007798710127542649,0.0,11.158957255116814,-5.087025472958295,False,-4.0,1.0,7.106851321270845e-19,0.007500239686372324,0.49999999999999994,1.809762563682225,0.0
88003,product_to_joint_diagP,0.75,4,0.007798710127542649,0.0,11.158957255116814,-5.087025472958295,False,-4.0,1.0,7.577918123108183e-19,0.007500239686372325,0.7500000000000001,1.809762563682225,0.0
88003,product_to_joint_diagP,1.0,4,0.007798710127542649,0.0,11.158957255116814,-5.087025472958295,False,-4.0,1.0,7.586088858102618e-19,0.007500239686372325,1.0,1.809762563682225,0.0
88003,gaussian_to_joint,0.0,4,0.007798710127542649,0.0,11.158957255116814,-5.087025472958295,False,-4.0,1.0,7.586088858102618e-19,0.007500239686372325,0.0,1.809762563682225,0.0
88003,gaussian_to_joint,0.25,4,0.007798710127542649,0.0,11.158957255116814,-5.087025472958295,False,-4.0,1.0,9.820634564853365e-19,0.007500239686372325,0.25,1.809762563682225,0.0
88003,gaussian_to_joint,0.5,4,0.007798710127542649,0.0,11.158957255116814,-5.087025472958295,False,-4.0,1.0,8.6702928844743545e-19,0.007500239686372325,0.49999999999999994,1.809762563682225,0.0
88003,gaussian_to_joint,0.75,4,0.007798710127542649,0.0,11.158957255116814,-5.087025472958295,False,-4.0,1.0,9.820634564853365e-19,0.007500239686372325,0.7500000000000001,1.809762563682225,0.0
88003,gaussian_to_joint,1.0,4,0.007798710127542649,0.0,11.158957255116814,-5.087025472958295,False,-4.0,1.0,7.586088858102618e-19,0.007500239686372325,1.0,1.809762563682225,0.0
88003,product_to_joint,0.0,8,0.052798710127542656,0.0,11.158957255116814,-5.589178549438552,False,-5.0,0.0,1.7605518457110832e-19,0.007500239686372324,0.0,1.809762563682225,0.0
88003,product_to_joint,0.25,8,0.052798710127542656,0.0,11.158957255116814,-5.589178549438552,False,-5.0,0.0,-4.8673244227975573e-20,0.007500239686372325,0.25,1.809762563682225,0.0
88003,product_to_joint,0.5,8,0.052798710127542656,0.0,11.158957255116814,-5.589178549438552,False,-5.0,0.0,7.106851321270845e-19,0.007500239686372324,0.49999999999999994,1.809762563682225,0.0
88003,product_to_joint,0.75,8,0.052798710127542656,0.0,11.158957255116814,-5.589178549438552,False,-5.0,0.0,7.577918123108183e-19,0.007500239686372325,0.7500000000000001,1.809762563682225,0.0
88003,product_to_joint,1.0,8,0.052798710127542656,0.0,11.158957255116814,-5.589178549438552,False,-5.0,0.0,7.586088858102618e-19,0.007500239686372325,1.0,1.809762563682225,0.0
88003,product_to_joint_diagP,0.0,8,0.052798710127542656,0.0,11.158957255116814,-5.589178549438552,False,-5.0,0.0,1.7605518457110832e-19,0.007500239686372324,0.0,1.809762563682225,0.0
88003,product_to_joint_diagP,0.25,8,0.052798710127542656,0.0,11.158957255116814,-5.589178549438552,False,-5.0,0.0,-4.8673244227975573e-20,0.007500239686372325,0.25,1.809762563682225,0.0
88003,product_to_joint_diagP,0.5,8,0.052798710127542656,0.0,11.158957255116814,-5.589178549438552,False,-5.0,0.0,7.106851321270845e-19,0.007500239686372324,0.49999999999999994,1.809762563682225,0.0
88003,product_to_joint_diagP,0.75,8,0.052798710127542656,0.0,11.158957255116814,-5.589178549438552,False,-5.0,0.0,7.577918123108183e-19,0.007500239686372325,0.7500000000000001,1.809762563682225,0.0
88003,product_to_joint_diagP,1.0,8,0.052798710127542656,0.0,11.158957255116814,-5.589178549438552,False,-5.0,0.0,7.586088858102618e-19,0.007500239686372325,1.0,1.809762563682225,0.0
88003,gaussian_to_joint,0.0,8,0.052798710127542656,0.0,11.158957255116814,-5.589178549438552,False,-5.0,0.0,7.586088858102618e-19,0.007500239686372325,0.0,1.809762563682225,0.0
88003,gaussian_to_joint,0.25,8,0.052798710127542656,0.0,11.158957255116814,-5.589178549438552,False,-5.0,0.0,9.820634564853365e-19,0.007500239686372325,0.25,1.809762563682225,0.0
88003,gaussian_to_joint,0.5,8,0.052798710127542656,0.0,11.158957255116814,-5.589178549438552,False,-5.0,0.0,8.6702928844743545e-19,0.007500239686372325,0.49999999999999994,1.809762563682225,0.0
88003,gaussian_to_joint,0.75,8,0.052798710127542656,0.0,11.158957255116814,-5.589178549438552,False,-5.0,0.0,9.820634564853365e-19,0.007500239686372325,0.7500000000000001,1.809762563682225,0.0
88003,gaussian_to_joint,1.0,8,0.052798710127542656,0.0,11.158957255116814,-5.589178549438552,False,-5.0,0.0,7.586088858102618e-19,0.007500239686372325,1.0,1.809762563682225,0.0
88003,product_to_joint,0.0,12,0.04279871012754265,-0.04906049293177595,10.745634075293543,-5.508959770856909,False,-5.0,0.0,-0.0003832851010294996,0.006947647197272321,0.0,1.9176116300846329,0.012321167181127635
88003,product_to_joint,0.25,12,0.04279871012754265,-0.048167354660994394,10.746709808305262,-5.508112672571471,False,-5.0,0.0,-0.0003763074582890187,0.006949058331538362,0.2523173275753036,1.9207061833798642,0.012321167181127635
88003,product_to_joint,0.5,12,0.04279871012754265,-0.04727971857357993,10.747778734046511,-5.5072707851270035,False,-5.0,0.0,-0.0003693728013560932,0.006950460676026758,0.5030802528273174,1.9237911899502516,0.012321167181127635
88003,product_to_joint,0.75,12,0.04279871012754265,-0.04639753398131778,10.74884091693664,-5.506434060592358,False,-5.0,0.0,-0.00036248073422904517,0.006951854312598345,0.75230309550405,1.9268667085181486,0.012321167181127635
88003,product_to_joint,1.0,12,0.04279871012754265,-0.04552075081669936,10.749896420584628,-5.505602451622409,False,-5.0,0.0,-0.00035563086575546375,0.006953239322100721,1.0,1.9299327972657605,0.012321167181127635
88003,product_to_joint_diagP,0.0,12,0.04279871012754265,-0.04906049293177595,10.745634075293543,-5.508959770856909,False,-5.0,0.0,-0.0003832851010294996,0.006947647197272321,0.0,1.9176116300846329,0.012261610572736892
88003,product_to_joint_diagP,0.25,12,0.04279871012754265,-0.048168002354754935,10.746554860149601,-5.508106688684032,False,-5.0,0.0,-0.00037631251839652293,0.0069488550636111444,0.2523060921907023,1.920691156550168,0.012261610572736892
88003,product_to_joint_diagP,0.5,12,0.04279871012754265,-0.047280983395128526,10.747469848325888,-5.507258830038133,False,-5.0,0.0,-0.0003693826827744416,0.006950055428507941,0.5030653642375633,1.9237612286400019,0.012261610572736892
88003,product_to_joint_diagP,0.75,12,0.04279871012754265,-0.04639938588916564,10.748379094390147,-5.506416147090909,False,-5.0,0.0,-0.00036249520225910655,0.006951248361616404,0.7522919973713973,1.9268219042277805,0.012261610572736892
88003,product_to_joint_diagP,1.0,12,0.04279871012754265,-0.045523160284467526,10.749282652227341,-5.505578592596168,False,-5.0,0.0,-0.00035564968972240255,0.006952433931730692,1.0,1.9298732406573698,0.012261610572736892
88003,gaussian_to_joint,0.0,12,0.04279871012754265,-0.03953891760552629,10.80942428290652,-5.502168334135263,False,-5.0,0.0,-0.00030889779379317413,0.007031570637688544,0.0,1.9137507699949192,0.01618202727084128
88003,gaussian_to_joint,0.25,12,0.04279871012754265,-0.04105259889215305,10.794392310295335,-5.503038666383459,False,-5.0,0.0,-0.0003207234288449457,0.007011749594028506,0.2530463878195126,1.9178208921419717,0.01618202727084128
88003,gaussian_to_joint,0.5,12,0.04279871012754265,-0.04255403323009474,10.77946104057305,-5.50390106163672,False,-5.0,0.0,-0.00033245338461011516,0.006992088642897474,0.5040454185409926,1.921874515524037,0.01618202727084128
88003,gaussian_to_joint,0.75,12,0.04279871012754265,-0.04404336865259641,10.764629422687511,-5.504755622944616,False,-5.0,0.0,-0.00034408881759840943,0.006972585852526225,0.7530218393010083,1.9259117733610158,0.01618202727084128
88003,gaussian_to_joint,1.0,12,0.04279871012754265,-0.04552075081669936,10.749896420584628,-5.505602451622409,False,-5.0,0.0,-0.00035563086575546375,0.006953239322100721,1.0,1.9299327972657605,0.01618202727084128
88003,product_to_joint,0.0,16,0.04279871012754265,0.0,11.158957255116814,-5.477588976887383,False,-5.0,0.0,1.7605518457110832e-19,0.007500239686372324,0.0,1.809762563682225,0.0
88003,product_to_joint,0.25,16,0.04279871012754265,0.0,11.158957255116814,-5.477588976887383,False,-5.0,0.0,-4.8673244227975573e-20,0.007500239686372325,0.25,1.809762563682225,0.0
88003,product_to_joint,0.5,16,0.04279871012754265,0.0,11.158957255116814,-5.477588976887383,False,-5.0,0.0,7.106851321270845e-19,0.007500239686372324,0.49999999999999994,1.809762563682225,0.0
88003,product_to_joint,0.75,16,0.04279871012754265,0.0,11.158957255116814,-5.477588976887383,False,-5.0,0.0,7.577918123108183e-19,0.007500239686372325,0.7500000000000001,1.809762563682225,0.0
88003,product_to_joint,1.0,16,0.04279871012754265,0.0,11.158957255116814,-5.477588976887383,False,-5.0,0.0,7.586088858102618e-19,0.007500239686372325,1.0,1.809762563682225,0.0
88003,product_to_joint_diagP,0.0,16,0.04279871012754265,0.0,11.158957255116814,-5.477588976887383,False,-5.0,0.0,1.7605518457110832e-19,0.007500239686372324,0.0,1.809762563682225,0.0
88003,product_to_joint_diagP,0.25,16,0.04279871012754265,0.0,11.158957255116814,-5.477588976887383,False,-5.0,0.0,-4.8673244227975573e-20,0.007500239686372325,0.25,1.809762563682225,0.0
88003,product_to_joint_diagP,0.5,16,0.04279871012754265,0.0,11.158957255116814,-5.477588976887383,False,-5.0,0.0,7.106851321270845e-19,0.007500239686372324,0.49999999999999994,1.809762563682225,0.0
88003,product_to_joint_diagP,0.75,16,0.04279871012754265,0.0,11.158957255116814,-5.477588976887383,False,-5.0,0.0,7.577918123108183e-19,0.007500239686372325,0.7500000000000001,1.809762563682225,0.0
88003,product_to_joint_diagP,1.0,16,0.04279871012754265,0.0,11.158957255116814,-5.477588976887383,False,-5.0,0.0,7.586088858102618e-19,0.007500239686372325,1.0,1.809762563682225,0.0
88003,gaussian_to_joint,0.0,16,0.04279871012754265,0.0,11.158957255116814,-5.477588976887383,False,-5.0,0.0,7.586088858102618e-19,0.007500239686372325,0.0,1.809762563682225,0.0
88003,gaussian_to_joint,0.25,16,0.04279871012754265,0.0,11.158957255116814,-5.477588976887383,False,-5.0,0.0,9.820634564853365e-19,0.007500239686372325,0.25,1.809762563682225,0.0
88003,gaussian_to_joint,0.5,16,0.04279871012754265,0.0,11.158957255116814,-5.477588976887383,False,-5.0,0.0,8.6702928844743545e-19,0.007500239686372325,0.49999999999999994,1.809762563682225,0.0
88003,gaussian_to_joint,0.75,16,0.04279871012754265,0.0,11.158957255116814,-5.477588976887383,False,-5.0,0.0,9.820634564853365e-19,0.007500239686372325,0.7500000000000001,1.809762563682225,0.0
88003,gaussian_to_joint,1.0,16,0.04279871012754265,0.0,11.158957255116814,-5.477588976887383,False,-5.0,0.0,7.586088858102618e-19,0.007500239686372325,1.0,1.809762563682225,0.0
88003,product_to_joint,0.0,20,0.03279871012754264,4.576056087654102,10.805827928461312,-0.7783611302596052,False,6.0,11.0,0.03575043818479767,0.007026826002167632,0.0,1.8860656502159743,0.02688400307155403
88003,product_to_joint,0.25,20,0.03279871012754264,4.6025707371739415,10.848148536140982,-0.7532345420834723,False,6.0,11.0,0.03595758388417142,0.007082759195689559,0.2550745510049811,1.8928547118370154,0.02688400307155403
88003,product_to_joint,0.5,20,0.03279871012754264,4.628728998198924,10.889675873864833,-0.7284383241708632,False,6.0,11.0,0.036161945298429095,0.007137856484242787,0.50672059599708,1.8995979927338649,0.02688400307155403
88003,product_to_joint,0.75,20,0.03279871012754264,4.654538008190336,10.930432783661407,-0.7039660882495635,False,6.0,11.0,0.036363578188987,0.00719213628162476,0.7550067983290019,1.9062961062001254,0.02688400307155403
88003,product_to_joint,1.0,20,0.03279871012754264,4.6800047152822675,10.970441204886814,-0.679811605768065,False,6.0,11.0,0.036562536838142715,0.007245616469108793,1.0,1.9129496532875283,0.02688400307155403
88003,product_to_joint_diagP,0.0,20,0.03279871012754264,4.576056087654102,10.805827928461312,-0.7783611302596052,False,6.0,11.0,0.03575043818479767,0.007026826002167632,0.0,1.8860656502159743,0.02628893219369388
88003,product_to_joint_diagP,0.25,20,0.03279871012754264,4.602478582179235,10.846554772938143,-0.7532744237008773,False,6.0,11.0,0.035956863923275274,0.00708064883070967,0.2549614971610403,1.8927029580391888,0.02628893219369388
88003,product_to_joint_diagP,0.5,20,0.03279871012754264,4.628553787121875,10.886534077360267,-0.728510488375079,False,6.0,11.0,0.03616057646188965,0.007133680677339256,0.5065718545643686,1.8992965023197637,0.02628893219369388
88003,product_to_joint_diagP,0.75,20,0.03279871012754264,4.654288504788134,10.925786883188126,-0.7040632121088608,False,6.0,11.0,0.0363616289436573,0.007185938660696148,0.7548967104543267,1.9058468563952409,0.02628893219369388
88003,product_to_joint_diagP,1.0,20,0.03279871012754264,4.679689360988872,10.964333420149861,-0.6799266326003508,False,6.0,11.0,0.036560073132725565,0.00723743941334321,1.0,1.9123545824096682,0.02628893219369388
88003,gaussian_to_joint,0.0,20,0.03279871012754264,4.420502252004937,10.976456216734451,-0.9395113536753996,False,6.0,11.0,0.03453517384378857,0.007253673771843773,0.0,1.8968240399769254,0.016125613310602915
88003,gaussian_to_joint,0.25,20,0.03279871012754264,4.486165645925245,10.975514372840573,-0.8738170684902311,False,6.0,11.0,0.03504816910879097,0.00725241184987976,0.2530357249446699,1.9008798870758858,0.016125613310602915
88003,gaussian_to_joint,0.5,20,0.03279871012754264,4.551299620068314,10.974191895723067,-0.8086397188035344,False,6.0,11.0,0.035557028281783705,0.007250640122323843,0.5040313159709561,1.904919350705634,0.016125613310602915
88003,gaussian_to_joint,0.75,20,0.03279871012754264,4.615910551501386,10.972497889857356,-0.743973226163118,False,6.0,11.0,0.03606180118360458,0.007248370968196053,0.7530113472858095,1.9089425626948677,0.016125613310602915
88003,gaussian_to_joint,1.0,20,0.03279871012754264,4.6800047152822675,10.970441204886814,-0.679811605768065,False,6.0,11.0,0.036562536838142715,0.007245616469108793,1.0,1.9129496532875283,0.016125613310602915
88003,product_to_joint,0.0,24,0.03279871012754264,0.0,11.158957255116814,-5.365999404336216,False,-5.0,0.0,1.7605518457110832e-19,0.007500239686372324,0.0,1.809762563682225,0.0
88003,product_to_joint,0.25,24,0.03279871012754264,0.0,11.158957255116814,-5.365999404336216,False,-5.0,0.0,-4.8673244227975573e-20,0.007500239686372325,0.25,1.809762563682225,0.0
88003,product_to_joint,0.5,24,0.03279871012754264,0.0,11.158957255116814,-5.365999404336216,False,-5.0,0.0,7.106851321270845e-19,0.007500239686372324,0.49999999999999994,1.809762563682225,0.0
88003,product_to_joint,0.75,24,0.03279871012754264,0.0,11.158957255116814,-5.365999404336216,False,-5.0,0.0,7.577918123108183e-19,0.007500239686372325,0.7500000000000001,1.809762563682225,0.0
88003,product_to_joint,1.0,24,0.03279871012754264,0.0,11.158957255116814,-5.365999404336216,False,-5.0,0.0,7.586088858102618e-19,0.007500239686372325,1.0,1.809762563682225,0.0
88003,product_to_joint_diagP,0.0,24,0.03279871012754264,0.0,11.158957255116814,-5.365999404336216,False,-5.0,0.0,1.7605518457110832e-19,0.007500239686372324,0.0,1.809762563682225,0.0
88003,product_to_joint_diagP,0.25,24,0.03279871012754264,0.0,11.158957255116814,-5.365999404336216,False,-5.0,0.0,-4.8673244227975573e-20,0.007500239686372325,0.25,1.809762563682225,0.0
88003,product_to_joint_diagP,0.5,24,0.03279871012754264,0.0,11.158957255116814,-5.365999404336216,False,-5.0,0.0,7.106851321270845e-19,0.007500239686372324,0.49999999999999994,1.809762563682225,0.0
88003,product_to_joint_diagP,0.75,24,0.03279871012754264,0.0,11.158957255116814,-5.365999404336216,False,-5.0,0.0,7.577918123108183e-19,0.007500239686372325,0.7500000000000001,1.809762563682225,0.0
88003,product_to_joint_diagP,1.0,24,0.03279871012754264,0.0,11.158957255116814,-5.365999404336216,False,-5.0,0.0,7.586088858102618e-19,0.007500239686372325,1.0,1.809762563682225,0.0
88003,gaussian_to_joint,0.0,24,0.03279871012754264,0.0,11.158957255116814,-5.365999404336216,False,-5.0,0.0,7.586088858102618e-19,0.007500239686372325,0.0,1.809762563682225,0.0
88003,gaussian_to_joint,0.25,24,0.03279871012754264,0.0,11.158957255116814,-5.365999404336216,False,-5.0,0.0,9.820634564853365e-19,0.007500239686372325,0.25,1.809762563682225,0.0
88003,gaussian_to_joint,0.5,24,0.03279871012754264,0.0,11.158957255116814,-5.365999404336216,False,-5.0,0.0,8.6702928844743545e-19,0.007500239686372325,0.49999999999999994,1.809762563682225,0.0
88003,gaussian_to_joint,0.75,24,0.03279871012754264,0.0,11.158957255116814,-5.365999404336216,False,-5.0,0.0,9.820634564853365e-19,0.007500239686372325,0.7500000000000001,1.809762563682225,0.0
88003,gaussian_to_joint,1.0,24,0.03279871012754264,0.0,11.158957255116814,-5.365999404336216,False,-5.0,0.0,7.586088858102618e-19,0.007500239686372325,1.0,1.809762563682225,0.0
88003,product_to_joint,0.0,28,0.027798710127542637,4.106114327460649,11.2110472828339,-1.2055383261810255,False,-4.0,1.0,0.03207901818328632,0.007571361155879965,0.0,1.7984183419771584,0.13585262274710308
88003,product_to_joint,0.25,28,0.027798710127542637,4.220662622829662,11.603419677550761,-1.1018974772747954,False,-4.0,1.0,0.03297392674085674,0.008117733655601332,0.27632600413925146,1.8341505394894546,0.13585262274710308
88003,product_to_joint,0.5,28,0.027798710127542637,4.327442019870009,11.95660298610289,-1.0049361206507759,False,-4.0,1.0,0.03380814078023445,0.008625607602983677,0.5339110167621401,1.8686498733483496,0.13585262274710308
88003,product_to_joint,0.75,28,0.027798710127542637,4.427216949670559,12.276600306668982,-0.9140567036062333,False,-4.0,1.0,0.03458763241930124,0.009098908391705626,0.7745990826669528,1.9019985884414465,0.13585262274710308
88003,product_to_joint,1.0,28,0.027798710127542637,4.520654738616767,12.568169950959895,-0.8287241746836589,False,-4.0,1.0,0.035317615145443494,0.009541045893323441,1.0,1.9342709647242615,0.13585262274710308
88003,product_to_joint_diagP,0.0,28,0.027798710127542637,4.106114327460649,11.2110472828339,-1.2055383261810255,False,-4.0,1.0,0.03207901818328632,0.007571361155879965,0.0,1.7984183419771584,0.13066064106349407
88003,product_to_joint_diagP,0.25,28,0.027798710127542637,4.220030569505985,11.588910810419119,-1.1021262028068013,False,-4.0,1.0,0.03296898882426551,0.008097195664785714,0.27528897050338363,1.8327185531116301,0.13066064106349407
88003,product_to_joint_diagP,0.5,28,0.027798710127542637,4.326515196774006,11.930323462411161,-1.0051324068853829,False,-4.0,1.0,0.03380089997479692,0.008587293574081924,0.5326187672797201,1.8658811716033359,0.13066064106349407
88003,product_to_joint_diagP,0.75,28,0.027798710127542637,4.426272467565882,12.24069088108225,-0.9140029499981779,False,-4.0,1.0,0.03458025365285845,0.00904517292762513,0.773691294633582,1.897979239683421,0.13066064106349407
88003,product_to_joint_diagP,1.0,28,0.027798710127542637,4.519920379468587,12.524330868203624,-0.8282398638780402,False,-4.0,1.0,0.03531187796459834,0.009473905254897347,1.0,1.9290789830406525,0.13066064106349407
88003,gaussian_to_joint,0.0,28,0.027798710127542637,4.050399460476792,12.306901190402698,-1.2917165182835215,False,-4.0,1.0,0.03164374578497494,0.00914437359071871,0.0,1.9261224513578568,0.008148513366404764
88003,gaussian_to_joint,0.25,28,0.027798710127542637,4.16868322040537,12.37481995763473,-1.1753208124774472,False,-4.0,1.0,0.032567837659416954,0.009246690001457204,0.2515309565400957,1.9281658129868,0.008148513366404764
88003,gaussian_to_joint,0.5,28,0.027798710127542637,4.28648506460107,12.440975841428683,-1.0593580165185665,False,-4.0,1.0,0.03348816456719586,0.00934689208294752,0.5020371170698595,1.9302050078018573,0.008148513366404764
88003,gaussian_to_joint,0.75,28,0.027798710127542637,4.403807932232761,12.505412035118702,-0.9438263919569874,False,-4.0,1.0,0.034404749470568444,0.009445003062017315,0.7515247317453293,1.932240052762348,0.008148513366404764
88003,gaussian_to_joint,1.0,28,0.027798710127542637,4.520654738616767,12.568169950959895,-0.8287241746836589,False,-4.0,1.0,0.035317615145443494,0.009541045893323441,1.0,1.9342709647242615,0.008148513366404764
88003,product_to_joint,0.0,32,0.022798710127542636,0.0,11.158957255116814,-5.254409831785047,False,-5.0,0.0,1.7605518457110832e-19,0.007500239686372324,0.0,1.809762563682225,0.0
88003,product_to_joint,0.25,32,0.022798710127542636,0.0,11.158957255116814,-5.254409831785047,False,-5.0,0.0,-4.8673244227975573e-20,0.007500239686372325,0.25,1.809762563682225,0.0
88003,product_to_joint,0.5,32,0.022798710127542636,0.0,11.158957255116814,-5.254409831785047,False,-5.0,0.0,7.106851321270845e-19,0.007500239686372324,0.49999999999999994,1.809762563682225,0.0
88003,product_to_joint,0.75,32,0.022798710127542636,0.0,11.158957255116814,-5.254409831785047,False,-5.0,0.0,7.577918123108183e-19,0.007500239686372325,0.7500000000000001,1.809762563682225,0.0
88003,product_to_joint,1.0,32,0.022798710127542636,0.0,11.158957255116814,-5.254409831785047,False,-5.0,0.0,7.586088858102618e-19,0.007500239686372325,1.0,1.809762563682225,0.0
88003,product_to_joint_diagP,0.0,32,0.022798710127542636,0.0,11.158957255116814,-5.254409831785047,False,-5.0,0.0,1.7605518457110832e-19,0.007500239686372324,0.0,1.809762563682225,0.0
88003,product_to_joint_diagP,0.25,32,0.022798710127542636,0.0,11.158957255116814,-5.254409831785047,False,-5.0,0.0,-4.8673244227975573e-20,0.007500239686372325,0.25,1.809762563682225,0.0
88003,product_to_joint_diagP,0.5,32,0.022798710127542636,0.0,11.158957255116814,-5.254409831785047,False,-5.0,0.0,7.106851321270845e-19,0.007500239686372324,0.49999999999999994,1.809762563682225,0.0
88003,product_to_joint_diagP,0.75,32,0.022798710127542636,0.0,11.158957255116814,-5.254409831785047,False,-5.0,0.0,7.577918123108183e-19,0.007500239686372325,0.7500000000000001,1.809762563682225,0.0
88003,product_to_joint_diagP,1.0,32,0.022798710127542636,0.0,11.158957255116814,-5.254409831785047,False,-5.0,0.0,7.586088858102618e-19,0.007500239686372325,1.0,1.809762563682225,0.0
88003,gaussian_to_joint,0.0,32,0.022798710127542636,0.0,11.158957255116814,-5.254409831785047,False,-5.0,0.0,7.586088858102618e-19,0.007500239686372325,0.0,1.809762563682225,0.0
88003,gaussian_to_joint,0.25,32,0.022798710127542636,0.0,11.158957255116814,-5.254409831785047,False,-5.0,0.0,9.820634564853365e-19,0.007500239686372325,0.25,1.809762563682225,0.0
88003,gaussian_to_joint,0.5,32,0.022798710127542636,0.0,11.158957255116814,-5.254409831785047,False,-5.0,0.0,8.6702928844743545e-19,0.007500239686372325,0.49999999999999994,1.809762563682225,0.0
88003,gaussian_to_joint,0.75,32,0.022798710127542636,0.0,11.158957255116814,-5.254409831785047,False,-5.0,0.0,9.820634564853365e-19,0.007500239686372325,0.7500000000000001,1.809762563682225,0.0
88003,gaussian_to_joint,1.0,32,0.022798710127542636,0.0,11.158957255116814,-5.254409831785047,False,-5.0,0.0,7.586088858102618e-19,0.007500239686372325,1.0,1.809762563682225,0.0
88003,product_to_joint,0.0,36,0.06779871012754264,0.0,11.158957255116814,-5.756562908265304,False,-5.0,0.0,1.7605518457110832e-19,0.007500239686372324,0.0,1.809762563682225,0.0
88003,product_to_joint,0.25,36,0.06779871012754264,0.0,11.158957255116814,-5.756562908265304,False,-5.0,0.0,-4.8673244227975573e-20,0.007500239686372325,0.25,1.809762563682225,0.0
88003,product_to_joint,0.5,36,0.06779871012754264,0.0,11.158957255116814,-5.756562908265304,False,-5.0,0.0,7.106851321270845e-19,0.007500239686372324,0.49999999999999994,1.809762563682225,0.0
88003,product_to_joint,0.75,36,0.06779871012754264,0.0,11.158957255116814,-5.756562908265304,False,-5.0,0.0,7.577918123108183e-19,0.007500239686372325,0.7500000000000001,1.809762563682225,0.0
88003,product_to_joint,1.0,36,0.06779871012754264,0.0,11.158957255116814,-5.756562908265304,False,-5.0,0.0,7.586088858102618e-19,0.007500239686372325,1.0,1.809762563682225,0.0
88003,product_to_joint_diagP,0.0,36,0.06779871012754264,0.0,11.158957255116814,-5.756562908265304,False,-5.0,0.0,1.7605518457110832e-19,0.007500239686372324,0.0,1.809762563682225,0.0
88003,product_to_joint_diagP,0.25,36,0.06779871012754264,0.0,11.158957255116814,-5.756562908265304,False,-5.0,0.0,-4.8673244227975573e-20,0.007500239686372325,0.25,1.809762563682225,0.0
88003,product_to_joint_diagP,0.5,36,0.06779871012754264,0.0,11.158957255116814,-5.756562908265304,False,-5.0,0.0,7.106851321270845e-19,0.007500239686372324,0.49999999999999994,1.809762563682225,0.0
88003,product_to_joint_diagP,0.75,36,0.06779871012754264,0.0,11.158957255116814,-5.756562908265304,False,-5.0,0.0,7.577918123108183e-19,0.007500239686372325,0.7500000000000001,1.809762563682225,0.0
88003,product_to_joint_diagP,1.0,36,0.06779871012754264,0.0,11.158957255116814,-5.756562908265304,False,-5.0,0.0,7.586088858102618e-19,0.007500239686372325,1.0,1.809762563682225,0.0
88003,gaussian_to_joint,0.0,36,0.06779871012754264,0.0,11.158957255116814,-5.756562908265304,False,-5.0,0.0,7.586088858102618e-19,0.007500239686372325,0.0,1.809762563682225,0.0
88003,gaussian_to_joint,0.25,36,0.06779871012754264,0.0,11.158957255116814,-5.756562908265304,False,-5.0,0.0,9.820634564853365e-19,0.007500239686372325,0.25,1.809762563682225,0.0
88003,gaussian_to_joint,0.5,36,0.06779871012754264,0.0,11.158957255116814,-5.756562908265304,False,-5.0,0.0,8.6702928844743545e-19,0.007500239686372325,0.49999999999999994,1.809762563682225,0.0
88003,gaussian_to_joint,0.75,36,0.06779871012754264,0.0,11.158957255116814,-5.756562908265304,False,-5.0,0.0,9.820634564853365e-19,0.007500239686372325,0.7500000000000001,1.809762563682225,0.0
88003,gaussian_to_joint,1.0,36,0.06779871012754264,0.0,11.158957255116814,-5.756562908265304,False,-5.0,0.0,7.586088858102618e-19,0.007500239686372325,1.0,1.809762563682225,0.0
88003,product_to_joint,0.0,40,0.06279871012754264,0.0,12.849012371546142,-5.806901403345935,False,-5.0,0.0,1.0150388444745493e-18,0.009976728449960072,0.0,1.121657815441739,0.0
88003,product_to_joint,0.25,40,0.06279871012754264,0.0,12.849012371546143,-5.806901403345935,False,-5.0,0.0,1.2825214861955447e-18,0.009976728449960073,0.25,1.121657815441739,0.0
88003,product_to_joint,0.5,40,0.06279871012754264,0.0,12.849012371546143,-5.806901403345935,False,-5.0,0.0,6.841981836774803e-19,0.009976728449960073,0.5,1.121657815441739,0.0
88003,product_to_joint,0.75,40,0.06279871012754264,0.0,12.849012371546143,-5.806901403345935,False,-5.0,0.0,6.929332111180125e-19,0.009976728449960073,0.75,1.121657815441739,0.0
88003,product_to_joint,1.0,40,0.06279871012754264,0.0,12.849012371546143,-5.806901403345935,False,-5.0,0.0,1.0795243422007956e-18,0.009976728449960073,1.0,1.121657815441739,0.0
88003,product_to_joint_diagP,0.0,40,0.06279871012754264,0.0,12.849012371546142,-5.806901403345935,False,-5.0,0.0,1.0150388444745493e-18,0.009976728449960072,0.0,1.121657815441739,0.0
88003,product_to_joint_diagP,0.25,40,0.06279871012754264,0.0,12.849012371546143,-5.806901403345935,False,-5.0,0.0,1.2825214861955447e-18,0.009976728449960073,0.25,1.121657815441739,0.0
88003,product_to_joint_diagP,0.5,40,0.06279871012754264,0.0,12.849012371546143,-5.806901403345935,False,-5.0,0.0,6.841981836774803e-19,0.009976728449960073,0.5,1.121657815441739,0.0
88003,product_to_joint_diagP,0.75,40,0.06279871012754264,0.0,12.849012371546143,-5.806901403345935,False,-5.0,0.0,6.929332111180125e-19,0.009976728449960073,0.75,1.121657815441739,0.0
88003,product_to_joint_diagP,1.0,40,0.06279871012754264,0.0,12.849012371546143,-5.806901403345935,False,-5.0,0.0,1.0795243422007956e-18,0.009976728449960073,1.0,1.121657815441739,0.0
88003,gaussian_to_joint,0.0,40,0.06279871012754264,0.0,12.849012371546143,-5.806901403345935,False,-5.0,0.0,1.0795243422007956e-18,0.009976728449960073,0.0,1.121657815441739,0.0
88003,gaussian_to_joint,0.25,40,0.06279871012754264,0.0,12.849012371546143,-5.806901403345935,False,-5.0,0.0,7.407111632990757e-19,0.009976728449960073,0.25,1.121657815441739,0.0
88003,gaussian_to_joint,0.5,40,0.06279871012754264,0.0,12.849012371546143,-5.806901403345935,False,-5.0,0.0,8.084737990794194e-19,0.009976728449960073,0.5,1.121657815441739,0.0
88003,gaussian_to_joint,0.75,40,0.06279871012754264,0.0,12.849012371546143,-5.806901403345935,False,-5.0,0.0,7.407111632990757e-19,0.009976728449960073,0.75,1.121657815441739,0.0
88003,gaussian_to_joint,1.0,40,0.06279871012754264,0.0,12.849012371546143,-5.806901403345935,False,-5.0,0.0,1.0795243422007956e-18,0.009976728449960073,1.0,1.121657815441739,0.0
88003,product_to_joint,0.0,44,0.05779871012754263,0.0,11.158957255116814,-5.644973335714136,False,-5.0,0.0,1.7605518457110832e-19,0.007500239686372324,0.0,1.809762563682225,0.0
88003,product_to_joint,0.25,44,0.05779871012754263,0.0,11.158957255116814,-5.644973335714136,False,-5.0,0.0,-4.8673244227975573e-20,0.007500239686372325,0.25,1.809762563682225,0.0
88003,product_to_joint,0.5,44,0.05779871012754263,0.0,11.158957255116814,-5.644973335714136,False,-5.0,0.0,7.106851321270845e-19,0.007500239686372324,0.49999999999999994,1.809762563682225,0.0
88003,product_to_joint,0.75,44,0.05779871012754263,0.0,11.158957255116814,-5.644973335714136,False,-5.0,0.0,7.577918123108183e-19,0.007500239686372325,0.7500000000000001,1.809762563682225,0.0
88003,product_to_joint,1.0,44,0.05779871012754263,0.0,11.158957255116814,-5.644973335714136,False,-5.0,0.0,7.586088858102618e-19,0.007500239686372325,1.0,1.809762563682225,0.0
88003,product_to_joint_diagP,0.0,44,0.05779871012754263,0.0,11.158957255116814,-5.644973335714136,False,-5.0,0.0,1.7605518457110832e-19,0.007500239686372324,0.0,1.809762563682225,0.0
88003,product_to_joint_diagP,0.25,44,0.05779871012754263,0.0,11.158957255116814,-5.644973335714136,False,-5.0,0.0,-4.8673244227975573e-20,0.007500239686372325,0.25,1.809762563682225,0.0
88003,product_to_joint_diagP,0.5,44,0.05779871012754263,0.0,11.158957255116814,-5.644973335714136,False,-5.0,0.0,7.106851321270845e-19,0.007500239686372324,0.49999999999999994,1.809762563682225,0.0
88003,product_to_joint_diagP,0.75,44,0.05779871012754263,0.0,11.158957255116814,-5.644973335714136,False,-5.0,0.0,7.577918123108183e-19,0.007500239686372325,0.7500000000000001,1.809762563682225,0.0
88003,product_to_joint_diagP,1.0,44,0.05779871012754263,0.0,11.158957255116814,-5.644973335714136,False,-5.0,0.0,7.586088858102618e-19,0.007500239686372325,1.0,1.809762563682225,0.0
88003,gaussian_to_joint,0.0,44,0.05779871012754263,0.0,11.158957255116814,-5.644973335714136,False,-5.0,0.0,7.586088858102618e-19,0.007500239686372325,0.0,1.809762563682225,0.0
88003,gaussian_to_joint,0.25,44,0.05779871012754263,0.0,11.158957255116814,-5.644973335714136,False,-5.0,0.0,9.820634564853365e-19,0.007500239686372325,0.25,1.809762563682225,0.0
88003,gaussian_to_joint,0.5,44,0.05779871012754263,0.0,11.158957255116814,-5.644973335714136,False,-5.0,0.0,8.6702928844743545e-19,0.007500239686372325,0.49999999999999994,1.809762563682225,0.0
88003,gaussian_to_joint,0.75,44,0.05779871012754263,0.0,11.158957255116814,-5.644973335714136,False,-5.0,0.0,9.820634564853365e-19,0.007500239686372325,0.7500000000000001,1.809762563682225,0.0
88003,gaussian_to_joint,1.0,44,0.05779871012754263,0.0,11.158957255116814,-5.644973335714136,False,-5.0,0.0,7.586088858102618e-19,0.007500239686372325,1.0,1.809762563682225,0.0
88003,product_to_joint,0.0,48,0.05279871012754263,0.0,11.158957255116814,-5.589178549438551,False,-5.0,0.0,1.7605518457110832e-19,0.007500239686372324,0.0,1.809762563682225,0.0
88003,product_to_joint,0.25,48,0.05279871012754263,0.0,11.158957255116814,-5.589178549438551,False,-5.0,0.0,-4.8673244227975573e-20,0.007500239686372325,0.25,1.809762563682225,0.0
88003,product_to_joint,0.5,48,0.05279871012754263,0.0,11.158957255116814,-5.589178549438551,False,-5.0,0.0,7.106851321270845e-19,0.007500239686372324,0.49999999999999994,1.809762563682225,0.0
88003,product_to_joint,0.75,48,0.05279871012754263,0.0,11.158957255116814,-5.589178549438551,False,-5.0,0.0,7.577918123108183e-19,0.007500239686372325,0.7500000000000001,1.809762563682225,0.0
88003,product_to_joint,1.0,48,0.05279871012754263,0.0,11.158957255116814,-5.589178549438551,False,-5.0,0.0,7.586088858102618e-19,0.007500239686372325,1.0,1.809762563682225,0.0
88003,product_to_joint_diagP,0.0,48,0.05279871012754263,0.0,11.158957255116814,-5.589178549438551,False,-5.0,0.0,1.7605518457110832e-19,0.007500239686372324,0.0,1.809762563682225,0.0
88003,product_to_joint_diagP,0.25,48,0.05279871012754263,0.0,11.158957255116814,-5.589178549438551,False,-5.0,0.0,-4.8673244227975573e-20,0.007500239686372325,0.25,1.809762563682225,0.0
88003,product_to_joint_diagP,0.5,48,0.05279871012754263,0.0,11.158957255116814,-5.589178549438551,False,-5.0,0.0,7.106851321270845e-19,0.007500239686372324,0.49999999999999994,1.809762563682225,0.0
88003,product_to_joint_diagP,0.75,48,0.05279871012754263,0.0,11.158957255116814,-5.589178549438551,False,-5.0,0.0,7.577918123108183e-19,0.007500239686372325,0.7500000000000001,1.809762563682225,0.0
88003,product_to_joint_diagP,1.0,48,0.05279871012754263,0.0,11.158957255116814,-5.589178549438551,False,-5.0,0.0,7.586088858102618e-19,0.007500239686372325,1.0,1.809762563682225,0.0
88003,gaussian_to_joint,0.0,48,0.05279871012754263,0.0,11.158957255116814,-5.589178549438551,False,-5.0,0.0,7.586088858102618e-19,0.007500239686372325,0.0,1.809762563682225,0.0
88003,gaussian_to_joint,0.25,48,0.05279871012754263,0.0,11.158957255116814,-5.589178549438551,False,-5.0,0.0,9.820634564853365e-19,0.007500239686372325,0.25,1.809762563682225,0.0
88003,gaussian_to_joint,0.5,48,0.05279871012754263,0.0,11.158957255116814,-5.589178549438551,False,-5.0,0.0,8.6702928844743545e-19,0.007500239686372325,0.49999999999999994,1.809762563682225,0.0
88003,gaussian_to_joint,0.75,48,0.05279871012754263,0.0,11.158957255116814,-5.589178549438551,False,-5.0,0.0,9.820634564853365e-19,0.007500239686372325,0.7500000000000001,1.809762563682225,0.0
88003,gaussian_to_joint,1.0,48,0.05279871012754263,0.0,11.158957255116814,-5.589178549438551,False,-5.0,0.0,7.586088858102618e-19,0.007500239686372325,1.0,1.809762563682225,0.0
88003,product_to_joint,0.0,52,0.047798710127542623,0.0,12.890462726661413,-5.616147491281581,False,-5.0,0.0,-1.2488856386635861e-20,0.010041847491909619,0.0,1.1151861303294424,0.0
88003,product_to_joint,0.25,52,0.047798710127542623,0.0,12.890462726661411,-5.616147491281581,False,-5.0,0.0,-6.329934297457138e-19,0.010041847491909617,0.25,1.1151861303294424,0.0
88003,product_to_joint,0.5,52,0.047798710127542623,0.0,12.890462726661411,-5.616147491281581,False,-5.0,0.0,6.411556638439304e-19,0.010041847491909617,0.5,1.1151861303294424,0.0
88003,product_to_joint,0.75,52,0.047798710127542623,0.0,12.890462726661413,-5.616147491281581,False,-5.0,0.0,4.738396538401912e-19,0.010041847491909619,0.75,1.1151861303294424,0.0
88003,product_to_joint,1.0,52,0.047798710127542623,0.0,12.890462726661411,-5.616147491281581,False,-5.0,0.0,6.110355103519841e-19,0.010041847491909617,1.0,1.1151861303294424,0.0
88003,product_to_joint_diagP,0.0,52,0.047798710127542623,0.0,12.890462726661413,-5.616147491281581,False,-5.0,0.0,-1.2488856386635861e-20,0.010041847491909619,0.0,1.1151861303294424,0.0
88003,product_to_joint_diagP,0.25,52,0.047798710127542623,0.0,12.890462726661411,-5.616147491281581,False,-5.0,0.0,-6.329934297457138e-19,0.010041847491909617,0.25,1.1151861303294424,0.0
88003,product_to_joint_diagP,0.5,52,0.047798710127542623,0.0,12.890462726661411,-5.616147491281581,False,-5.0,0.0,6.411556638439304e-19,0.010041847491909617,0.5,1.1151861303294424,0.0
88003,product_to_joint_diagP,0.75,52,0.047798710127542623,0.0,12.890462726661413,-5.616147491281581,False,-5.0,0.0,4.738396538401912e-19,0.010041847491909619,0.75,1.1151861303294424,0.0
88003,product_to_joint_diagP,1.0,52,0.047798710127542623,0.0,12.890462726661411,-5.616147491281581,False,-5.0,0.0,6.110355103519841e-19,0.010041847491909617,1.0,1.1151861303294424,0.0
88003,gaussian_to_joint,0.0,52,0.047798710127542623,0.0,12.890462726661411,-5.616147491281581,False,-5.0,0.0,6.110355103519841e-19,0.010041847491909617,0.0,1.1151861303294424,0.0
88003,gaussian_to_joint,0.25,52,0.047798710127542623,0.0,12.890462726661413,-5.616147491281581,False,-5.0,0.0,6.855744097103625e-19,0.01004184749190962,0.25,1.1151861303294424,0.0
88003,gaussian_to_joint,0.5,52,0.047798710127542623,0.0,12.890462726661411,-5.616147491281581,False,-5.0,0.0,6.584698885415723e-19,0.010041847491909617,0.5,1.1151861303294424,0.0
88003,gaussian_to_joint,0.75,52,0.047798710127542623,0.0,12.890462726661413,-5.616147491281581,False,-5.0,0.0,6.855744097103625e-19,0.01004184749190962,0.75,1.1151861303294424,0.0
88003,gaussian_to_joint,1.0,52,0.047798710127542623,0.0,12.890462726661411,-5.616147491281581,False,-5.0,0.0,6.110355103519841e-19,0.010041847491909617,1.0,1.1151861303294424,0.0
88003,product_to_joint,0.0,56,0.04279871012754262,0.0,11.158957255116814,-5.477588976887383,False,-3.0,0.0,1.7605518457110832e-19,0.007500239686372324,0.0,1.809762563682225,0.0
88003,product_to_joint,0.25,56,0.04279871012754262,0.0,11.158957255116814,-5.477588976887383,False,-3.0,0.0,-4.8673244227975573e-20,0.007500239686372325,0.25,1.809762563682225,0.0
88003,product_to_joint,0.5,56,0.04279871012754262,0.0,11.158957255116814,-5.477588976887383,False,-3.0,0.0,7.106851321270845e-19,0.007500239686372324,0.49999999999999994,1.809762563682225,0.0
88003,product_to_joint,0.75,56,0.04279871012754262,0.0,11.158957255116814,-5.477588976887383,False,-3.0,0.0,7.577918123108183e-19,0.007500239686372325,0.7500000000000001,1.809762563682225,0.0
88003,product_to_joint,1.0,56,0.04279871012754262,0.0,11.158957255116814,-5.477588976887383,False,-3.0,0.0,7.586088858102618e-19,0.007500239686372325,1.0,1.809762563682225,0.0
88003,product_to_joint_diagP,0.0,56,0.04279871012754262,0.0,11.158957255116814,-5.477588976887383,False,-3.0,0.0,1.7605518457110832e-19,0.007500239686372324,0.0,1.809762563682225,0.0
88003,product_to_joint_diagP,0.25,56,0.04279871012754262,0.0,11.158957255116814,-5.477588976887383,False,-3.0,0.0,-4.8673244227975573e-20,0.007500239686372325,0.25,1.809762563682225,0.0
88003,product_to_joint_diagP,0.5,56,0.04279871012754262,0.0,11.158957255116814,-5.477588976887383,False,-3.0,0.0,7.106851321270845e-19,0.007500239686372324,0.49999999999999994,1.809762563682225,0.0
88003,product_to_joint_diagP,0.75,56,0.04279871012754262,0.0,11.158957255116814,-5.477588976887383,False,-3.0,0.0,7.577918123108183e-19,0.007500239686372325,0.7500000000000001,1.809762563682225,0.0
88003,product_to_joint_diagP,1.0,56,0.04279871012754262,0.0,11.158957255116814,-5.477588976887383,False,-3.0,0.0,7.586088858102618e-19,0.007500239686372325,1.0,1.809762563682225,0.0
88003,gaussian_to_joint,0.0,56,0.04279871012754262,0.0,11.158957255116814,-5.477588976887383,False,-3.0,0.0,7.586088858102618e-19,0.007500239686372325,0.0,1.809762563682225,0.0
88003,gaussian_to_joint,0.25,56,0.04279871012754262,0.0,11.158957255116814,-5.477588976887383,False,-3.0,0.0,9.820634564853365e-19,0.007500239686372325,0.25,1.809762563682225,0.0
88003,gaussian_to_joint,0.5,56,0.04279871012754262,0.0,11.158957255116814,-5.477588976887383,False,-3.0,0.0,8.6702928844743545e-19,0.007500239686372325,0.49999999999999994,1.809762563682225,0.0
88003,gaussian_to_joint,0.75,56,0.04279871012754262,0.0,11.158957255116814,-5.477588976887383,False,-3.0,0.0,9.820634564853365e-19,0.007500239686372325,0.7500000000000001,1.809762563682225,0.0
88003,gaussian_to_joint,1.0,56,0.04279871012754262,0.0,11.158957255116814,-5.477588976887383,False,-3.0,0.0,7.586088858102618e-19,0.007500239686372325,1.0,1.809762563682225,0.0
88003,product_to_joint,0.0,60,0.037798710127542615,-0.25497448446031695,10.764017293324773,-5.661840453938556,False,12.0,15.0,-0.001991988159846226,0.006971781511901537,0.0,1.9200953546972186,0.05066224775815398
88003,product_to_joint,0.25,60,0.037798710127542615,-0.27868820531118493,10.864444163691843,-5.689350180951445,False,12.0,15.0,-0.0021772516039936323,0.007104354674437119,0.2596189434846828,1.933003566329186,0.05066224775815398
88003,product_to_joint,0.5,60,0.037798710127542615,-0.3018013594104403,10.96139288298132,-5.71612787158836,False,12.0,15.0,-0.0023578231203940647,0.0072335042684981395,0.5126628536152044,1.9457472771894002,0.05066224775815398
88003,product_to_joint,0.75,60,0.037798710127542615,-0.3243364761384237,11.055051941607342,-5.742203179924167,False,12.0,15.0,-0.002533878719831435,0.007359361171364517,0.7593783831188222,1.958330627330842,0.05066224775815398
88003,product_to_joint,1.0,60,0.037798710127542615,-0.3463149719169549,11.14559562715531,-5.767604110226605,False,12.0,15.0,-0.00270558571810121,0.007482049675540989,1.0,1.9707576024553726,0.05066224775815398
88003,product_to_joint_diagP,0.0,60,0.037798710127542615,-0.25497448446031695,10.764017293324773,-5.661840453938556,False,12.0,15.0,-0.001991988159846226,0.006971781511901537,0.0,1.9200953546972186,0.04947192845703574
88003,product_to_joint_diagP,0.25,60,0.037798710127542615,-0.2785954140418694,10.861274668651072,-5.689137586857832,False,12.0,15.0,-0.0021765266722021046,0.007100151820549404,0.259390209416605,1.9326946730360985,0.04947192845703574
88003,product_to_joint_diagP,0.5,60,0.037798710127542615,-0.30163217629380645,10.955246103010369,-5.715726348117387,False,12.0,15.0,-0.002356501377295363,0.007225281810151603,0.5123654602076302,1.9451372216954534,0.04947192845703574
88003,product_to_joint_diagP,0.75,60,0.037798710127542615,-0.3241061770171548,11.046105278029705,-5.741634708459718,False,12.0,15.0,-0.0025320795079465217,0.0073472925911447565,0.7591608174322944,1.957426854057561,0.04947192845703574
88003,product_to_joint_diagP,1.0,60,0.037798710127542615,-0.346037788795044,11.134013111915133,-5.766889122968583,False,12.0,15.0,-0.002703420224961281,0.0074662993149596,1.0,1.9695672831542543,0.04947192845703574
88003,gaussian_to_joint,0.0,60,0.037798710127542615,-0.1676873480496006,11.06656790816754,-5.585989340517191,False,12.0,15.0,-0.0013100574066375046,0.007374909989384991,0.0,1.9505626388671775,0.02019496358819506
88003,gaussian_to_joint,0.25,60,0.037798710127542615,-0.21302404645125003,11.086951462082851,-5.632096510964654,False,12.0,15.0,-0.0016642503629003909,0.0074024714796497235,0.25380564002416894,1.9556497429667932,0.02019496358819506
88003,gaussian_to_joint,0.5,60,0.037798710127542615,-0.2579029739240566,11.106910095041659,-5.677729849019213,False,12.0,15.0,-0.002014866983781692,0.007429507559774066,0.5050485693156224,1.9607110993642838,0.02019496358819506
88003,gaussian_to_joint,0.75,60,0.037798710127542615,-0.3023310289055726,11.126454651310198,-5.7228966630176945,False,12.0,15.0,-0.002361961163324786,0.007456029852762594,0.7537674069714811,1.9657469673848147,0.02019496358819506
88003,gaussian_to_joint,1.0,60,0.037798710127542615,-0.3463149719169549,11.14559562715531,-5.767604110226605,False,12.0,15.0,-0.00270558571810121,0.007482049675540989,1.0,1.9707576024553726,0.02019496358819506
88003,product_to_joint,0.0,64,0.03279871012754261,0.0,11.158957255116814,-5.365999404336215,False,-5.0,0.0,1.7605518457110832e-19,0.007500239686372324,0.0,1.809762563682225,0.0
88003,product_to_joint,0.25,64,0.03279871012754261,0.0,11.158957255116814,-5.365999404336215,False,-5.0,0.0,-4.8673244227975573e-20,0.007500239686372325,0.25,1.809762563682225,0.0
88003,product_to_joint,0.5,64,0.03279871012754261,0.0,11.158957255116814,-5.365999404336215,False,-5.0,0.0,7.106851321270845e-19,0.007500239686372324,0.49999999999999994,1.809762563682225,0.0
88003,product_to_joint,0.75,64,0.03279871012754261,0.0,11.158957255116814,-5.365999404336215,False,-5.0,0.0,7.577918123108183e-19,0.007500239686372325,0.7500000000000001,1.809762563682225,0.0
88003,product_to_joint,1.0,64,0.03279871012754261,0.0,11.158957255116814,-5.365999404336215,False,-5.0,0.0,7.586088858102618e-19,0.007500239686372325,1.0,1.809762563682225,0.0
88003,product_to_joint_diagP,0.0,64,0.03279871012754261,0.0,11.158957255116814,-5.365999404336215,False,-5.0,0.0,1.7605518457110832e-19,0.007500239686372324,0.0,1.809762563682225,0.0
88003,product_to_joint_diagP,0.25,64,0.03279871012754261,0.0,11.158957255116814,-5.365999404336215,False,-5.0,0.0,-4.8673244227975573e-20,0.007500239686372325,0.25,1.809762563682225,0.0
88003,product_to_joint_diagP,0.5,64,0.03279871012754261,0.0,11.158957255116814,-5.365999404336215,False,-5.0,0.0,7.106851321270845e-19,0.007500239686372324,0.49999999999999994,1.809762563682225,0.0
88003,product_to_joint_diagP,0.75,64,0.03279871012754261,0.0,11.158957255116814,-5.365999404336215,False,-5.0,0.0,7.577918123108183e-19,0.007500239686372325,0.7500000000000001,1.809762563682225,0.0
88003,product_to_joint_diagP,1.0,64,0.03279871012754261,0.0,11.158957255116814,-5.365999404336215,False,-5.0,0.0,7.586088858102618e-19,0.007500239686372325,1.0,1.809762563682225,0.0
88003,gaussian_to_joint,0.0,64,0.03279871012754261,0.0,11.158957255116814,-5.365999404336215,False,-5.0,0.0,7.586088858102618e-19,0.007500239686372325,0.0,1.809762563682225,0.0
88003,gaussian_to_joint,0.25,64,0.03279871012754261,0.0,11.158957255116814,-5.365999404336215,False,-5.0,0.0,9.820634564853365e-19,0.007500239686372325,0.25,1.809762563682225,0.0
88003,gaussian_to_joint,0.5,64,0.03279871012754261,0.0,11.158957255116814,-5.365999404336215,False,-5.0,0.0,8.6702928844743545e-19,0.007500239686372325,0.49999999999999994,1.809762563682225,0.0
88003,gaussian_to_joint,0.75,64,0.03279871012754261,0.0,11.158957255116814,-5.365999404336215,False,-5.0,0.0,9.820634564853365e-19,0.007500239686372325,0.7500000000000001,1.809762563682225,0.0
88003,gaussian_to_joint,1.0,64,0.03279871012754261,0.0,11.158957255116814,-5.365999404336215,False,-5.0,0.0,7.586088858102618e-19,0.007500239686372325,1.0,1.809762563682225,0.0
88003,product_to_joint,0.0,68,0.02779871012754261,-0.09314064226806944,11.573235012777404,-5.4148616476261955,False,3.0,8.0,-0.0007276612677192925,0.008075034708311574,0.0,1.700469830669261,0.5162116402977999
88003,product_to_joint,0.25,68,0.02779871012754261,0.5427058404778133,13.460634915664022,-4.83148244767541,False,3.0,8.0,0.004239889378732917,0.010958880147265222,0.3583803917768533,1.8565474196692504,0.5162116402977999
88003,product_to_joint,0.5,68,0.02779871012754261,1.017986467875386,14.696192680728796,-4.3905487324347074,False,3.0,8.0,0.007953019280276453,0.013082255817206217,0.6262614952707681,1.9915215614368567,0.5162116402977999
88003,product_to_joint,0.75,68,0.02779871012754261,1.3867027797202565,15.577420258292896,-4.046329410574938,False,3.0,8.0,0.010833615466564504,0.014710548211881953,0.8340800487726074,2.1104252980028875,0.5162116402977999
88003,product_to_joint,1.0,68,0.02779871012754261,1.681081657097553,16.240695314155893,-3.770388724210406,False,3.0,8.0,0.013133450446074633,0.015998644060500805,1.0,2.216681470967061,0.5162116402977999
88003,product_to_joint_diagP,0.0,68,0.02779871012754261,-0.09314064226806944,11.573235012777404,-5.4148616476261955,False,3.0,8.0,-0.0007276612677192925,0.008075034708311574,0.0,1.700469830669261,0.4833469440379421
88003,product_to_joint_diagP,0.25,68,0.02779871012754261,0.5193126268797787,13.335070315006165,-4.851385127337476,False,3.0,8.0,0.0040571298974982715,0.010753521747202066,0.35085903927409284,1.844893147275167,0.4833469440379421
88003,product_to_joint_diagP,0.5,68,0.02779871012754261,0.9865680536700273,14.518953806294135,-4.417040134546324,False,3.0,8.0,0.007707562919297088,0.012766212135577572,0.6185378947847112,1.971066414322117,0.4833469440379421
88003,product_to_joint_diagP,0.75,68,0.02779871012754261,1.3547879897957267,15.37787386334489,-4.072697068109312,False,3.0,8.0,0.010584281170279115,0.014333532992977656,0.8294818141638778,2.083088795700462,0.4833469440379421
88003,product_to_joint_diagP,1.0,68,0.02779871012754261,1.6524414878517026,16.032423883862574,-3.793239216337684,False,3.0,8.0,0.012909699123841427,0.015588392064932077,1.0,2.183816774707203,0.4833469440379421
88003,gaussian_to_joint,0.0,68,0.02779871012754261,0.595746578083348,15.34815127432149,-4.830912230185189,False,3.0,8.0,0.004654270141276156,0.014277792208218773,0.0,2.1722528130209207,0.04442865794614015
88003,gaussian_to_joint,0.25,68,0.02779871012754261,0.87622162431392,15.590945083926316,-4.557186538688583,False,3.0,8.0,0.0068454814399525,0.014736277380981821,0.25842253848951807,2.1835463974679388,0.04442865794614015
88003,gaussian_to_joint,0.5,68,0.02779871012754261,1.1504671302754734,15.81993733998341,-4.289306722074613,False,3.0,8.0,0.008988024455277136,0.015175294033264244,0.5111053378058787,2.194713859909275,0.04442865794614015
88003,gaussian_to_joint,0.75,68,0.02779871012754261,1.4186883598900009,16.036201602176202,-4.02709735999573,False,3.0,8.0,0.011083502811640632,0.015595786244240639,0.7582375228801412,2.2057579862172414,0.04442865794614015
88003,gaussian_to_joint,1.0,68,0.02779871012754261,1.681081657097553,16.240695314155893,-3.770388724210406,False,3.0,8.0,0.013133450446074633,0.015998644060500805,1.0,2.216681470967061,0.04442865794614015
88003,product_to_joint,0.0,72,0.017798710127542607,0.0,11.158957255116814,-5.198615045509463,False,-5.0,0.0,1.7605518457110832e-19,0.007500239686372324,0.0,1.809762563682225,0.0
88003,product_to_joint,0.25,72,0.017798710127542607,0.0,11.158957255116814,-5.198615045509463,False,-5.0,0.0,-4.8673244227975573e-20,0.007500239686372325,0.25,1.809762563682225,0.0
88003,product_to_joint,0.5,72,0.017798710127542607,0.0,11.158957255116814,-5.198615045509463,False,-5.0,0.0,7.106851321270845e-19,0.007500239686372324,0.49999999999999994,1.809762563682225,0.0
88003,product_to_joint,0.75,72,0.017798710127542607,0.0,11.158957255116814,-5.198615045509463,False,-5.0,0.0,7.577918123108183e-19,0.007500239686372325,0.7500000000000001,1.809762563682225,0.0
88003,product_to_joint,1.0,72,0.017798710127542607,0.0,11.158957255116814,-5.198615045509463,False,-5.0,0.0,7.586088858102618e-19,0.007500239686372325,1.0,1.809762563682225,0.0
88003,product_to_joint_diagP,0.0,72,0.017798710127542607,0.0,11.158957255116814,-5.198615045509463,False,-5.0,0.0,1.7605518457110832e-19,0.007500239686372324,0.0,1.809762563682225,0.0
88003,product_to_joint_diagP,0.25,72,0.017798710127542607,0.0,11.158957255116814,-5.198615045509463,False,-5.0,0.0,-4.8673244227975573e-20,0.007500239686372325,0.25,1.809762563682225,0.0
88003,product_to_joint_diagP,0.5,72,0.017798710127542607,0.0,11.158957255116814,-5.198615045509463,False,-5.0,0.0,7.106851321270845e-19,0.007500239686372324,0.49999999999999994,1.809762563682225,0.0
88003,product_to_joint_diagP,0.75,72,0.017798710127542607,0.0,11.158957255116814,-5.198615045509463,False,-5.0,0.0,7.577918123108183e-19,0.007500239686372325,0.7500000000000001,1.809762563682225,0.0
88003,product_to_joint_diagP,1.0,72,0.017798710127542607,0.0,11.158957255116814,-5.198615045509463,False,-5.0,0.0,7.586088858102618e-19,0.007500239686372325,1.0,1.809762563682225,0.0
88003,gaussian_to_joint,0.0,72,0.017798710127542607,0.0,11.158957255116814,-5.198615045509463,False,-5.0,0.0,7.586088858102618e-19,0.007500239686372325,0.0,1.809762563682225,0.0
88003,gaussian_to_joint,0.25,72,0.017798710127542607,0.0,11.158957255116814,-5.198615045509463,False,-5.0,0.0,9.820634564853365e-19,0.007500239686372325,0.25,1.809762563682225,0.0
88003,gaussian_to_joint,0.5,72,0.017798710127542607,0.0,11.158957255116814,-5.198615045509463,False,-5.0,0.0,8.6702928844743545e-19,0.007500239686372325,0.49999999999999994,1.809762563682225,0.0
88003,gaussian_to_joint,0.75,72,0.017798710127542607,0.0,11.158957255116814,-5.198615045509463,False,-5.0,0.0,9.820634564853365e-19,0.007500239686372325,0.7500000000000001,1.809762563682225,0.0
88003,gaussian_to_joint,1.0,72,0.017798710127542607,0.0,11.158957255116814,-5.198615045509463,False,-5.0,0.0,7.586088858102618e-19,0.007500239686372325,1.0,1.809762563682225,0.0
88003,product_to_joint,0.0,76,0.012798710127542606,12.173838751238922,11.380971678954568,7.028176993750209,True,9.0,14.0,0.09510811524405408,0.007805671164377806,0.0,1.3619160943224196,0.5761976638049022
88003,product_to_joint,0.25,76,0.012798710127542606,13.043817976312512,14.391614472513504,7.859623874411465,True,9.0,14.0,0.1019048279399415,0.012541514106778576,0.3722877872027068,1.539907499294646,0.5761976638049022
88003,product_to_joint,0.5,76,0.012798710127542606,13.669868910958595,16.186984095114855,8.462696393686077,True,9.0,14.0,0.10679585086686402,0.015892337286102377,0.6401920203363902,1.6909536934207186,0.5761976638049022
88003,product_to_joint,0.75,76,0.012798710127542606,14.141967978206718,17.404008220813175,8.919219121931162,True,9.0,14.0,0.11048412482973999,0.01838751844178055,0.8422160595557158,1.822150380534456,0.5761976638049022
88003,product_to_joint,1.0,76,0.012798710127542606,14.510684747747254,18.28983921217986,9.2765983973912,True,9.0,14.0,0.11336472459177542,0.0203173717289668,1.0,1.9381137581273218,0.5761976638049022
88003,product_to_joint_diagP,0.0,76,0.012798710127542606,12.173838751238922,11.380971678954568,7.028176993750209,True,9.0,14.0,0.09510811524405408,0.007805671164377806,0.0,1.3619160943224196,0.5515884316519823
88003,product_to_joint_diagP,0.25,76,0.012798710127542606,13.018568370252147,14.287869651391217,7.835702068243878,True,9.0,14.0,0.1017075653925949,0.012359913279733042,0.36655517215620353,1.5308163958963847,0.5515884316519823
88003,product_to_joint_diagP,0.5,76,0.012798710127542606,13.636058895130043,16.055669367594508,8.430567036990535,True,9.0,14.0,0.10653171011820346,0.01563391838632279,0.6345040407135134,1.6752689689196183,0.5515884316519823
88003,product_to_joint_diagP,0.75,76,0.012798710127542606,14.107133069395115,17.26829058284542,8.886121223827102,True,9.0,14.0,0.11021197710464933,0.0181003088167473,0.8389181765026509,1.8014645558200644,0.5515884316519823
88003,product_to_joint_diagP,1.0,76,0.012798710127542606,14.478347548766552,18.158315981868906,9.245944526110287,True,9.0,14.0,0.11311209022473868,0.020024782671960187,1.0,1.913504525974402,0.5515884316519823
88003,gaussian_to_joint,0.0,76,0.012798710127542606,15.706510223405285,19.27538739220125,10.459810127576413,True,9.0,14.0,0.12270711112035379,0.02257703607906683,0.0,1.8994365806211593,0.03867717750616251
88003,gaussian_to_joint,0.25,76,0.012798710127542606,15.398798193473057,19.033843146183163,10.155189552431946,True,9.0,14.0,0.12030311088650826,0.022012254938568347,0.2573218552338491,1.9092470196412301,0.03867717750616251
88003,gaussian_to_joint,0.5,76,0.012798710127542606,15.097036138234696,18.789061164653386,9.856560390819629,True,9.0,14.0,0.11794559482995856,0.021447169155828005,0.50966808917932,1.9189621482277337,0.03867717750616251
88003,gaussian_to_joint,0.75,76,0.012798710127542606,14.801053135523105,18.54105818964549,9.563751506295933,True,9.0,14.0,0.11563322762127426,0.020882106859852305,0.7571816342045472,1.928583800497083,0.03867717750616251
88003,gaussian_to_joint,1.0,76,0.012798710127542606,14.510684747747254,18.28983921217986,9.2765983973912,True,9.0,14.0,0.11336472459177542,0.0203173717289668,1.0,1.9381137581273218,0.03867717750616251
88003,product_to_joint,0.0,80,0.012798710127542606,0.0,11.158957255116814,-5.142820259233878,False,-5.0,0.0,1.7605518457110832e-19,0.007500239686372324,0.0,1.809762563682225,0.0
88003,product_to_joint,0.25,80,0.012798710127542606,0.0,11.158957255116814,-5.142820259233878,False,-5.0,0.0,-4.8673244227975573e-20,0.007500239686372325,0.25,1.809762563682225,0.0
88003,product_to_joint,0.5,80,0.012798710127542606,0.0,11.158957255116814,-5.142820259233878,False,-5.0,0.0,7.106851321270845e-19,0.007500239686372324,0.49999999999999994,1.809762563682225,0.0
88003,product_to_joint,0.75,80,0.012798710127542606,0.0,11.158957255116814,-5.142820259233878,False,-5.0,0.0,7.577918123108183e-19,0.007500239686372325,0.7500000000000001,1.809762563682225,0.0
88003,product_to_joint,1.0,80,0.012798710127542606,0.0,11.158957255116814,-5.142820259233878,False,-5.0,0.0,7.586088858102618e-19,0.007500239686372325,1.0,1.809762563682225,0.0
88003,product_to_joint_diagP,0.0,80,0.012798710127542606,0.0,11.158957255116814,-5.142820259233878,False,-5.0,0.0,1.7605518457110832e-19,0.007500239686372324,0.0,1.809762563682225,0.0
88003,product_to_joint_diagP,0.25,80,0.012798710127542606,0.0,11.158957255116814,-5.142820259233878,False,-5.0,0.0,-4.8673244227975573e-20,0.007500239686372325,0.25,1.809762563682225,0.0
88003,product_to_joint_diagP,0.5,80,0.012798710127542606,0.0,11.158957255116814,-5.142820259233878,False,-5.0,0.0,7.106851321270845e-19,0.007500239686372324,0.49999999999999994,1.809762563682225,0.0
88003,product_to_joint_diagP,0.75,80,0.012798710127542606,0.0,11.158957255116814,-5.142820259233878,False,-5.0,0.0,7.577918123108183e-19,0.007500239686372325,0.7500000000000001,1.809762563682225,0.0
88003,product_to_joint_diagP,1.0,80,0.012798710127542606,0.0,11.158957255116814,-5.142820259233878,False,-5.0,0.0,7.586088858102618e-19,0.007500239686372325,1.0,1.809762563682225,0.0
88003,gaussian_to_joint,0.0,80,0.012798710127542606,0.0,11.158957255116814,-5.142820259233878,False,-5.0,0.0,7.586088858102618e-19,0.007500239686372325,0.0,1.809762563682225,0.0
88003,gaussian_to_joint,0.25,80,0.012798710127542606,0.0,11.158957255116814,-5.142820259233878,False,-5.0,0.0,9.820634564853365e-19,0.007500239686372325,0.25,1.809762563682225,0.0
88003,gaussian_to_joint,0.5,80,0.012798710127542606,0.0,11.158957255116814,-5.142820259233878,False,-5.0,0.0,8.6702928844743545e-19,0.007500239686372325,0.49999999999999994,1.809762563682225,0.0
88003,gaussian_to_joint,0.75,80,0.012798710127542606,0.0,11.158957255116814,-5.142820259233878,False,-5.0,0.0,9.820634564853365e-19,0.007500239686372325,0.7500000000000001,1.809762563682225,0.0
88003,gaussian_to_joint,1.0,80,0.012798710127542606,0.0,11.158957255116814,-5.142820259233878,False,-5.0,0.0,7.586088858102618e-19,0.007500239686372325,1.0,1.809762563682225,0.0
88003,product_to_joint,0.0,84,0.05779871012754261,6.535440828750238,10.648452419720243,0.9199740140358976,True,6.0,10.0,0.05105813147461123,0.006820748226015986,0.0,1.8718446324472473,0.08236909643220702
88003,product_to_joint,0.25,84,0.05779871012754261,6.585709519386452,10.839493689421687,0.9592007657022403,True,6.0,10.0,0.051450855620206654,0.007071302700379185,0.2657598268296262,1.893081652481285,0.08236909643220702
88003,product_to_joint,0.5,84,0.05779871012754261,6.633909086436856,11.019346228157923,0.9970050880005257,True,6.0,10.0,0.05182741473778794,0.007311254351563615,0.5205806393564344,1.9138770245290737,0.08236909643220702
88003,product_to_joint,0.75,84,0.05779871012754261,6.680164705369204,11.189031823214465,1.0334530984113819,True,6.0,10.0,0.05218878676069691,0.007541261788385377,0.7651242135330524,1.934248744132518,0.08236909643220702
88003,product_to_joint,1.0,84,0.05779871012754261,6.724591654275266,11.349443361880237,1.0686084672929876,True,6.0,10.0,0.05253587229902552,0.007761930213899376,1.0,1.9542137288794543,0.08236909643220702
88003,product_to_joint_diagP,0.0,84,0.05779871012754261,6.535440828750238,10.648452419720243,0.9199740140358976,True,6.0,10.0,0.05105813147461123,0.006820748226015986,0.0,1.8718446324472473,0.07879254945063607
88003,product_to_joint_diagP,0.25,84,0.05779871012754261,6.585541805390113,10.829326425331049,0.9596207064558664,True,6.0,10.0,0.05144954535461026,0.007057855885398763,0.2650625146359159,1.8921323973084734,0.07879254945063607
88003,product_to_joint_diagP,0.5,84,0.05779871012754261,6.633670010708754,11.000063123119432,0.997880550870903,True,6.0,10.0,0.05182554695866214,0.00728533866654126,0.5196879527460367,1.9120167397442014,0.07879254945063607
88003,product_to_joint_diagP,0.75,84,0.05779871012754261,6.679939714454413,11.161548966347214,1.0348165811741374,True,6.0,10.0,0.0521870290191751,0.007503770466807039,0.7644808659548858,1.9315133915543004,0.07879254945063607
88003,product_to_joint_diagP,1.0,84,0.05779871012754261,6.724456528343566,11.314563226893693,1.0704893681725842,True,6.0,10.0,0.05253481662768411,0.007713680481895448,1.0,1.9506371818978834,0.07879254945063607
88003,gaussian_to_joint,0.0,84,0.05779871012754261,6.36752748060352,11.245794406094236,0.7175350695717384,True,6.0,10.0,0.049746308442215,0.007618987538094507,0.0,1.930169650230182,0.024044078649272382
88003,gaussian_to_joint,0.25,84,0.05779871012754261,6.458412920053288,11.27334016002503,0.8068283999748163,True,6.0,10.0,0.05045635093791631,0.0076568480446553445,0.25453530807972247,1.9362350852866275,0.024044078649272382
88003,gaussian_to_joint,0.5,84,0.05779871012754261,6.5482057838118966,11.299770983984534,0.8950935962009572,True,6.0,10.0,0.05115785768603044,0.007693263201324388,0.5060107300893112,1.9422639525289171,0.024044078649272382
88003,gaussian_to_joint,0.75,84,0.05779871012754261,6.636925655699034,11.325126185997904,0.9823479701166988,True,6.0,10.0,0.051850981685148706,0.007728276558152797,0.7544811128073986,1.9482566902423368,0.024044078649272382
88003,gaussian_to_joint,1.0,84,0.05779871012754261,6.724591654275266,11.349443361880237,1.0686084672929876,True,6.0,10.0,0.05253587229902552,0.007761930213899376,1.0,1.9542137288794543,0.024044078649272382
88003,product_to_joint,0.0,88,0.052798710127542614,0.0,11.158957255116814,-5.589178549438551,False,-5.0,0.0,1.7605518457110832e-19,0.007500239686372324,0.0,1.809762563682225,0.0
88003,product_to_joint,0.25,88,0.052798710127542614,0.0,11.158957255116814,-5.589178549438551,False,-5.0,0.0,-4.8673244227975573e-20,0.007500239686372325,0.25,1.809762563682225,0.0
88003,product_to_joint,0.5,88,0.052798710127542614,0.0,11.158957255116814,-5.589178549438551,False,-5.0,0.0,7.106851321270845e-19,0.007500239686372324,0.49999999999999994,1.809762563682225,0.0
88003,product_to_joint,0.75,88,0.052798710127542614,0.0,11.158957255116814,-5.589178549438551,False,-5.0,0.0,7.577918123108183e-19,0.007500239686372325,0.7500000000000001,1.809762563682225,0.0
88003,product_to_joint,1.0,88,0.052798710127542614,0.0,11.158957255116814,-5.589178549438551,False,-5.0,0.0,7.586088858102618e-19,0.007500239686372325,1.0,1.809762563682225,0.0
88003,product_to_joint_diagP,0.0,88,0.052798710127542614,0.0,11.158957255116814,-5.589178549438551,False,-5.0,0.0,1.7605518457110832e-19,0.007500239686372324,0.0,1.809762563682225,0.0
88003,product_to_joint_diagP,0.25,88,0.052798710127542614,0.0,11.158957255116814,-5.589178549438551,False,-5.0,0.0,-4.8673244227975573e-20,0.007500239686372325,0.25,1.809762563682225,0.0
88003,product_to_joint_diagP,0.5,88,0.052798710127542614,0.0,11.158957255116814,-5.589178549438551,False,-5.0,0.0,7.106851321270845e-19,0.007500239686372324,0.49999999999999994,1.809762563682225,0.0
88003,product_to_joint_diagP,0.75,88,0.052798710127542614,0.0,11.158957255116814,-5.589178549438551,False,-5.0,0.0,7.577918123108183e-19,0.007500239686372325,0.7500000000000001,1.809762563682225,0.0
88003,product_to_joint_diagP,1.0,88,0.052798710127542614,0.0,11.158957255116814,-5.589178549438551,False,-5.0,0.0,7.586088858102618e-19,0.007500239686372325,1.0,1.809762563682225,0.0
88003,gaussian_to_joint,0.0,88,0.052798710127542614,0.0,11.158957255116814,-5.589178549438551,False,-5.0,0.0,7.586088858102618e-19,0.007500239686372325,0.0,1.809762563682225,0.0
88003,gaussian_to_joint,0.25,88,0.052798710127542614,0.0,11.158957255116814,-5.589178549438551,False,-5.0,0.0,9.820634564853365e-19,0.007500239686372325,0.25,1.809762563682225,0.0
88003,gaussian_to_joint,0.5,88,0.052798710127542614,0.0,11.158957255116814,-5.589178549438551,False,-5.0,0.0,8.6702928844743545e-19,0.007500239686372325,0.49999999999999994,1.809762563682225,0.0
88003,gaussian_to_joint,0.75,88,0.052798710127542614,0.0,11.158957255116814,-5.589178549438551,False,-5.0,0.0,9.820634564853365e-19,0.007500239686372325,0.7500000000000001,1.809762563682225,0.0
88003,gaussian_to_joint,1.0,88,0.052798710127542614,0.0,11.158957255116814,-5.589178549438551,False,-5.0,0.0,7.586088858102618e-19,0.007500239686372325,1.0,1.809762563682225,0.0
88003,product_to_joint,0.0,92,0.04779871012754261,-0.42023457401081554,12.743875531886287,-6.029375386460931,False,-2.0,3.0,-0.0032830826094594964,0.009812497776624147,0.0,1.1390535468955032,0.021665556138624975
88003,product_to_joint,0.25,92,0.04779871012754261,-0.44023387183091595,12.806477227397451,-6.052366964578262,False,-2.0,3.0,-0.003439327123679031,0.00991012322850644,0.2540842539242643,1.144514100517649,0.021665556138624975
88003,product_to_joint,0.5,92,0.04779871012754261,-0.460016530170268,12.86807060462633,-6.075093706901554,False,-2.0,3.0,-0.0035938791419552188,0.010006643132668962,0.5054161771751762,1.149944998357634,0.021665556138624975
88003,product_to_joint,0.75,92,0.04779871012754261,-0.4795860501396729,12.928681884888237,-6.097560367886657,False,-2.0,3.0,-0.0037467660167161947,0.010102076127968582,0.7540402501706259,1.1553465607921476,0.021665556138624975
88003,product_to_joint,1.0,92,0.04779871012754261,-0.4989458578122138,12.988336310903232,-6.1197715801761134,False,-2.0,3.0,-0.0038980145141579202,0.01019644043732467,1.0,1.1607191030341282,0.021665556138624975
88003,product_to_joint_diagP,0.0,92,0.04779871012754261,-0.42023457401081554,12.743875531886287,-6.029375386460931,False,-2.0,3.0,-0.0032830826094594964,0.009812497776624147,0.0,1.1390535468955032,0.021278021003162007
88003,product_to_joint_diagP,0.25,92,0.04779871012754261,-0.44021313911624327,12.80525146189291,-6.052287641853553,False,-2.0,3.0,-0.0034391651493456505,0.00990820709242618,0.2540108131548374,1.1444156481727767,0.021278021003162007
88003,product_to_joint_diagP,0.5,92,0.04779871012754261,-0.459979160076834,12.865655771157655,-6.074940910883145,False,-2.0,3.0,-0.0035935871881002655,0.010002850245478655,0.5053193045575247,1.1497491506017057,0.021278021003162007
88003,product_to_joint_diagP,0.75,92,0.04779871012754261,-0.47953601070735596,12.925113288216203,-6.097339754136451,False,-2.0,3.0,-0.0037463750836512185,0.010096444916578556,0.7539683694524292,1.1550543576293482,0.021278021003162007
88003,product_to_joint_diagP,1.0,92,0.04779871012754261,-0.49888699379283913,12.983647931142857,-6.119488617651605,False,-2.0,3.0,-0.0038975546390065557,0.010189008398429577,1.0,1.1603315678986652,0.021278021003162007
88003,gaussian_to_joint,0.0,92,0.04779871012754261,-0.39440677501629545,12.943231214380438,-6.013076531946227,False,-2.0,3.0,-0.0030813029298148082,0.010125050919733404,0.0,1.1565018195952086,0.0042172834389195835
88003,gaussian_to_joint,0.25,92,0.04779871012754261,-0.4206242961398643,12.954637200302624,-6.039839244484609,False,-2.0,3.0,-0.00328612731359269,0.0101430801386392,0.2507915740446147,1.1575578090153162,0.0042172834389195835
88003,gaussian_to_joint,0.5,92,0.04779871012754261,-0.44678653398654744,12.965956288296931,-6.066542520137241,False,-2.0,3.0,-0.003490519796769902,0.010160987699586593,0.5010543192970992,1.1586126844979714,0.0042172834389195835
88003,gaussian_to_joint,0.75,92,0.04779871012754261,-0.4728936632308594,12.977189115051376,-6.093186564011502,False,-2.0,3.0,-0.003694481743991089,0.010178774250964839,0.7507899066589908,1.1596664483908286,0.0042172834389195835
88003,gaussian_to_joint,1.0,92,0.04779871012754261,-0.4989458578122138,12.988336310903232,-6.1197715801761134,False,-2.0,3.0,-0.0038980145141579202,0.01019644043732467,1.0,1.1607191030341282,0.0042172834389195835
88003,product_to_joint,0.0,96,0.042798710127542605,0.0,11.158957255116814,-5.477588976887383,False,-5.0,0.0,1.7605518457110832e-19,0.007500239686372324,0.0,1.809762563682225,0.0
88003,product_to_joint,0.25,96,0.042798710127542605,0.0,11.158957255116814,-5.477588976887383,False,-5.0,0.0,-4.8673244227975573e-20,0.007500239686372325,0.25,1.809762563682225,0.0
88003,product_to_joint,0.5,96,0.042798710127542605,0.0,11.158957255116814,-5.477588976887383,False,-5.0,0.0,7.106851321270845e-19,0.007500239686372324,0.49999999999999994,1.809762563682225,0.0
88003,product_to_joint,0.75,96,0.042798710127542605,0.0,11.158957255116814,-5.477588976887383,False,-5.0,0.0,7.577918123108183e-19,0.007500239686372325,0.7500000000000001,1.809762563682225,0.0
88003,product_to_joint,1.0,96,0.042798710127542605,0.0,11.158957255116814,-5.477588976887383,False,-5.0,0.0,7.586088858102618e-19,0.007500239686372325,1.0,1.809762563682225,0.0
88003,product_to_joint_diagP,0.0,96,0.042798710127542605,0.0,11.158957255116814,-5.477588976887383,False,-5.0,0.0,1.7605518457110832e-19,0.007500239686372324,0.0,1.809762563682225,0.0
88003,product_to_joint_diagP,0.25,96,0.042798710127542605,0.0,11.158957255116814,-5.477588976887383,False,-5.0,0.0,-4.8673244227975573e-20,0.007500239686372325,0.25,1.809762563682225,0.0
88003,product_to_joint_diagP,0.5,96,0.042798710127542605,0.0,11.158957255116814,-5.477588976887383,False,-5.0,0.0,7.106851321270845e-19,0.007500239686372324,0.49999999999999994,1.809762563682225,0.0
88003,product_to_joint_diagP,0.75,96,0.042798710127542605,0.0,11.158957255116814,-5.477588976887383,False,-5.0,0.0,7.577918123108183e-19,0.007500239686372325,0.7500000000000001,1.809762563682225,0.0
88003,product_to_joint_diagP,1.0,96,0.042798710127542605,0.0,11.158957255116814,-5.477588976887383,False,-5.0,0.0,7.586088858102618e-19,0.007500239686372325,1.0,1.809762563682225,0.0
88003,gaussian_to_joint,0.0,96,0.042798710127542605,0.0,11.158957255116814,-5.477588976887383,False,-5.0,0.0,7.586088858102618e-19,0.007500239686372325,0.0,1.809762563682225,0.0
88003,gaussian_to_joint,0.25,96,0.042798710127542605,0.0,11.158957255116814,-5.477588976887383,False,-5.0,0.0,9.820634564853365e-19,0.007500239686372325,0.25,1.809762563682225,0.0
88003,gaussian_to_joint,0.5,96,0.042798710127542605,0.0,11.158957255116814,-5.477588976887383,False,-5.0,0.0,8.6702928844743545e-19,0.007500239686372325,0.49999999999999994,1.809762563682225,0.0
88003,gaussian_to_joint,0.75,96,0.042798710127542605,0.0,11.158957255116814,-5.477588976887383,False,-5.0,0.0,9.820634564853365e-19,0.007500239686372325,0.7500000000000001,1.809762563682225,0.0
88003,gaussian_to_joint,1.0,96,0.042798710127542605,0.0,11.158957255116814,-5.477588976887383,False,-5.0,0.0,7.586088858102618e-19,0.007500239686372325,1.0,1.809762563682225,0.0
88003,product_to_joint,0.0,100,0.0377987101275426,0.0,11.158957255116814,-5.421794190611799,False,-3.0,0.0,1.7605518457110832e-19,0.007500239686372324,0.0,1.809762563682225,0.0
88003,product_to_joint,0.25,100,0.0377987101275426,0.0,11.158957255116814,-5.421794190611799,False,-3.0,0.0,-4.8673244227975573e-20,0.007500239686372325,0.25,1.809762563682225,0.0
88003,product_to_joint,0.5,100,0.0377987101275426,0.0,11.158957255116814,-5.421794190611799,False,-3.0,0.0,7.106851321270845e-19,0.007500239686372324,0.49999999999999994,1.809762563682225,0.0
88003,product_to_joint,0.75,100,0.0377987101275426,0.0,11.158957255116814,-5.421794190611799,False,-3.0,0.0,7.577918123108183e-19,0.007500239686372325,0.7500000000000001,1.809762563682225,0.0
88003,product_to_joint,1.0,100,0.0377987101275426,0.0,11.158957255116814,-5.421794190611799,False,-3.0,0.0,7.586088858102618e-19,0.007500239686372325,1.0,1.809762563682225,0.0
88003,product_to_joint_diagP,0.0,100,0.0377987101275426,0.0,11.158957255116814,-5.421794190611799,False,-3.0,0.0,1.7605518457110832e-19,0.007500239686372324,0.0,1.809762563682225,0.0
88003,product_to_joint_diagP,0.25,100,0.0377987101275426,0.0,11.158957255116814,-5.421794190611799,False,-3.0,0.0,-4.8673244227975573e-20,0.007500239686372325,0.25,1.809762563682225,0.0
88003,product_to_joint_diagP,0.5,100,0.0377987101275426,0.0,11.158957255116814,-5.421794190611799,False,-3.0,0.0,7.106851321270845e-19,0.007500239686372324,0.49999999999999994,1.809762563682225,0.0
88003,product_to_joint_diagP,0.75,100,0.0377987101275426,0.0,11.158957255116814,-5.421794190611799,False,-3.0,0.0,7.577918123108183e-19,0.007500239686372325,0.7500000000000001,1.809762563682225,0.0
88003,product_to_joint_diagP,1.0,100,0.0377987101275426,0.0,11.158957255116814,-5.421794190611799,False,-3.0,0.0,7.586088858102618e-19,0.007500239686372325,1.0,1.809762563682225,0.0
88003,gaussian_to_joint,0.0,100,0.0377987101275426,0.0,11.158957255116814,-5.421794190611799,False,-3.0,0.0,7.586088858102618e-19,0.007500239686372325,0.0,1.809762563682225,0.0
88003,gaussian_to_joint,0.25,100,0.0377987101275426,0.0,11.158957255116814,-5.421794190611799,False,-3.0,0.0,9.820634564853365e-19,0.007500239686372325,0.25,1.809762563682225,0.0
88003,gaussian_to_joint,0.5,100,0.0377987101275426,0.0,11.158957255116814,-5.421794190611799,False,-3.0,0.0,8.6702928844743545e-19,0.007500239686372325,0.49999999999999994,1.809762563682225,0.0
88003,gaussian_to_joint,0.75,100,0.0377987101275426,0.0,11.158957255116814,-5.421794190611799,False,-3.0,0.0,9.820634564853365e-19,0.007500239686372325,0.7500000000000001,1.809762563682225,0.0
88003,gaussian_to_joint,1.0,100,0.0377987101275426,0.0,11.158957255116814,-5.421794190611799,False,-3.0,0.0,7.586088858102618e-19,0.007500239686372325,1.0,1.809762563682225,0.0
88003,product_to_joint,0.0,104,0.032798710127542596,0.0,12.890462726661413,-5.42279055038166,False,-3.0,0.0,-1.2488856386635861e-20,0.010041847491909619,0.0,1.1151861303294424,0.0
88003,product_to_joint,0.25,104,0.032798710127542596,0.0,12.890462726661411,-5.42279055038166,False,-3.0,0.0,-6.329934297457138e-19,0.010041847491909617,0.25,1.1151861303294424,0.0
88003,product_to_joint,0.5,104,0.032798710127542596,0.0,12.890462726661411,-5.42279055038166,False,-3.0,0.0,6.411556638439304e-19,0.010041847491909617,0.5,1.1151861303294424,0.0
88003,product_to_joint,0.75,104,0.032798710127542596,0.0,12.890462726661413,-5.42279055038166,False,-3.0,0.0,4.738396538401912e-19,0.010041847491909619,0.75,1.1151861303294424,0.0
88003,product_to_joint,1.0,104,0.032798710127542596,0.0,12.890462726661411,-5.42279055038166,False,-3.0,0.0,6.110355103519841e-19,0.010041847491909617,1.0,1.1151861303294424,0.0
88003,product_to_joint_diagP,0.0,104,0.032798710127542596,0.0,12.890462726661413,-5.42279055038166,False,-3.0,0.0,-1.2488856386635861e-20,0.010041847491909619,0.0,1.1151861303294424,0.0
88003,product_to_joint_diagP,0.25,104,0.032798710127542596,0.0,12.890462726661411,-5.42279055038166,False,-3.0,0.0,-6.329934297457138e-19,0.010041847491909617,0.25,1.1151861303294424,0.0
88003,product_to_joint_diagP,0.5,104,0.032798710127542596,0.0,12.890462726661411,-5.42279055038166,False,-3.0,0.0,6.411556638439304e-19,0.010041847491909617,0.5,1.1151861303294424,0.0
88003,product_to_joint_diagP,0.75,104,0.032798710127542596,0.0,12.890462726661413,-5.42279055038166,False,-3.0,0.0,4.738396538401912e-19,0.010041847491909619,0.75,1.1151861303294424,0.0
88003,product_to_joint_diagP,1.0,104,0.032798710127542596,0.0,12.890462726661411,-5.42279055038166,False,-3.0,0.0,6.110355103519841e-19,0.010041847491909617,1.0,1.1151861303294424,0.0
88003,gaussian_to_joint,0.0,104,0.032798710127542596,0.0,12.890462726661411,-5.42279055038166,False,-3.0,0.0,6.110355103519841e-19,0.010041847491909617,0.0,1.1151861303294424,0.0
88003,gaussian_to_joint,0.25,104,0.032798710127542596,0.0,12.890462726661413,-5.42279055038166,False,-3.0,0.0,6.855744097103625e-19,0.01004184749190962,0.25,1.1151861303294424,0.0
88003,gaussian_to_joint,0.5,104,0.032798710127542596,0.0,12.890462726661411,-5.42279055038166,False,-3.0,0.0,6.584698885415723e-19,0.010041847491909617,0.5,1.1151861303294424,0.0
88003,gaussian_to_joint,0.75,104,0.032798710127542596,0.0,12.890462726661413,-5.42279055038166,False,-3.0,0.0,6.855744097103625e-19,0.01004184749190962,0.75,1.1151861303294424,0.0
88003,gaussian_to_joint,1.0,104,0.032798710127542596,0.0,12.890462726661411,-5.42279055038166,False,-3.0,0.0,6.110355103519841e-19,0.010041847491909617,1.0,1.1151861303294424,0.0
88003,product_to_joint,0.0,108,0.027798710127542595,-6.133285710011836,14.191768328358458,-11.527798563969112,False,10.0,13.0,-0.04791629460946747,0.012192864275256239,0.0,0.7361521683381009,1.23096948956442
88003,product_to_joint,0.25,108,0.027798710127542595,-1.8186945457205461,23.03094770211385,-7.458925184854202,False,10.0,13.0,-0.014208551138441767,0.032274545413665964,0.5330410786535669,1.2099840839241218,1.23096948956442
88003,product_to_joint,0.5,108,0.027798710127542595,0.13160237640597391,25.824991227262924,-5.586299068767039,False,10.0,13.0,0.0010281435656716712,0.040606187249036065,0.7739882125718308,1.5301731120863122,1.23096948956442
88003,product_to_joint,0.75,108,0.027798710127542595,1.2430243977999882,27.227159410441786,-4.513855514247276,False,10.0,13.0,0.009711128107812408,0.04514647275156303,0.9112975358806843,1.7723254168950748,1.23096948956442
88003,product_to_joint,1.0,108,0.027798710127542595,1.961008214181991,28.07240184808579,-3.819368347376837,False,10.0,13.0,0.015320376673296804,0.04799934970217349,1.0,1.967121657902521,1.23096948956442
88003,product_to_joint_diagP,0.0,108,0.027798710127542595,-6.133285710011836,14.191768328358458,-11.527798563969112,False,10.0,13.0,-0.04791629460946747,0.012192864275256239,0.0,0.7361521683381009,1.1975790236519548
88003,product_to_joint_diagP,0.25,108,0.027798710127542595,-1.9255512942111366,22.854706435054613,-7.560882653449302,False,10.0,13.0,-0.015043369486024505,0.031780957411653245,0.5247215093129626,1.192324446455037,1.1975790236519548
88003,product_to_joint_diagP,0.5,108,0.027798710127542595,0.026047890717148983,25.674286053593498,-5.6876641450183065,False,10.0,13.0,0.00020349914622772643,0.040132480734969826,0.7680938253137213,1.5044273963492825,1.1975790236519548
88003,product_to_joint_diagP,0.75,108,0.027798710127542595,1.1524531025778255,27.1049237028822,-4.601028814467755,False,10.0,13.0,0.009003539863889262,0.044741118709659744,0.9085611135166184,1.741942244353751,1.1975790236519548
88003,product_to_joint_diagP,1.0,108,0.027798710127542595,1.8857002494355748,27.972595594588917,-3.8919018270133776,False,10.0,13.0,0.014732033198715428,0.04765794093618257,1.0,1.9337311919900557,1.1975790236519548
88003,gaussian_to_joint,0.0,108,0.027798710127542595,1.2330096893311664,25.88443017997635,-4.486544082058611,False,10.0,13.0,0.009632888197899737,0.04079378208874941,0.0,1.9514883632970204,0.01563329460550067
88003,gaussian_to_joint,0.25,108,0.027798710127542595,1.4171515899851341,26.45685693751398,-4.318314906906681,False,10.0,13.0,0.01107149679675886,0.042622490174077245,0.25294268376670453,1.955419659079416,0.01563329460550067
88003,gaussian_to_joint,0.5,108,0.027798710127542595,1.5998541476625223,27.011582973540524,-4.151033017504996,False,10.0,13.0,0.012498860528613456,0.044432813399442404,0.5039082440538282,1.9593355602762026,0.01563329460550067
88003,gaussian_to_joint,0.75,108,0.027798710127542595,1.7811341725758005,27.549755544946436,-3.9847134959028248,False,10.0,13.0,0.013915110723248442,0.04622501407387127,0.7529197718593631,1.9632361869847514,0.01563329460550067
88003,gaussian_to_joint,1.0,108,0.027798710127542595,1.961008214181991,28.07240184808579,-3.819368347376837,False,10.0,13.0,0.015320376673296804,0.04799934970217349,1.0,1.967121657902521,0.01563329460550067
88003,product_to_joint,0.0,112,0.022798710127542594,0.0,11.158957255116814,-5.254409831785047,False,-4.0,0.0,1.7605518457110832e-19,0.007500239686372324,0.0,1.809762563682225,0.0
88003,product_to_joint,0.25,112,0.022798710127542594,0.0,11.158957255116814,-5.254409831785047,False,-4.0,0.0,-4.8673244227975573e-20,0.007500239686372325,0.25,1.809762563682225,0.0
88003,product_to_joint,0.5,112,0.022798710127542594,0.0,11.158957255116814,-5.254409831785047,False,-4.0,0.0,7.106851321270845e-19,0.007500239686372324,0.49999999999999994,1.809762563682225,0.0
88003,product_to_joint,0.75,112,0.022798710127542594,0.0,11.158957255116814,-5.254409831785047,False,-4.0,0.0,7.577918123108183e-19,0.007500239686372325,0.7500000000000001,1.809762563682225,0.0
88003,product_to_joint,1.0,112,0.022798710127542594,0.0,11.158957255116814,-5.254409831785047,False,-4.0,0.0,7.586088858102618e-19,0.007500239686372325,1.0,1.809762563682225,0.0
88003,product_to_joint_diagP,0.0,112,0.022798710127542594,0.0,11.158957255116814,-5.254409831785047,False,-4.0,0.0,1.7605518457110832e-19,0.007500239686372324,0.0,1.809762563682225,0.0
88003,product_to_joint_diagP,0.25,112,0.022798710127542594,0.0,11.158957255116814,-5.254409831785047,False,-4.0,0.0,-4.8673244227975573e-20,0.007500239686372325,0.25,1.809762563682225,0.0
88003,product_to_joint_diagP,0.5,112,0.022798710127542594,0.0,11.158957255116814,-5.254409831785047,False,-4.0,0.0,7.106851321270845e-19,0.007500239686372324,0.49999999999999994,1.809762563682225,0.0
88003,product_to_joint_diagP,0.75,112,0.022798710127542594,0.0,11.158957255116814,-5.254409831785047,False,-4.0,0.0,7.577918123108183e-19,0.007500239686372325,0.7500000000000001,1.809762563682225,0.0
88003,product_to_joint_diagP,1.0,112,0.022798710127542594,0.0,11.158957255116814,-5.254409831785047,False,-4.0,0.0,7.586088858102618e-19,0.007500239686372325,1.0,1.809762563682225,0.0
88003,gaussian_to_joint,0.0,112,0.022798710127542594,0.0,11.158957255116814,-5.254409831785047,False,-4.0,0.0,7.586088858102618e-19,0.007500239686372325,0.0,1.809762563682225,0.0
88003,gaussian_to_joint,0.25,112,0.022798710127542594,0.0,11.158957255116814,-5.254409831785047,False,-4.0,0.0,9.820634564853365e-19,0.007500239686372325,0.25,1.809762563682225,0.0
88003,gaussian_to_joint,0.5,112,0.022798710127542594,0.0,11.158957255116814,-5.254409831785047,False,-4.0,0.0,8.6702928844743545e-19,0.007500239686372325,0.49999999999999994,1.809762563682225,0.0
88003,gaussian_to_joint,0.75,112,0.022798710127542594,0.0,11.158957255116814,-5.254409831785047,False,-4.0,0.0,9.820634564853365e-19,0.007500239686372325,0.7500000000000001,1.809762563682225,0.0
88003,gaussian_to_joint,1.0,112,0.022798710127542594,0.0,11.158957255116814,-5.254409831785047,False,-4.0,0.0,7.586088858102618e-19,0.007500239686372325,1.0,1.809762563682225,0.0
88003,product_to_joint,0.0,116,0.017798710127542593,-4.060838484472312,12.231686240474728,-9.278546722237573,False,31.0,36.0,-0.03172530065993994,0.009031722917811204,0.0,1.4627300942566377,0.9111215340750332
88003,product_to_joint,0.25,116,0.017798710127542593,-2.397542148055398,16.555221609310976,-7.692203738576753,False,31.0,36.0,-0.018730798031682795,0.01662823257650129,0.45326413917193287,1.778837501961271,0.9111215340750332
88003,product_to_joint,0.5,116,0.017798710127542593,-1.4435738648332648,18.519237494449023,-6.773192404780081,False,31.0,36.0,-0.011277920819009881,0.02083274886326944,0.7132296084781928,2.018656326654372,0.9111215340750332
88003,product_to_joint,0.75,116,0.017798710127542593,-0.8249325174369444,19.66371915303388,-6.174921354671202,False,31.0,36.0,-0.006444785292476128,0.023499966487389622,0.8818152847911798,2.211942228462673,0.9111215340750332
88003,product_to_joint,1.0,116,0.017798710127542593,-0.3912423424620799,20.416673235776415,-5.754632791154421,False,31.0,36.0,-0.003056580800484999,0.0253419278574505,1.0,2.373851628331671,0.9111215340750332
88003,product_to_joint_diagP,0.0,116,0.017798710127542593,-4.060838484472312,12.231686240474728,-9.278546722237573,False,31.0,36.0,-0.03172530065993994,0.009031722917811204,0.0,1.4627300942566377,0.851312786073986
88003,product_to_joint_diagP,0.25,116,0.017798710127542593,-2.4713375159967965,16.27080678334848,-7.76093688947487,False,31.0,36.0,-0.019307324343724973,0.01605839559210565,0.438488294786286,1.7521706804968122,0.851312786073986
88003,product_to_joint_diagP,0.5,116,0.017798710127542593,-1.5203151066541378,18.19901332742999,-6.844234069476348,False,31.0,36.0,-0.011877461770735452,0.020115093145262115,0.7008424567822756,1.9763678576576864,0.851312786073986
88003,product_to_joint_diagP,0.75,116,0.017798710127542593,-0.8874121576430012,19.350293422805066,-6.231822421158403,False,31.0,36.0,-0.006932907481585947,0.02275362887870197,0.8754384717461884,2.159391215450264,0.851312786073986
88003,product_to_joint_diagP,1.0,116,0.017798710127542593,-0.43588204350227444,20.119281555973895,-5.793979303891468,False,31.0,36.0,-0.003405328464861519,0.024606145649935997,1.0,2.3140428803306237,0.851312786073986
88003,gaussian_to_joint,0.0,116,0.017798710127542593,-1.2097459152740515,19.16447412382385,-6.5508488349507825,False,31.0,36.0,-0.009451139963078527,0.02231681325944299,0.0,2.32819945492976,0.045652173401910634
88003,gaussian_to_joint,0.25,116,0.017798710127542593,-0.9980341689581945,19.499371218508788,-6.345097824945779,False,31.0,36.0,-0.007797141944985895,0.023107121454907772,0.2586570826911841,2.339809366816838,0.045652173401910634
88003,gaussian_to_joint,0.5,116,0.017798710127542593,-0.7911541341925695,19.818975223599303,-6.143906329222363,False,31.0,36.0,-0.006180891673379449,0.02387410759970966,0.5114110615832843,2.35128603412819,0.045652173401910634
88003,gaussian_to_joint,0.75,116,0.017798710127542593,-0.5889422722534642,20.12440813189792,-5.947130779081476,False,31.0,36.0,-0.004601111501980189,0.02461873795527338,0.7584617387653109,2.3626324806347228,0.045652173401910634
88003,gaussian_to_joint,1.0,116,0.017798710127542593,-0.3912423424620799,20.416673235776415,-5.754632791154421,False,31.0,36.0,-0.003056580800484999,0.0253419278574505,1.0,2.373851628331671,0.045652173401910634
88003,product_to_joint,0.0,120,0.012798710127542592,0.0,11.158957255116814,-5.142820259233878,False,-5.0,0.0,1.7605518457110832e-19,0.007500239686372324,0.0,1.809762563682225,0.0
88003,product_to_joint,0.25,120,0.012798710127542592,0.0,11.158957255116814,-5.142820259233878,False,-5.0,0.0,-4.8673244227975573e-20,0.007500239686372325,0.25,1.809762563682225,0.0
88003,product_to_joint,0.5,120,0.012798710127542592,0.0,11.158957255116814,-5.142820259233878,False,-5.0,0.0,7.106851321270845e-19,0.007500239686372324,0.49999999999999994,1.809762563682225,0.0
88003,product_to_joint,0.75,120,0.012798710127542592,0.0,11.158957255116814,-5.142820259233878,False,-5.0,0.0,7.577918123108183e-19,0.007500239686372325,0.7500000000000001,1.809762563682225,0.0
88003,product_to_joint,1.0,120,0.012798710127542592,0.0,11.158957255116814,-5.142820259233878,False,-5.0,0.0,7.586088858102618e-19,0.007500239686372325,1.0,1.809762563682225,0.0
88003,product_to_joint_diagP,0.0,120,0.012798710127542592,0.0,11.158957255116814,-5.142820259233878,False,-5.0,0.0,1.7605518457110832e-19,0.007500239686372324,0.0,1.809762563682225,0.0
88003,product_to_joint_diagP,0.25,120,0.012798710127542592,0.0,11.158957255116814,-5.142820259233878,False,-5.0,0.0,-4.8673244227975573e-20,0.007500239686372325,0.25,1.809762563682225,0.0
88003,product_to_joint_diagP,0.5,120,0.012798710127542592,0.0,11.158957255116814,-5.142820259233878,False,-5.0,0.0,7.106851321270845e-19,0.007500239686372324,0.49999999999999994,1.809762563682225,0.0
88003,product_to_joint_diagP,0.75,120,0.012798710127542592,0.0,11.158957255116814,-5.142820259233878,False,-5.0,0.0,7.577918123108183e-19,0.007500239686372325,0.7500000000000001,1.809762563682225,0.0
88003,product_to_joint_diagP,1.0,120,0.012798710127542592,0.0,11.158957255116814,-5.142820259233878,False,-5.0,0.0,7.586088858102618e-19,0.007500239686372325,1.0,1.809762563682225,0.0
88003,gaussian_to_joint,0.0,120,0.012798710127542592,0.0,11.158957255116814,-5.142820259233878,False,-5.0,0.0,7.586088858102618e-19,0.007500239686372325,0.0,1.809762563682225,0.0
88003,gaussian_to_joint,0.25,120,0.012798710127542592,0.0,11.158957255116814,-5.142820259233878,False,-5.0,0.0,9.820634564853365e-19,0.007500239686372325,0.25,1.809762563682225,0.0
88003,gaussian_to_joint,0.5,120,0.012798710127542592,0.0,11.158957255116814,-5.142820259233878,False,-5.0,0.0,8.6702928844743545e-19,0.007500239686372325,0.49999999999999994,1.809762563682225,0.0
88003,gaussian_to_joint,0.75,120,0.012798710127542592,0.0,11.158957255116814,-5.142820259233878,False,-5.0,0.0,9.820634564853365e-19,0.007500239686372325,0.7500000000000001,1.809762563682225,0.0
88003,gaussian_to_joint,1.0,120,0.012798710127542592,0.0,11.158957255116814,-5.142820259233878,False,-5.0,0.0,7.586088858102618e-19,0.007500239686372325,1.0,1.809762563682225,0.0
88003,product_to_joint,0.0,124,0.0077987101275425914,2.572501569901872,11.335518350366897,-2.5159008518580794,False,-4.0,1.0,0.020097668514858374,0.00774264991891508,0.0,1.7255790017648116,0.3251202932552326
88003,product_to_joint,0.25,124,0.0077987101275425914,2.362009611818955,12.263971866006724,-2.733633549776369,False,-4.0,1.0,0.018453200092335587,0.009079993037732204,0.31572420208172064,1.81729115861045,0.3251202932552326
88003,product_to_joint,0.5,124,0.0077987101275425914,2.1854370003836276,12.989106099424093,-2.9158612729016764,False,-4.0,1.0,0.01707372656549709,0.010197660965704113,0.5805715975007152,1.9012942622685536,0.3251202932552326
88003,product_to_joint,0.75,124,0.0077987101275425914,2.0351962625809668,13.573829231915845,-3.0706620969195093,False,-4.0,1.0,0.015899970801413803,0.011145656739331855,0.80592290068081,1.9787844203427292,0.3251202932552326
88003,product_to_joint,1.0,124,0.0077987101275425914,1.905805901039488,14.056638960217876,-3.203817751578773,False,-4.0,1.0,0.014889108601871,0.011959881522089544,1.0,2.050699295020044,0.3251202932552326
88003,product_to_joint_diagP,0.0,124,0.0077987101275425914,2.572501569901872,11.335518350366897,-2.5159008518580794,False,-4.0,1.0,0.020097668514858374,0.00774264991891508,0.0,1.7255790017648116,0.3040837082666923
88003,product_to_joint_diagP,0.25,124,0.0077987101275425914,2.367982748925763,12.202962236690865,-2.7271846162555375,False,-4.0,1.0,0.018499865225982525,0.008988884725958456,0.31119712345652106,1.810697079023876,0.3040837082666923
88003,product_to_joint_diagP,0.5,124,0.0077987101275425914,2.1943219356386514,12.891244622084992,-2.9062131443522317,False,-4.0,1.0,0.017143140122176964,0.010043077875148635,0.5754405084620606,1.889134959289291,0.3040837082666923
88003,product_to_joint_diagP,0.75,124,0.0077987101275425914,2.045025203769769,13.453054563536128,-3.0598912691012634,False,-4.0,1.0,0.01597675940445132,0.01094642804501222,0.8026113540464073,1.961865312247487,0.3040837082666923
88003,product_to_joint_diagP,1.0,124,0.0077987101275425914,1.915301340335216,13.921516436088098,-3.193268530885655,False,-4.0,1.0,0.014963291721368874,0.0117291393969892,1.0,2.029662710031504,0.3040837082666923
88003,gaussian_to_joint,0.0,124,0.0077987101275425914,2.0146148034316878,13.575730601461961,-3.0912583842987233,False,-4.0,1.0,0.01573917815181006,0.011148807456266525,0.0,1.9495369737605266,0.10116232125951763
88003,gaussian_to_joint,0.25,124,0.0077987101275425914,1.985296997256861,13.707053780090233,-3.1216003418766993,False,-4.0,1.0,0.015510132791069227,0.011367487996233272,0.26944308351857804,1.9758030377185678,0.10116232125951763
88003,gaussian_to_joint,0.5,124,0.0077987101275425914,1.9574608563702123,13.830528674975486,-3.150399427676587,False,-4.0,1.0,0.015292662940392283,0.011575019740559031,0.525269034104078,2.00139681619365,0.10116232125951763
88003,gaussian_to_joint,0.75,124,0.0077987101275425914,1.930996828304672,13.946852052794252,-3.177770628046793,False,-4.0,1.0,0.01508591272113025,0.011772234019929887,0.7684846854314871,2.0263518666408564,0.10116232125951763
88003,gaussian_to_joint,1.0,124,0.0077987101275425914,1.905805901039488,14.056638960217876,-3.203817751578773,False,-4.0,1.0,0.014889108601871,0.011959881522089544,1.0,2.050699295020044,0.10116232125951763
88003,product_to_joint,0.0,128,0.0027987101275425905,0.0,11.158957255116814,-5.031230686682711,False,-5.0,0.0,1.7605518457110832e-19,0.007500239686372324,0.0,1.809762563682225,0.0
88003,product_to_joint,0.25,128,0.0027987101275425905,0.0,11.158957255116814,-5.031230686682711,False,-5.0,0.0,-4.8673244227975573e-20,0.007500239686372325,0.25,1.809762563682225,0.0
88003,product_to_joint,0.5,128,0.0027987101275425905,0.0,11.158957255116814,-5.031230686682711,False,-5.0,0.0,7.106851321270845e-19,0.007500239686372324,0.49999999999999994,1.809762563682225,0.0
88003,product_to_joint,0.75,128,0.0027987101275425905,0.0,11.158957255116814,-5.031230686682711,False,-5.0,0.0,7.577918123108183e-19,0.007500239686372325,0.7500000000000001,1.809762563682225,0.0
88003,product_to_joint,1.0,128,0.0027987101275425905,0.0,11.158957255116814,-5.031230686682711,False,-5.0,0.0,7.586088858102618e-19,0.007500239686372325,1.0,1.809762563682225,0.0
88003,product_to_joint_diagP,0.0,128,0.0027987101275425905,0.0,11.158957255116814,-5.031230686682711,False,-5.0,0.0,1.7605518457110832e-19,0.007500239686372324,0.0,1.809762563682225,0.0
88003,product_to_joint_diagP,0.25,128,0.0027987101275425905,0.0,11.158957255116814,-5.031230686682711,False,-5.0,0.0,-4.8673244227975573e-20,0.007500239686372325,0.25,1.809762563682225,0.0
88003,product_to_joint_diagP,0.5,128,0.0027987101275425905,0.0,11.158957255116814,-5.031230686682711,False,-5.0,0.0,7.106851321270845e-19,0.007500239686372324,0.49999999999999994,1.809762563682225,0.0
88003,product_to_joint_diagP,0.75,128,0.0027987101275425905,0.0,11.158957255116814,-5.031230686682711,False,-5.0,0.0,7.577918123108183e-19,0.007500239686372325,0.7500000000000001,1.809762563682225,0.0
88003,product_to_joint_diagP,1.0,128,0.0027987101275425905,0.0,11.158957255116814,-5.031230686682711,False,-5.0,0.0,7.586088858102618e-19,0.007500239686372325,1.0,1.809762563682225,0.0
88003,gaussian_to_joint,0.0,128,0.0027987101275425905,0.0,11.158957255116814,-5.031230686682711,False,-5.0,0.0,7.586088858102618e-19,0.007500239686372325,0.0,1.809762563682225,0.0
88003,gaussian_to_joint,0.25,128,0.0027987101275425905,0.0,11.158957255116814,-5.031230686682711,False,-5.0,0.0,9.820634564853365e-19,0.007500239686372325,0.25,1.809762563682225,0.0
88003,gaussian_to_joint,0.5,128,0.0027987101275425905,0.0,11.158957255116814,-5.031230686682711,False,-5.0,0.0,8.6702928844743545e-19,0.007500239686372325,0.49999999999999994,1.809762563682225,0.0
88003,gaussian_to_joint,0.75,128,0.0027987101275425905,0.0,11.158957255116814,-5.031230686682711,False,-5.0,0.0,9.820634564853365e-19,0.007500239686372325,0.7500000000000001,1.809762563682225,0.0
88003,gaussian_to_joint,1.0,128,0.0027987101275425905,0.0,11.158957255116814,-5.031230686682711,False,-5.0,0.0,7.586088858102618e-19,0.007500239686372325,1.0,1.809762563682225,0.0
88003,product_to_joint,0.0,132,0.047798710127542596,0.14988060049096802,11.057408281950108,-5.378649252739854,False,-5.0,0.0,0.0011709421913356876,0.007362541376570973,0.0,1.8373066804702107,0.019567028004660703
88003,product_to_joint,0.25,132,0.047798710127542596,0.16371011147998762,11.105398199159996,-5.367113597892595,False,-5.0,0.0,0.0012789852459374033,0.007427457834588994,0.2536867347341625,1.8422344483115092,0.019567028004660703
88003,product_to_joint,0.5,132,0.047798710127542596,0.1774043255713172,11.152698246003414,-5.355680265029353,False,-5.0,0.0,0.0013859712935259155,0.007491716196680154,0.5048916009321337,1.8471380522821965,0.019567028004660703
88003,product_to_joint,0.75,132,0.047798710127542596,0.19096521855547116,11.199324437740545,-5.3443480438683935,False,-5.0,0.0,0.0014919157699646184,0.007555326407578892,0.7536508422358167,1.8520177282069312,0.019567028004660703
88003,product_to_joint,1.0,132,0.047798710127542596,0.20439472793839306,11.245292255862125,-5.33311573689906,False,-5.0,0.0,0.0015968338120186957,0.0076182982128755305,1.0,1.8568737084748714,0.019567028004660703
88003,product_to_joint_diagP,0.0,132,0.047798710127542596,0.14988060049096802,11.057408281950108,-5.378649252739854,False,-5.0,0.0,0.0011709421913356876,0.007362541376570973,0.0,1.8373066804702107,0.019312025705881197
88003,product_to_joint_diagP,0.25,132,0.047798710127542596,0.1637044590836782,11.104697864140858,-5.367085775178332,False,-5.0,0.0,0.001278941086591236,0.007426508462759676,0.25363845823874975,1.8421697637664196,0.019312025705881197
88003,product_to_joint_diagP,0.5,132,0.047798710127542596,0.1773948384685864,11.15131629772421,-5.355623696786875,False,-5.0,0.0,0.0013858971755358312,0.007489834910393651,0.504827856379905,1.8470093118908246,0.019312025705881197
88003,product_to_joint_diagP,0.75,132,0.047798710127542596,0.19095366261238936,11.197278962478386,-5.344261828732346,False,-5.0,0.0,0.0014918254891592919,0.007552530283420473,0.7536034951279851,1.8518255515463649,0.019312025705881197
88003,product_to_joint_diagP,1.0,132,0.047798710127542596,0.20438281868257363,11.242600732243963,-5.332998994797654,False,-5.0,0.0,0.0015967407709576065,0.007614603956582792,1.0,1.856618706176092,0.019312025705881197
88003,gaussian_to_joint,0.0,132,0.047798710127542596,0.1472232213917185,11.20290605289111,-5.388261237616516,False,-5.0,0.0,0.0011501814171228008,0.0075602236346377135,0.0,1.8505022222198355,0.006371486255035919
88003,gaussian_to_joint,0.25,132,0.047798710127542596,0.16158450691380613,11.21359580275217,-5.374410908349374,False,-5.0,0.0,0.0012623789602641104,0.0075748492936707195,0.2511965555842553,1.8520989036832,0.006371486255035919
88003,gaussian_to_joint,0.5,132,0.047798710127542596,0.17590004122401548,11.224223078425455,-5.360603344108517,False,-5.0,0.0,0.001374219072062621,0.007589403302872229,0.5015928661751181,1.853693039818407,0.006371486255035919
88003,gaussian_to_joint,0.75,132,0.047798710127542596,0.19017004260132933,11.234788393485605,-5.346838351163169,False,-5.0,0.0,0.0014857034578228854,0.007603886123437429,0.7511927497406213,1.8552846387277442,0.006371486255035919
88003,gaussian_to_joint,1.0,132,0.047798710127542596,0.20439472793839306,11.245292255862125,-5.33311573689906,False,-5.0,0.0,0.0015968338120186957,0.0076182982128755305,1.0,1.8568737084748714,0.006371486255035919
88003,product_to_joint,0.0,136,0.04279871012754259,0.0,11.158957255116814,-5.477588976887382,False,-5.0,0.0,1.7605518457110832e-19,0.007500239686372324,0.0,1.809762563682225,0.0
88003,product_to_joint,0.25,136,0.04279871012754259,0.0,11.158957255116814,-5.477588976887382,False,-5.0,0.0,-4.8673244227975573e-20,0.007500239686372325,0.25,1.809762563682225,0.0
88003,product_to_joint,0.5,136,0.04279871012754259,0.0,11.158957255116814,-5.477588976887382,False,-5.0,0.0,7.106851321270845e-19,0.007500239686372324,0.49999999999999994,1.809762563682225,0.0
88003,product_to_joint,0.75,136,0.04279871012754259,0.0,11.158957255116814,-5.477588976887382,False,-5.0,0.0,7.577918123108183e-19,0.007500239686372325,0.7500000000000001,1.809762563682225,0.0
88003,product_to_joint,1.0,136,0.04279871012754259,0.0,11.158957255116814,-5.477588976887382,False,-5.0,0.0,7.586088858102618e-19,0.007500239686372325,1.0,1.809762563682225,0.0
88003,product_to_joint_diagP,0.0,136,0.04279871012754259,0.0,11.158957255116814,-5.477588976887382,False,-5.0,0.0,1.7605518457110832e-19,0.007500239686372324,0.0,1.809762563682225,0.0
88003,product_to_joint_diagP,0.25,136,0.04279871012754259,0.0,11.158957255116814,-5.477588976887382,False,-5.0,0.0,-4.8673244227975573e-20,0.007500239686372325,0.25,1.809762563682225,0.0
88003,product_to_joint_diagP,0.5,136,0.04279871012754259,0.0,11.158957255116814,-5.477588976887382,False,-5.0,0.0,7.106851321270845e-19,0.007500239686372324,0.49999999999999994,1.809762563682225,0.0
88003,product_to_joint_diagP,0.75,136,0.04279871012754259,0.0,11.158957255116814,-5.477588976887382,False,-5.0,0.0,7.577918123108183e-19,0.007500239686372325,0.7500000000000001,1.809762563682225,0.0
88003,product_to_joint_diagP,1.0,136,0.04279871012754259,0.0,11.158957255116814,-5.477588976887382,False,-5.0,0.0,7.586088858102618e-19,0.007500239686372325,1.0,1.809762563682225,0.0
88003,gaussian_to_joint,0.0,136,0.04279871012754259,0.0,11.158957255116814,-5.477588976887382,False,-5.0,0.0,7.586088858102618e-19,0.007500239686372325,0.0,1.809762563682225,0.0
88003,gaussian_to_joint,0.25,136,0.04279871012754259,0.0,11.158957255116814,-5.477588976887382,False,-5.0,0.0,9.820634564853365e-19,0.007500239686372325,0.25,1.809762563682225,0.0
88003,gaussian_to_joint,0.5,136,0.04279871012754259,0.0,11.158957255116814,-5.477588976887382,False,-5.0,0.0,8.6702928844743545e-19,0.007500239686372325,0.49999999999999994,1.809762563682225,0.0
88003,gaussian_to_joint,0.75,136,0.04279871012754259,0.0,11.158957255116814,-5.477588976887382,False,-5.0,0.0,9.820634564853365e-19,0.007500239686372325,0.7500000000000001,1.809762563682225,0.0
88003,gaussian_to_joint,1.0,136,0.04279871012754259,0.0,11.158957255116814,-5.477588976887382,False,-5.0,0.0,7.586088858102618e-19,0.007500239686372325,1.0,1.809762563682225,0.0
88003,product_to_joint,0.0,140,0.03779871012754259,-0.042649087315652194,11.134792724838416,-5.463529889852089,False,-5.0,0.0,-0.00033319599465353277,0.0074673589492867745,0.0,1.8161305990770105,0.001952999720590931
88003,product_to_joint,0.25,140,0.03779871012754259,-0.04440393481104432,11.137904896786376,-5.465402373432809,False,-5.0,0.0,-0.00034690574071128376,0.007471589690543085,0.2503663662094373,1.816619206705528,0.001952999720590931
88003,product_to_joint,0.5,140,0.03779871012754259,-0.04615706869864633,11.141012885601718,-5.467272985288722,False,-5.0,0.0,-0.00036060209920817446,0.007475815925118622,0.5004882497749573,1.8171075757132185,0.001952999720590931
88003,product_to_joint,0.75,140,0.03779871012754259,-0.04790849148724041,11.144116700038253,-5.469141728259493,False,-5.0,0.0,-0.0003742850897440657,0.007480037660160613,0.7503660086275882,1.8175957063330377,0.001952999720590931
88003,product_to_joint,1.0,140,0.03779871012754259,-0.04965820568071204,11.147216348824292,-5.471008605178925,False,-5.0,0.0,-0.0003879547318805628,0.007484254902801244,1.0,1.8180835987976014,0.001952999720590931
88003,product_to_joint_diagP,0.0,140,0.03779871012754259,-0.042649087315652194,11.134792724838416,-5.463529889852089,False,-5.0,0.0,-0.00033319599465353277,0.0074673589492867745,0.0,1.8161305990770105,0.0019495921324415022
88003,product_to_joint_diagP,0.25,140,0.03779871012754259,-0.044403918311933986,11.137895540521452,-5.465402003278953,False,-5.0,0.0,-0.00034690561181198427,0.007471576969700174,0.25036572666344803,1.8166183535611555,0.0019495921324415022
88003,product_to_joint_diagP,0.5,140,0.03779871012754259,-0.04615703870640587,11.140994192706914,-5.46727224872917,False,-5.0,0.0,-0.00036060186489379585,0.007475790503047435,0.5004873978787309,1.817105870256841,0.0019495921324415022
88003,product_to_joint_diagP,0.75,140,0.03779871012754259,-0.04790845099907949,11.144088690091486,-5.4691406290314735,False,-5.0,0.0,-0.0003742847734303085,0.0074799995564346295,0.7503653703283252,1.8175931493958069,0.0019495921324415022
88003,product_to_joint_diagP,1.0,140,0.03779871012754259,-0.04965815768509922,11.147179041346593,-5.471007147008777,False,-5.0,0.0,-0.00038795435691483767,0.007484204136952927,1.0,1.818080191209452,0.0019495921324415022
88003,gaussian_to_joint,0.0,140,0.03779871012754259,-0.03521338255587113,11.146884960223463,-5.456551255992422,False,-5.0,0.0,-0.0002751045512177432,0.007483803974393069,0.0,1.8169019407432625,0.0011816580543388966
88003,gaussian_to_joint,0.25,140,0.03779871012754259,-0.038827789690232886,11.146969637624679,-5.460168863823327,False,-5.0,0.0,-0.0003033421069549444,0.007483919195686429,0.25022162633103484,1.8171974861872289,0.0011816580543388966
88003,gaussian_to_joint,0.5,140,0.03779871012754259,-0.042440061328192516,11.147053093428408,-5.463784289983019,False,-5.0,0.0,-0.00033156297912650403,0.007484032755597646,0.5002954144792104,1.8174929443098913,0.0011816580543388966
88003,gaussian_to_joint,0.75,140,0.03779871012754259,-0.04605019936176046,11.147135329780918,-5.467397536444638,False,-5.0,0.0,-0.0003597671825137536,0.007484144657009882,0.750221495426452,1.817788315162836,0.0011816580543388966
88003,gaussian_to_joint,1.0,140,0.03779871012754259,-0.04965820568071204,11.147216348824292,-5.471008605178925,False,-5.0,0.0,-0.0003879547318805628,0.007484254902801244,1.0,1.8180835987976014,0.0011816580543388966
88003,product_to_joint,0.0,144,0.03279871012754258,0.0,12.849012371546142,-5.421431032199551,False,-5.0,0.0,1.0150388444745493e-18,0.009976728449960072,0.0,1.121657815441739,0.0
88003,product_to_joint,0.25,144,0.03279871012754258,0.0,12.849012371546143,-5.421431032199551,False,-5.0,0.0,1.2825214861955447e-18,0.009976728449960073,0.25,1.121657815441739,0.0
88003,product_to_joint,0.5,144,0.03279871012754258,0.0,12.849012371546143,-5.421431032199551,False,-5.0,0.0,6.841981836774803e-19,0.009976728449960073,0.5,1.121657815441739,0.0
88003,product_to_joint,0.75,144,0.03279871012754258,0.0,12.849012371546143,-5.421431032199551,False,-5.0,0.0,6.929332111180125e-19,0.009976728449960073,0.75,1.121657815441739,0.0
88003,product_to_joint,1.0,144,0.03279871012754258,0.0,12.849012371546143,-5.421431032199551,False,-5.0,0.0,1.0795243422007956e-18,0.009976728449960073,1.0,1.121657815441739,0.0
88003,product_to_joint_diagP,0.0,144,0.03279871012754258,0.0,12.849012371546142,-5.421431032199551,False,-5.0,0.0,1.0150388444745493e-18,0.009976728449960072,0.0,1.121657815441739,0.0
88003,product_to_joint_diagP,0.25,144,0.03279871012754258,0.0,12.849012371546143,-5.421431032199551,False,-5.0,0.0,1.2825214861955447e-18,0.009976728449960073,0.25,1.121657815441739,0.0
88003,product_to_joint_diagP,0.5,144,0.03279871012754258,0.0,12.849012371546143,-5.421431032199551,False,-5.0,0.0,6.841981836774803e-19,0.009976728449960073,0.5,1.121657815441739,0.0
88003,product_to_joint_diagP,0.75,144,0.03279871012754258,0.0,12.849012371546143,-5.421431032199551,False,-5.0,0.0,6.929332111180125e-19,0.009976728449960073,0.75,1.121657815441739,0.0
88003,product_to_joint_diagP,1.0,144,0.03279871012754258,0.0,12.849012371546143,-5.421431032199551,False,-5.0,0.0,1.0795243422007956e-18,0.009976728449960073,1.0,1.121657815441739,0.0
88003,gaussian_to_joint,0.0,144,0.03279871012754258,0.0,12.849012371546143,-5.421431032199551,False,-5.0,0.0,1.0795243422007956e-18,0.009976728449960073,0.0,1.121657815441739,0.0
88003,gaussian_to_joint,0.25,144,0.03279871012754258,0.0,12.849012371546143,-5.421431032199551,False,-5.0,0.0,7.407111632990757e-19,0.009976728449960073,0.25,1.121657815441739,0.0
88003,gaussian_to_joint,0.5,144,0.03279871012754258,0.0,12.849012371546143,-5.421431032199551,False,-5.0,0.0,8.084737990794194e-19,0.009976728449960073,0.5,1.121657815441739,0.0
88003,gaussian_to_joint,0.75,144,0.03279871012754258,0.0,12.849012371546143,-5.421431032199551,False,-5.0,0.0,7.407111632990757e-19,0.009976728449960073,0.75,1.121657815441739,0.0
88003,gaussian_to_joint,1.0,144,0.03279871012754258,0.0,12.849012371546143,-5.421431032199551,False,-5.0,0.0,1.0795243422007956e-18,0.009976728449960073,1.0,1.121657815441739,0.0
88003,product_to_joint,0.0,148,0.02279871012754258,0.07891786091315274,11.016383505263716,-5.172241473277197,False,-5.0,0.0,0.0006165457883840058,0.007307269624941801,0.0,1.8466840939872124,0.006514040574106428
88003,product_to_joint,0.25,148,0.02279871012754258,0.0806674618830791,11.021990111691077,-5.1706196957020065,False,-5.0,0.0,0.0006302145459615555,0.007314811158582511,0.2512233705530908,1.8483165865157836,0.006514040574106428
88003,product_to_joint,0.5,148,0.02279871012754258,0.08241136438730136,11.027575344538139,-5.169003129302459,False,-5.0,0.0,0.0006438387842757919,0.007322327757535734,0.5016285043850407,1.8499464183554633,0.006514040574106428
88003,product_to_joint,0.75,148,0.02279871012754258,0.08414959622048676,11.033139327910982,-5.167391749113346,False,-5.0,0.0,0.0006574187204725528,0.007329819545232909,0.7512193925027426,1.8515735981650945,0.006514040574106428
88003,product_to_joint,1.0,148,0.02279871012754258,0.08588218499683262,11.038682184938807,-5.165785530327655,False,-5.0,0.0,0.0006709545702877548,0.007337286644292321,1.0,1.8531981345613189,0.006514040574106428
88003,product_to_joint_diagP,0.0,148,0.02279871012754258,0.07891786091315274,11.016383505263716,-5.172241473277197,False,-5.0,0.0,0.0006165457883840058,0.007307269624941801,0.0,1.8466840939872124,0.006475541312095157
88003,product_to_joint_diagP,0.25,148,0.02279871012754258,0.08066716037688489,11.021886018022384,-5.170617624006822,False,-5.0,0.0,0.0006302121904444132,0.0073146711056077465,0.2512161285190143,1.8483069147408244,0.006475541312095157
88003,product_to_joint_diagP,0.5,148,0.02279871012754258,0.08241079602993669,11.02736770645803,-5.1689989637794245,False,-5.0,0.0,0.0006438343439838804,0.00732204825033163,0.5016188796710367,1.8499271062135128,0.006475541312095157
88003,product_to_joint_diagP,0.75,148,0.02279871012754258,0.08414879533493265,11.032828690562894,-5.167385467868046,False,-5.0,0.0,0.0006574124635541613,0.0073294011789128265,0.7512121973516276,1.8515446769113781,0.006475541312095157
88003,product_to_joint_diagP,1.0,148,0.02279871012754258,0.08588118557723728,11.038269089392335,-5.165777111701632,False,-5.0,0.0,0.0006709467623221663,0.007336730010365862,1.0,1.8531596352993076,0.006475541312095157
88003,gaussian_to_joint,0.0,148,0.02279871012754258,0.06121890252941807,11.054048085157845,-5.190799135500013,False,-5.0,0.0,0.0004782726760110787,0.007358006534972036,0.0,1.8470899804588021,0.00610815410251675
88003,gaussian_to_joint,0.25,148,0.02279871012754258,0.06741301259426621,11.05019617066821,-5.184517206753279,False,-5.0,0.0,0.0005266641608927048,0.007352809778457665,0.2511470268822088,1.8486205203138715,0.00610815410251675
88003,gaussian_to_joint,0.5,148,0.02279871012754258,0.07358820542852665,11.046351225774695,-5.1782543541349355,False,-5.0,0.0,0.0005749078549103644,0.007347624231150762,0.5015270337778874,1.8501487211961276,0.00610815410251675
88003,gaussian_to_joint,0.75,148,0.02279871012754258,0.07974456756181802,11.04251323551663,-5.172010490774278,False,-5.0,0.0,0.0006230044340767033,0.007342449863071285,0.7511435291258142,1.8516745902435074,0.00610815410251675
88003,gaussian_to_joint,1.0,148,0.02279871012754258,0.08588218499683262,11.038682184938807,-5.165785530327655,False,-5.0,0.0,0.0006709545702877548,0.007337286644292321,1.0,1.8531981345613189,0.00610815410251675
88003,product_to_joint,0.0,152,0.02279871012754258,0.0,11.158957255116814,-5.254409831785046,False,-3.0,0.0,1.7605518457110832e-19,0.007500239686372324,0.0,1.809762563682225,0.0
88003,product_to_joint,0.25,152,0.02279871012754258,0.0,11.158957255116814,-5.254409831785046,False,-3.0,0.0,-4.8673244227975573e-20,0.007500239686372325,0.25,1.809762563682225,0.0
88003,product_to_joint,0.5,152,0.02279871012754258,0.0,11.158957255116814,-5.254409831785046,False,-3.0,0.0,7.106851321270845e-19,0.007500239686372324,0.49999999999999994,1.809762563682225,0.0
88003,product_to_joint,0.75,152,0.02279871012754258,0.0,11.158957255116814,-5.254409831785046,False,-3.0,0.0,7.577918123108183e-19,0.007500239686372325,0.7500000000000001,1.809762563682225,0.0
88003,product_to_joint,1.0,152,0.02279871012754258,0.0,11.158957255116814,-5.254409831785046,False,-3.0,0.0,7.586088858102618e-19,0.007500239686372325,1.0,1.809762563682225,0.0
88003,product_to_joint_diagP,0.0,152,0.02279871012754258,0.0,11.158957255116814,-5.254409831785046,False,-3.0,0.0,1.7605518457110832e-19,0.007500239686372324,0.0,1.809762563682225,0.0
88003,product_to_joint_diagP,0.25,152,0.02279871012754258,0.0,11.158957255116814,-5.254409831785046,False,-3.0,0.0,-4.8673244227975573e-20,0.007500239686372325,0.25,1.809762563682225,0.0
88003,product_to_joint_diagP,0.5,152,0.02279871012754258,0.0,11.158957255116814,-5.254409831785046,False,-3.0,0.0,7.106851321270845e-19,0.007500239686372324,0.49999999999999994,1.809762563682225,0.0
88003,product_to_joint_diagP,0.75,152,0.02279871012754258,0.0,11.158957255116814,-5.254409831785046,False,-3.0,0.0,7.577918123108183e-19,0.007500239686372325,0.7500000000000001,1.809762563682225,0.0
88003,product_to_joint_diagP,1.0,152,0.02279871012754258,0.0,11.158957255116814,-5.254409831785046,False,-3.0,0.0,7.586088858102618e-19,0.007500239686372325,1.0,1.809762563682225,0.0
88003,gaussian_to_joint,0.0,152,0.02279871012754258,0.0,11.158957255116814,-5.254409831785046,False,-3.0,0.0,7.586088858102618e-19,0.007500239686372325,0.0,1.809762563682225,0.0
88003,gaussian_to_joint,0.25,152,0.02279871012754258,0.0,11.158957255116814,-5.254409831785046,False,-3.0,0.0,9.820634564853365e-19,0.007500239686372325,0.25,1.809762563682225,0.0
88003,gaussian_to_joint,0.5,152,0.02279871012754258,0.0,11.158957255116814,-5.254409831785046,False,-3.0,0.0,8.6702928844743545e-19,0.007500239686372325,0.49999999999999994,1.809762563682225,0.0
88003,gaussian_to_joint,0.75,152,0.02279871012754258,0.0,11.158957255116814,-5.254409831785046,False,-3.0,0.0,9.820634564853365e-19,0.007500239686372325,0.7500000000000001,1.809762563682225,0.0
88003,gaussian_to_joint,1.0,152,0.02279871012754258,0.0,11.158957255116814,-5.254409831785046,False,-3.0,0.0,7.586088858102618e-19,0.007500239686372325,1.0,1.809762563682225,0.0
88003,product_to_joint,0.0,156,0.01779871012754258,0.8290237482951037,12.36900779911747,-4.391128636086702,False,4.0,7.0,0.006476748033555498,0.009237912227455371,0.0,1.199397867570728,0.06085068615006772
88003,product_to_joint,0.25,156,0.01779871012754258,0.8848259572943469,12.53707269055163,-4.338317765372712,False,4.0,7.0,0.006912702791362085,0.009493395486338837,0.2615821250746171,1.2149611835600163,0.06085068615006772
88003,product_to_joint,0.5,156,0.01779871012754258,0.9389308886322858,12.697667761370388,-4.287071219148189,False,4.0,7.0,0.007335397567439733,0.009740745030404351,0.5152079791440516,1.230285990003729,0.06085068615006772
88003,product_to_joint,0.75,156,0.01779871012754258,0.9914148187876453,12.851316308245629,-4.2373220349401794,False,4.0,7.0,0.007745428271778479,0.009980342459385989,0.761235120874104,1.245379487067845,0.06085068615006772
88003,product_to_joint,1.0,156,0.01779871012754258,1.0423495211602243,12.998490381346597,-4.189006841233014,False,4.0,7.0,0.008143355634064252,0.010212545910275879,1.0,1.2602485537207957,0.06085068615006772
88003,product_to_joint_diagP,0.0,156,0.01779871012754258,0.8290237482951037,12.36900779911747,-4.391128636086702,False,4.0,7.0,0.006476748033555498,0.009237912227455371,0.0,1.199397867570728,0.05724803708522508
88003,product_to_joint_diagP,0.25,156,0.01779871012754258,0.8843571791699067,12.526075524818012,-4.338590808132035,False,4.0,7.0,0.0069090404622648965,0.009476572757168265,0.2608868464403311,1.2140200477433036,0.05724803708522508
88003,product_to_joint_diagP,0.5,156,0.01779871012754258,0.9381071773233555,12.676554084410375,-4.2875191342411805,False,4.0,7.0,0.007328962322838715,0.009708045865172203,0.5143081017778969,1.228431497401914,0.05724803708522508
88003,product_to_joint_diagP,0.75,156,0.01779871012754258,0.9903407517337754,12.82087938373181,-4.237854363997454,False,4.0,7.0,0.007737037122920121,0.009932650645275841,0.7605797008962197,1.242638204325675,0.05724803708522508
88003,product_to_joint_diagP,1.0,156,0.01779871012754258,1.0411211829868068,12.959446976149554,-4.189540257154937,False,4.0,7.0,0.008133759242084428,0.010150687617653309,1.0,1.256645904655953,0.05724803708522508
88003,gaussian_to_joint,0.0,156,0.01779871012754258,0.8089276884105029,12.90125708522186,-4.420698046730266,False,4.0,7.0,0.006319747565707054,0.01005883998895186,0.0,1.2467330373983914,0.01351551632240433
88003,gaussian_to_joint,0.25,156,0.01779871012754258,0.8678766711213957,12.926279518368144,-4.36219443105363,False,4.0,7.0,0.006780286493135904,0.010098285045592272,0.25254271212110074,1.250129080257795,0.01351551632240433
88003,gaussian_to_joint,0.5,156,0.01779871012754258,0.9264272969272214,12.950819397408646,-4.304080583441411,False,4.0,7.0,0.007237713257243917,0.010137043644061039,0.5033788276467843,1.2535136290334865,0.01351551632240433
88003,gaussian_to_joint,0.75,156,0.01779871012754258,0.9845835901684008,12.974886508104158,-4.246352653727108,False,4.0,7.0,0.007692059298190631,0.010175126946910602,0.7525255872111947,1.2568867612677432,0.01351551632240433
88003,gaussian_to_joint,1.0,156,0.01779871012754258,1.0423495211602243,12.998490381346597,-4.189006841233014,False,4.0,7.0,0.008143355634064252,0.010212545910275879,1.0,1.2602485537207957,0.01351551632240433
88003,product_to_joint,0.0,160,0.012798710127542579,0.0,11.158957255116814,-5.142820259233878,False,-5.0,0.0,1.7605518457110832e-19,0.007500239686372324,0.0,1.809762563682225,0.0
88003,product_to_joint,0.25,160,0.012798710127542579,0.0,11.158957255116814,-5.142820259233878,False,-5.0,0.0,-4.8673244227975573e-20,0.007500239686372325,0.25,1.809762563682225,0.0
88003,product_to_joint,0.5,160,0.012798710127542579,0.0,11.158957255116814,-5.142820259233878,False,-5.0,0.0,7.106851321270845e-19,0.007500239686372324,0.49999999999999994,1.809762563682225,0.0
88003,product_to_joint,0.75,160,0.012798710127542579,0.0,11.158957255116814,-5.142820259233878,False,-5.0,0.0,7.577918123108183e-19,0.007500239686372325,0.7500000000000001,1.809762563682225,0.0
88003,product_to_joint,1.0,160,0.012798710127542579,0.0,11.158957255116814,-5.142820259233878,False,-5.0,0.0,7.586088858102618e-19,0.007500239686372325,1.0,1.809762563682225,0.0
88003,product_to_joint_diagP,0.0,160,0.012798710127542579,0.0,11.158957255116814,-5.142820259233878,False,-5.0,0.0,1.7605518457110832e-19,0.007500239686372324,0.0,1.809762563682225,0.0
88003,product_to_joint_diagP,0.25,160,0.012798710127542579,0.0,11.158957255116814,-5.142820259233878,False,-5.0,0.0,-4.8673244227975573e-20,0.007500239686372325,0.25,1.809762563682225,0.0
88003,product_to_joint_diagP,0.5,160,0.012798710127542579,0.0,11.158957255116814,-5.142820259233878,False,-5.0,0.0,7.106851321270845e-19,0.007500239686372324,0.49999999999999994,1.809762563682225,0.0
88003,product_to_joint_diagP,0.75,160,0.012798710127542579,0.0,11.158957255116814,-5.142820259233878,False,-5.0,0.0,7.577918123108183e-19,0.007500239686372325,0.7500000000000001,1.809762563682225,0.0
88003,product_to_joint_diagP,1.0,160,0.012798710127542579,0.0,11.158957255116814,-5.142820259233878,False,-5.0,0.0,7.586088858102618e-19,0.007500239686372325,1.0,1.809762563682225,0.0
88003,gaussian_to_joint,0.0,160,0.012798710127542579,0.0,11.158957255116814,-5.142820259233878,False,-5.0,0.0,7.586088858102618e-19,0.007500239686372325,0.0,1.809762563682225,0.0
88003,gaussian_to_joint,0.25,160,0.012798710127542579,0.0,11.158957255116814,-5.142820259233878,False,-5.0,0.0,9.820634564853365e-19,0.007500239686372325,0.25,1.809762563682225,0.0
88003,gaussian_to_joint,0.5,160,0.012798710127542579,0.0,11.158957255116814,-5.142820259233878,False,-5.0,0.0,8.6702928844743545e-19,0.007500239686372325,0.49999999999999994,1.809762563682225,0.0
88003,gaussian_to_joint,0.75,160,0.012798710127542579,0.0,11.158957255116814,-5.142820259233878,False,-5.0,0.0,9.820634564853365e-19,0.007500239686372325,0.7500000000000001,1.809762563682225,0.0
88003,gaussian_to_joint,1.0,160,0.012798710127542579,0.0,11.158957255116814,-5.142820259233878,False,-5.0,0.0,7.586088858102618e-19,0.007500239686372325,1.0,1.809762563682225,0.0
88003,product_to_joint,0.0,164,0.0077987101275425776,-4.4781248880156905,20.667627218879836,-9.639305721719843,False,38.0,43.0,-0.03498535068762258,0.025971216727208417,0.0,-0.6425623381802303,2.0606048231396543
88003,product_to_joint,0.25,164,0.0077987101275425776,1.479533712662913,43.09537569063191,-3.8565546301858706,False,38.0,43.0,0.011558857130179007,0.11325518834940845,0.723520566309038,0.3553744310186415,2.0606048231396543
88003,product_to_joint,0.5,164,0.0077987101275425776,2.8257882190409203,46.58894553437264,-2.537545462329521,False,38.0,43.0,0.02207647046125719,0.1323786282961878,0.8870147992178792,0.8447889166363867,2.0606048231396543
88003,product_to_joint,0.75,164,0.0077987101275425776,3.4207595844231062,48.04003126299074,-1.9538906939150418,False,38.0,43.0,0.026724684253305517,0.14075965599054735,0.9592703694128463,1.1719427278601593,2.0606048231396543
88003,product_to_joint,1.0,164,0.0077987101275425776,3.756138072982031,48.835799653477515,-1.6247181723621842,False,38.0,43.0,0.029344828695172118,0.14546490037808804,1.0,1.418042484959424,2.0606048231396543
88003,product_to_joint_diagP,0.0,164,0.0077987101275425776,-4.4781248880156905,20.667627218879836,-9.639305721719843,False,38.0,43.0,-0.03498535068762258,0.025971216727208417,0.0,-0.6425623381802303,2.0224787902100827
88003,product_to_joint_diagP,0.25,164,0.0077987101275425776,1.7778725997324596,43.00808450527802,-3.5575349844650592,False,38.0,43.0,0.01388962968540984,0.11279644365314548,0.7158292765588425,0.32793567192319895,2.0224787902100827
88003,product_to_joint_diagP,0.5,164,0.0077987101275425776,3.240060890650306,46.59286758270462,-2.123303377638183,False,38.0,43.0,0.025312975708205517,0.1324009344225737,0.8831370781572866,0.811044120495553,2.0224787902100827
88003,product_to_joint_diagP,0.75,164,0.0077987101275425776,3.8921797266383185,48.09124612828604,-1.4828699615884888,False,38.0,43.0,0.030407654114361863,0.14106015345284345,0.9577543962604176,1.1353982847937778,2.0224787902100827
88003,product_to_joint_diagP,1.0,164,0.0077987101275425776,4.261385624633617,48.91537581805792,-1.1200912121512232,False,38.0,43.0,0.03329207519245013,0.1459396723279935,1.0,1.3799164520298524,2.0224787902100827
88003,gaussian_to_joint,0.0,164,0.0077987101275425776,1.8532436027066095,47.60687732600183,-3.518028633636358,False,38.0,43.0,0.014478465646145387,0.13823097953692548,0.0,1.4351933196434015,-0.01715083468397749
88003,gaussian_to_joint,0.25,164,0.0077987101275425776,2.322874201878093,47.92012639104933,-3.050840973120904,False,38.0,43.0,0.0181474547021726,0.1400573799642421,0.2467980261162416,1.4309331087306805,-0.01715083468397749
88003,gaussian_to_joint,0.5,164,0.0077987101275425776,2.796531980717903,48.22936931337373,-2.579594890191296,False,38.0,43.0,0.02184790609935862,0.14187217189732643,0.4957123964287767,1.426654670742066,-0.01715083468397749
88003,gaussian_to_joint,0.75,164,0.0077987101275425776,3.274268963133724,48.5345976414544,-2.1042382950288903,False,38.0,43.0,0.02558022627448222,0.1436748515757978,0.7467704502927247,1.422357849040087,-0.01715083468397749
88003,gaussian_to_joint,1.0,164,0.0077987101275425776,3.756138072982031,48.835799653477515,-1.6247181723621842,False,38.0,43.0,0.029344828695172118,0.14546490037808804,1.0,1.418042484959424,-0.01715083468397749
88004,product_to_joint,0.0,0,0.007798710127542649,0.0,12.890462726661413,-5.100528982215125,False,-6.0,-1.0,-1.2488856386635861e-20,0.010041847491909619,0.0,1.1151861303294424,0.0
88004,product_to_joint,0.25,0,0.007798710127542649,0.0,12.890462726661411,-5.100528982215125,False,-6.0,-1.0,-6.329934297457138e-19,0.010041847491909617,0.25,1.1151861303294424,0.0
88004,product_to_joint,0.5,0,0.007798710127542649,0.0,12.890462726661411,-5.100528982215125,False,-6.0,-1.0,6.411556638439304e-19,0.010041847491909617,0.5,1.1151861303294424,0.0
88004,product_to_joint,0.75,0,0.007798710127542649,0.0,12.890462726661413,-5.100528982215125,False,-6.0,-1.0,4.738396538401912e-19,0.010041847491909619,0.75,1.1151861303294424,0.0
88004,product_to_joint,1.0,0,0.007798710127542649,0.0,12.890462726661411,-5.100528982215125,False,-6.0,-1.0,6.110355103519841e-19,0.010041847491909617,1.0,1.1151861303294424,0.0
88004,product_to_joint_diagP,0.0,0,0.007798710127542649,0.0,12.890462726661413,-5.100528982215125,False,-6.0,-1.0,-1.2488856386635861e-20,0.010041847491909619,0.0,1.1151861303294424,0.0
88004,product_to_joint_diagP,0.25,0,0.007798710127542649,0.0,12.890462726661411,-5.100528982215125,False,-6.0,-1.0,-6.329934297457138e-19,0.010041847491909617,0.25,1.1151861303294424,0.0
88004,product_to_joint_diagP,0.5,0,0.007798710127542649,0.0,12.890462726661411,-5.100528982215125,False,-6.0,-1.0,6.411556638439304e-19,0.010041847491909617,0.5,1.1151861303294424,0.0
88004,product_to_joint_diagP,0.75,0,0.007798710127542649,0.0,12.890462726661413,-5.100528982215125,False,-6.0,-1.0,4.738396538401912e-19,0.010041847491909619,0.75,1.1151861303294424,0.0
88004,product_to_joint_diagP,1.0,0,0.007798710127542649,0.0,12.890462726661411,-5.100528982215125,False,-6.0,-1.0,6.110355103519841e-19,0.010041847491909617,1.0,1.1151861303294424,0.0
88004,gaussian_to_joint,0.0,0,0.007798710127542649,0.0,12.890462726661411,-5.100528982215125,False,-6.0,-1.0,6.110355103519841e-19,0.010041847491909617,0.0,1.1151861303294424,0.0
88004,gaussian_to_joint,0.25,0,0.007798710127542649,0.0,12.890462726661413,-5.100528982215125,False,-6.0,-1.0,6.855744097103625e-19,0.01004184749190962,0.25,1.1151861303294424,0.0
88004,gaussian_to_joint,0.5,0,0.007798710127542649,0.0,12.890462726661411,-5.100528982215125,False,-6.0,-1.0,6.584698885415723e-19,0.010041847491909617,0.5,1.1151861303294424,0.0
88004,gaussian_to_joint,0.75,0,0.007798710127542649,0.0,12.890462726661413,-5.100528982215125,False,-6.0,-1.0,6.855744097103625e-19,0.01004184749190962,0.75,1.1151861303294424,0.0
88004,gaussian_to_joint,1.0,0,0.007798710127542649,0.0,12.890462726661411,-5.100528982215125,False,-6.0,-1.0,6.110355103519841e-19,0.010041847491909617,1.0,1.1151861303294424,0.0
88004,product_to_joint,0.0,4,0.007798710127542649,0.0,11.158957255116814,-5.087025472958295,False,-4.0,1.0,1.7605518457110832e-19,0.007500239686372324,0.0,1.809762563682225,0.0
88004,product_to_joint,0.25,4,0.007798710127542649,0.0,11.158957255116814,-5.087025472958295,False,-4.0,1.0,-4.8673244227975573e-20,0.007500239686372325,0.25,1.809762563682225,0.0
88004,product_to_joint,0.5,4,0.007798710127542649,0.0,11.158957255116814,-5.087025472958295,False,-4.0,1.0,7.106851321270845e-19,0.007500239686372324,0.49999999999999994,1.809762563682225,0.0
88004,product_to_joint,0.75,4,0.007798710127542649,0.0,11.158957255116814,-5.087025472958295,False,-4.0,1.0,7.577918123108183e-19,0.007500239686372325,0.7500000000000001,1.809762563682225,0.0
88004,product_to_joint,1.0,4,0.007798710127542649,0.0,11.158957255116814,-5.087025472958295,False,-4.0,1.0,7.586088858102618e-19,0.007500239686372325,1.0,1.809762563682225,0.0
88004,product_to_joint_diagP,0.0,4,0.007798710127542649,0.0,11.158957255116814,-5.087025472958295,False,-4.0,1.0,1.7605518457110832e-19,0.007500239686372324,0.0,1.809762563682225,0.0
88004,product_to_joint_diagP,0.25,4,0.007798710127542649,0.0,11.158957255116814,-5.087025472958295,False,-4.0,1.0,-4.8673244227975573e-20,0.007500239686372325,0.25,1.809762563682225,0.0
88004,product_to_joint_diagP,0.5,4,0.007798710127542649,0.0,11.158957255116814,-5.087025472958295,False,-4.0,1.0,7.106851321270845e-19,0.007500239686372324,0.49999999999999994,1.809762563682225,0.0
88004,product_to_joint_diagP,0.75,4,0.007798710127542649,0.0,11.158957255116814,-5.087025472958295,False,-4.0,1.0,7.577918123108183e-19,0.007500239686372325,0.7500000000000001,1.809762563682225,0.0
88004,product_to_joint_diagP,1.0,4,0.007798710127542649,0.0,11.158957255116814,-5.087025472958295,False,-4.0,1.0,7.586088858102618e-19,0.007500239686372325,1.0,1.809762563682225,0.0
88004,gaussian_to_joint,0.0,4,0.007798710127542649,0.0,11.158957255116814,-5.087025472958295,False,-4.0,1.0,7.586088858102618e-19,0.007500239686372325,0.0,1.809762563682225,0.0
88004,gaussian_to_joint,0.25,4,0.007798710127542649,0.0,11.158957255116814,-5.087025472958295,False,-4.0,1.0,9.820634564853365e-19,0.007500239686372325,0.25,1.809762563682225,0.0
88004,gaussian_to_joint,0.5,4,0.007798710127542649,0.0,11.158957255116814,-5.087025472958295,False,-4.0,1.0,8.6702928844743545e-19,0.007500239686372325,0.49999999999999994,1.809762563682225,0.0
88004,gaussian_to_joint,0.75,4,0.007798710127542649,0.0,11.158957255116814,-5.087025472958295,False,-4.0,1.0,9.820634564853365e-19,0.007500239686372325,0.7500000000000001,1.809762563682225,0.0
88004,gaussian_to_joint,1.0,4,0.007798710127542649,0.0,11.158957255116814,-5.087025472958295,False,-4.0,1.0,7.586088858102618e-19,0.007500239686372325,1.0,1.809762563682225,0.0
88004,product_to_joint,0.0,8,0.052798710127542656,0.0,11.158957255116814,-5.589178549438552,False,-5.0,0.0,1.7605518457110832e-19,0.007500239686372324,0.0,1.809762563682225,0.0
88004,product_to_joint,0.25,8,0.052798710127542656,0.0,11.158957255116814,-5.589178549438552,False,-5.0,0.0,-4.8673244227975573e-20,0.007500239686372325,0.25,1.809762563682225,0.0
88004,product_to_joint,0.5,8,0.052798710127542656,0.0,11.158957255116814,-5.589178549438552,False,-5.0,0.0,7.106851321270845e-19,0.007500239686372324,0.49999999999999994,1.809762563682225,0.0
88004,product_to_joint,0.75,8,0.052798710127542656,0.0,11.158957255116814,-5.589178549438552,False,-5.0,0.0,7.577918123108183e-19,0.007500239686372325,0.7500000000000001,1.809762563682225,0.0
88004,product_to_joint,1.0,8,0.052798710127542656,0.0,11.158957255116814,-5.589178549438552,False,-5.0,0.0,7.586088858102618e-19,0.007500239686372325,1.0,1.809762563682225,0.0
88004,product_to_joint_diagP,0.0,8,0.052798710127542656,0.0,11.158957255116814,-5.589178549438552,False,-5.0,0.0,1.7605518457110832e-19,0.007500239686372324,0.0,1.809762563682225,0.0
88004,product_to_joint_diagP,0.25,8,0.052798710127542656,0.0,11.158957255116814,-5.589178549438552,False,-5.0,0.0,-4.8673244227975573e-20,0.007500239686372325,0.25,1.809762563682225,0.0
88004,product_to_joint_diagP,0.5,8,0.052798710127542656,0.0,11.158957255116814,-5.589178549438552,False,-5.0,0.0,7.106851321270845e-19,0.007500239686372324,0.49999999999999994,1.809762563682225,0.0
88004,product_to_joint_diagP,0.75,8,0.052798710127542656,0.0,11.158957255116814,-5.589178549438552,False,-5.0,0.0,7.577918123108183e-19,0.007500239686372325,0.7500000000000001,1.809762563682225,0.0
88004,product_to_joint_diagP,1.0,8,0.052798710127542656,0.0,11.158957255116814,-5.589178549438552,False,-5.0,0.0,7.586088858102618e-19,0.007500239686372325,1.0,1.809762563682225,0.0
88004,gaussian_to_joint,0.0,8,0.052798710127542656,0.0,11.158957255116814,-5.589178549438552,False,-5.0,0.0,7.586088858102618e-19,0.007500239686372325,0.0,1.809762563682225,0.0
88004,gaussian_to_joint,0.25,8,0.052798710127542656,0.0,11.158957255116814,-5.589178549438552,False,-5.0,0.0,9.820634564853365e-19,0.007500239686372325,0.25,1.809762563682225,0.0
88004,gaussian_to_joint,0.5,8,0.052798710127542656,0.0,11.158957255116814,-5.589178549438552,False,-5.0,0.0,8.6702928844743545e-19,0.007500239686372325,0.49999999999999994,1.809762563682225,0.0
88004,gaussian_to_joint,0.75,8,0.052798710127542656,0.0,11.158957255116814,-5.589178549438552,False,-5.0,0.0,9.820634564853365e-19,0.007500239686372325,0.7500000000000001,1.809762563682225,0.0
88004,gaussian_to_joint,1.0,8,0.052798710127542656,0.0,11.158957255116814,-5.589178549438552,False,-5.0,0.0,7.586088858102618e-19,0.007500239686372325,1.0,1.809762563682225,0.0
88004,product_to_joint,0.0,12,0.04779871012754265,0.10729373976683029,10.941098668430019,-5.415676663962299,False,-5.0,0.0,0.0008382323419283617,0.007206374516132883,0.0,1.8659763743434001,0.007779462065588216
88004,product_to_joint,0.25,12,0.04779871012754265,0.11164077087267202,10.944733709939891,-5.4115033831518895,False,-5.0,0.0,0.0008721935224427501,0.007211230223479896,0.251461484156689,1.867926920965465,0.007779462065588216
88004,product_to_joint,0.5,12,0.04779871012754265,0.11597089328199803,10.94835169639718,-5.407346195828481,False,-5.0,0.0,0.0009060226037656096,0.007216064750244325,0.5019448557078465,1.8698736703608714,0.007779462065588216
88004,product_to_joint,0.75,12,0.04779871012754265,0.12028420545823468,10.951952746931303,-5.403205009222879,False,-5.0,0.0,0.0009397203551424584,0.007220878233094245,0.751455810439642,1.8718166372854,0.007779462065588216
88004,product_to_joint,1.0,12,0.04779871012754265,0.1245808051017894,10.955536979567114,-5.399079731276113,False,-5.0,0.0,0.0009732875398577297,0.007225670807535554,1.0,1.8737558364089884,0.007779462065588216
88004,product_to_joint_diagP,0.0,12,0.04779871012754265,0.10729373976683029,10.941098668430019,-5.415676663962299,False,-5.0,0.0,0.0008382323419283617,0.007206374516132883,0.0,1.8659763743434001,0.0077353291032493665
88004,product_to_joint_diagP,0.25,12,0.04779871012754265,0.11164001848383219,10.94461574124246,-5.411498496789156,False,-5.0,0.0,0.000872187644404939,0.007211072614956801,0.25145317716182164,1.8679158234085618,0.0077353291032493665
88004,product_to_joint_diagP,0.5,12,0.04779871012754265,0.1159694873365274,10.948116372528515,-5.407336353596567,False,-5.0,0.0,0.0009060116198166203,0.007215750250636409,0.501933822633248,1.8698515182909192,0.0077353291032493665
88004,product_to_joint_diagP,0.75,12,0.04779871012754265,0.12028224365857898,10.951600676595607,-5.403190142514615,False,-5.0,0.0,0.0009397050285826483,0.007220407554907798,0.7514475676358786,1.8717834734963077,0.0077353291032493665
88004,product_to_joint_diagP,1.0,12,0.04779871012754265,0.1245783840336434,10.955068766697133,-5.399059772373009,False,-5.0,0.0,0.000973268625262839,0.0072250446583900785,1.0,1.8737117034466495,0.0077353291032493665
88004,gaussian_to_joint,0.0,12,0.04779871012754265,0.08590018493446652,10.986054203541745,-5.439219035386097,False,-5.0,0.0,0.0006710951948005197,0.007266539731638015,0.0,1.8647757328109007,0.008980103598087652
88004,gaussian_to_joint,0.25,12,0.04779871012754265,0.0956356153280546,10.978394220861727,-5.429117467700805,False,-5.0,0.0,0.0007471532447504266,0.007256270731729136,0.2516875466700059,1.867028330231197,0.008980103598087652
88004,gaussian_to_joint,0.5,12,0.04779871012754265,0.10532733342864378,10.970754738197696,-5.4190605921828325,False,-5.0,0.0,0.0008228697924112795,0.007246036348003368,0.5022450108126467,1.8692758648586527,0.008980103598087652
88004,gaussian_to_joint,0.75,12,0.04779871012754265,0.1149756329804861,10.963135682160196,-5.409048111580009,False,-5.0,0.0,0.0008982471326600477,0.00723583642489344,0.751679986521579,1.8715183593998592,0.008980103598087652
88004,gaussian_to_joint,1.0,12,0.04779871012754265,0.1245808051017894,10.955536979567114,-5.399079731276113,False,-5.0,0.0,0.0009732875398577297,0.007225670807535554,1.0,1.8737558364089884,0.008980103598087652
88004,product_to_joint,0.0,16,0.04279871012754265,0.0,11.158957255116814,-5.477588976887383,False,-5.0,0.0,1.7605518457110832e-19,0.007500239686372324,0.0,1.809762563682225,0.0
88004,product_to_joint,0.25,16,0.04279871012754265,0.0,11.158957255116814,-5.477588976887383,False,-5.0,0.0,-4.8673244227975573e-20,0.007500239686372325,0.25,1.809762563682225,0.0
88004,product_to_joint,0.5,16,0.04279871012754265,0.0,11.158957255116814,-5.477588976887383,False,-5.0,0.0,7.106851321270845e-19,0.007500239686372324,0.49999999999999994,1.809762563682225,0.0
88004,product_to_joint,0.75,16,0.04279871012754265,0.0,11.158957255116814,-5.477588976887383,False,-5.0,0.0,7.577918123108183e-19,0.007500239686372325,0.7500000000000001,1.809762563682225,0.0
88004,product_to_joint,1.0,16,0.04279871012754265,0.0,11.158957255116814,-5.477588976887383,False,-5.0,0.0,7.586088858102618e-19,0.007500239686372325,1.0,1.809762563682225,0.0
88004,product_to_joint_diagP,0.0,16,0.04279871012754265,0.0,11.158957255116814,-5.477588976887383,False,-5.0,0.0,1.7605518457110832e-19,0.007500239686372324,0.0,1.809762563682225,0.0
88004,product_to_joint_diagP,0.25,16,0.04279871012754265,0.0,11.158957255116814,-5.477588976887383,False,-5.0,0.0,-4.8673244227975573e-20,0.007500239686372325,0.25,1.809762563682225,0.0
88004,product_to_joint_diagP,0.5,16,0.04279871012754265,0.0,11.158957255116814,-5.477588976887383,False,-5.0,0.0,7.106851321270845e-19,0.007500239686372324,0.49999999999999994,1.809762563682225,0.0
88004,product_to_joint_diagP,0.75,16,0.04279871012754265,0.0,11.158957255116814,-5.477588976887383,False,-5.0,0.0,7.577918123108183e-19,0.007500239686372325,0.7500000000000001,1.809762563682225,0.0
88004,product_to_joint_diagP,1.0,16,0.04279871012754265,0.0,11.158957255116814,-5.477588976887383,False,-5.0,0.0,7.586088858102618e-19,0.007500239686372325,1.0,1.809762563682225,0.0
88004,gaussian_to_joint,0.0,16,0.04279871012754265,0.0,11.158957255116814,-5.477588976887383,False,-5.0,0.0,7.586088858102618e-19,0.007500239686372325,0.0,1.809762563682225,0.0
88004,gaussian_to_joint,0.25,16,0.04279871012754265,0.0,11.158957255116814,-5.477588976887383,False,-5.0,0.0,9.820634564853365e-19,0.007500239686372325,0.25,1.809762563682225,0.0
88004,gaussian_to_joint,0.5,16,0.04279871012754265,0.0,11.158957255116814,-5.477588976887383,False,-5.0,0.0,8.6702928844743545e-19,0.007500239686372325,0.49999999999999994,1.809762563682225,0.0
88004,gaussian_to_joint,0.75,16,0.04279871012754265,0.0,11.158957255116814,-5.477588976887383,False,-5.0,0.0,9.820634564853365e-19,0.007500239686372325,0.7500000000000001,1.809762563682225,0.0
88004,gaussian_to_joint,1.0,16,0.04279871012754265,0.0,11.158957255116814,-5.477588976887383,False,-5.0,0.0,7.586088858102618e-19,0.007500239686372325,1.0,1.809762563682225,0.0
88004,product_to_joint,0.0,20,0.03779871012754264,1.3227583673701835,10.994921486392693,-4.092835482769065,False,4.0,7.0,0.010334049745079558,0.00727843618725218,0.0,1.8450869932407352,0.007159362046003537
88004,product_to_joint,0.25,20,0.03779871012754264,1.3291603764864686,11.000382125395323,-4.086639878763551,False,4.0,7.0,0.010384065441300536,0.007285767022992975,0.2513447815841264,1.8468816447770435,0.007159362046003537
88004,product_to_joint,0.5,20,0.03779871012754264,1.3355394685500983,11.005816818287665,-4.080466211081191,False,4.0,7.0,0.010433902098047643,0.00729306664048484,0.5017898328664651,1.848673081308167,0.007159362046003537
88004,product_to_joint,0.75,20,0.03779871012754264,1.3418957663943052,11.011225747781447,-4.07431436379502,False,4.0,7.0,0.01048356067495551,0.00730033523367951,0.751339976316198,1.8504613143324695,0.007159362046003537
88004,product_to_joint,1.0,20,0.03779871012754264,1.348229391976051,11.01660909487811,-4.068184221789696,False,4.0,7.0,0.010533042124812899,0.00730757299495551,1.0,1.8522463552867388,0.007159362046003537
88004,product_to_joint_diagP,0.0,20,0.03779871012754264,1.3227583673701835,10.994921486392693,-4.092835482769065,False,4.0,7.0,0.010334049745079558,0.00727843618725218,0.0,1.8450869932407352,0.007113933636679448
88004,product_to_joint_diagP,0.25,20,0.03779871012754264,1.329159047944778,11.00025899861405,-4.0866365532717275,False,4.0,7.0,0.010384055062068577,0.007285601686803552,0.25133623339045047,1.84687022677759,0.007113933636679448
88004,product_to_joint_diagP,0.5,20,0.03779871012754264,1.3355369616069712,11.005571248051808,-4.080459435786157,False,4.0,7.0,0.010433882512554463,0.007292736724605995,0.5017784759087428,1.8486502860522087,0.007113933636679448
88004,product_to_joint_diagP,0.75,20,0.03779871012754264,1.3418922296123255,11.010858411650307,-4.074304015745059,False,4.0,7.0,0.010483533043846293,0.007299841489343891,0.7513314889106066,1.850427182345268,0.007113933636679448
88004,product_to_joint_diagP,1.0,20,0.03779871012754264,1.3482249723568658,11.016120664708223,-4.068170179378473,False,4.0,7.0,0.010533007596538014,0.007306916168176974,1.0,1.8522009268774147,0.007113933636679448
88004,gaussian_to_joint,0.0,20,0.03779871012754264,1.2806702458866188,11.035568496997568,-4.1364600088240335,False,4.0,7.0,0.01000523629598921,0.0073330915559036355,0.0,1.845346022226677,0.006900333060061659
88004,gaussian_to_joint,0.25,20,0.03779871012754264,1.2976475919733288,11.030846064579176,-4.119304160883244,False,4.0,7.0,0.010137871812291631,0.007326731256130488,0.25129604308846093,1.8470755744915666,0.006900333060061659
88004,gaussian_to_joint,0.5,20,0.03779871012754264,1.3145663636212168,11.026111907598374,-4.1022064442079405,False,4.0,7.0,0.010270049715790756,0.007320357897881021,0.5017250764201193,1.8488021405694424,0.006900333060061659
88004,gaussian_to_joint,0.75,20,0.03779871012754264,1.331426863444403,11.021366195270982,-4.0851665625801425,False,4.0,7.0,0.010401772370659399,0.0073139717291419645,0.7512915792421941,1.850525730754235,0.006900333060061659
88004,gaussian_to_joint,1.0,20,0.03779871012754264,1.348229391976051,11.01660909487811,-4.068184221789696,False,4.0,7.0,0.010533042124812899,0.00730757299495551,1.0,1.8522463552867388,0.006900333060061659
88004,product_to_joint,0.0,24,0.03279871012754264,0.0,11.158957255116814,-5.365999404336216,False,-5.0,0.0,1.7605518457110832e-19,0.007500239686372324,0.0,1.809762563682225,0.0
88004,product_to_joint,0.25,24,0.03279871012754264,0.0,11.158957255116814,-5.365999404336216,False,-5.0,0.0,-4.8673244227975573e-20,0.007500239686372325,0.25,1.809762563682225,0.0
88004,product_to_joint,0.5,24,0.03279871012754264,0.0,11.158957255116814,-5.365999404336216,False,-5.0,0.0,7.106851321270845e-19,0.007500239686372324,0.49999999999999994,1.809762563682225,0.0
88004,product_to_joint,0.75,24,0.03279871012754264,0.0,11.158957255116814,-5.365999404336216,False,-5.0,0.0,7.577918123108183e-19,0.007500239686372325,0.7500000000000001,1.809762563682225,0.0
88004,product_to_joint,1.0,24,0.03279871012754264,0.0,11.158957255116814,-5.365999404336216,False,-5.0,0.0,7.586088858102618e-19,0.007500239686372325,1.0,1.809762563682225,0.0
88004,product_to_joint_diagP,0.0,24,0.03279871012754264,0.0,11.158957255116814,-5.365999404336216,False,-5.0,0.0,1.7605518457110832e-19,0.007500239686372324,0.0,1.809762563682225,0.0
88004,product_to_joint_diagP,0.25,24,0.03279871012754264,0.0,11.158957255116814,-5.365999404336216,False,-5.0,0.0,-4.8673244227975573e-20,0.007500239686372325,0.25,1.809762563682225,0.0
88004,product_to_joint_diagP,0.5,24,0.03279871012754264,0.0,11.158957255116814,-5.365999404336216,False,-5.0,0.0,7.106851321270845e-19,0.007500239686372324,0.49999999999999994,1.809762563682225,0.0
88004,product_to_joint_diagP,0.75,24,0.03279871012754264,0.0,11.158957255116814,-5.365999404336216,False,-5.0,0.0,7.577918123108183e-19,0.007500239686372325,0.7500000000000001,1.809762563682225,0.0
88004,product_to_joint_diagP,1.0,24,0.03279871012754264,0.0,11.158957255116814,-5.365999404336216,False,-5.0,0.0,7.586088858102618e-19,0.007500239686372325,1.0,1.809762563682225,0.0
88004,gaussian_to_joint,0.0,24,0.03279871012754264,0.0,11.158957255116814,-5.365999404336216,False,-5.0,0.0,7.586088858102618e-19,0.007500239686372325,0.0,1.809762563682225,0.0
88004,gaussian_to_joint,0.25,24,0.03279871012754264,0.0,11.158957255116814,-5.365999404336216,False,-5.0,0.0,9.820634564853365e-19,0.007500239686372325,0.25,1.809762563682225,0.0
88004,gaussian_to_joint,0.5,24,0.03279871012754264,0.0,11.158957255116814,-5.365999404336216,False,-5.0,0.0,8.6702928844743545e-19,0.007500239686372325,0.49999999999999994,1.809762563682225,0.0
88004,gaussian_to_joint,0.75,24,0.03279871012754264,0.0,11.158957255116814,-5.365999404336216,False,-5.0,0.0,9.820634564853365e-19,0.007500239686372325,0.7500000000000001,1.809762563682225,0.0
88004,gaussian_to_joint,1.0,24,0.03279871012754264,0.0,11.158957255116814,-5.365999404336216,False,-5.0,0.0,7.586088858102618e-19,0.007500239686372325,1.0,1.809762563682225,0.0
88004,product_to_joint,0.0,28,0.027798710127542637,5.800930860192688,12.511585526512293,0.45312492090521506,True,4.0,9.0,0.045319772345255374,0.009454429466994135,0.0,1.4206459216186311,0.5577271344854915
88004,product_to_joint,0.25,28,0.027798710127542637,6.531567322719525,14.488284877312825,1.1288116911698456,True,4.0,9.0,0.05102786970874629,0.012711913982310273,0.36798169687649074,1.5918007737830178,0.5577271344854915
88004,product_to_joint,0.5,28,0.027798710127542637,7.063578100029824,15.751200598523747,1.625715040430686,True,4.0,9.0,0.055184203906483,0.015042841814876393,0.6359264801332312,1.7378981951428658,0.5577271344854915
88004,product_to_joint,0.75,28,0.027798710127542637,7.468266636653824,16.636449631799522,2.005794795787965,True,4.0,9.0,0.058345833098858,0.016792789083947907,0.8397460019489698,1.865346795154935,0.5577271344854915
88004,product_to_joint,1.0,28,0.027798710127542637,7.786454783606926,17.294052525313763,2.3057024305252316,True,4.0,9.0,0.06083167799692911,0.018154654098407677,1.0,1.9783730561041226,0.5577271344854915
88004,product_to_joint_diagP,0.0,28,0.027798710127542637,5.800930860192688,12.511585526512293,0.45312492090521506,True,4.0,9.0,0.045319772345255374,0.009454429466994135,0.0,1.4206459216186311,0.5373938898417938
88004,product_to_joint_diagP,0.25,28,0.027798710127542637,6.5205392439078915,14.42886328875629,1.1194354558738135,True,4.0,9.0,0.0509417128430304,0.012607037097510924,0.3632655926362329,1.5843665024357128,0.5373938898417938
88004,product_to_joint_diagP,0.5,28,0.027798710127542637,7.051313806970986,15.672477857166129,1.6156391380392945,True,4.0,9.0,0.05508838911696083,0.01489185560201188,0.6312059621076099,1.7250156947244437,0.5373938898417938
88004,product_to_joint_diagP,0.75,28,0.027798710127542637,7.45896174315671,16.55278249391762,1.998815740804032,True,4.0,9.0,0.058273138618411796,0.016623303728695412,0.8369907646149288,1.8482999814750487,0.5373938898417938
88004,product_to_joint_diagP,1.0,28,0.027798710127542637,7.781873724869129,17.211333733822176,2.303420847494211,True,4.0,9.0,0.06079588847554007,0.017980444878967605,1.0,1.958039811460425,0.5373938898417938
88004,gaussian_to_joint,0.0,28,0.027798710127542637,7.220018620379891,16.48934753857881,1.7616360279626297,True,4.0,9.0,0.0564063954717179,0.016495372451662292,0.0,1.976284784363843,0.0020882717402797013
88004,gaussian_to_joint,0.25,28,0.027798710127542637,7.361849565573738,16.696283184106573,1.897714429131395,True,4.0,9.0,0.05751444973104483,0.016914518564689937,0.25039175533183317,1.9768072612735796,0.0020882717402797013
88004,gaussian_to_joint,0.5,28,0.027798710127542637,7.50353242004403,16.89928467877208,2.0337541038960225,True,4.0,9.0,0.05862134703159398,0.01733077530848271,0.5005220677453472,1.977329465343741,0.0020882717402797013
88004,gaussian_to_joint,0.75,28,0.027798710127542637,7.645067415609903,17.098496152312933,2.1697512774548526,True,4.0,9.0,0.05972708918445237,0.017744151041910412,0.7503913464996251,1.977851396859136,0.0020882717402797013
88004,gaussian_to_joint,1.0,28,0.027798710127542637,7.786454783606926,17.294052525313763,2.3057024305252316,True,4.0,9.0,0.06083167799692911,0.018154654098407677,1.0,1.9783730561041226,0.0020882717402797013
88004,product_to_joint,0.0,32,0.022798710127542636,0.0,11.158957255116814,-5.254409831785047,False,-5.0,0.0,1.7605518457110832e-19,0.007500239686372324,0.0,1.809762563682225,0.0
88004,product_to_joint,0.25,32,0.022798710127542636,0.0,11.158957255116814,-5.254409831785047,False,-5.0,0.0,-4.8673244227975573e-20,0.007500239686372325,0.25,1.809762563682225,0.0
88004,product_to_joint,0.5,32,0.022798710127542636,0.0,11.158957255116814,-5.254409831785047,False,-5.0,0.0,7.106851321270845e-19,0.007500239686372324,0.49999999999999994,1.809762563682225,0.0
88004,product_to_joint,0.75,32,0.022798710127542636,0.0,11.158957255116814,-5.254409831785047,False,-5.0,0.0,7.577918123108183e-19,0.007500239686372325,0.7500000000000001,1.809762563682225,0.0
88004,product_to_joint,1.0,32,0.022798710127542636,0.0,11.158957255116814,-5.254409831785047,False,-5.0,0.0,7.586088858102618e-19,0.007500239686372325,1.0,1.809762563682225,0.0
88004,product_to_joint_diagP,0.0,32,0.022798710127542636,0.0,11.158957255116814,-5.254409831785047,False,-5.0,0.0,1.7605518457110832e-19,0.007500239686372324,0.0,1.809762563682225,0.0
88004,product_to_joint_diagP,0.25,32,0.022798710127542636,0.0,11.158957255116814,-5.254409831785047,False,-5.0,0.0,-4.8673244227975573e-20,0.007500239686372325,0.25,1.809762563682225,0.0
88004,product_to_joint_diagP,0.5,32,0.022798710127542636,0.0,11.158957255116814,-5.254409831785047,False,-5.0,0.0,7.106851321270845e-19,0.007500239686372324,0.49999999999999994,1.809762563682225,0.0
88004,product_to_joint_diagP,0.75,32,0.022798710127542636,0.0,11.158957255116814,-5.254409831785047,False,-5.0,0.0,7.577918123108183e-19,0.007500239686372325,0.7500000000000001,1.809762563682225,0.0
88004,product_to_joint_diagP,1.0,32,0.022798710127542636,0.0,11.158957255116814,-5.254409831785047,False,-5.0,0.0,7.586088858102618e-19,0.007500239686372325,1.0,1.809762563682225,0.0
88004,gaussian_to_joint,0.0,32,0.022798710127542636,0.0,11.158957255116814,-5.254409831785047,False,-5.0,0.0,7.586088858102618e-19,0.007500239686372325,0.0,1.809762563682225,0.0
88004,gaussian_to_joint,0.25,32,0.022798710127542636,0.0,11.158957255116814,-5.254409831785047,False,-5.0,0.0,9.820634564853365e-19,0.007500239686372325,0.25,1.809762563682225,0.0
88004,gaussian_to_joint,0.5,32,0.022798710127542636,0.0,11.158957255116814,-5.254409831785047,False,-5.0,0.0,8.6702928844743545e-19,0.007500239686372325,0.49999999999999994,1.809762563682225,0.0
88004,gaussian_to_joint,0.75,32,0.022798710127542636,0.0,11.158957255116814,-5.254409831785047,False,-5.0,0.0,9.820634564853365e-19,0.007500239686372325,0.7500000000000001,1.809762563682225,0.0
88004,gaussian_to_joint,1.0,32,0.022798710127542636,0.0,11.158957255116814,-5.254409831785047,False,-5.0,0.0,7.586088858102618e-19,0.007500239686372325,1.0,1.809762563682225,0.0
88004,product_to_joint,0.0,36,0.017798710127542635,0.0,11.158957255116814,-5.198615045509463,False,-5.0,0.0,1.7605518457110832e-19,0.007500239686372324,0.0,1.809762563682225,0.0
88004,product_to_joint,0.25,36,0.017798710127542635,0.0,11.158957255116814,-5.198615045509463,False,-5.0,0.0,-4.8673244227975573e-20,0.007500239686372325,0.25,1.809762563682225,0.0
88004,product_to_joint,0.5,36,0.017798710127542635,0.0,11.158957255116814,-5.198615045509463,False,-5.0,0.0,7.106851321270845e-19,0.007500239686372324,0.49999999999999994,1.809762563682225,0.0
88004,product_to_joint,0.75,36,0.017798710127542635,0.0,11.158957255116814,-5.198615045509463,False,-5.0,0.0,7.577918123108183e-19,0.007500239686372325,0.7500000000000001,1.809762563682225,0.0
88004,product_to_joint,1.0,36,0.017798710127542635,0.0,11.158957255116814,-5.198615045509463,False,-5.0,0.0,7.586088858102618e-19,0.007500239686372325,1.0,1.809762563682225,0.0
88004,product_to_joint_diagP,0.0,36,0.017798710127542635,0.0,11.158957255116814,-5.198615045509463,False,-5.0,0.0,1.7605518457110832e-19,0.007500239686372324,0.0,1.809762563682225,0.0
88004,product_to_joint_diagP,0.25,36,0.017798710127542635,0.0,11.158957255116814,-5.198615045509463,False,-5.0,0.0,-4.8673244227975573e-20,0.007500239686372325,0.25,1.809762563682225,0.0
88004,product_to_joint_diagP,0.5,36,0.017798710127542635,0.0,11.158957255116814,-5.198615045509463,False,-5.0,0.0,7.106851321270845e-19,0.007500239686372324,0.49999999999999994,1.809762563682225,0.0
88004,product_to_joint_diagP,0.75,36,0.017798710127542635,0.0,11.158957255116814,-5.198615045509463,False,-5.0,0.0,7.577918123108183e-19,0.007500239686372325,0.7500000000000001,1.809762563682225,0.0
88004,product_to_joint_diagP,1.0,36,0.017798710127542635,0.0,11.158957255116814,-5.198615045509463,False,-5.0,0.0,7.586088858102618e-19,0.007500239686372325,1.0,1.809762563682225,0.0
88004,gaussian_to_joint,0.0,36,0.017798710127542635,0.0,11.158957255116814,-5.198615045509463,False,-5.0,0.0,7.586088858102618e-19,0.007500239686372325,0.0,1.809762563682225,0.0
88004,gaussian_to_joint,0.25,36,0.017798710127542635,0.0,11.158957255116814,-5.198615045509463,False,-5.0,0.0,9.820634564853365e-19,0.007500239686372325,0.25,1.809762563682225,0.0
88004,gaussian_to_joint,0.5,36,0.017798710127542635,0.0,11.158957255116814,-5.198615045509463,False,-5.0,0.0,8.6702928844743545e-19,0.007500239686372325,0.49999999999999994,1.809762563682225,0.0
88004,gaussian_to_joint,0.75,36,0.017798710127542635,0.0,11.158957255116814,-5.198615045509463,False,-5.0,0.0,9.820634564853365e-19,0.007500239686372325,0.7500000000000001,1.809762563682225,0.0
88004,gaussian_to_joint,1.0,36,0.017798710127542635,0.0,11.158957255116814,-5.198615045509463,False,-5.0,0.0,7.586088858102618e-19,0.007500239686372325,1.0,1.809762563682225,0.0
88004,product_to_joint,0.0,40,0.012798710127542634,0.0,12.849012371546142,-5.164450784768628,False,-5.0,0.0,1.0150388444745493e-18,0.009976728449960072,0.0,1.121657815441739,0.0
88004,product_to_joint,0.25,40,0.012798710127542634,0.0,12.849012371546143,-5.164450784768628,False,-5.0,0.0,1.2825214861955447e-18,0.009976728449960073,0.25,1.121657815441739,0.0
88004,product_to_joint,0.5,40,0.012798710127542634,0.0,12.849012371546143,-5.164450784768628,False,-5.0,0.0,6.841981836774803e-19,0.009976728449960073,0.5,1.121657815441739,0.0
88004,product_to_joint,0.75,40,0.012798710127542634,0.0,12.849012371546143,-5.164450784768628,False,-5.0,0.0,6.929332111180125e-19,0.009976728449960073,0.75,1.121657815441739,0.0
88004,product_to_joint,1.0,40,0.012798710127542634,0.0,12.849012371546143,-5.164450784768628,False,-5.0,0.0,1.0795243422007956e-18,0.009976728449960073,1.0,1.121657815441739,0.0
88004,product_to_joint_diagP,0.0,40,0.012798710127542634,0.0,12.849012371546142,-5.164450784768628,False,-5.0,0.0,1.0150388444745493e-18,0.009976728449960072,0.0,1.121657815441739,0.0
88004,product_to_joint_diagP,0.25,40,0.012798710127542634,0.0,12.849012371546143,-5.164450784768628,False,-5.0,0.0,1.2825214861955447e-18,0.009976728449960073,0.25,1.121657815441739,0.0
88004,product_to_joint_diagP,0.5,40,0.012798710127542634,0.0,12.849012371546143,-5.164450784768628,False,-5.0,0.0,6.841981836774803e-19,0.009976728449960073,0.5,1.121657815441739,0.0
88004,product_to_joint_diagP,0.75,40,0.012798710127542634,0.0,12.849012371546143,-5.164450784768628,False,-5.0,0.0,6.929332111180125e-19,0.009976728449960073,0.75,1.121657815441739,0.0
88004,product_to_joint_diagP,1.0,40,0.012798710127542634,0.0,12.849012371546143,-5.164450784768628,False,-5.0,0.0,1.0795243422007956e-18,0.009976728449960073,1.0,1.121657815441739,0.0
88004,gaussian_to_joint,0.0,40,0.012798710127542634,0.0,12.849012371546143,-5.164450784768628,False,-5.0,0.0,1.0795243422007956e-18,0.009976728449960073,0.0,1.121657815441739,0.0
88004,gaussian_to_joint,0.25,40,0.012798710127542634,0.0,12.849012371546143,-5.164450784768628,False,-5.0,0.0,7.407111632990757e-19,0.009976728449960073,0.25,1.121657815441739,0.0
88004,gaussian_to_joint,0.5,40,0.012798710127542634,0.0,12.849012371546143,-5.164450784768628,False,-5.0,0.0,8.084737990794194e-19,0.009976728449960073,0.5,1.121657815441739,0.0
88004,gaussian_to_joint,0.75,40,0.012798710127542634,0.0,12.849012371546143,-5.164450784768628,False,-5.0,0.0,7.407111632990757e-19,0.009976728449960073,0.75,1.121657815441739,0.0
88004,gaussian_to_joint,1.0,40,0.012798710127542634,0.0,12.849012371546143,-5.164450784768628,False,-5.0,0.0,1.0795243422007956e-18,0.009976728449960073,1.0,1.121657815441739,0.0
88004,product_to_joint,0.0,44,0.007798710127542633,0.0,11.158957255116814,-5.087025472958294,False,-5.0,0.0,1.7605518457110832e-19,0.007500239686372324,0.0,1.809762563682225,0.0
88004,product_to_joint,0.25,44,0.007798710127542633,0.0,11.158957255116814,-5.087025472958294,False,-5.0,0.0,-4.8673244227975573e-20,0.007500239686372325,0.25,1.809762563682225,0.0
88004,product_to_joint,0.5,44,0.007798710127542633,0.0,11.158957255116814,-5.087025472958294,False,-5.0,0.0,7.106851321270845e-19,0.007500239686372324,0.49999999999999994,1.809762563682225,0.0
88004,product_to_joint,0.75,44,0.007798710127542633,0.0,11.158957255116814,-5.087025472958294,False,-5.0,0.0,7.577918123108183e-19,0.007500239686372325,0.7500000000000001,1.809762563682225,0.0
88004,product_to_joint,1.0,44,0.007798710127542633,0.0,11.158957255116814,-5.087025472958294,False,-5.0,0.0,7.586088858102618e-19,0.007500239686372325,1.0,1.809762563682225,0.0
88004,product_to_joint_diagP,0.0,44,0.007798710127542633,0.0,11.158957255116814,-5.087025472958294,False,-5.0,0.0,1.7605518457110832e-19,0.007500239686372324,0.0,1.809762563682225,0.0
88004,product_to_joint_diagP,0.25,44,0.007798710127542633,0.0,11.158957255116814,-5.087025472958294,False,-5.0,0.0,-4.8673244227975573e-20,0.007500239686372325,0.25,1.809762563682225,0.0
88004,product_to_joint_diagP,0.5,44,0.007798710127542633,0.0,11.158957255116814,-5.087025472958294,False,-5.0,0.0,7.106851321270845e-19,0.007500239686372324,0.49999999999999994,1.809762563682225,0.0
88004,product_to_joint_diagP,0.75,44,0.007798710127542633,0.0,11.158957255116814,-5.087025472958294,False,-5.0,0.0,7.577918123108183e-19,0.007500239686372325,0.7500000000000001,1.809762563682225,0.0
88004,product_to_joint_diagP,1.0,44,0.007798710127542633,0.0,11.158957255116814,-5.087025472958294,False,-5.0,0.0,7.586088858102618e-19,0.007500239686372325,1.0,1.809762563682225,0.0
88004,gaussian_to_joint,0.0,44,0.007798710127542633,0.0,11.158957255116814,-5.087025472958294,False,-5.0,0.0,7.586088858102618e-19,0.007500239686372325,0.0,1.809762563682225,0.0
88004,gaussian_to_joint,0.25,44,0.007798710127542633,0.0,11.158957255116814,-5.087025472958294,False,-5.0,0.0,9.820634564853365e-19,0.007500239686372325,0.25,1.809762563682225,0.0
88004,gaussian_to_joint,0.5,44,0.007798710127542633,0.0,11.158957255116814,-5.087025472958294,False,-5.0,0.0,8.6702928844743545e-19,0.007500239686372325,0.49999999999999994,1.809762563682225,0.0
88004,gaussian_to_joint,0.75,44,0.007798710127542633,0.0,11.158957255116814,-5.087025472958294,False,-5.0,0.0,9.820634564853365e-19,0.007500239686372325,0.7500000000000001,1.809762563682225,0.0
88004,gaussian_to_joint,1.0,44,0.007798710127542633,0.0,11.158957255116814,-5.087025472958294,False,-5.0,0.0,7.586088858102618e-19,0.007500239686372325,1.0,1.809762563682225,0.0
88004,product_to_joint,0.0,48,0.002798710127542632,0.0,11.158957255116814,-5.031230686682711,False,-5.0,0.0,1.7605518457110832e-19,0.007500239686372324,0.0,1.809762563682225,0.0
88004,product_to_joint,0.25,48,0.002798710127542632,0.0,11.158957255116814,-5.031230686682711,False,-5.0,0.0,-4.8673244227975573e-20,0.007500239686372325,0.25,1.809762563682225,0.0
88004,product_to_joint,0.5,48,0.002798710127542632,0.0,11.158957255116814,-5.031230686682711,False,-5.0,0.0,7.106851321270845e-19,0.007500239686372324,0.49999999999999994,1.809762563682225,0.0
88004,product_to_joint,0.75,48,0.002798710127542632,0.0,11.158957255116814,-5.031230686682711,False,-5.0,0.0,7.577918123108183e-19,0.007500239686372325,0.7500000000000001,1.809762563682225,0.0
88004,product_to_joint,1.0,48,0.002798710127542632,0.0,11.158957255116814,-5.031230686682711,False,-5.0,0.0,7.586088858102618e-19,0.007500239686372325,1.0,1.809762563682225,0.0
88004,product_to_joint_diagP,0.0,48,0.002798710127542632,0.0,11.158957255116814,-5.031230686682711,False,-5.0,0.0,1.7605518457110832e-19,0.007500239686372324,0.0,1.809762563682225,0.0
88004,product_to_joint_diagP,0.25,48,0.002798710127542632,0.0,11.158957255116814,-5.031230686682711,False,-5.0,0.0,-4.8673244227975573e-20,0.007500239686372325,0.25,1.809762563682225,0.0
88004,product_to_joint_diagP,0.5,48,0.002798710127542632,0.0,11.158957255116814,-5.031230686682711,False,-5.0,0.0,7.106851321270845e-19,0.007500239686372324,0.49999999999999994,1.809762563682225,0.0
88004,product_to_joint_diagP,0.75,48,0.002798710127542632,0.0,11.158957255116814,-5.031230686682711,False,-5.0,0.0,7.577918123108183e-19,0.007500239686372325,0.7500000000000001,1.809762563682225,0.0
88004,product_to_joint_diagP,1.0,48,0.002798710127542632,0.0,11.158957255116814,-5.031230686682711,False,-5.0,0.0,7.586088858102618e-19,0.007500239686372325,1.0,1.809762563682225,0.0
88004,gaussian_to_joint,0.0,48,0.002798710127542632,0.0,11.158957255116814,-5.031230686682711,False,-5.0,0.0,7.586088858102618e-19,0.007500239686372325,0.0,1.809762563682225,0.0
88004,gaussian_to_joint,0.25,48,0.002798710127542632,0.0,11.158957255116814,-5.031230686682711,False,-5.0,0.0,9.820634564853365e-19,0.007500239686372325,0.25,1.809762563682225,0.0
88004,gaussian_to_joint,0.5,48,0.002798710127542632,0.0,11.158957255116814,-5.031230686682711,False,-5.0,0.0,8.6702928844743545e-19,0.007500239686372325,0.49999999999999994,1.809762563682225,0.0
88004,gaussian_to_joint,0.75,48,0.002798710127542632,0.0,11.158957255116814,-5.031230686682711,False,-5.0,0.0,9.820634564853365e-19,0.007500239686372325,0.7500000000000001,1.809762563682225,0.0
88004,gaussian_to_joint,1.0,48,0.002798710127542632,0.0,11.158957255116814,-5.031230686682711,False,-5.0,0.0,7.586088858102618e-19,0.007500239686372325,1.0,1.809762563682225,0.0
88004,product_to_joint,0.0,52,0.0,0.0,12.890462726661413,-5.0,False,-5.0,0.0,-1.2488856386635861e-20,0.010041847491909619,0.0,1.1151861303294424,0.0
88004,product_to_joint,0.25,52,0.0,0.0,12.890462726661411,-5.0,False,-5.0,0.0,-6.329934297457138e-19,0.010041847491909617,0.25,1.1151861303294424,0.0
88004,product_to_joint,0.5,52,0.0,0.0,12.890462726661411,-5.0,False,-5.0,0.0,6.411556638439304e-19,0.010041847491909617,0.5,1.1151861303294424,0.0
88004,product_to_joint,0.75,52,0.0,0.0,12.890462726661413,-5.0,False,-5.0,0.0,4.738396538401912e-19,0.010041847491909619,0.75,1.1151861303294424,0.0
88004,product_to_joint,1.0,52,0.0,0.0,12.890462726661411,-5.0,False,-5.0,0.0,6.110355103519841e-19,0.010041847491909617,1.0,1.1151861303294424,0.0
88004,product_to_joint_diagP,0.0,52,0.0,0.0,12.890462726661413,-5.0,False,-5.0,0.0,-1.2488856386635861e-20,0.010041847491909619,0.0,1.1151861303294424,0.0
88004,product_to_joint_diagP,0.25,52,0.0,0.0,12.890462726661411,-5.0,False,-5.0,0.0,-6.329934297457138e-19,0.010041847491909617,0.25,1.1151861303294424,0.0
88004,product_to_joint_diagP,0.5,52,0.0,0.0,12.890462726661411,-5.0,False,-5.0,0.0,6.411556638439304e-19,0.010041847491909617,0.5,1.1151861303294424,0.0
88004,product_to_joint_diagP,0.75,52,0.0,0.0,12.890462726661413,-5.0,False,-5.0,0.0,4.738396538401912e-19,0.010041847491909619,0.75,1.1151861303294424,0.0
88004,product_to_joint_diagP,1.0,52,0.0,0.0,12.890462726661411,-5.0,False,-5.0,0.0,6.110355103519841e-19,0.010041847491909617,1.0,1.1151861303294424,0.0
88004,gaussian_to_joint,0.0,52,0.0,0.0,12.890462726661411,-5.0,False,-5.0,0.0,6.110355103519841e-19,0.010041847491909617,0.0,1.1151861303294424,0.0
88004,gaussian_to_joint,0.25,52,0.0,0.0,12.890462726661413,-5.0,False,-5.0,0.0,6.855744097103625e-19,0.01004184749190962,0.25,1.1151861303294424,0.0
88004,gaussian_to_joint,0.5,52,0.0,0.0,12.890462726661411,-5.0,False,-5.0,0.0,6.584698885415723e-19,0.010041847491909617,0.5,1.1151861303294424,0.0
88004,gaussian_to_joint,0.75,52,0.0,0.0,12.890462726661413,-5.0,False,-5.0,0.0,6.855744097103625e-19,0.01004184749190962,0.75,1.1151861303294424,0.0
88004,gaussian_to_joint,1.0,52,0.0,0.0,12.890462726661411,-5.0,False,-5.0,0.0,6.110355103519841e-19,0.010041847491909617,1.0,1.1151861303294424,0.0
88004,product_to_joint,0.0,56,0.0,0.0,11.158957255116814,-5.0,False,-3.0,0.0,1.7605518457110832e-19,0.007500239686372324,0.0,1.809762563682225,0.0
88004,product_to_joint,0.25,56,0.0,0.0,11.158957255116814,-5.0,False,-3.0,0.0,-4.8673244227975573e-20,0.007500239686372325,0.25,1.809762563682225,0.0
88004,product_to_joint,0.5,56,0.0,0.0,11.158957255116814,-5.0,False,-3.0,0.0,7.106851321270845e-19,0.007500239686372324,0.49999999999999994,1.809762563682225,0.0
88004,product_to_joint,0.75,56,0.0,0.0,11.158957255116814,-5.0,False,-3.0,0.0,7.577918123108183e-19,0.007500239686372325,0.7500000000000001,1.809762563682225,0.0
88004,product_to_joint,1.0,56,0.0,0.0,11.158957255116814,-5.0,False,-3.0,0.0,7.586088858102618e-19,0.007500239686372325,1.0,1.809762563682225,0.0
88004,product_to_joint_diagP,0.0,56,0.0,0.0,11.158957255116814,-5.0,False,-3.0,0.0,1.7605518457110832e-19,0.007500239686372324,0.0,1.809762563682225,0.0
88004,product_to_joint_diagP,0.25,56,0.0,0.0,11.158957255116814,-5.0,False,-3.0,0.0,-4.8673244227975573e-20,0.007500239686372325,0.25,1.809762563682225,0.0
88004,product_to_joint_diagP,0.5,56,0.0,0.0,11.158957255116814,-5.0,False,-3.0,0.0,7.106851321270845e-19,0.007500239686372324,0.49999999999999994,1.809762563682225,0.0
88004,product_to_joint_diagP,0.75,56,0.0,0.0,11.158957255116814,-5.0,False,-3.0,0.0,7.577918123108183e-19,0.007500239686372325,0.7500000000000001,1.809762563682225,0.0
88004,product_to_joint_diagP,1.0,56,0.0,0.0,11.158957255116814,-5.0,False,-3.0,0.0,7.586088858102618e-19,0.007500239686372325,1.0,1.809762563682225,0.0
88004,gaussian_to_joint,0.0,56,0.0,0.0,11.158957255116814,-5.0,False,-3.0,0.0,7.586088858102618e-19,0.007500239686372325,0.0,1.809762563682225,0.0
88004,gaussian_to_joint,0.25,56,0.0,0.0,11.158957255116814,-5.0,False,-3.0,0.0,9.820634564853365e-19,0.007500239686372325,0.25,1.809762563682225,0.0
88004,gaussian_to_joint,0.5,56,0.0,0.0,11.158957255116814,-5.0,False,-3.0,0.0,8.6702928844743545e-19,0.007500239686372325,0.49999999999999994,1.809762563682225,0.0
88004,gaussian_to_joint,0.75,56,0.0,0.0,11.158957255116814,-5.0,False,-3.0,0.0,9.820634564853365e-19,0.007500239686372325,0.7500000000000001,1.809762563682225,0.0
88004,gaussian_to_joint,1.0,56,0.0,0.0,11.158957255116814,-5.0,False,-3.0,0.0,7.586088858102618e-19,0.007500239686372325,1.0,1.809762563682225,0.0
88004,product_to_joint,0.0,60,0.0,-3.5001189661717973,10.761466703331719,-8.500118966171797,False,18.0,21.0,-0.027344679423217166,0.006968430518000319,0.0,1.922111159962387,0.07838511224958333
88004,product_to_joint,0.25,60,0.0,-3.5418528399727753,10.934709536649724,-8.541852839972776,False,18.0,21.0,-0.027670725312287307,0.007197843789727686,0.26498315168330266,1.9422909446627714,0.07838511224958333
88004,product_to_joint,0.5,60,0.0,-3.581951893555519,11.098471080110407,-8.58195189355552,False,18.0,21.0,-0.027983999168402492,0.007418070087649357,0.5195862505603336,1.9620715477730246,0.07838511224958333
88004,product_to_joint,0.75,60,0.0,-3.6205103416028783,11.253558926366495,-8.620510341602879,False,18.0,21.0,-0.028285237043772487,0.007629650177563659,0.764407499034218,1.9814684560708264,0.07838511224958333
88004,product_to_joint,1.0,60,0.0,-3.6576152957907375,11.400685744893662,-8.657615295790738,False,18.0,21.0,-0.028575119498365137,0.00783308321861704,1.0,2.0004962722119703,0.07838511224958333
88004,product_to_joint_diagP,0.0,60,0.0,-3.5001189661717973,10.761466703331719,-8.500118966171797,False,18.0,21.0,-0.027344679423217166,0.006968430518000319,0.0,1.922111159962387,0.07592842737793637
88004,product_to_joint_diagP,0.25,60,0.0,-3.5415330175202677,10.928060985833765,-8.541533017520267,False,18.0,21.0,-0.02766822669937709,0.0071889719793763445,0.2645049466799642,1.9416405520754507,0.07592842737793637
88004,product_to_joint_diagP,0.5,60,0.0,-3.5813755718909355,11.085825118936084,-8.581375571890936,False,18.0,21.0,-0.027979496655397933,0.007400947178200331,0.5189729925789953,1.9607958413706674,0.07592842737793637
88004,product_to_joint_diagP,0.75,60,0.0,-3.619734411788486,11.235487878517434,-8.619734411788485,False,18.0,21.0,-0.02827917509209755,0.0076048454509467876,0.763964790566462,1.9795910914121273,0.07592842737793637
88004,product_to_joint_diagP,1.0,60,0.0,-3.6566909012841418,11.377694984391166,-8.656690901284142,False,18.0,21.0,-0.028567897666282357,0.007801119577504876,1.0,1.9980395873403234,0.07592842737793637
88004,gaussian_to_joint,0.0,60,0.0,-3.346793248684594,11.257963184394118,-8.346793248684595,False,18.0,21.0,-0.026146822255348392,0.007635701602854818,0.0,1.9771455071631592,0.023350765048811173
88004,gaussian_to_joint,0.25,60,0.0,-3.4258675512054637,11.295254615292853,-8.425867551205464,False,18.0,21.0,-0.026764590243792685,0.007687034718279693,0.2544037762349154,1.983034515027711,0.023350765048811173
88004,gaussian_to_joint,0.5,60,0.0,-3.5040186729438303,11.33144793069252,-8.50401867294383,False,18.0,21.0,-0.027375145882373674,0.007737018567260485,0.5058374260225657,1.9888890454176948,0.023350765048811173
88004,gaussian_to_joint,0.75,60,0.0,-3.581262687072308,11.366579906974742,-8.581262687072307,False,18.0,21.0,-0.027978614742752407,0.00778568962290295,0.7543526611792888,1.994709499684526,0.023350765048811173
88004,gaussian_to_joint,1.0,60,0.0,-3.6576152957907375,11.400685744893662,-8.657615295790738,False,18.0,21.0,-0.028575119498365137,0.00783308321861704,1.0,2.0004962722119703,0.023350765048811173
88004,product_to_joint,0.0,64,0.0,0.0,11.158957255116814,-5.0,False,-5.0,0.0,1.7605518457110832e-19,0.007500239686372324,0.0,1.809762563682225,0.0
88004,product_to_joint,0.25,64,0.0,0.0,11.158957255116814,-5.0,False,-5.0,0.0,-4.8673244227975573e-20,0.007500239686372325,0.25,1.809762563682225,0.0
88004,product_to_joint,0.5,64,0.0,0.0,11.158957255116814,-5.0,False,-5.0,0.0,7.106851321270845e-19,0.007500239686372324,0.49999999999999994,1.809762563682225,0.0
88004,product_to_joint,0.75,64,0.0,0.0,11.158957255116814,-5.0,False,-5.0,0.0,7.577918123108183e-19,0.007500239686372325,0.7500000000000001,1.809762563682225,0.0
88004,product_to_joint,1.0,64,0.0,0.0,11.158957255116814,-5.0,False,-5.0,0.0,7.586088858102618e-19,0.007500239686372325,1.0,1.809762563682225,0.0
88004,product_to_joint_diagP,0.0,64,0.0,0.0,11.158957255116814,-5.0,False,-5.0,0.0,1.7605518457110832e-19,0.007500239686372324,0.0,1.809762563682225,0.0
88004,product_to_joint_diagP,0.25,64,0.0,0.0,11.158957255116814,-5.0,False,-5.0,0.0,-4.8673244227975573e-20,0.007500239686372325,0.25,1.809762563682225,0.0
88004,product_to_joint_diagP,0.5,64,0.0,0.0,11.158957255116814,-5.0,False,-5.0,0.0,7.106851321270845e-19,0.007500239686372324,0.49999999999999994,1.809762563682225,0.0
88004,product_to_joint_diagP,0.75,64,0.0,0.0,11.158957255116814,-5.0,False,-5.0,0.0,7.577918123108183e-19,0.007500239686372325,0.7500000000000001,1.809762563682225,0.0
88004,product_to_joint_diagP,1.0,64,0.0,0.0,11.158957255116814,-5.0,False,-5.0,0.0,7.586088858102618e-19,0.007500239686372325,1.0,1.809762563682225,0.0
88004,gaussian_to_joint,0.0,64,0.0,0.0,11.158957255116814,-5.0,False,-5.0,0.0,7.586088858102618e-19,0.007500239686372325,0.0,1.809762563682225,0.0
88004,gaussian_to_joint,0.25,64,0.0,0.0,11.158957255116814,-5.0,False,-5.0,0.0,9.820634564853365e-19,0.007500239686372325,0.25,1.809762563682225,0.0
88004,gaussian_to_joint,0.5,64,0.0,0.0,11.158957255116814,-5.0,False,-5.0,0.0,8.6702928844743545e-19,0.007500239686372325,0.49999999999999994,1.809762563682225,0.0
88004,gaussian_to_joint,0.75,64,0.0,0.0,11.158957255116814,-5.0,False,-5.0,0.0,9.820634564853365e-19,0.007500239686372325,0.7500000000000001,1.809762563682225,0.0
88004,gaussian_to_joint,1.0,64,0.0,0.0,11.158957255116814,-5.0,False,-5.0,0.0,7.586088858102618e-19,0.007500239686372325,1.0,1.809762563682225,0.0
88004,product_to_joint,0.0,68,0.0,0.2347546369400919,11.61850788393407,-4.765245363059908,False,7.0,12.0,0.001834020601094468,0.008139118984926646,0.0,1.684358384942509,0.5177207423316421
88004,product_to_joint,0.25,68,0.0,0.9179257563282182,13.504139433553672,-4.082074243671782,False,7.0,12.0,0.007171294971314204,0.01103047984868526,0.35872747467588606,1.8409770683937379,0.5177207423316421
88004,product_to_joint,0.5,68,0.0,1.4280979376991239,14.73529895987102,-3.571902062300876,False,7.0,12.0,0.011157015138274405,0.01315250460429541,0.6266146453703761,1.9763554746930496,0.5177207423316421
88004,product_to_joint,0.75,68,0.0,1.8235986649263234,15.611644869788876,-3.1764013350736766,False,7.0,12.0,0.014246864569736901,0.014775699190698568,0.8342887889111041,2.0955727217056865,0.5177207423316421
88004,product_to_joint,1.0,68,0.0,2.139183953388124,16.270210848488084,-2.860816046611876,False,7.0,12.0,0.01671237463584472,0.016057211978409383,1.0,2.202079127274151,0.5177207423316421
88004,product_to_joint_diagP,0.0,68,0.0,0.2347546369400919,11.61850788393407,-4.765245363059908,False,7.0,12.0,0.001834020601094468,0.008139118984926646,0.0,1.684358384942509,0.4844121982003222
88004,product_to_joint_diagP,0.25,68,0.0,0.8919393018235582,13.375430735611976,-4.108060698176442,False,7.0,12.0,0.006968275795496548,0.010819320517770601,0.35110169686728054,1.8291555848395773,0.4844121982003222
88004,product_to_joint_diagP,0.5,68,0.0,1.3929910744347298,14.553404728035543,-3.60700892556527,False,7.0,12.0,0.010882742769021327,0.012827343089477986,0.618789208433509,1.9556140025244697,0.4844121982003222
88004,product_to_joint_diagP,0.75,68,0.0,1.787642922906438,15.406532370229279,-3.212357077093562,False,7.0,12.0,0.013965960335206546,0.014387380351252602,0.8296324326812872,2.067861039161756,0.4844121982003222
88004,product_to_joint_diagP,1.0,68,0.0,2.1065333003507893,16.055735804808794,-2.8934666996492107,False,7.0,12.0,0.01645729140899054,0.01563404859825556,1.0,2.168770583142831,0.4844121982003222
88004,gaussian_to_joint,0.0,68,0.0,1.1342359214616073,15.359142475671577,-3.8657640785383927,False,7.0,12.0,0.008861218136418807,0.014298392186766287,0.0,2.1632604440079892,0.03881868326616189
88004,gaussian_to_joint,0.25,68,0.0,1.3928581909786377,15.6048764650366,-3.6071418090213623,False,7.0,12.0,0.010881704617020607,0.014762803313540844,0.25734889894877744,2.1731072974661476,0.03881868326616189
88004,gaussian_to_joint,0.5,68,0.0,1.6464614027609228,15.838040091339225,-3.353538597239077,False,7.0,12.0,0.01286297970906971,0.01521027306731376,0.5097034523440621,2.1828581350869167,0.03881868326616189
88004,gaussian_to_joint,0.75,68,0.0,1.8951902592577685,16.059545526685557,-3.1048097407422315,False,7.0,12.0,0.014806173900451317,0.015641516267314828,0.7572076501681275,2.192514811287245,0.03881868326616189
88004,gaussian_to_joint,1.0,68,0.0,2.139183953388124,16.270210848488084,-2.860816046611876,False,7.0,12.0,0.01671237463584472,0.016057211978409383,1.0,2.202079127274151,0.03881868326616189
88004,product_to_joint,0.0,72,0.0,0.0,11.158957255116814,-5.0,False,-5.0,0.0,1.7605518457110832e-19,0.007500239686372324,0.0,1.809762563682225,0.0
88004,product_to_joint,0.25,72,0.0,0.0,11.158957255116814,-5.0,False,-5.0,0.0,-4.8673244227975573e-20,0.007500239686372325,0.25,1.809762563682225,0.0
88004,product_to_joint,0.5,72,0.0,0.0,11.158957255116814,-5.0,False,-5.0,0.0,7.106851321270845e-19,0.007500239686372324,0.49999999999999994,1.809762563682225,0.0
88004,product_to_joint,0.75,72,0.0,0.0,11.158957255116814,-5.0,False,-5.0,0.0,7.577918123108183e-19,0.007500239686372325,0.7500000000000001,1.809762563682225,0.0
88004,product_to_joint,1.0,72,0.0,0.0,11.158957255116814,-5.0,False,-5.0,0.0,7.586088858102618e-19,0.007500239686372325,1.0,1.809762563682225,0.0
88004,product_to_joint_diagP,0.0,72,0.0,0.0,11.158957255116814,-5.0,False,-5.0,0.0,1.7605518457110832e-19,0.007500239686372324,0.0,1.809762563682225,0.0
88004,product_to_joint_diagP,0.25,72,0.0,0.0,11.158957255116814,-5.0,False,-5.0,0.0,-4.8673244227975573e-20,0.007500239686372325,0.25,1.809762563682225,0.0
88004,product_to_joint_diagP,0.5,72,0.0,0.0,11.158957255116814,-5.0,False,-5.0,0.0,7.106851321270845e-19,0.007500239686372324,0.49999999999999994,1.809762563682225,0.0
88004,product_to_joint_diagP,0.75,72,0.0,0.0,11.158957255116814,-5.0,False,-5.0,0.0,7.577918123108183e-19,0.007500239686372325,0.7500000000000001,1.809762563682225,0.0
88004,product_to_joint_diagP,1.0,72,0.0,0.0,11.158957255116814,-5.0,False,-5.0,0.0,7.586088858102618e-19,0.007500239686372325,1.0,1.809762563682225,0.0
88004,gaussian_to_joint,0.0,72,0.0,0.0,11.158957255116814,-5.0,False,-5.0,0.0,7.586088858102618e-19,0.007500239686372325,0.0,1.809762563682225,0.0
88004,gaussian_to_joint,0.25,72,0.0,0.0,11.158957255116814,-5.0,False,-5.0,0.0,9.820634564853365e-19,0.007500239686372325,0.25,1.809762563682225,0.0
88004,gaussian_to_joint,0.5,72,0.0,0.0,11.158957255116814,-5.0,False,-5.0,0.0,8.6702928844743545e-19,0.007500239686372325,0.49999999999999994,1.809762563682225,0.0
88004,gaussian_to_joint,0.75,72,0.0,0.0,11.158957255116814,-5.0,False,-5.0,0.0,9.820634564853365e-19,0.007500239686372325,0.7500000000000001,1.809762563682225,0.0
88004,gaussian_to_joint,1.0,72,0.0,0.0,11.158957255116814,-5.0,False,-5.0,0.0,7.586088858102618e-19,0.007500239686372325,1.0,1.809762563682225,0.0
88004,product_to_joint,0.0,76,0.0,10.029940814619753,11.090897880018591,5.029940814619753,True,9.0,14.0,0.07835891261421682,0.007407813463439996,0.0,1.54874636888775,0.27518472943189076
88004,product_to_joint,0.25,76,0.0,10.151886937554462,12.07256707759182,5.151886937554462,True,9.0,14.0,0.07931161669964423,0.008795683340024042,0.30503656897821096,1.6249603484724848,0.27518472943189076
88004,product_to_joint,0.5,76,0.0,10.257159293196729,12.8589547771256,5.257159293196729,True,9.0,14.0,0.08013405697809944,0.009992328977060625,0.5683653030173099,1.6957748456310289,0.27518472943189076
88004,product_to_joint,0.75,76,0.0,10.348958773086661,13.506712813360961,5.348958773086661,True,9.0,14.0,0.08085124041473954,0.011034722352454172,0.7979929263129125,1.7619045717090094,0.27518472943189076
88004,product_to_joint,1.0,76,0.0,10.429716236114928,14.05139310574318,5.429716236114928,True,9.0,14.0,0.08148215809464787,0.011950881848884706,1.0,1.8239310983196408,0.27518472943189076
88004,product_to_joint_diagP,0.0,76,0.0,10.029940814619753,11.090897880018591,5.029940814619753,True,9.0,14.0,0.07835891261421682,0.007407813463439996,0.0,1.54874636888775,0.26030218527669735
88004,product_to_joint_diagP,0.25,76,0.0,10.14418619562738,12.012060960574317,5.14418619562738,True,9.0,14.0,0.07925145465333891,0.00870673880130332,0.30189081507812116,1.6204440594993974,0.26030218527669735
88004,product_to_joint_diagP,0.5,76,0.0,10.24364580822882,12.759140177504666,5.24364580822882,True,9.0,14.0,0.08002848287678765,0.009836258427076036,0.5647105741859205,1.6873433107672082,0.26030218527669735
88004,product_to_joint_diagP,0.75,76,0.0,10.331015583843957,13.380428883233016,5.331015583843957,True,9.0,14.0,0.08071105924878091,0.010827482733108906,0.7955832146464298,1.7500463116670217,0.26030218527669735
88004,product_to_joint_diagP,1.0,76,0.0,10.408373596611025,13.90691825010666,5.408373596611025,True,9.0,14.0,0.08131541872352363,0.011704344190377788,1.0,1.8090485541644474,0.26030218527669735
88004,gaussian_to_joint,0.0,76,0.0,9.966413026305686,14.158070582960482,4.966413026305686,True,9.0,14.0,0.07786260176801317,0.012134555824712583,0.0,1.800455228859644,0.0234758694599968
88004,gaussian_to_joint,0.25,76,0.0,10.084290107000008,14.132445934440812,5.084290107000008,True,9.0,14.0,0.07878351646093756,0.012090309331658486,0.254427507080852,1.8063760652432266,0.0234758694599968
88004,gaussian_to_joint,0.5,76,0.0,10.200783617756734,14.106108596570536,5.200783617756734,True,9.0,14.0,0.07969362201372449,0.012044915755507885,0.5058686978394829,1.81226205156364,0.0234758694599968
88004,gaussian_to_joint,0.75,76,0.0,10.31591777571452,14.079083124707559,5.315917775714521,True,9.0,14.0,0.0805931076227697,0.01199842417190095,0.7543758428799568,1.818113595676596,0.0234758694599968
88004,gaussian_to_joint,1.0,76,0.0,10.429716236114928,14.05139310574318,5.429716236114928,True,9.0,14.0,0.08148215809464787,0.011950881848884706,1.0,1.8239310983196408,0.0234758694599968
88004,product_to_joint,0.0,80,0.0,0.0,11.158957255116814,-5.0,False,-5.0,0.0,1.7605518457110832e-19,0.007500239686372324,0.0,1.809762563682225,0.0
88004,product_to_joint,0.25,80,0.0,0.0,11.158957255116814,-5.0,False,-5.0,0.0,-4.8673244227975573e-20,0.007500239686372325,0.25,1.809762563682225,0.0
88004,product_to_joint,0.5,80,0.0,0.0,11.158957255116814,-5.0,False,-5.0,0.0,7.106851321270845e-19,0.007500239686372324,0.49999999999999994,1.809762563682225,0.0
88004,product_to_joint,0.75,80,0.0,0.0,11.158957255116814,-5.0,False,-5.0,0.0,7.577918123108183e-19,0.007500239686372325,0.7500000000000001,1.809762563682225,0.0
88004,product_to_joint,1.0,80,0.0,0.0,11.158957255116814,-5.0,False,-5.0,0.0,7.586088858102618e-19,0.007500239686372325,1.0,1.809762563682225,0.0
88004,product_to_joint_diagP,0.0,80,0.0,0.0,11.158957255116814,-5.0,False,-5.0,0.0,1.7605518457110832e-19,0.007500239686372324,0.0,1.809762563682225,0.0
88004,product_to_joint_diagP,0.25,80,0.0,0.0,11.158957255116814,-5.0,False,-5.0,0.0,-4.8673244227975573e-20,0.007500239686372325,0.25,1.809762563682225,0.0
88004,product_to_joint_diagP,0.5,80,0.0,0.0,11.158957255116814,-5.0,False,-5.0,0.0,7.106851321270845e-19,0.007500239686372324,0.49999999999999994,1.809762563682225,0.0
88004,product_to_joint_diagP,0.75,80,0.0,0.0,11.158957255116814,-5.0,False,-5.0,0.0,7.577918123108183e-19,0.007500239686372325,0.7500000000000001,1.809762563682225,0.0
88004,product_to_joint_diagP,1.0,80,0.0,0.0,11.158957255116814,-5.0,False,-5.0,0.0,7.586088858102618e-19,0.007500239686372325,1.0,1.809762563682225,0.0
88004,gaussian_to_joint,0.0,80,0.0,0.0,11.158957255116814,-5.0,False,-5.0,0.0,7.586088858102618e-19,0.007500239686372325,0.0,1.809762563682225,0.0
88004,gaussian_to_joint,0.25,80,0.0,0.0,11.158957255116814,-5.0,False,-5.0,0.0,9.820634564853365e-19,0.007500239686372325,0.25,1.809762563682225,0.0
88004,gaussian_to_joint,0.5,80,0.0,0.0,11.158957255116814,-5.0,False,-5.0,0.0,8.6702928844743545e-19,0.007500239686372325,0.49999999999999994,1.809762563682225,0.0
88004,gaussian_to_joint,0.75,80,0.0,0.0,11.158957255116814,-5.0,False,-5.0,0.0,9.820634564853365e-19,0.007500239686372325,0.7500000000000001,1.809762563682225,0.0
88004,gaussian_to_joint,1.0,80,0.0,0.0,11.158957255116814,-5.0,False,-5.0,0.0,7.586088858102618e-19,0.007500239686372325,1.0,1.809762563682225,0.0
88004,product_to_joint,0.0,84,0.0,2.4585124398012566,10.743341851515252,-2.5414875601987434,False,0.0,3.0,0.019207128435947317,0.006944640755524852,0.0,1.9156460469573746,0.06535527651926776
88004,product_to_joint,0.25,84,0.0,2.512026627679609,10.88595398038154,-2.487973372320391,False,0.0,3.0,0.019625208028746944,0.007132909793883343,0.2624531518503066,1.932389644376412,0.06535527651926776
88004,product_to_joint,0.5,84,0.0,2.563792720462077,11.021904665753514,-2.436207279537923,False,0.0,3.0,0.020029630628609976,0.007314696195126895,0.5163330059297223,1.9488575042437772,0.06535527651926776
88004,product_to_joint,0.75,84,0.0,2.6138949965713856,11.15167872949199,-2.3861050034286144,False,0.0,3.0,0.02042105466071395,0.007490328276721442,0.7620528944507574,1.9650585614397742,0.06535527651926776
88004,product_to_joint,1.0,84,0.0,2.662412402522505,11.275712167283478,-2.337587597477495,False,0.0,3.0,0.02080009689470707,0.007660112602503946,1.0,1.9810013234766424,0.06535527651926776
88004,product_to_joint_diagP,0.0,84,0.0,2.4585124398012566,10.743341851515252,-2.5414875601987434,False,0.0,3.0,0.019207128435947317,0.006944640755524852,0.0,1.9156460469573746,0.06312146711276556
88004,product_to_joint_diagP,0.25,84,0.0,2.511806757765439,10.879902088149127,-2.488193242234561,False,0.0,3.0,0.01962349029504249,0.007124869961408186,0.26202097952929343,1.9318038568377967,0.06312146711276556
88004,product_to_joint_diagP,0.5,84,0.0,2.56341962620924,11.010293648041527,-2.43658037379076,False,0.0,3.0,0.02002671582975969,0.007299082410650853,0.5157751293628674,1.9477047378057564,0.06312146711276556
88004,product_to_joint_diagP,0.75,84,0.0,2.613429384569019,11.134950633390961,-2.386570615430981,False,0.0,3.0,0.02041741706694546,0.007467573584475937,0.7616476045535506,1.9633567330978314,0.06312146711276556
88004,product_to_joint_diagP,1.0,84,0.0,2.6619095802131527,11.254264866787759,-2.3380904197868473,False,0.0,3.0,0.020796168595415256,0.007630619976306963,1.0,1.9787675140701402,0.06312146711276556
88004,gaussian_to_joint,0.0,84,0.0,2.3617323901661287,11.197206160889623,-2.6382676098338713,False,0.0,3.0,0.01845103429817288,0.007552430774503451,0.0,1.959254400205161,0.02174692327148131
88004,gaussian_to_joint,0.25,84,0.0,2.4381350836976243,11.217970353752724,-2.5618649163023757,False,0.0,3.0,0.01904793034138769,0.007580838553324891,0.2540996753749615,1.9647356285619475,0.02174692327148131
88004,gaussian_to_joint,0.5,84,0.0,2.513707048211508,11.237960055698272,-2.486292951788492,False,0.0,3.0,0.019638336314152405,0.007608236463224482,0.5054365165625126,1.9701869767600066,0.02174692327148131
88004,gaussian_to_joint,0.75,84,0.0,2.5884617592638897,11.25719954366436,-2.4115382407361103,False,0.0,3.0,0.020222357494249138,0.007634652195182926,0.7540553404961107,1.9756087688089528,0.02174692327148131
88004,gaussian_to_joint,1.0,84,0.0,2.662412402522505,11.275712167283478,-2.337587597477495,False,0.0,3.0,0.02080009689470707,0.007660112602503946,1.0,1.9810013234766424,0.02174692327148131
88004,product_to_joint,0.0,88,0.0,0.0,11.158957255116814,-5.0,False,-5.0,0.0,1.7605518457110832e-19,0.007500239686372324,0.0,1.809762563682225,0.0
88004,product_to_joint,0.25,88,0.0,0.0,11.158957255116814,-5.0,False,-5.0,0.0,-4.8673244227975573e-20,0.007500239686372325,0.25,1.809762563682225,0.0
88004,product_to_joint,0.5,88,0.0,0.0,11.158957255116814,-5.0,False,-5.0,0.0,7.106851321270845e-19,0.007500239686372324,0.49999999999999994,1.809762563682225,0.0
88004,product_to_joint,0.75,88,0.0,0.0,11.158957255116814,-5.0,False,-5.0,0.0,7.577918123108183e-19,0.007500239686372325,0.7500000000000001,1.809762563682225,0.0
88004,product_to_joint,1.0,88,0.0,0.0,11.158957255116814,-5.0,False,-5.0,0.0,7.586088858102618e-19,0.007500239686372325,1.0,1.809762563682225,0.0
88004,product_to_joint_diagP,0.0,88,0.0,0.0,11.158957255116814,-5.0,False,-5.0,0.0,1.7605518457110832e-19,0.007500239686372324,0.0,1.809762563682225,0.0
88004,product_to_joint_diagP,0.25,88,0.0,0.0,11.158957255116814,-5.0,False,-5.0,0.0,-4.8673244227975573e-20,0.007500239686372325,0.25,1.809762563682225,0.0
88004,product_to_joint_diagP,0.5,88,0.0,0.0,11.158957255116814,-5.0,False,-5.0,0.0,7.106851321270845e-19,0.007500239686372324,0.49999999999999994,1.809762563682225,0.0
88004,product_to_joint_diagP,0.75,88,0.0,0.0,11.158957255116814,-5.0,False,-5.0,0.0,7.577918123108183e-19,0.007500239686372325,0.7500000000000001,1.809762563682225,0.0
88004,product_to_joint_diagP,1.0,88,0.0,0.0,11.158957255116814,-5.0,False,-5.0,0.0,7.586088858102618e-19,0.007500239686372325,1.0,1.809762563682225,0.0
88004,gaussian_to_joint,0.0,88,0.0,0.0,11.158957255116814,-5.0,False,-5.0,0.0,7.586088858102618e-19,0.007500239686372325,0.0,1.809762563682225,0.0
88004,gaussian_to_joint,0.25,88,0.0,0.0,11.158957255116814,-5.0,False,-5.0,0.0,9.820634564853365e-19,0.007500239686372325,0.25,1.809762563682225,0.0
88004,gaussian_to_joint,0.5,88,0.0,0.0,11.158957255116814,-5.0,False,-5.0,0.0,8.6702928844743545e-19,0.007500239686372325,0.49999999999999994,1.809762563682225,0.0
88004,gaussian_to_joint,0.75,88,0.0,0.0,11.158957255116814,-5.0,False,-5.0,0.0,9.820634564853365e-19,0.007500239686372325,0.7500000000000001,1.809762563682225,0.0
88004,gaussian_to_joint,1.0,88,0.0,0.0,11.158957255116814,-5.0,False,-5.0,0.0,7.586088858102618e-19,0.007500239686372325,1.0,1.809762563682225,0.0
88004,product_to_joint,0.0,92,0.0,0.649300755890938,13.127696370104154,-4.350699244109062,False,0.0,5.0,0.0050726621553979535,0.010418579833108264,0.0,1.076724702845799,0.14424888288814675
88004,product_to_joint,0.25,92,0.0,0.6788087568554901,13.618701999104065,-4.32119124314451,False,0.0,5.0,0.005303193412933517,0.011220132088647526,0.27800815304147064,1.114784062848293,0.14424888288814675
88004,product_to_joint,0.5,92,0.0,0.7061921924058318,14.058967730213219,-4.293807807594169,False,0.0,5.0,0.005517126503170561,0.011963877785594278,0.5359998194517347,1.1514478599291706,0.14424888288814675
88004,product_to_joint,0.75,92,0.0,0.7316725412620032,14.456551783671353,-4.268327458737997,False,0.0,5.0,0.0057161917286094,0.012655852629026573,0.7760616498978636,1.1868148294920595,0.14424888288814675
88004,product_to_joint,1.0,92,0.0,0.7554415314103922,14.817779076259441,-4.244558468589608,False,0.0,5.0,0.005901886964143689,0.013301280319386726,1.0,1.2209735857339457,0.14424888288814675
88004,product_to_joint_diagP,0.0,92,0.0,0.649300755890938,13.127696370104154,-4.350699244109062,False,0.0,5.0,0.0050726621553979535,0.010418579833108264,0.0,1.076724702845799,0.13810306605130007
88004,product_to_joint_diagP,0.25,92,0.0,0.6796195569408363,13.598575607639388,-4.320380443059164,False,0.0,5.0,0.005309527788600284,0.011186697909953917,0.2767762516088975,1.1130792629071666,0.13810306605130007
88004,product_to_joint_diagP,0.5,92,0.0,0.7078481194086204,14.022725413074179,-4.29215188059138,False,0.0,5.0,0.0055300634328798465,0.011901759522123806,0.5344709967039252,1.1481584008074157,0.13810306605130007
88004,product_to_joint_diagP,0.75,92,0.0,0.7341953982311691,14.407296037321425,-4.265804601768831,False,0.0,5.0,0.0057359015486810085,0.012569078314637308,0.7749917567629433,1.1820485825655873,0.13810306605130007
88004,product_to_joint_diagP,1.0,92,0.0,0.758843395021485,14.757951106624413,-4.241156604978515,False,0.0,5.0,0.005928464023605352,0.01319328130282695,1.0,1.214827768897099,0.13810306605130007
88004,gaussian_to_joint,0.0,92,0.0,0.7824004009274227,14.64827255895869,-4.217599599072577,False,0.0,5.0,0.00611250313224549,0.012996428769625375,0.0,1.216923312343222,0.004050273390723724
88004,gaussian_to_joint,0.25,92,0.0,0.775640189551137,14.690966421345578,-4.224359810448863,False,0.0,5.0,0.006059688980868258,0.01307288173786031,0.2507601949708948,1.217937419670808,0.004050273390723724
88004,gaussian_to_joint,0.5,92,0.0,0.7688936685082624,14.733447390460034,-4.231106331491738,False,0.0,5.0,0.0060069817852208,0.013149174316861181,0.5010125669634422,1.2189504996264993,0.004050273390723724
88004,gaussian_to_joint,0.75,92,0.0,0.7621607962537289,14.775717581738185,-4.237839203746271,False,0.0,5.0,0.005954381220732257,0.013225307010210385,0.750758657031535,1.2199625542898098,0.004050273390723724
88004,gaussian_to_joint,1.0,92,0.0,0.7554415314103922,14.817779076259441,-4.244558468589608,False,0.0,5.0,0.005901886964143689,0.013301280319386726,1.0,1.2209735857339457,0.004050273390723724
88004,product_to_joint,0.0,96,0.0,0.0,11.158957255116814,-5.0,False,-5.0,0.0,1.7605518457110832e-19,0.007500239686372324,0.0,1.809762563682225,0.0
88004,product_to_joint,0.25,96,0.0,0.0,11.158957255116814,-5.0,False,-5.0,0.0,-4.8673244227975573e-20,0.007500239686372325,0.25,1.809762563682225,0.0
88004,product_to_joint,0.5,96,0.0,0.0,11.158957255116814,-5.0,False,-5.0,0.0,7.106851321270845e-19,0.007500239686372324,0.49999999999999994,1.809762563682225,0.0
88004,product_to_joint,0.75,96,0.0,0.0,11.158957255116814,-5.0,False,-5.0,0.0,7.577918123108183e-19,0.007500239686372325,0.7500000000000001,1.809762563682225,0.0
88004,product_to_joint,1.0,96,0.0,0.0,11.158957255116814,-5.0,False,-5.0,0.0,7.586088858102618e-19,0.007500239686372325,1.0,1.809762563682225,0.0
88004,product_to_joint_diagP,0.0,96,0.0,0.0,11.158957255116814,-5.0,False,-5.0,0.0,1.7605518457110832e-19,0.007500239686372324,0.0,1.809762563682225,0.0
88004,product_to_joint_diagP,0.25,96,0.0,0.0,11.158957255116814,-5.0,False,-5.0,0.0,-4.8673244227975573e-20,0.007500239686372325,0.25,1.809762563682225,0.0
88004,product_to_joint_diagP,0.5,96,0.0,0.0,11.158957255116814,-5.0,False,-5.0,0.0,7.106851321270845e-19,0.007500239686372324,0.49999999999999994,1.809762563682225,0.0
88004,product_to_joint_diagP,0.75,96,0.0,0.0,11.158957255116814,-5.0,False,-5.0,0.0,7.577918123108183e-19,0.007500239686372325,0.7500000000000001,1.809762563682225,0.0
88004,product_to_joint_diagP,1.0,96,0.0,0.0,11.158957255116814,-5.0,False,-5.0,0.0,7.586088858102618e-19,0.007500239686372325,1.0,1.809762563682225,0.0
88004,gaussian_to_joint,0.0,96,0.0,0.0,11.158957255116814,-5.0,False,-5.0,0.0,7.586088858102618e-19,0.007500239686372325,0.0,1.809762563682225,0.0
88004,gaussian_to_joint,0.25,96,0.0,0.0,11.158957255116814,-5.0,False,-5.0,0.0,9.820634564853365e-19,0.007500239686372325,0.25,1.809762563682225,0.0
88004,gaussian_to_joint,0.5,96,0.0,0.0,11.158957255116814,-5.0,False,-5.0,0.0,8.6702928844743545e-19,0.007500239686372325,0.49999999999999994,1.809762563682225,0.0
88004,gaussian_to_joint,0.75,96,0.0,0.0,11.158957255116814,-5.0,False,-5.0,0.0,9.820634564853365e-19,0.007500239686372325,0.7500000000000001,1.809762563682225,0.0
88004,gaussian_to_joint,1.0,96,0.0,0.0,11.158957255116814,-5.0,False,-5.0,0.0,7.586088858102618e-19,0.007500239686372325,1.0,1.809762563682225,0.0
88004,product_to_joint,0.0,100,0.0,0.0,11.158957255116814,-5.0,False,-3.0,0.0,1.7605518457110832e-19,0.007500239686372324,0.0,1.809762563682225,0.0
88004,product_to_joint,0.25,100,0.0,0.0,11.158957255116814,-5.0,False,-3.0,0.0,-4.8673244227975573e-20,0.007500239686372325,0.25,1.809762563682225,0.0
88004,product_to_joint,0.5,100,0.0,0.0,11.158957255116814,-5.0,False,-3.0,0.0,7.106851321270845e-19,0.007500239686372324,0.49999999999999994,1.809762563682225,0.0
88004,product_to_joint,0.75,100,0.0,0.0,11.158957255116814,-5.0,False,-3.0,0.0,7.577918123108183e-19,0.007500239686372325,0.7500000000000001,1.809762563682225,0.0
88004,product_to_joint,1.0,100,0.0,0.0,11.158957255116814,-5.0,False,-3.0,0.0,7.586088858102618e-19,0.007500239686372325,1.0,1.809762563682225,0.0
88004,product_to_joint_diagP,0.0,100,0.0,0.0,11.158957255116814,-5.0,False,-3.0,0.0,1.7605518457110832e-19,0.007500239686372324,0.0,1.809762563682225,0.0
88004,product_to_joint_diagP,0.25,100,0.0,0.0,11.158957255116814,-5.0,False,-3.0,0.0,-4.8673244227975573e-20,0.007500239686372325,0.25,1.809762563682225,0.0
88004,product_to_joint_diagP,0.5,100,0.0,0.0,11.158957255116814,-5.0,False,-3.0,0.0,7.106851321270845e-19,0.007500239686372324,0.49999999999999994,1.809762563682225,0.0
88004,product_to_joint_diagP,0.75,100,0.0,0.0,11.158957255116814,-5.0,False,-3.0,0.0,7.577918123108183e-19,0.007500239686372325,0.7500000000000001,1.809762563682225,0.0
88004,product_to_joint_diagP,1.0,100,0.0,0.0,11.158957255116814,-5.0,False,-3.0,0.0,7.586088858102618e-19,0.007500239686372325,1.0,1.809762563682225,0.0
88004,gaussian_to_joint,0.0,100,0.0,0.0,11.158957255116814,-5.0,False,-3.0,0.0,7.586088858102618e-19,0.007500239686372325,0.0,1.809762563682225,0.0
88004,gaussian_to_joint,0.25,100,0.0,0.0,11.158957255116814,-5.0,False,-3.0,0.0,9.820634564853365e-19,0.007500239686372325,0.25,1.809762563682225,0.0
88004,gaussian_to_joint,0.5,100,0.0,0.0,11.158957255116814,-5.0,False,-3.0,0.0,8.6702928844743545e-19,0.007500239686372325,0.49999999999999994,1.809762563682225,0.0
88004,gaussian_to_joint,0.75,100,0.0,0.0,11.158957255116814,-5.0,False,-3.0,0.0,9.820634564853365e-19,0.007500239686372325,0.7500000000000001,1.809762563682225,0.0
88004,gaussian_to_joint,1.0,100,0.0,0.0,11.158957255116814,-5.0,False,-3.0,0.0,7.586088858102618e-19,0.007500239686372325,1.0,1.809762563682225,0.0
88004,product_to_joint,0.0,104,0.0,0.0,12.890462726661413,-5.0,False,-3.0,0.0,-1.2488856386635861e-20,0.010041847491909619,0.0,1.1151861303294424,0.0
88004,product_to_joint,0.25,104,0.0,0.0,12.890462726661411,-5.0,False,-3.0,0.0,-6.329934297457138e-19,0.010041847491909617,0.25,1.1151861303294424,0.0
88004,product_to_joint,0.5,104,0.0,0.0,12.890462726661411,-5.0,False,-3.0,0.0,6.411556638439304e-19,0.010041847491909617,0.5,1.1151861303294424,0.0
88004,product_to_joint,0.75,104,0.0,0.0,12.890462726661413,-5.0,False,-3.0,0.0,4.738396538401912e-19,0.010041847491909619,0.75,1.1151861303294424,0.0
88004,product_to_joint,1.0,104,0.0,0.0,12.890462726661411,-5.0,False,-3.0,0.0,6.110355103519841e-19,0.010041847491909617,1.0,1.1151861303294424,0.0
88004,product_to_joint_diagP,0.0,104,0.0,0.0,12.890462726661413,-5.0,False,-3.0,0.0,-1.2488856386635861e-20,0.010041847491909619,0.0,1.1151861303294424,0.0
88004,product_to_joint_diagP,0.25,104,0.0,0.0,12.890462726661411,-5.0,False,-3.0,0.0,-6.329934297457138e-19,0.010041847491909617,0.25,1.1151861303294424,0.0
88004,product_to_joint_diagP,0.5,104,0.0,0.0,12.890462726661411,-5.0,False,-3.0,0.0,6.411556638439304e-19,0.010041847491909617,0.5,1.1151861303294424,0.0
88004,product_to_joint_diagP,0.75,104,0.0,0.0,12.890462726661413,-5.0,False,-3.0,0.0,4.738396538401912e-19,0.010041847491909619,0.75,1.1151861303294424,0.0
88004,product_to_joint_diagP,1.0,104,0.0,0.0,12.890462726661411,-5.0,False,-3.0,0.0,6.110355103519841e-19,0.010041847491909617,1.0,1.1151861303294424,0.0
88004,gaussian_to_joint,0.0,104,0.0,0.0,12.890462726661411,-5.0,False,-3.0,0.0,6.110355103519841e-19,0.010041847491909617,0.0,1.1151861303294424,0.0
88004,gaussian_to_joint,0.25,104,0.0,0.0,12.890462726661413,-5.0,False,-3.0,0.0,6.855744097103625e-19,0.01004184749190962,0.25,1.1151861303294424,0.0
88004,gaussian_to_joint,0.5,104,0.0,0.0,12.890462726661411,-5.0,False,-3.0,0.0,6.584698885415723e-19,0.010041847491909617,0.5,1.1151861303294424,0.0
88004,gaussian_to_joint,0.75,104,0.0,0.0,12.890462726661413,-5.0,False,-3.0,0.0,6.855744097103625e-19,0.01004184749190962,0.75,1.1151861303294424,0.0
88004,gaussian_to_joint,1.0,104,0.0,0.0,12.890462726661411,-5.0,False,-3.0,0.0,6.110355103519841e-19,0.010041847491909617,1.0,1.1151861303294424,0.0
88004,product_to_joint,0.0,108,0.0,-3.4201808455821716,13.630724687964591,-8.420180845582172,False,3.0,6.0,-0.026720162856110716,0.011240127900334924,0.0,0.981492986545855,0.9355096839259138
88004,product_to_joint,0.25,108,0.0,-1.5899004903248062,18.695007554273186,-6.589900490324807,False,3.0,6.0,-0.012421097580662548,0.021231988980366916,0.45931450337343643,1.3087284203759801,0.9355096839259138
88004,product_to_joint,0.5,108,0.0,-0.5583242560781505,20.948003646227097,-5.5583242560781505,False,3.0,6.0,-0.004361908250610551,0.026683377487936016,0.718191742788606,1.5548741842599583,0.9355096839259138
88004,product_to_joint,0.75,108,0.0,0.10371833504210515,22.2490074838558,-4.896281664957895,False,3.0,6.0,0.0008102994925164465,0.030113521363322224,0.8843333740851437,1.7522417654505396,0.9355096839259138
88004,product_to_joint,1.0,108,0.0,0.5646276936972666,23.100355681563315,-4.4353723063027335,False,3.0,6.0,0.0044111538570098955,0.032469972693770416,1.0,1.9170026704717689,0.9355096839259138
88004,product_to_joint_diagP,0.0,108,0.0,-3.4201808455821716,13.630724687964591,-8.420180845582172,False,3.0,6.0,-0.026720162856110716,0.011240127900334924,0.0,0.981492986545855,0.9128614727125712
88004,product_to_joint_diagP,0.25,108,0.0,-1.6211228523176455,18.599063191963673,-6.6211228523176455,False,3.0,6.0,-0.012665022283731606,0.021013595679849728,0.45369535834344077,1.2983894211765712,0.9128614727125712
88004,product_to_joint_diagP,0.5,108,0.0,-0.590569726802892,20.850308891812478,-5.590569726802892,False,3.0,6.0,-0.004613825990647594,0.026434141899657863,0.7135853515081146,1.5386605042206432,0.9128614727125712
88004,product_to_joint_diagP,0.75,108,0.0,0.07723832884541311,22.161928167101014,-4.9227616711545865,False,3.0,6.0,0.0006034244441047899,0.02987748169456453,0.8819964956993094,1.7322395829199189,0.9128614727125712
88004,product_to_joint_diagP,1.0,108,0.0,0.5451627714064446,23.024972480854657,-4.454837228593555,False,3.0,6.0,0.004259084151612849,0.03225774888574916,1.0,1.8943544592584263,0.9128614727125712
88004,gaussian_to_joint,0.0,108,0.0,0.896817114542883,22.489280554546912,-4.103182885457117,False,3.0,6.0,0.007006383707366274,0.030769613028632924,0.0,1.9230345740041712,-0.0060319035324023496
88004,gaussian_to_joint,0.25,108,0.0,0.8141448927284045,22.64335622317648,-4.185855107271595,False,3.0,6.0,0.00636050697444066,0.031194041812113334,0.24887072443194463,1.9215300056775586,-0.0060319035324023496
88004,gaussian_to_joint,0.5,108,0.0,0.7312233362365104,22.79654937332386,-4.268776663763489,False,3.0,6.0,0.005712682314347737,0.031618912556786644,0.4984920286890479,1.9200231702136037,-0.0060319035324023496
88004,gaussian_to_joint,0.75,108,0.0,0.6480513153950636,22.94887703579176,-4.3519486846049364,False,3.0,6.0,0.005062900901523934,0.03204422346215151,0.7488673134579761,1.9185140607695894,-0.0060319035324023496
88004,gaussian_to_joint,1.0,108,0.0,0.5646276936972666,23.100355681563315,-4.4353723063027335,False,3.0,6.0,0.0044111538570098955,0.032469972693770416,1.0,1.9170026704717689,-0.0060319035324023496
88004,product_to_joint,0.0,112,0.0,0.0,11.158957255116814,-5.0,False,-4.0,0.0,1.7605518457110832e-19,0.007500239686372324,0.0,1.809762563682225,0.0
88004,product_to_joint,0.25,112,0.0,0.0,11.158957255116814,-5.0,False,-4.0,0.0,-4.8673244227975573e-20,0.007500239686372325,0.25,1.809762563682225,0.0
88004,product_to_joint,0.5,112,0.0,0.0,11.158957255116814,-5.0,False,-4.0,0.0,7.106851321270845e-19,0.007500239686372324,0.49999999999999994,1.809762563682225,0.0
88004,product_to_joint,0.75,112,0.0,0.0,11.158957255116814,-5.0,False,-4.0,0.0,7.577918123108183e-19,0.007500239686372325,0.7500000000000001,1.809762563682225,0.0
88004,product_to_joint,1.0,112,0.0,0.0,11.158957255116814,-5.0,False,-4.0,0.0,7.586088858102618e-19,0.007500239686372325,1.0,1.809762563682225,0.0
88004,product_to_joint_diagP,0.0,112,0.0,0.0,11.158957255116814,-5.0,False,-4.0,0.0,1.7605518457110832e-19,0.007500239686372324,0.0,1.809762563682225,0.0
88004,product_to_joint_diagP,0.25,112,0.0,0.0,11.158957255116814,-5.0,False,-4.0,0.0,-4.8673244227975573e-20,0.007500239686372325,0.25,1.809762563682225,0.0
88004,product_to_joint_diagP,0.5,112,0.0,0.0,11.158957255116814,-5.0,False,-4.0,0.0,7.106851321270845e-19,0.007500239686372324,0.49999999999999994,1.809762563682225,0.0
88004,product_to_joint_diagP,0.75,112,0.0,0.0,11.158957255116814,-5.0,False,-4.0,0.0,7.577918123108183e-19,0.007500239686372325,0.7500000000000001,1.809762563682225,0.0
88004,product_to_joint_diagP,1.0,112,0.0,0.0,11.158957255116814,-5.0,False,-4.0,0.0,7.586088858102618e-19,0.007500239686372325,1.0,1.809762563682225,0.0
88004,gaussian_to_joint,0.0,112,0.0,0.0,11.158957255116814,-5.0,False,-4.0,0.0,7.586088858102618e-19,0.007500239686372325,0.0,1.809762563682225,0.0
88004,gaussian_to_joint,0.25,112,0.0,0.0,11.158957255116814,-5.0,False,-4.0,0.0,9.820634564853365e-19,0.007500239686372325,0.25,1.809762563682225,0.0
88004,gaussian_to_joint,0.5,112,0.0,0.0,11.158957255116814,-5.0,False,-4.0,0.0,8.6702928844743545e-19,0.007500239686372325,0.49999999999999994,1.809762563682225,0.0
88004,gaussian_to_joint,0.75,112,0.0,0.0,11.158957255116814,-5.0,False,-4.0,0.0,9.820634564853365e-19,0.007500239686372325,0.7500000000000001,1.809762563682225,0.0
88004,gaussian_to_joint,1.0,112,0.0,0.0,11.158957255116814,-5.0,False,-4.0,0.0,7.586088858102618e-19,0.007500239686372325,1.0,1.809762563682225,0.0
88004,product_to_joint,0.0,116,0.0,-2.6858821236470085,13.418091628389778,-7.6858821236470085,False,22.0,27.0,-0.020983454090992254,0.010889085873282705,0.0,1.1168790741618766,1.280418071768855
88004,product_to_joint,0.25,116,0.0,0.24918699624780888,20.90326752561639,-4.750813003752191,False,22.0,27.0,0.0019467734081860069,0.026569103591765668,0.5453266646841344,1.6173730639474906,1.280418071768855
88004,product_to_joint,0.5,116,0.0,1.5258191833052592,23.309035968900595,-3.4741808166947408,False,22.0,27.0,0.011920462369572338,0.033061081408660986,0.7825209330839877,1.9493845707513988,1.280418071768855
88004,product_to_joint,0.75,116,0.0,2.240003916463876,24.523310152840256,-2.759996083536124,False,22.0,27.0,0.017500030597374032,0.03660609990554187,0.9152142232902758,2.1982121907737606,1.280418071768855
88004,product_to_joint,1.0,116,0.0,2.6963397810802703,25.258076532981796,-2.3036602189197297,False,22.0,27.0,0.02106515453968961,0.03883862488683872,1.0,2.3972971459307315,1.280418071768855
88004,product_to_joint_diagP,0.0,116,0.0,-2.6858821236470085,13.418091628389778,-7.6858821236470085,False,22.0,27.0,-0.020983454090992254,0.010889085873282705,0.0,1.1168790741618766,1.209957366395781
88004,product_to_joint_diagP,0.25,116,0.0,0.10845823998848383,20.504415137498057,-4.891541760011516,False,22.0,27.0,0.00084732999991003,0.02556107422673703,0.5278075461708237,1.5795656370470068,1.209957366395781
88004,product_to_joint_diagP,0.5,116,0.0,1.3922262353245085,22.92668946777746,-3.6077737646754917,False,22.0,27.0,0.010876767463472723,0.0319820977753844,0.7702914054346236,1.8946756471093407,1.209957366395781
88004,product_to_joint_diagP,0.75,116,0.0,2.1296763476506224,24.1779859926573,-2.8703236523493776,False,22.0,27.0,0.016638096466020488,0.03557962687140702,0.9095842916111114,2.1339219743576336,1.209957366395781
88004,product_to_joint_diagP,1.0,116,0.0,2.60835890020359,24.94498662677385,-2.39164109979641,False,22.0,27.0,0.020377803907840546,0.037879269885859754,1.0,2.3268364405576576,1.209957366395781
88004,gaussian_to_joint,0.0,116,0.0,1.2221373654639334,23.573258418360012,-3.7778626345360666,False,22.0,27.0,0.00954794816768698,0.033817145535814275,0.0,2.348196669859439,0.04910047607129231
88004,gaussian_to_joint,0.25,116,0.0,1.6044258511889282,24.03020179393671,-3.395574148811072,False,22.0,27.0,0.012534576962413502,0.035144787491291435,0.2593188572175597,2.3606996503385598,0.04910047607129231
88004,gaussian_to_joint,0.5,116,0.0,1.9773309486824147,24.46195325185654,-3.0226690513175853,False,22.0,27.0,0.015447898036581365,0.03642265361914152,0.5122726534827642,2.373048234721721,0.04910047607129231
88004,gaussian_to_joint,0.75,116,0.0,2.341193946643235,24.870624620442108,-2.658806053356765,False,22.0,27.0,0.018290577708150273,0.03765317193670295,0.7590928961484883,2.38524618973734,0.04910047607129231
88004,gaussian_to_joint,1.0,116,0.0,2.6963397810802703,25.258076532981796,-2.3036602189197297,False,22.0,27.0,0.02106515453968961,0.03883862488683872,1.0,2.3972971459307315,0.04910047607129231
88004,product_to_joint,0.0,120,0.0,0.0,11.158957255116814,-5.0,False,-5.0,0.0,1.7605518457110832e-19,0.007500239686372324,0.0,1.809762563682225,0.0
88004,product_to_joint,0.25,120,0.0,0.0,11.158957255116814,-5.0,False,-5.0,0.0,-4.8673244227975573e-20,0.007500239686372325,0.25,1.809762563682225,0.0
88004,product_to_joint,0.5,120,0.0,0.0,11.158957255116814,-5.0,False,-5.0,0.0,7.106851321270845e-19,0.007500239686372324,0.49999999999999994,1.809762563682225,0.0
88004,product_to_joint,0.75,120,0.0,0.0,11.158957255116814,-5.0,False,-5.0,0.0,7.577918123108183e-19,0.007500239686372325,0.7500000000000001,1.809762563682225,0.0
88004,product_to_joint,1.0,120,0.0,0.0,11.158957255116814,-5.0,False,-5.0,0.0,7.586088858102618e-19,0.007500239686372325,1.0,1.809762563682225,0.0
88004,product_to_joint_diagP,0.0,120,0.0,0.0,11.158957255116814,-5.0,False,-5.0,0.0,1.7605518457110832e-19,0.007500239686372324,0.0,1.809762563682225,0.0
88004,product_to_joint_diagP,0.25,120,0.0,0.0,11.158957255116814,-5.0,False,-5.0,0.0,-4.8673244227975573e-20,0.007500239686372325,0.25,1.809762563682225,0.0
88004,product_to_joint_diagP,0.5,120,0.0,0.0,11.158957255116814,-5.0,False,-5.0,0.0,7.106851321270845e-19,0.007500239686372324,0.49999999999999994,1.809762563682225,0.0
88004,product_to_joint_diagP,0.75,120,0.0,0.0,11.158957255116814,-5.0,False,-5.0,0.0,7.577918123108183e-19,0.007500239686372325,0.7500000000000001,1.809762563682225,0.0
88004,product_to_joint_diagP,1.0,120,0.0,0.0,11.158957255116814,-5.0,False,-5.0,0.0,7.586088858102618e-19,0.007500239686372325,1.0,1.809762563682225,0.0
88004,gaussian_to_joint,0.0,120,0.0,0.0,11.158957255116814,-5.0,False,-5.0,0.0,7.586088858102618e-19,0.007500239686372325,0.0,1.809762563682225,0.0
88004,gaussian_to_joint,0.25,120,0.0,0.0,11.158957255116814,-5.0,False,-5.0,0.0,9.820634564853365e-19,0.007500239686372325,0.25,1.809762563682225,0.0
88004,gaussian_to_joint,0.5,120,0.0,0.0,11.158957255116814,-5.0,False,-5.0,0.0,8.6702928844743545e-19,0.007500239686372325,0.49999999999999994,1.809762563682225,0.0
88004,gaussian_to_joint,0.75,120,0.0,0.0,11.158957255116814,-5.0,False,-5.0,0.0,9.820634564853365e-19,0.007500239686372325,0.7500000000000001,1.809762563682225,0.0
88004,gaussian_to_joint,1.0,120,0.0,0.0,11.158957255116814,-5.0,False,-5.0,0.0,7.586088858102618e-19,0.007500239686372325,1.0,1.809762563682225,0.0
88004,product_to_joint,0.0,124,0.0,15.804181230444511,13.120338444900138,10.804181230444511,True,0.0,5.0,0.12347016586284774,0.010406792047651648,0.0,1.2392262207385456,0.8760067037059711
88004,product_to_joint,0.25,124,0.0,15.697805685333176,16.724016033075863,10.697805685333176,True,0.0,5.0,0.12263910691666544,0.01697108839566519,0.4445772796093303,1.5395699450754288,0.8760067037059711
88004,product_to_joint,0.5,124,0.0,15.635255594489138,18.51816664631647,10.635255594489138,True,0.0,5.0,0.12215043433194639,0.02083032812138353,0.7059940290854823,1.7702342427952327,0.8760067037059711
88004,product_to_joint,0.75,124,0.0,15.594073677818221,19.609886254906474,10.594073677818221,True,0.0,5.0,0.12182870060795485,0.02337092522768371,0.878106373736582,1.957538390080908,0.8760067037059711
88004,product_to_joint,1.0,124,0.0,15.564907767786206,20.34761409890481,10.564907767786206,True,0.0,5.0,0.12160084193582973,0.025170104951046737,1.0,2.1152329244445167,0.8760067037059711
88004,product_to_joint_diagP,0.0,124,0.0,15.804181230444511,13.120338444900138,10.804181230444511,True,0.0,5.0,0.12347016586284774,0.010406792047651648,0.0,1.2392262207385456,0.8250506190724232
88004,product_to_joint_diagP,0.25,124,0.0,15.702567930797468,16.50565140350316,10.702567930797468,True,0.0,5.0,0.12267631195935522,0.01652820607018834,0.4320329201607026,1.5172359682567875,0.8250506190724232
88004,product_to_joint_diagP,0.5,124,0.0,15.640646288519623,18.263176717815508,10.640646288519623,True,0.0,5.0,0.12219254912905955,0.020257887196420805,0.6953073933582906,1.7345308978490528,0.8250506190724232
88004,product_to_joint_diagP,0.75,124,0.0,15.598960034415484,19.35658022768438,10.598960034415484,True,0.0,5.0,0.12186687526887097,0.022768481330003774,0.8725463389858001,1.9129342830896157,0.8250506190724232
88004,product_to_joint_diagP,1.0,124,0.0,15.568983182089198,20.10608033915555,10.568983182089198,True,0.0,5.0,0.12163268111007186,0.024573734533970784,1.0,2.0642768398109688,0.8250506190724232
88004,gaussian_to_joint,0.0,124,0.0,14.806656694613757,19.447414400223103,9.806656694613757,True,0.0,5.0,0.11567700542666998,0.022983613699585265,0.0,1.9585622166887608,0.15667070775575587
88004,gaussian_to_joint,0.25,124,0.0,15.019352428663248,19.707022764774944,10.019352428663248,True,0.0,5.0,0.11733869084893163,0.023604025039755734,0.2805083191766513,2.0000904594000297,0.15667070775575587
88004,gaussian_to_joint,0.5,124,0.0,15.215420564563011,19.94133345858427,10.215420564563011,True,0.0,5.0,0.11887047316064853,0.02417104370766922,0.5390877565646373,2.0399626515468974,0.15667070775575587
88004,gaussian_to_joint,0.75,124,0.0,15.396737562230781,20.153894268802965,10.396737562230781,True,0.0,5.0,0.12028701220492798,0.02469122645252008,0.7782130332479326,2.0783058226233484,0.15667070775575587
88004,gaussian_to_joint,1.0,124,0.0,15.564907767786206,20.34761409890481,10.564907767786206,True,0.0,5.0,0.12160084193582973,0.025170104951046737,1.0,2.1152329244445167,0.15667070775575587
88004,product_to_joint,0.0,128,0.0,0.0,11.158957255116814,-5.0,False,-5.0,0.0,1.7605518457110832e-19,0.007500239686372324,0.0,1.809762563682225,0.0
88004,product_to_joint,0.25,128,0.0,0.0,11.158957255116814,-5.0,False,-5.0,0.0,-4.8673244227975573e-20,0.007500239686372325,0.25,1.809762563682225,0.0
88004,product_to_joint,0.5,128,0.0,0.0,11.158957255116814,-5.0,False,-5.0,0.0,7.106851321270845e-19,0.007500239686372324,0.49999999999999994,1.809762563682225,0.0
88004,product_to_joint,0.75,128,0.0,0.0,11.158957255116814,-5.0,False,-5.0,0.0,7.577918123108183e-19,0.007500239686372325,0.7500000000000001,1.809762563682225,0.0
88004,product_to_joint,1.0,128,0.0,0.0,11.158957255116814,-5.0,False,-5.0,0.0,7.586088858102618e-19,0.007500239686372325,1.0,1.809762563682225,0.0
88004,product_to_joint_diagP,0.0,128,0.0,0.0,11.158957255116814,-5.0,False,-5.0,0.0,1.7605518457110832e-19,0.007500239686372324,0.0,1.809762563682225,0.0
88004,product_to_joint_diagP,0.25,128,0.0,0.0,11.158957255116814,-5.0,False,-5.0,0.0,-4.8673244227975573e-20,0.007500239686372325,0.25,1.809762563682225,0.0
88004,product_to_joint_diagP,0.5,128,0.0,0.0,11.158957255116814,-5.0,False,-5.0,0.0,7.106851321270845e-19,0.007500239686372324,0.49999999999999994,1.809762563682225,0.0
88004,product_to_joint_diagP,0.75,128,0.0,0.0,11.158957255116814,-5.0,False,-5.0,0.0,7.577918123108183e-19,0.007500239686372325,0.7500000000000001,1.809762563682225,0.0
88004,product_to_joint_diagP,1.0,128,0.0,0.0,11.158957255116814,-5.0,False,-5.0,0.0,7.586088858102618e-19,0.007500239686372325,1.0,1.809762563682225,0.0
88004,gaussian_to_joint,0.0,128,0.0,0.0,11.158957255116814,-5.0,False,-5.0,0.0,7.586088858102618e-19,0.007500239686372325,0.0,1.809762563682225,0.0
88004,gaussian_to_joint,0.25,128,0.0,0.0,11.158957255116814,-5.0,False,-5.0,0.0,9.820634564853365e-19,0.007500239686372325,0.25,1.809762563682225,0.0
88004,gaussian_to_joint,0.5,128,0.0,0.0,11.158957255116814,-5.0,False,-5.0,0.0,8.6702928844743545e-19,0.007500239686372325,0.49999999999999994,1.809762563682225,0.0
88004,gaussian_to_joint,0.75,128,0.0,0.0,11.158957255116814,-5.0,False,-5.0,0.0,9.820634564853365e-19,0.007500239686372325,0.7500000000000001,1.809762563682225,0.0
88004,gaussian_to_joint,1.0,128,0.0,0.0,11.158957255116814,-5.0,False,-5.0,0.0,7.586088858102618e-19,0.007500239686372325,1.0,1.809762563682225,0.0
88004,product_to_joint,0.0,132,0.045000000000000005,0.1870569197282771,11.04938154705281,-5.310165249889099,False,-5.0,0.0,0.0014613821853771648,0.007351710972433542,0.0,1.839478736418132,0.02360875661305828
88004,product_to_joint,0.25,132,0.045000000000000005,0.20614191302629192,11.109493752576064,-5.293785305839631,False,-5.0,0.0,0.0016104836955179056,0.007433010952058509,0.2544527158191042,1.8454333846237319,0.02360875661305828
88004,product_to_joint,0.5,132,0.045000000000000005,0.22500163030691273,11.168546537211936,-5.277582963867625,False,-5.0,0.0,0.0017578252367727557,0.007513307602164839,0.5059019150249462,1.8513527847802758,0.02360875661305828
88004,product_to_joint,0.75,132,0.045000000000000005,0.24364003684714938,11.226570063465767,-5.26155561600881,False,-5.0,0.0,0.0019034377878683546,0.007592619347528427,0.7544004650976331,1.8572373517291894,0.02360875661305828
88004,product_to_joint,1.0,132,0.045000000000000005,0.2620610054051725,11.283593261206795,-5.245700691349134,False,-5.0,0.0,0.0020473516047279103,0.00767096416530465,1.0,1.8630874930311903,0.02360875661305828
88004,product_to_joint_diagP,0.0,132,0.045000000000000005,0.1870569197282771,11.04938154705281,-5.310165249889099,False,-5.0,0.0,0.0014613821853771648,0.007351710972433542,0.0,1.839478736418132,0.023256462520868215
88004,product_to_joint_diagP,0.25,132,0.045000000000000005,0.2061311272843067,11.108524046206028,-5.293752454794965,False,-5.0,0.0,0.001610399431908646,0.00743169595246201,0.25438588911042764,1.8453437542068736,0.023256462520868215
88004,product_to_joint_diagP,0.5,132,0.045000000000000005,0.22498354554014516,11.166639045943214,-5.2775152115273,False,-5.0,0.0,0.001757683949532384,0.007510707249901341,0.5058138535910309,1.8511745740361354,0.023256462520868215
88004,product_to_joint_diagP,0.75,132,0.045000000000000005,0.2436180204873189,11.22375537976913,-5.261450971602292,False,-5.0,0.0,0.001903265785057179,0.007588762501519561,0.7543351860562522,1.8569715924005568,0.023256462520868215
88004,product_to_joint_diagP,1.0,132,0.045000000000000005,0.2620383097052579,11.279900719823331,-5.245557222686792,False,-5.0,0.0,0.002047174294572327,0.0076658789214520805,1.0,1.8627351989390002,0.023256462520868215
88004,gaussian_to_joint,0.0,132,0.045000000000000005,0.1875704961553939,11.229007211706191,-5.317734828371385,False,-5.0,0.0,0.0014653945012140148,0.00759595965335386,0.0,1.855910398805709,0.007177094225481184
88004,gaussian_to_joint,0.25,132,0.045000000000000005,0.20629354548455126,11.242798683859615,-5.299632395289131,False,-5.0,0.0,0.0016116683240980567,0.007614875625353727,0.2513481182733772,1.8577095072623782,0.007177094225481184
88004,gaussian_to_joint,0.5,132,0.045000000000000005,0.22494940655750645,11.256492883669386,-5.281592773207616,False,-5.0,0.0,0.0017574172387305191,0.00763368115479123,0.5017942658543888,1.8595053847398204,0.007177094225481184
88004,gaussian_to_joint,0.75,132,0.045000000000000005,0.24353844038728636,11.270090763002914,-5.263615643947845,False,-5.0,0.0,0.0019026440655256747,0.0076523770633742435,0.7513432891728962,1.8612980428221242,0.007177094225481184
88004,gaussian_to_joint,1.0,132,0.045000000000000005,0.2620610054051725,11.283593261206795,-5.245700691349134,False,-5.0,0.0,0.0020473516047279103,0.00767096416530465,1.0,1.8630874930311903,0.007177094225481184
88004,product_to_joint,0.0,136,0.04000000000000001,0.0,11.158957255116814,-5.446358290204673,False,-5.0,0.0,1.7605518457110832e-19,0.007500239686372324,0.0,1.809762563682225,0.0
88004,product_to_joint,0.25,136,0.04000000000000001,0.0,11.158957255116814,-5.446358290204673,False,-5.0,0.0,-4.8673244227975573e-20,0.007500239686372325,0.25,1.809762563682225,0.0
88004,product_to_joint,0.5,136,0.04000000000000001,0.0,11.158957255116814,-5.446358290204673,False,-5.0,0.0,7.106851321270845e-19,0.007500239686372324,0.49999999999999994,1.809762563682225,0.0
88004,product_to_joint,0.75,136,0.04000000000000001,0.0,11.158957255116814,-5.446358290204673,False,-5.0,0.0,7.577918123108183e-19,0.007500239686372325,0.7500000000000001,1.809762563682225,0.0
88004,product_to_joint,1.0,136,0.04000000000000001,0.0,11.158957255116814,-5.446358290204673,False,-5.0,0.0,7.586088858102618e-19,0.007500239686372325,1.0,1.809762563682225,0.0
88004,product_to_joint_diagP,0.0,136,0.04000000000000001,0.0,11.158957255116814,-5.446358290204673,False,-5.0,0.0,1.7605518457110832e-19,0.007500239686372324,0.0,1.809762563682225,0.0
88004,product_to_joint_diagP,0.25,136,0.04000000000000001,0.0,11.158957255116814,-5.446358290204673,False,-5.0,0.0,-4.8673244227975573e-20,0.007500239686372325,0.25,1.809762563682225,0.0
88004,product_to_joint_diagP,0.5,136,0.04000000000000001,0.0,11.158957255116814,-5.446358290204673,False,-5.0,0.0,7.106851321270845e-19,0.007500239686372324,0.49999999999999994,1.809762563682225,0.0
88004,product_to_joint_diagP,0.75,136,0.04000000000000001,0.0,11.158957255116814,-5.446358290204673,False,-5.0,0.0,7.577918123108183e-19,0.007500239686372325,0.7500000000000001,1.809762563682225,0.0
88004,product_to_joint_diagP,1.0,136,0.04000000000000001,0.0,11.158957255116814,-5.446358290204673,False,-5.0,0.0,7.586088858102618e-19,0.007500239686372325,1.0,1.809762563682225,0.0
88004,gaussian_to_joint,0.0,136,0.04000000000000001,0.0,11.158957255116814,-5.446358290204673,False,-5.0,0.0,7.586088858102618e-19,0.007500239686372325,0.0,1.809762563682225,0.0
88004,gaussian_to_joint,0.25,136,0.04000000000000001,0.0,11.158957255116814,-5.446358290204673,False,-5.0,0.0,9.820634564853365e-19,0.007500239686372325,0.25,1.809762563682225,0.0
88004,gaussian_to_joint,0.5,136,0.04000000000000001,0.0,11.158957255116814,-5.446358290204673,False,-5.0,0.0,8.6702928844743545e-19,0.007500239686372325,0.49999999999999994,1.809762563682225,0.0
88004,gaussian_to_joint,0.75,136,0.04000000000000001,0.0,11.158957255116814,-5.446358290204673,False,-5.0,0.0,9.820634564853365e-19,0.007500239686372325,0.7500000000000001,1.809762563682225,0.0
88004,gaussian_to_joint,1.0,136,0.04000000000000001,0.0,11.158957255116814,-5.446358290204673,False,-5.0,0.0,7.586088858102618e-19,0.007500239686372325,1.0,1.809762563682225,0.0
88004,product_to_joint,0.0,140,0.035,-0.009765941680410787,11.147902735094364,-5.399942537408713,False,-5.0,0.0,-7.629641937820927e-05,0.007485188927680932,0.0,1.8126282585538713,0.0006089656346035532
88004,product_to_joint,0.25,140,0.035,-0.010182262875015764,11.148567164823815,-5.4003821136438495,False,-5.0,0.0,-7.954892871106066e-05,0.007486093129186261,0.25011419843869015,1.8127805347322208,0.0006089656346035532
88004,product_to_joint,0.5,140,0.035,-0.010598457306976283,11.149231337129082,-5.400821554106495,False,-5.0,0.0,-8.280044771075221e-05,0.007486997034229807,0.500152241403946,1.8129327877260657,0.0006089656346035532
88004,product_to_joint,0.75,140,0.035,-0.0110145250341755,11.149895252162732,-5.401260858859871,False,-5.0,0.0,-8.60509768294961e-05,0.007487900642956605,0.7501141636725217,1.8130850175424653,0.0006089656346035532
88004,product_to_joint,1.0,140,0.035,-0.011430466114467496,11.1505589100772,-5.40170002796717,False,-5.0,0.0,-8.930051651927732e-05,0.007488803955511597,1.0,1.8132372241884749,0.0006089656346035532
88004,product_to_joint_diagP,0.0,140,0.035,-0.009765941680410787,11.147902735094364,-5.399942537408713,False,-5.0,0.0,-7.629641937820927e-05,0.007485188927680932,0.0,1.8126282585538713,0.0006086232432331862
88004,product_to_joint_diagP,0.25,140,0.035,-0.010182262452449383,11.148566223495534,-5.4003820802747935,False,-5.0,0.0,-7.95489254097608e-05,0.007486091848124113,0.2501141342207679,1.8127804490952886,0.0006086232432331862
88004,product_to_joint_diagP,0.5,140,0.035,-0.010598456533241683,11.149229454984798,-5.400821487457709,False,-5.0,0.0,-8.280044166595065e-05,0.007486994472650185,0.5001521558061114,1.8129326164782689,0.0006086232432331862
88004,product_to_joint_diagP,0.75,140,0.035,-0.011014523980611025,11.149892429714322,-5.401260759020612,False,-5.0,0.0,-8.605096859852363e-05,0.007487896801403854,0.750114099493683,1.81308476070986,0.0006086232432331862
88004,product_to_joint_diagP,1.0,140,0.035,-0.01143046485234417,11.150555147836146,-5.401699895026609,False,-5.0,0.0,-8.930050665893883e-05,0.007488798834529733,1.0,1.8132368817971045,0.0006086232432331862
88004,gaussian_to_joint,0.0,140,0.035,-0.008063207254604915,11.151424083118801,-5.398363050163763,False,-5.0,0.0,-6.29938066766009e-05,0.007489981633396118,0.0,1.8127380134376767,0.0004992107507981736
88004,gaussian_to_joint,0.25,140,0.035,-0.00890533719112116,11.151207810508707,-5.399197610558926,False,-5.0,0.0,-6.957294680563406e-05,0.007489687233468651,0.2500936136970715,1.8128628394908866,0.0004992107507981736
88004,gaussian_to_joint,0.5,140,0.035,-0.009747256927483185,11.150991524114025,-5.400031960271474,False,-5.0,0.0,-7.615044474596238e-05,0.007489392820487233,0.5001248026851077,1.812987649964497,0.0004992107507981736
88004,gaussian_to_joint,0.75,140,0.035,-0.010588966542381357,11.150775223961332,-5.4008660993810285,False,-5.0,0.0,-8.272630111235435e-05,0.00748909839448913,0.7500935903335058,1.8131124448623979,0.0004992107507981736
88004,gaussian_to_joint,1.0,140,0.035,-0.011430466114467496,11.1505589100772,-5.40170002796717,False,-5.0,0.0,-8.930051651927732e-05,0.007488803955511597,1.0,1.8132372241884749,0.0004992107507981736
88004,product_to_joint,0.0,144,0.030000000000000002,0.0,12.849012371546142,-5.3854703711463845,False,-5.0,0.0,1.0150388444745493e-18,0.009976728449960072,0.0,1.121657815441739,0.0
88004,product_to_joint,0.25,144,0.030000000000000002,0.0,12.849012371546143,-5.3854703711463845,False,-5.0,0.0,1.2825214861955447e-18,0.009976728449960073,0.25,1.121657815441739,0.0
88004,product_to_joint,0.5,144,0.030000000000000002,0.0,12.849012371546143,-5.3854703711463845,False,-5.0,0.0,6.841981836774803e-19,0.009976728449960073,0.5,1.121657815441739,0.0
88004,product_to_joint,0.75,144,0.030000000000000002,0.0,12.849012371546143,-5.3854703711463845,False,-5.0,0.0,6.929332111180125e-19,0.009976728449960073,0.75,1.121657815441739,0.0
88004,product_to_joint,1.0,144,0.030000000000000002,0.0,12.849012371546143,-5.3854703711463845,False,-5.0,0.0,1.0795243422007956e-18,0.009976728449960073,1.0,1.121657815441739,0.0
88004,product_to_joint_diagP,0.0,144,0.030000000000000002,0.0,12.849012371546142,-5.3854703711463845,False,-5.0,0.0,1.0150388444745493e-18,0.009976728449960072,0.0,1.121657815441739,0.0
88004,product_to_joint_diagP,0.25,144,0.030000000000000002,0.0,12.849012371546143,-5.3854703711463845,False,-5.0,0.0,1.2825214861955447e-18,0.009976728449960073,0.25,1.121657815441739,0.0
88004,product_to_joint_diagP,0.5,144,0.030000000000000002,0.0,12.849012371546143,-5.3854703711463845,False,-5.0,0.0,6.841981836774803e-19,0.009976728449960073,0.5,1.121657815441739,0.0
88004,product_to_joint_diagP,0.75,144,0.030000000000000002,0.0,12.849012371546143,-5.3854703711463845,False,-5.0,0.0,6.929332111180125e-19,0.009976728449960073,0.75,1.121657815441739,0.0
88004,product_to_joint_diagP,1.0,144,0.030000000000000002,0.0,12.849012371546143,-5.3854703711463845,False,-5.0,0.0,1.0795243422007956e-18,0.009976728449960073,1.0,1.121657815441739,0.0
88004,gaussian_to_joint,0.0,144,0.030000000000000002,0.0,12.849012371546143,-5.3854703711463845,False,-5.0,0.0,1.0795243422007956e-18,0.009976728449960073,0.0,1.121657815441739,0.0
88004,gaussian_to_joint,0.25,144,0.030000000000000002,0.0,12.849012371546143,-5.3854703711463845,False,-5.0,0.0,7.407111632990757e-19,0.009976728449960073,0.25,1.121657815441739,0.0
88004,gaussian_to_joint,0.5,144,0.030000000000000002,0.0,12.849012371546143,-5.3854703711463845,False,-5.0,0.0,8.084737990794194e-19,0.009976728449960073,0.5,1.121657815441739,0.0
88004,gaussian_to_joint,0.75,144,0.030000000000000002,0.0,12.849012371546143,-5.3854703711463845,False,-5.0,0.0,7.407111632990757e-19,0.009976728449960073,0.75,1.121657815441739,0.0
88004,gaussian_to_joint,1.0,144,0.030000000000000002,0.0,12.849012371546143,-5.3854703711463845,False,-5.0,0.0,1.0795243422007956e-18,0.009976728449960073,1.0,1.121657815441739,0.0
88004,product_to_joint,0.0,148,0.025,0.017866776206468125,11.053547208947979,-5.258471904017231,False,-5.0,0.0,0.00013958418911303222,0.007357330682400003,0.0,1.836905433202563,0.003723153410559288
88004,product_to_joint,0.25,148,0.025,0.018139258082515975,11.054503335121682,-5.258223325295526,False,-5.0,0.0,0.00014171295376965606,0.007358620848768089,0.2506987408371581,1.837837521911855,0.003723153410559288
88004,product_to_joint,0.5,148,0.025,0.01841123271323594,11.05545759223878,-5.257975207092733,False,-5.0,0.0,0.00014383775557215577,0.007359908604357304,0.5009307872774355,1.8387687426407568,0.003723153410559288
88004,product_to_joint,0.75,148,0.025,0.018682701513723893,11.056409985785002,-5.257727548130902,False,-5.0,0.0,0.0001459586055759679,0.007361193955918355,0.7506974412885987,1.8396990970043272,0.003723153410559288
88004,product_to_joint,1.0,148,0.025,0.018953665893817168,11.057360521224577,-5.257480347136797,False,-5.0,0.0,0.00014807551479544662,0.007362476910176748,1.0,1.8406285866131222,0.003723153410559288
88004,product_to_joint_diagP,0.0,148,0.025,0.017866776206468125,11.053547208947979,-5.258471904017231,False,-5.0,0.0,0.00013958418911303222,0.007357330682400003,0.0,1.836905433202563,0.0037136560090420545
88004,product_to_joint_diagP,0.25,148,0.025,0.018139242206147627,11.054477557951213,-5.258222696742632,False,-5.0,0.0,0.00014171282973552833,0.007358586064407166,0.2506969567651237,1.8378351409337252,0.0037136560090420545
88004,product_to_joint_diagP,0.5,148,0.025,0.018411202283910365,11.055406094687958,-5.257973950083288,False,-5.0,0.0,0.00014383751784304973,0.007359839106351542,0.5009284129352636,1.8387639851112123,0.0037136560090420545
88004,product_to_joint_diagP,0.75,148,0.025,0.018682657847561863,11.056332824458076,-5.25772566276389,False,-5.0,0.0,0.00014595826443407705,0.007361089814769843,0.7506956638381418,1.83969196733775,0.0037136560090420545
88004,product_to_joint_diagP,1.0,148,0.025,0.018953610299690643,11.057257752540743,-5.257477833513828,False,-5.0,0.0,0.00014807508046633315,0.007362338196174461,1.0,1.840619089211605,0.0037136560090420545
88004,gaussian_to_joint,0.0,148,0.025,0.013452807644440746,11.07276557427315,-5.263366331712388,False,-5.0,0.0,0.00010510005972219333,0.0073832847572515015,0.0,1.8362627931386983,0.004365793474423896
88004,gaussian_to_joint,0.25,148,0.025,0.0148325300467711,11.0689039581057,-5.261890068905871,False,-5.0,0.0,0.00011587914099039921,0.007378066090928226,0.250819479394286,1.8373560296964584,0.004365793474423896
88004,gaussian_to_joint,0.5,148,0.025,0.016209240662355615,11.065049256692461,-5.260416990754956,False,-5.0,0.0,0.00012663469267465324,0.007372858584779687,0.5010914466350115,1.838448072393101,0.004365793474423896
88004,gaussian_to_joint,0.75,148,0.025,0.017582949342054247,11.061201450789117,-5.258947086927674,False,-5.0,0.0,0.0001373667917347988,0.007367662203060258,0.7508176925085216,1.839538923833277,0.004365793474423896
88004,gaussian_to_joint,1.0,148,0.025,0.018953665893817168,11.057360521224577,-5.257480347136797,False,-5.0,0.0,0.00014807551479544662,0.007362476910176748,1.0,1.8406285866131222,0.004365793474423896
88004,product_to_joint,0.0,152,0.02,0.0,11.158957255116814,-5.223179145102336,False,-3.0,0.0,1.7605518457110832e-19,0.007500239686372324,0.0,1.809762563682225,0.0
88004,product_to_joint,0.25,152,0.02,0.0,11.158957255116814,-5.223179145102336,False,-3.0,0.0,-4.8673244227975573e-20,0.007500239686372325,0.25,1.809762563682225,0.0
88004,product_to_joint,0.5,152,0.02,0.0,11.158957255116814,-5.223179145102336,False,-3.0,0.0,7.106851321270845e-19,0.007500239686372324,0.49999999999999994,1.809762563682225,0.0
88004,product_to_joint,0.75,152,0.02,0.0,11.158957255116814,-5.223179145102336,False,-3.0,0.0,7.577918123108183e-19,0.007500239686372325,0.7500000000000001,1.809762563682225,0.0
88004,product_to_joint,1.0,152,0.02,0.0,11.158957255116814,-5.223179145102336,False,-3.0,0.0,7.586088858102618e-19,0.007500239686372325,1.0,1.809762563682225,0.0
88004,product_to_joint_diagP,0.0,152,0.02,0.0,11.158957255116814,-5.223179145102336,False,-3.0,0.0,1.7605518457110832e-19,0.007500239686372324,0.0,1.809762563682225,0.0
88004,product_to_joint_diagP,0.25,152,0.02,0.0,11.158957255116814,-5.223179145102336,False,-3.0,0.0,-4.8673244227975573e-20,0.007500239686372325,0.25,1.809762563682225,0.0
88004,product_to_joint_diagP,0.5,152,0.02,0.0,11.158957255116814,-5.223179145102336,False,-3.0,0.0,7.106851321270845e-19,0.007500239686372324,0.49999999999999994,1.809762563682225,0.0
88004,product_to_joint_diagP,0.75,152,0.02,0.0,11.158957255116814,-5.223179145102336,False,-3.0,0.0,7.577918123108183e-19,0.007500239686372325,0.7500000000000001,1.809762563682225,0.0
88004,product_to_joint_diagP,1.0,152,0.02,0.0,11.158957255116814,-5.223179145102336,False,-3.0,0.0,7.586088858102618e-19,0.007500239686372325,1.0,1.809762563682225,0.0
88004,gaussian_to_joint,0.0,152,0.02,0.0,11.158957255116814,-5.223179145102336,False,-3.0,0.0,7.586088858102618e-19,0.007500239686372325,0.0,1.809762563682225,0.0
88004,gaussian_to_joint,0.25,152,0.02,0.0,11.158957255116814,-5.223179145102336,False,-3.0,0.0,9.820634564853365e-19,0.007500239686372325,0.25,1.809762563682225,0.0
88004,gaussian_to_joint,0.5,152,0.02,0.0,11.158957255116814,-5.223179145102336,False,-3.0,0.0,8.6702928844743545e-19,0.007500239686372325,0.49999999999999994,1.809762563682225,0.0
88004,gaussian_to_joint,0.75,152,0.02,0.0,11.158957255116814,-5.223179145102336,False,-3.0,0.0,9.820634564853365e-19,0.007500239686372325,0.7500000000000001,1.809762563682225,0.0
88004,gaussian_to_joint,1.0,152,0.02,0.0,11.158957255116814,-5.223179145102336,False,-3.0,0.0,7.586088858102618e-19,0.007500239686372325,1.0,1.809762563682225,0.0
88004,product_to_joint,0.0,156,0.015,0.45589906361376803,12.651820699468043,-4.733878246878253,False,-3.0,0.0,0.0035617114344825627,0.009669809998259768,0.0,1.152345370281997,0.00877414434196444
88004,product_to_joint,0.25,156,0.015,0.46645626781027605,12.668324159597274,-4.723568594583683,False,-3.0,0.0,0.0036441895922677816,0.00969531475907202,0.25164875809696,1.1545461343169063,0.00877414434196444
88004,product_to_joint,0.5,156,0.015,0.4769671570871826,12.684725158839427,-4.713303720295409,False,-3.0,0.0,0.0037263059147436143,0.009720694113482295,0.5021935220130402,1.1567420656232272,0.00877414434196444
88004,product_to_joint,0.75,156,0.015,0.48743203555579934,12.701024682345198,-4.703083334679379,False,-3.0,0.0,0.0038080627777796823,0.009745948973482785,0.7516415407540009,1.1589331853791514,0.00877414434196444
88004,product_to_joint,1.0,156,0.015,0.4978512046707916,12.717223702140458,-4.692907150861315,False,-3.0,0.0,0.0038894625364905592,0.009771080242326848,1.0,1.1611195146239615,0.00877414434196444
88004,product_to_joint_diagP,0.0,156,0.015,0.45589906361376803,12.651820699468043,-4.733878246878253,False,-3.0,0.0,0.0035617114344825627,0.009669809998259768,0.0,1.152345370281997,0.008620888601562182
88004,product_to_joint_diagP,0.25,156,0.015,0.4664460593263094,12.66785762411027,-4.723571805035345,False,-3.0,0.0,0.003644109838486792,0.00969459330961479,0.2516198978199388,1.1545075699116927,0.008620888601562182
88004,product_to_joint_diagP,0.5,156,0.015,0.47694759308285095,12.683796563806736,-4.71330935537425,False,-3.0,0.0,0.003726153070959773,0.009719256303224826,0.502155208802531,1.1566651045190453,0.008620888601562182
88004,product_to_joint_diagP,0.75,156,0.015,0.4874039581912767,12.699638444248324,-4.703090618472448,False,-3.0,0.0,0.003807843423369349,0.009743799842201539,0.7516129304001018,1.1588179941906285,0.008620888601562182
88004,product_to_joint_diagP,1.0,156,0.015,0.4978154454417631,12.715384179023413,-4.692915317243588,False,-3.0,0.0,0.003889183167513774,0.009768224781503842,1.0,1.1609662588835592,0.008620888601562182
88004,gaussian_to_joint,0.0,156,0.015,0.4050073701356073,12.705889056785182,-4.7855809657161705,False,-3.0,0.0,0.003164120079184432,0.00975349223164877,0.0,1.1559265376112093,0.00519297701275212
88004,gaussian_to_joint,0.25,156,0.015,0.42830884656116236,12.708798471816792,-4.76232313051609,False,-3.0,0.0,0.003346162863759081,0.009758005285476858,0.2509749467179158,1.1572273122090055,0.00519297701275212
88004,gaussian_to_joint,0.5,156,0.015,0.4515498211069591,12.71165712212454,-4.739125035724909,False,-3.0,0.0,0.003527732977398118,0.009762440600003634,0.5012982413357154,1.1585263969900796,0.00519297701275212
88004,gaussian_to_joint,0.75,156,0.015,0.47473052910560387,12.714465402018709,-4.715986451924676,False,-3.0,0.0,0.0037088322586375302,0.009766798734077806,0.750972418567806,1.1598237963391682,0.00519297701275212
88004,gaussian_to_joint,1.0,156,0.015,0.4978512046707916,12.717223702140458,-4.692907150861315,False,-3.0,0.0,0.0038894625364905592,0.009771080242326848,1.0,1.1611195146239615,0.00519297701275212
88004,product_to_joint,0.0,160,0.009999999999999998,0.0,11.158957255116814,-5.111589572551168,False,-5.0,0.0,1.7605518457110832e-19,0.007500239686372324,0.0,1.809762563682225,0.0
88004,product_to_joint,0.25,160,0.009999999999999998,0.0,11.158957255116814,-5.111589572551168,False,-5.0,0.0,-4.8673244227975573e-20,0.007500239686372325,0.25,1.809762563682225,0.0
88004,product_to_joint,0.5,160,0.009999999999999998,0.0,11.158957255116814,-5.111589572551168,False,-5.0,0.0,7.106851321270845e-19,0.007500239686372324,0.49999999999999994,1.809762563682225,0.0
88004,product_to_joint,0.75,160,0.009999999999999998,0.0,11.158957255116814,-5.111589572551168,False,-5.0,0.0,7.577918123108183e-19,0.007500239686372325,0.7500000000000001,1.809762563682225,0.0
88004,product_to_joint,1.0,160,0.009999999999999998,0.0,11.158957255116814,-5.111589572551168,False,-5.0,0.0,7.586088858102618e-19,0.007500239686372325,1.0,1.809762563682225,0.0
88004,product_to_joint_diagP,0.0,160,0.009999999999999998,0.0,11.158957255116814,-5.111589572551168,False,-5.0,0.0,1.7605518457110832e-19,0.007500239686372324,0.0,1.809762563682225,0.0
88004,product_to_joint_diagP,0.25,160,0.009999999999999998,0.0,11.158957255116814,-5.111589572551168,False,-5.0,0.0,-4.8673244227975573e-20,0.007500239686372325,0.25,1.809762563682225,0.0
88004,product_to_joint_diagP,0.5,160,0.009999999999999998,0.0,11.158957255116814,-5.111589572551168,False,-5.0,0.0,7.106851321270845e-19,0.007500239686372324,0.49999999999999994,1.809762563682225,0.0
88004,product_to_joint_diagP,0.75,160,0.009999999999999998,0.0,11.158957255116814,-5.111589572551168,False,-5.0,0.0,7.577918123108183e-19,0.007500239686372325,0.7500000000000001,1.809762563682225,0.0
88004,product_to_joint_diagP,1.0,160,0.009999999999999998,0.0,11.158957255116814,-5.111589572551168,False,-5.0,0.0,7.586088858102618e-19,0.007500239686372325,1.0,1.809762563682225,0.0
88004,gaussian_to_joint,0.0,160,0.009999999999999998,0.0,11.158957255116814,-5.111589572551168,False,-5.0,0.0,7.586088858102618e-19,0.007500239686372325,0.0,1.809762563682225,0.0
88004,gaussian_to_joint,0.25,160,0.009999999999999998,0.0,11.158957255116814,-5.111589572551168,False,-5.0,0.0,9.820634564853365e-19,0.007500239686372325,0.25,1.809762563682225,0.0
88004,gaussian_to_joint,0.5,160,0.009999999999999998,0.0,11.158957255116814,-5.111589572551168,False,-5.0,0.0,8.6702928844743545e-19,0.007500239686372325,0.49999999999999994,1.809762563682225,0.0
88004,gaussian_to_joint,0.75,160,0.009999999999999998,0.0,11.158957255116814,-5.111589572551168,False,-5.0,0.0,9.820634564853365e-19,0.007500239686372325,0.7500000000000001,1.809762563682225,0.0
88004,gaussian_to_joint,1.0,160,0.009999999999999998,0.0,11.158957255116814,-5.111589572551168,False,-5.0,0.0,7.586088858102618e-19,0.007500239686372325,1.0,1.809762563682225,0.0
88004,product_to_joint,0.0,164,0.05500000000000001,0.6814178935556612,13.980017346358048,-5.087483060494032,False,28.0,33.0,0.005323577293403603,0.011828764953886227,0.0,0.7921065316243343,1.2121740795706772
88004,product_to_joint,0.25,164,0.05500000000000001,4.070458179994427,22.94811903439167,-2.1916883668971154,False,28.0,33.0,0.03180045453120646,0.03204210004984187,0.5283599760910114,1.2559637047529186,1.2121740795706772
88004,product_to_joint,0.5,164,0.05500000000000001,5.624784562668664,25.900203484975638,-0.7997266290049971,False,28.0,33.0,0.043943629395848935,0.040843636508980964,0.7706834013018571,1.5716110542367718,1.2121740795706772
88004,product_to_joint,0.75,164,0.05500000000000001,6.5168998051573475,27.411767999133264,0.009252565205017937,True,28.0,33.0,0.05091327972779178,0.04576212309804117,0.9097664302283314,1.811165921238631,1.2121740795706772
88004,product_to_joint,1.0,164,0.05500000000000001,7.095681728435906,28.33434103700216,0.5372929714007872,True,28.0,33.0,0.05543501350340552,0.048901152465890184,1.0,2.0042806111950116,1.2121740795706772
88004,product_to_joint_diagP,0.0,164,0.05500000000000001,0.6814178935556612,13.980017346358048,-5.087483060494032,False,28.0,33.0,0.005323577293403603,0.011828764953886227,0.0,0.7921065316243343,1.1646450849961072
88004,product_to_joint_diagP,0.25,164,0.05500000000000001,3.9758369461868783,22.65063883405906,-2.26994818968637,False,28.0,33.0,0.031061226142084987,0.031214174779723162,0.5165022032631228,1.231132980175805,1.1646450849961072
88004,product_to_joint_diagP,0.5,164,0.05500000000000001,5.542822584153939,25.622347419592046,-0.866406523923624,False,28.0,33.0,0.043303301438702646,0.03996986616761933,0.7621757261397089,1.5351825742108836,1.1646450849961072
88004,product_to_joint_diagP,0.75,164,0.05500000000000001,6.458828189822327,27.167776138145516,-0.035399497775676636,False,28.0,33.0,0.05045959523298693,0.04494932008620538,0.9057879703535167,1.7680195728040928,1.1646450849961072
88004,product_to_joint_diagP,1.0,164,0.05500000000000001,7.059743158807114,28.11932742159463,0.5131801506194096,True,28.0,33.0,0.05515424342818058,0.04816028897966575,1.0,1.9567516166204415,1.1646450849961072
88004,gaussian_to_joint,0.0,164,0.05500000000000001,4.393489301068634,26.891931855010448,-2.085566950956941,False,28.0,33.0,0.0343241351645987,0.044039160088777195,0.0,1.9787938433079257,0.025486767887085815
88004,gaussian_to_joint,0.25,164,0.05500000000000001,5.082032659555794,27.29212882807138,-1.4190344259881322,False,28.0,33.0,0.03970338015277964,0.04536266454883086,0.2548091510855146,1.9852266912258552,0.025486767887085815
88004,gaussian_to_joint,0.5,164,0.05500000000000001,5.761802120601116,27.664745424596468,-0.7597588777516897,False,28.0,33.0,0.04501407906719622,0.046612532922835154,0.5063713470863441,1.9916184219710837,0.025486767887085815
88004,gaussian_to_joint,0.75,164,0.05500000000000001,6.432964327102563,28.01160469706114,-0.10767393123579971,False,28.0,33.0,0.05025753380548877,0.047791235211451275,0.7547482575180549,1.997969557828657,0.025486767887085815
88004,gaussian_to_joint,1.0,164,0.05500000000000001,7.095681728435906,28.33434103700216,0.5372929714007872,True,28.0,33.0,0.05543501350340552,0.048901152465890184,1.0,2.0042806111950116,0.025486767887085815
88005,product_to_joint,0.0,0,0.007798710127542649,0.0,12.890462726661413,-5.100528982215125,False,-6.0,-1.0,-1.2488856386635861e-20,0.010041847491909619,0.0,1.1151861303294424,0.0
88005,product_to_joint,0.25,0,0.007798710127542649,0.0,12.890462726661411,-5.100528982215125,False,-6.0,-1.0,-6.329934297457138e-19,0.010041847491909617,0.25,1.1151861303294424,0.0
88005,product_to_joint,0.5,0,0.007798710127542649,0.0,12.890462726661411,-5.100528982215125,False,-6.0,-1.0,6.411556638439304e-19,0.010041847491909617,0.5,1.1151861303294424,0.0
88005,product_to_joint,0.75,0,0.007798710127542649,0.0,12.890462726661413,-5.100528982215125,False,-6.0,-1.0,4.738396538401912e-19,0.010041847491909619,0.75,1.1151861303294424,0.0
88005,product_to_joint,1.0,0,0.007798710127542649,0.0,12.890462726661411,-5.100528982215125,False,-6.0,-1.0,6.110355103519841e-19,0.010041847491909617,1.0,1.1151861303294424,0.0
88005,product_to_joint_diagP,0.0,0,0.007798710127542649,0.0,12.890462726661413,-5.100528982215125,False,-6.0,-1.0,-1.2488856386635861e-20,0.010041847491909619,0.0,1.1151861303294424,0.0
88005,product_to_joint_diagP,0.25,0,0.007798710127542649,0.0,12.890462726661411,-5.100528982215125,False,-6.0,-1.0,-6.329934297457138e-19,0.010041847491909617,0.25,1.1151861303294424,0.0
88005,product_to_joint_diagP,0.5,0,0.007798710127542649,0.0,12.890462726661411,-5.100528982215125,False,-6.0,-1.0,6.411556638439304e-19,0.010041847491909617,0.5,1.1151861303294424,0.0
88005,product_to_joint_diagP,0.75,0,0.007798710127542649,0.0,12.890462726661413,-5.100528982215125,False,-6.0,-1.0,4.738396538401912e-19,0.010041847491909619,0.75,1.1151861303294424,0.0
88005,product_to_joint_diagP,1.0,0,0.007798710127542649,0.0,12.890462726661411,-5.100528982215125,False,-6.0,-1.0,6.110355103519841e-19,0.010041847491909617,1.0,1.1151861303294424,0.0
88005,gaussian_to_joint,0.0,0,0.007798710127542649,0.0,12.890462726661411,-5.100528982215125,False,-6.0,-1.0,6.110355103519841e-19,0.010041847491909617,0.0,1.1151861303294424,0.0
88005,gaussian_to_joint,0.25,0,0.007798710127542649,0.0,12.890462726661413,-5.100528982215125,False,-6.0,-1.0,6.855744097103625e-19,0.01004184749190962,0.25,1.1151861303294424,0.0
88005,gaussian_to_joint,0.5,0,0.007798710127542649,0.0,12.890462726661411,-5.100528982215125,False,-6.0,-1.0,6.584698885415723e-19,0.010041847491909617,0.5,1.1151861303294424,0.0
88005,gaussian_to_joint,0.75,0,0.007798710127542649,0.0,12.890462726661413,-5.100528982215125,False,-6.0,-1.0,6.855744097103625e-19,0.01004184749190962,0.75,1.1151861303294424,0.0
88005,gaussian_to_joint,1.0,0,0.007798710127542649,0.0,12.890462726661411,-5.100528982215125,False,-6.0,-1.0,6.110355103519841e-19,0.010041847491909617,1.0,1.1151861303294424,0.0
88005,product_to_joint,0.0,4,0.007798710127542649,0.0,11.158957255116814,-5.087025472958295,False,-3.0,2.0,1.7605518457110832e-19,0.007500239686372324,0.0,1.809762563682225,0.0
88005,product_to_joint,0.25,4,0.007798710127542649,0.0,11.158957255116814,-5.087025472958295,False,-3.0,2.0,-4.8673244227975573e-20,0.007500239686372325,0.25,1.809762563682225,0.0
88005,product_to_joint,0.5,4,0.007798710127542649,0.0,11.158957255116814,-5.087025472958295,False,-3.0,2.0,7.106851321270845e-19,0.007500239686372324,0.49999999999999994,1.809762563682225,0.0
88005,product_to_joint,0.75,4,0.007798710127542649,0.0,11.158957255116814,-5.087025472958295,False,-3.0,2.0,7.577918123108183e-19,0.007500239686372325,0.7500000000000001,1.809762563682225,0.0
88005,product_to_joint,1.0,4,0.007798710127542649,0.0,11.158957255116814,-5.087025472958295,False,-3.0,2.0,7.586088858102618e-19,0.007500239686372325,1.0,1.809762563682225,0.0
88005,product_to_joint_diagP,0.0,4,0.007798710127542649,0.0,11.158957255116814,-5.087025472958295,False,-3.0,2.0,1.7605518457110832e-19,0.007500239686372324,0.0,1.809762563682225,0.0
88005,product_to_joint_diagP,0.25,4,0.007798710127542649,0.0,11.158957255116814,-5.087025472958295,False,-3.0,2.0,-4.8673244227975573e-20,0.007500239686372325,0.25,1.809762563682225,0.0
88005,product_to_joint_diagP,0.5,4,0.007798710127542649,0.0,11.158957255116814,-5.087025472958295,False,-3.0,2.0,7.106851321270845e-19,0.007500239686372324,0.49999999999999994,1.809762563682225,0.0
88005,product_to_joint_diagP,0.75,4,0.007798710127542649,0.0,11.158957255116814,-5.087025472958295,False,-3.0,2.0,7.577918123108183e-19,0.007500239686372325,0.7500000000000001,1.809762563682225,0.0
88005,product_to_joint_diagP,1.0,4,0.007798710127542649,0.0,11.158957255116814,-5.087025472958295,False,-3.0,2.0,7.586088858102618e-19,0.007500239686372325,1.0,1.809762563682225,0.0
88005,gaussian_to_joint,0.0,4,0.007798710127542649,0.0,11.158957255116814,-5.087025472958295,False,-3.0,2.0,7.586088858102618e-19,0.007500239686372325,0.0,1.809762563682225,0.0
88005,gaussian_to_joint,0.25,4,0.007798710127542649,0.0,11.158957255116814,-5.087025472958295,False,-3.0,2.0,9.820634564853365e-19,0.007500239686372325,0.25,1.809762563682225,0.0
88005,gaussian_to_joint,0.5,4,0.007798710127542649,0.0,11.158957255116814,-5.087025472958295,False,-3.0,2.0,8.6702928844743545e-19,0.007500239686372325,0.49999999999999994,1.809762563682225,0.0
88005,gaussian_to_joint,0.75,4,0.007798710127542649,0.0,11.158957255116814,-5.087025472958295,False,-3.0,2.0,9.820634564853365e-19,0.007500239686372325,0.7500000000000001,1.809762563682225,0.0
88005,gaussian_to_joint,1.0,4,0.007798710127542649,0.0,11.158957255116814,-5.087025472958295,False,-3.0,2.0,7.586088858102618e-19,0.007500239686372325,1.0,1.809762563682225,0.0
88005,product_to_joint,0.0,8,0.052798710127542656,0.0,11.158957255116814,-5.589178549438552,False,-5.0,0.0,1.7605518457110832e-19,0.007500239686372324,0.0,1.809762563682225,0.0
88005,product_to_joint,0.25,8,0.052798710127542656,0.0,11.158957255116814,-5.589178549438552,False,-5.0,0.0,-4.8673244227975573e-20,0.007500239686372325,0.25,1.809762563682225,0.0
88005,product_to_joint,0.5,8,0.052798710127542656,0.0,11.158957255116814,-5.589178549438552,False,-5.0,0.0,7.106851321270845e-19,0.007500239686372324,0.49999999999999994,1.809762563682225,0.0
88005,product_to_joint,0.75,8,0.052798710127542656,0.0,11.158957255116814,-5.589178549438552,False,-5.0,0.0,7.577918123108183e-19,0.007500239686372325,0.7500000000000001,1.809762563682225,0.0
88005,product_to_joint,1.0,8,0.052798710127542656,0.0,11.158957255116814,-5.589178549438552,False,-5.0,0.0,7.586088858102618e-19,0.007500239686372325,1.0,1.809762563682225,0.0
88005,product_to_joint_diagP,0.0,8,0.052798710127542656,0.0,11.158957255116814,-5.589178549438552,False,-5.0,0.0,1.7605518457110832e-19,0.007500239686372324,0.0,1.809762563682225,0.0
88005,product_to_joint_diagP,0.25,8,0.052798710127542656,0.0,11.158957255116814,-5.589178549438552,False,-5.0,0.0,-4.8673244227975573e-20,0.007500239686372325,0.25,1.809762563682225,0.0
88005,product_to_joint_diagP,0.5,8,0.052798710127542656,0.0,11.158957255116814,-5.589178549438552,False,-5.0,0.0,7.106851321270845e-19,0.007500239686372324,0.49999999999999994,1.809762563682225,0.0
88005,product_to_joint_diagP,0.75,8,0.052798710127542656,0.0,11.158957255116814,-5.589178549438552,False,-5.0,0.0,7.577918123108183e-19,0.007500239686372325,0.7500000000000001,1.809762563682225,0.0
88005,product_to_joint_diagP,1.0,8,0.052798710127542656,0.0,11.158957255116814,-5.589178549438552,False,-5.0,0.0,7.586088858102618e-19,0.007500239686372325,1.0,1.809762563682225,0.0
88005,gaussian_to_joint,0.0,8,0.052798710127542656,0.0,11.158957255116814,-5.589178549438552,False,-5.0,0.0,7.586088858102618e-19,0.007500239686372325,0.0,1.809762563682225,0.0
88005,gaussian_to_joint,0.25,8,0.052798710127542656,0.0,11.158957255116814,-5.589178549438552,False,-5.0,0.0,9.820634564853365e-19,0.007500239686372325,0.25,1.809762563682225,0.0
88005,gaussian_to_joint,0.5,8,0.052798710127542656,0.0,11.158957255116814,-5.589178549438552,False,-5.0,0.0,8.6702928844743545e-19,0.007500239686372325,0.49999999999999994,1.809762563682225,0.0
88005,gaussian_to_joint,0.75,8,0.052798710127542656,0.0,11.158957255116814,-5.589178549438552,False,-5.0,0.0,9.820634564853365e-19,0.007500239686372325,0.7500000000000001,1.809762563682225,0.0
88005,gaussian_to_joint,1.0,8,0.052798710127542656,0.0,11.158957255116814,-5.589178549438552,False,-5.0,0.0,7.586088858102618e-19,0.007500239686372325,1.0,1.809762563682225,0.0
88005,product_to_joint,0.0,12,0.04779871012754265,-0.004245371073924371,11.098408190792375,-5.534734967062755,False,-5.0,0.0,-3.316696151503415e-05,0.007417984885830522,0.0,1.8251768672483295,0.0015208591119426629
88005,product_to_joint,0.25,12,0.04779871012754265,-0.004314634153796236,11.097496615424122,-5.5347606580158395,False,-5.0,0.0,-3.370807932653309e-05,0.0074167499468597315,0.2502852694921799,1.8255572989261912,0.0015208591119426629
88005,product_to_joint,0.5,12,0.04779871012754265,-0.004383844563985453,11.096585658012986,-5.534786325836795,False,-5.0,0.0,-3.4248785656136355e-05,0.007415515946387908,0.500380214704699,1.8259375859308276,0.0015208591119426629
88005,product_to_joint,0.75,12,0.04779871012754265,-0.004453002364546269,11.095675317921605,-5.534811970555211,False,-5.0,0.0,-3.478908097301773e-05,0.007414282883345625,0.7502850526473162,1.8263177283722323,0.0015208591119426629
88005,product_to_joint,1.0,12,0.04779871012754265,-0.004522107615443483,11.094765594513515,-5.5348375922006285,False,-5.0,0.0,-3.532896574565221e-05,0.007413050756665088,1.0,1.8266977263602722,0.0015208591119426629
88005,product_to_joint_diagP,0.0,12,0.04779871012754265,-0.004245371073924371,11.098408190792375,-5.534734967062755,False,-5.0,0.0,-3.316696151503415e-05,0.007417984885830522,0.0,1.8251768672483295,0.0015208591119426629
88005,product_to_joint_diagP,0.25,12,0.04779871012754265,-0.004314634153796236,11.097496615424122,-5.5347606580158395,False,-5.0,0.0,-3.370807932653309e-05,0.0074167499468597315,0.2502852694921799,1.8255572989261912,0.0015208591119426629
88005,product_to_joint_diagP,0.5,12,0.04779871012754265,-0.004383844563985453,11.096585658012986,-5.534786325836795,False,-5.0,0.0,-3.4248785656136355e-05,0.007415515946387908,0.500380214704699,1.8259375859308276,0.0015208591119426629
88005,product_to_joint_diagP,0.75,12,0.04779871012754265,-0.004453002364546269,11.095675317921605,-5.534811970555211,False,-5.0,0.0,-3.478908097301773e-05,0.007414282883345625,0.7502850526473162,1.8263177283722323,0.0015208591119426629
88005,product_to_joint_diagP,1.0,12,0.04779871012754265,-0.004522107615443483,11.094765594513515,-5.5348375922006285,False,-5.0,0.0,-3.532896574565221e-05,0.007413050756665088,1.0,1.8266977263602722,0.0015208591119426629
88005,gaussian_to_joint,0.0,12,0.04779871012754265,-0.00335731991990214,11.105904208675856,-5.534205215894655,False,-5.0,0.0,-2.6229061874235467e-05,0.007428143816667729,0.0,1.8242780968527263,0.0024196295075458174
88005,gaussian_to_joint,0.25,12,0.04779871012754265,-0.0036490456048831714,11.103115559026932,-5.534363647723421,False,-5.0,0.0,-2.8508168788149777e-05,0.007424363715643673,0.25045395491186256,1.8248835533203245,0.0024196295075458174
88005,gaussian_to_joint,0.5,12,0.04779871012754265,-0.003940418355998369,11.100329576173012,-5.53452185408768,False,-5.0,0.0,-3.078451840623726e-05,0.007420588177469563,0.5006049070817621,1.8254886434321898,0.0024196295075458174
88005,gaussian_to_joint,0.75,12,0.04779871012754265,-0.004231438813337195,11.097546256027758,-5.534679835432204,False,-5.0,0.0,-3.3058115729196836e-05,0.007416817193888899,0.7504534060427954,1.8260933676314108,0.0024196295075458174
88005,gaussian_to_joint,1.0,12,0.04779871012754265,-0.004522107615443483,11.094765594513515,-5.5348375922006285,False,-5.0,0.0,-3.532896574565221e-05,0.007413050756665088,1.0,1.8266977263602722,0.0024196295075458174
88005,product_to_joint,0.0,16,0.03779871012754264,0.0,11.158957255116814,-5.4217941906117995,False,-5.0,0.0,1.7605518457110832e-19,0.007500239686372324,0.0,1.809762563682225,0.0
88005,product_to_joint,0.25,16,0.03779871012754264,0.0,11.158957255116814,-5.4217941906117995,False,-5.0,0.0,-4.8673244227975573e-20,0.007500239686372325,0.25,1.809762563682225,0.0
88005,product_to_joint,0.5,16,0.03779871012754264,0.0,11.158957255116814,-5.4217941906117995,False,-5.0,0.0,7.106851321270845e-19,0.007500239686372324,0.49999999999999994,1.809762563682225,0.0
88005,product_to_joint,0.75,16,0.03779871012754264,0.0,11.158957255116814,-5.4217941906117995,False,-5.0,0.0,7.577918123108183e-19,0.007500239686372325,0.7500000000000001,1.809762563682225,0.0
88005,product_to_joint,1.0,16,0.03779871012754264,0.0,11.158957255116814,-5.4217941906117995,False,-5.0,0.0,7.586088858102618e-19,0.007500239686372325,1.0,1.809762563682225,0.0
88005,product_to_joint_diagP,0.0,16,0.03779871012754264,0.0,11.158957255116814,-5.4217941906117995,False,-5.0,0.0,1.7605518457110832e-19,0.007500239686372324,0.0,1.809762563682225,0.0
88005,product_to_joint_diagP,0.25,16,0.03779871012754264,0.0,11.158957255116814,-5.4217941906117995,False,-5.0,0.0,-4.8673244227975573e-20,0.007500239686372325,0.25,1.809762563682225,0.0
88005,product_to_joint_diagP,0.5,16,0.03779871012754264,0.0,11.158957255116814,-5.4217941906117995,False,-5.0,0.0,7.106851321270845e-19,0.007500239686372324,0.49999999999999994,1.809762563682225,0.0
88005,product_to_joint_diagP,0.75,16,0.03779871012754264,0.0,11.158957255116814,-5.4217941906117995,False,-5.0,0.0,7.577918123108183e-19,0.007500239686372325,0.7500000000000001,1.809762563682225,0.0
88005,product_to_joint_diagP,1.0,16,0.03779871012754264,0.0,11.158957255116814,-5.4217941906117995,False,-5.0,0.0,7.586088858102618e-19,0.007500239686372325,1.0,1.809762563682225,0.0
88005,gaussian_to_joint,0.0,16,0.03779871012754264,0.0,11.158957255116814,-5.4217941906117995,False,-5.0,0.0,7.586088858102618e-19,0.007500239686372325,0.0,1.809762563682225,0.0
88005,gaussian_to_joint,0.25,16,0.03779871012754264,0.0,11.158957255116814,-5.4217941906117995,False,-5.0,0.0,9.820634564853365e-19,0.007500239686372325,0.25,1.809762563682225,0.0
88005,gaussian_to_joint,0.5,16,0.03779871012754264,0.0,11.158957255116814,-5.4217941906117995,False,-5.0,0.0,8.6702928844743545e-19,0.007500239686372325,0.49999999999999994,1.809762563682225,0.0
88005,gaussian_to_joint,0.75,16,0.03779871012754264,0.0,11.158957255116814,-5.4217941906117995,False,-5.0,0.0,9.820634564853365e-19,0.007500239686372325,0.7500000000000001,1.809762563682225,0.0
88005,gaussian_to_joint,1.0,16,0.03779871012754264,0.0,11.158957255116814,-5.4217941906117995,False,-5.0,0.0,7.586088858102618e-19,0.007500239686372325,1.0,1.809762563682225,0.0
88005,product_to_joint,0.0,20,0.03779871012754264,3.207320254017122,10.930339091401486,-2.2058324648945105,False,5.0,10.0,0.025057189484508767,0.0071920112703258935,0.0,1.8527438554016364,0.015936467445213598
88005,product_to_joint,0.25,20,0.03779871012754264,3.2230332143505183,10.954153931685672,-2.1910196748057498,False,5.0,10.0,0.025179946987113424,0.007223821310978067,0.2529999764105978,1.8567518452203244,0.015936467445213598
88005,product_to_joint,0.5,20,0.03779871012754264,3.2386209727932975,10.97770574369344,-2.1763221444780307,False,5.0,10.0,0.025301726349947637,0.007255348107612299,0.5039840325426013,1.860743835162634,0.015936467445213598
88005,product_to_joint,0.75,20,0.03779871012754264,3.2540850198325293,11.00099899064446,-2.16173855212823,False,5.0,10.0,0.025422539217441635,0.0072865953852636976,0.7529761672597362,1.8647199524636733,0.015936467445213598
88005,product_to_joint,1.0,20,0.03779871012754264,3.2694268223904546,11.024038031735316,-2.1472675956061145,False,5.0,10.0,0.025542397049925426,0.007317566804513346,1.0,1.86868032284685,0.015936467445213598
88005,product_to_joint_diagP,0.0,20,0.03779871012754264,3.207320254017122,10.930339091401486,-2.2058324648945105,False,5.0,10.0,0.025057189484508767,0.0071920112703258935,0.0,1.8527438554016364,0.015707571958741617
88005,product_to_joint_diagP,0.25,20,0.03779871012754264,3.223013669485968,10.953531944726935,-2.191015709365544,False,5.0,10.0,0.025179794292859124,0.0072229896279390506,0.2529567196721847,1.856693939618376,0.015707571958741617
88005,product_to_joint_diagP,0.5,20,0.03779871012754264,3.2385838347625313,10.976472046776946,-2.176312650356665,False,5.0,10.0,0.025301436209082276,0.00725369498252415,0.5039268122521996,1.860628482041062,0.015707571958741617
88005,product_to_joint_diagP,0.75,20,0.03779871012754264,3.2540321961087053,10.999163623552423,-2.1617220013433642,False,5.0,10.0,0.02542212653209926,0.007284130884868095,0.752933589533825,1.8645476044903977,0.015707571958741617
88005,product_to_joint_diagP,1.0,20,0.03779871012754264,3.269360177246613,11.021610804109475,-2.147242494676513,False,5.0,10.0,0.025541876384739166,0.007314300825028241,1.0,1.868451427360378,0.015707571958741617
88005,gaussian_to_joint,0.0,20,0.03779871012754264,3.1193399910234434,11.030970566540027,-2.297616467846658,False,5.0,10.0,0.02436984367987065,0.007326898903800807,0.0,1.858348927685654,0.010331395161196077
88005,gaussian_to_joint,0.25,20,0.03779871012754264,3.1571531878375296,11.029416840400394,-2.259744542188602,False,5.0,10.0,0.0246652592799807,0.007324806874957753,0.2519421355603098,1.860941800356985,0.010331395161196077
88005,gaussian_to_joint,0.5,20,0.03779871012754264,3.1947710548497357,11.027742268472759,-2.2220633785175155,False,5.0,10.0,0.02495914886601356,0.007322552462149702,0.5025828258165937,1.863527967422661,0.010331395161196077
88005,gaussian_to_joint,0.75,20,0.03779871012754264,3.2321951016695705,11.02594872003488,-2.1845715378801778,False,5.0,10.0,0.02525152423179352,0.007320138255422289,0.7519321290097583,1.866107463476887,0.010331395161196077
88005,gaussian_to_joint,1.0,20,0.03779871012754264,3.2694268223904546,11.024038031735316,-2.1472675956061145,False,5.0,10.0,0.025542397049925426,0.007317566804513346,1.0,1.86868032284685,0.010331395161196077
88005,product_to_joint,0.0,24,0.03279871012754264,0.0,11.158957255116814,-5.365999404336216,False,-5.0,0.0,1.7605518457110832e-19,0.007500239686372324,0.0,1.809762563682225,0.0
88005,product_to_joint,0.25,24,0.03279871012754264,0.0,11.158957255116814,-5.365999404336216,False,-5.0,0.0,-4.8673244227975573e-20,0.007500239686372325,0.25,1.809762563682225,0.0
88005,product_to_joint,0.5,24,0.03279871012754264,0.0,11.158957255116814,-5.365999404336216,False,-5.0,0.0,7.106851321270845e-19,0.007500239686372324,0.49999999999999994,1.809762563682225,0.0
88005,product_to_joint,0.75,24,0.03279871012754264,0.0,11.158957255116814,-5.365999404336216,False,-5.0,0.0,7.577918123108183e-19,0.007500239686372325,0.7500000000000001,1.809762563682225,0.0
88005,product_to_joint,1.0,24,0.03279871012754264,0.0,11.158957255116814,-5.365999404336216,False,-5.0,0.0,7.586088858102618e-19,0.007500239686372325,1.0,1.809762563682225,0.0
88005,product_to_joint_diagP,0.0,24,0.03279871012754264,0.0,11.158957255116814,-5.365999404336216,False,-5.0,0.0,1.7605518457110832e-19,0.007500239686372324,0.0,1.809762563682225,0.0
88005,product_to_joint_diagP,0.25,24,0.03279871012754264,0.0,11.158957255116814,-5.365999404336216,False,-5.0,0.0,-4.8673244227975573e-20,0.007500239686372325,0.25,1.809762563682225,0.0
88005,product_to_joint_diagP,0.5,24,0.03279871012754264,0.0,11.158957255116814,-5.365999404336216,False,-5.0,0.0,7.106851321270845e-19,0.007500239686372324,0.49999999999999994,1.809762563682225,0.0
88005,product_to_joint_diagP,0.75,24,0.03279871012754264,0.0,11.158957255116814,-5.365999404336216,False,-5.0,0.0,7.577918123108183e-19,0.007500239686372325,0.7500000000000001,1.809762563682225,0.0
88005,product_to_joint_diagP,1.0,24,0.03279871012754264,0.0,11.158957255116814,-5.365999404336216,False,-5.0,0.0,7.586088858102618e-19,0.007500239686372325,1.0,1.809762563682225,0.0
88005,gaussian_to_joint,0.0,24,0.03279871012754264,0.0,11.158957255116814,-5.365999404336216,False,-5.0,0.0,7.586088858102618e-19,0.007500239686372325,0.0,1.809762563682225,0.0
88005,gaussian_to_joint,0.25,24,0.03279871012754264,0.0,11.158957255116814,-5.365999404336216,False,-5.0,0.0,9.820634564853365e-19,0.007500239686372325,0.25,1.809762563682225,0.0
88005,gaussian_to_joint,0.5,24,0.03279871012754264,0.0,11.158957255116814,-5.365999404336216,False,-5.0,0.0,8.6702928844743545e-19,0.007500239686372325,0.49999999999999994,1.809762563682225,0.0
88005,gaussian_to_joint,0.75,24,0.03279871012754264,0.0,11.158957255116814,-5.365999404336216,False,-5.0,0.0,9.820634564853365e-19,0.007500239686372325,0.7500000000000001,1.809762563682225,0.0
88005,gaussian_to_joint,1.0,24,0.03279871012754264,0.0,11.158957255116814,-5.365999404336216,False,-5.0,0.0,7.586088858102618e-19,0.007500239686372325,1.0,1.809762563682225,0.0
88005,product_to_joint,0.0,28,0.027798710127542637,4.128532252705634,11.5494266171456,-1.1925269099637217,False,-2.0,3.0,0.032254158224262766,0.008041434032277299,0.0,1.6986438158666886,0.2504349875264551
88005,product_to_joint,0.25,28,0.027798710127542637,4.316428676502758,12.315356606142968,-1.0259223519087275,False,-2.0,3.0,0.0337220990351778,0.009157080586942703,0.2998153499312254,1.7673729363264652,0.2504349875264551
88005,product_to_joint,0.5,28,0.027798710127542637,4.480919382709979,12.946500118732455,-0.8789766212568608,False,-2.0,3.0,0.035007182677421714,0.010130216389425017,0.5622835632443275,1.8316806182367436,0.2504349875264551
88005,product_to_joint,0.75,28,0.027798710127542637,4.626121327125814,13.477430070116338,-0.7485338446575769,False,-2.0,3.0,0.03614157286817042,0.010986494219657965,0.7939738258686598,1.8921015141206508,0.2504349875264551
88005,product_to_joint,1.0,28,0.027798710127542637,4.755239403757857,13.931293965579934,-0.6320325988928834,False,-2.0,3.0,0.03715030784185826,0.011745761203332757,1.0,1.9490788033931437,0.2504349875264551
88005,product_to_joint_diagP,0.0,28,0.027798710127542637,4.128532252705634,11.5494266171456,-1.1925269099637217,False,-2.0,3.0,0.032254158224262766,0.008041434032277299,0.0,1.6986438158666886,0.24030392806026546
88005,product_to_joint_diagP,0.25,28,0.027798710127542637,4.3161625165963855,12.287213082803897,-1.0254061581678293,False,-2.0,3.0,0.03372001966090926,0.009114819662001176,0.2976928987291336,1.764346247833858,0.24030392806026546
88005,product_to_joint_diagP,0.5,28,0.027798710127542637,4.481356499084811,12.89964132987787,-0.8772368909937329,False,-2.0,3.0,0.035010597649100084,0.010056295559051104,0.5597885462000688,1.8259967259986039,0.24030392806026546
88005,product_to_joint_diagP,0.75,28,0.027798710127542637,4.627911465159263,13.417889691056217,-0.7450885608857511,False,-2.0,3.0,0.036155558321556744,0.010888755112387252,0.7923116571799469,1.8840661295059409,0.24030392806026546
88005,product_to_joint_diagP,1.0,28,0.027798710127542637,4.758813541549793,13.863107086152159,-0.6265629538052329,False,-2.0,3.0,0.03717823079335776,0.011630086552863905,1.0,1.938947743926954,0.24030392806026546
88005,gaussian_to_joint,0.0,28,0.027798710127542637,4.3053607417672275,13.571655387099858,-1.0719137722896637,False,-2.0,3.0,0.033635630795056465,0.011142055050427039,0.0,1.946815014134574,0.0022637892585697372
88005,gaussian_to_joint,0.25,28,0.027798710127542637,4.418021471030816,13.663996572475549,-0.9618200088711681,False,-2.0,3.0,0.03451579274242825,0.011295556782997042,0.25042470066280803,1.947381442075006,0.0022637892585697372
88005,gaussian_to_joint,0.5,28,0.027798710127542637,4.530554680274475,13.75469324412314,-0.8518080501121732,False,-2.0,3.0,0.03539495843964434,0.011447338027339281,0.500565947072948,1.947947549356448,0.0022637892585697372
88005,gaussian_to_joint,0.75,28,0.027798710127542637,4.642960585884497,13.843781003695641,-0.7418786693064199,False,-2.0,3.0,0.03627312957722263,0.011597404326067156,0.7504242202185202,1.9485133363417493,0.0022637892585697372
88005,gaussian_to_joint,1.0,28,0.027798710127542637,4.755239403757857,13.931293965579934,-0.6320325988928834,False,-2.0,3.0,0.03715030784185826,0.011745761203332757,1.0,1.9490788033931437,0.0022637892585697372
88005,product_to_joint,0.0,32,0.022798710127542636,0.0,11.158957255116814,-5.254409831785047,False,-5.0,0.0,1.7605518457110832e-19,0.007500239686372324,0.0,1.809762563682225,0.0
88005,product_to_joint,0.25,32,0.022798710127542636,0.0,11.158957255116814,-5.254409831785047,False,-5.0,0.0,-4.8673244227975573e-20,0.007500239686372325,0.25,1.809762563682225,0.0
88005,product_to_joint,0.5,32,0.022798710127542636,0.0,11.158957255116814,-5.254409831785047,False,-5.0,0.0,7.106851321270845e-19,0.007500239686372324,0.49999999999999994,1.809762563682225,0.0
88005,product_to_joint,0.75,32,0.022798710127542636,0.0,11.158957255116814,-5.254409831785047,False,-5.0,0.0,7.577918123108183e-19,0.007500239686372325,0.7500000000000001,1.809762563682225,0.0
88005,product_to_joint,1.0,32,0.022798710127542636,0.0,11.158957255116814,-5.254409831785047,False,-5.0,0.0,7.586088858102618e-19,0.007500239686372325,1.0,1.809762563682225,0.0
88005,product_to_joint_diagP,0.0,32,0.022798710127542636,0.0,11.158957255116814,-5.254409831785047,False,-5.0,0.0,1.7605518457110832e-19,0.007500239686372324,0.0,1.809762563682225,0.0
88005,product_to_joint_diagP,0.25,32,0.022798710127542636,0.0,11.158957255116814,-5.254409831785047,False,-5.0,0.0,-4.8673244227975573e-20,0.007500239686372325,0.25,1.809762563682225,0.0
88005,product_to_joint_diagP,0.5,32,0.022798710127542636,0.0,11.158957255116814,-5.254409831785047,False,-5.0,0.0,7.106851321270845e-19,0.007500239686372324,0.49999999999999994,1.809762563682225,0.0
88005,product_to_joint_diagP,0.75,32,0.022798710127542636,0.0,11.158957255116814,-5.254409831785047,False,-5.0,0.0,7.577918123108183e-19,0.007500239686372325,0.7500000000000001,1.809762563682225,0.0
88005,product_to_joint_diagP,1.0,32,0.022798710127542636,0.0,11.158957255116814,-5.254409831785047,False,-5.0,0.0,7.586088858102618e-19,0.007500239686372325,1.0,1.809762563682225,0.0
88005,gaussian_to_joint,0.0,32,0.022798710127542636,0.0,11.158957255116814,-5.254409831785047,False,-5.0,0.0,7.586088858102618e-19,0.007500239686372325,0.0,1.809762563682225,0.0
88005,gaussian_to_joint,0.25,32,0.022798710127542636,0.0,11.158957255116814,-5.254409831785047,False,-5.0,0.0,9.820634564853365e-19,0.007500239686372325,0.25,1.809762563682225,0.0
88005,gaussian_to_joint,0.5,32,0.022798710127542636,0.0,11.158957255116814,-5.254409831785047,False,-5.0,0.0,8.6702928844743545e-19,0.007500239686372325,0.49999999999999994,1.809762563682225,0.0
88005,gaussian_to_joint,0.75,32,0.022798710127542636,0.0,11.158957255116814,-5.254409831785047,False,-5.0,0.0,9.820634564853365e-19,0.007500239686372325,0.7500000000000001,1.809762563682225,0.0
88005,gaussian_to_joint,1.0,32,0.022798710127542636,0.0,11.158957255116814,-5.254409831785047,False,-5.0,0.0,7.586088858102618e-19,0.007500239686372325,1.0,1.809762563682225,0.0
88005,product_to_joint,0.0,36,0.06779871012754264,0.003528173820503965,11.147423344292537,-5.7522527501681875,False,-5.0,0.0,2.7563857972687227e-05,0.007484536573295789,0.0,1.812700045019544,0.00031366532869103736
88005,product_to_joint,0.25,36,0.06779871012754264,0.003631769902711866,11.147265515739392,-5.7521384535136555,False,-5.0,0.0,2.8373202364936454e-05,0.007484321806542517,0.25005881686084985,1.8127784705758807,0.00031366532869103736
88005,product_to_joint,0.5,36,0.06779871012754264,0.003735349737670776,11.147107708742249,-5.752024174567841,False,-5.0,0.0,2.9182419825552936e-05,0.007484107072161919,0.5000784163315297,1.812856889982132,0.00031366532869103736
88005,product_to_joint,0.75,36,0.06779871012754264,0.0038389133292014493,11.146949923296656,-5.751909913326622,False,-5.0,0.0,2.9991510384386323e-05,0.007483892370146688,0.7500588076371681,1.812935303239262,0.00031366532869103736
88005,product_to_joint,1.0,36,0.06779871012754264,0.003942460681126645,11.146792159398162,-5.751795669785874,False,-5.0,0.0,3.080047407130191e-05,0.007483677700489522,1.0,1.813013710348235,0.00031366532869103736
88005,product_to_joint_diagP,0.0,36,0.06779871012754264,0.003528173820503965,11.147423344292537,-5.7522527501681875,False,-5.0,0.0,2.7563857972687227e-05,0.007484536573295789,0.0,1.812700045019544,0.00031365352593981655
88005,product_to_joint_diagP,0.25,36,0.06779871012754264,0.0036317698980474792,11.147265483299048,-5.752138451318906,False,-5.0,0.0,2.837320232849593e-05,0.007484321762399314,0.2500588146474869,1.812778467624499,0.00031365352593981655
88005,product_to_joint_diagP,0.5,36,0.06779871012754264,0.0037353497289523813,11.147107643864802,-5.752024170177952,False,-5.0,0.0,2.918241975744048e-05,0.00748410698388117,0.500078413380842,1.8128568840798307,0.00031365352593981655
88005,product_to_joint_diagP,0.75,36,0.06779871012754264,0.0038389133170413335,11.146949825985342,-5.751909906741201,False,-5.0,0.0,2.9991510289385418e-05,0.007483892237734047,0.7500588054244994,1.8129352943865045,0.00031365352593981655
88005,product_to_joint_diagP,1.0,36,0.06779871012754264,0.003942460666136148,11.146792029656213,-5.751795661004528,False,-5.0,0.0,3.0800473954188657e-05,0.007483677523950639,1.0,1.8130136985454839,0.00031365352593981655
88005,gaussian_to_joint,0.0,36,0.06779871012754264,0.002781362894280077,11.148870764969319,-5.753097694349309,False,-5.0,0.0,2.17293976115631e-05,0.0074865063070060755,0.0,1.8125457758098755,0.0004679345383595823
88005,gaussian_to_joint,0.25,36,0.06779871012754264,0.003071739224987877,11.148350978864523,-5.752772077191154,False,-5.0,0.0,2.3997962695217788e-05,0.007485798922604342,0.2500877479894201,1.8126627799738224,0.0004679345383595823
88005,gaussian_to_joint,0.5,36,0.06779871012754264,0.003362047617139613,11.14783128258427,-5.752446534061543,False,-5.0,0.0,2.6265997008903225e-05,0.007485091693418241,0.5001169836324555,1.8127797704493962,0.0004679345383595823
88005,gaussian_to_joint,0.75,36,0.06779871012754264,0.0036522880945758533,11.147311676103747,-5.752121064934954,False,-5.0,0.0,2.8533500738873854e-05,0.007484384619396908,0.7500877274616643,1.8128967472398005,0.0004679345383595823
88005,gaussian_to_joint,1.0,36,0.06779871012754264,0.003942460681126645,11.146792159398162,-5.751795669785874,False,-5.0,0.0,3.080047407130191e-05,0.007483677700489522,1.0,1.813013710348235,0.0004679345383595823
88005,product_to_joint,0.0,40,0.06279871012754264,0.0,12.849012371546142,-5.806901403345935,False,-5.0,0.0,1.0150388444745493e-18,0.009976728449960072,0.0,1.121657815441739,0.0
88005,product_to_joint,0.25,40,0.06279871012754264,0.0,12.849012371546143,-5.806901403345935,False,-5.0,0.0,1.2825214861955447e-18,0.009976728449960073,0.25,1.121657815441739,0.0
88005,product_to_joint,0.5,40,0.06279871012754264,0.0,12.849012371546143,-5.806901403345935,False,-5.0,0.0,6.841981836774803e-19,0.009976728449960073,0.5,1.121657815441739,0.0
88005,product_to_joint,0.75,40,0.06279871012754264,0.0,12.849012371546143,-5.806901403345935,False,-5.0,0.0,6.929332111180125e-19,0.009976728449960073,0.75,1.121657815441739,0.0
88005,product_to_joint,1.0,40,0.06279871012754264,0.0,12.849012371546143,-5.806901403345935,False,-5.0,0.0,1.0795243422007956e-18,0.009976728449960073,1.0,1.121657815441739,0.0
88005,product_to_joint_diagP,0.0,40,0.06279871012754264,0.0,12.849012371546142,-5.806901403345935,False,-5.0,0.0,1.0150388444745493e-18,0.009976728449960072,0.0,1.121657815441739,0.0
88005,product_to_joint_diagP,0.25,40,0.06279871012754264,0.0,12.849012371546143,-5.806901403345935,False,-5.0,0.0,1.2825214861955447e-18,0.009976728449960073,0.25,1.121657815441739,0.0
88005,product_to_joint_diagP,0.5,40,0.06279871012754264,0.0,12.849012371546143,-5.806901403345935,False,-5.0,0.0,6.841981836774803e-19,0.009976728449960073,0.5,1.121657815441739,0.0
88005,product_to_joint_diagP,0.75,40,0.06279871012754264,0.0,12.849012371546143,-5.806901403345935,False,-5.0,0.0,6.929332111180125e-19,0.009976728449960073,0.75,1.121657815441739,0.0
88005,product_to_joint_diagP,1.0,40,0.06279871012754264,0.0,12.849012371546143,-5.806901403345935,False,-5.0,0.0,1.0795243422007956e-18,0.009976728449960073,1.0,1.121657815441739,0.0
88005,gaussian_to_joint,0.0,40,0.06279871012754264,0.0,12.849012371546143,-5.806901403345935,False,-5.0,0.0,1.0795243422007956e-18,0.009976728449960073,0.0,1.121657815441739,0.0
88005,gaussian_to_joint,0.25,40,0.06279871012754264,0.0,12.849012371546143,-5.806901403345935,False,-5.0,0.0,7.407111632990757e-19,0.009976728449960073,0.25,1.121657815441739,0.0
88005,gaussian_to_joint,0.5,40,0.06279871012754264,0.0,12.849012371546143,-5.806901403345935,False,-5.0,0.0,8.084737990794194e-19,0.009976728449960073,0.5,1.121657815441739,0.0
88005,gaussian_to_joint,0.75,40,0.06279871012754264,0.0,12.849012371546143,-5.806901403345935,False,-5.0,0.0,7.407111632990757e-19,0.009976728449960073,0.75,1.121657815441739,0.0
88005,gaussian_to_joint,1.0,40,0.06279871012754264,0.0,12.849012371546143,-5.806901403345935,False,-5.0,0.0,1.0795243422007956e-18,0.009976728449960073,1.0,1.121657815441739,0.0
88005,product_to_joint,0.0,44,0.05779871012754263,0.0051259940090504835,11.142197960680093,-5.638878676103995,False,-5.0,0.0,4.00468281957069e-05,0.0074774276974477315,0.0,1.814032145672626,0.00045535854065947845
88005,product_to_joint,0.25,44,0.05779871012754263,0.005276296470901675,11.141969060367789,-5.638715143499344,False,-5.0,0.0,4.1221066178919336e-05,0.0074771163661006505,0.25008538944560144,1.8141460047484603,0.00045535854065947845
88005,product_to_joint,0.5,44,0.05779871012754263,0.005426564711996166,11.141740205443433,-5.638551647738816,False,-5.0,0.0,4.239503681247005e-05,0.007476805102880534,0.5001138396331979,1.8142598508618804,0.00045535854065947845
88005,product_to_joint,0.75,44,0.05779871012754263,0.005576798744023963,11.141511395893408,-5.638388188809932,False,-5.0,0.0,4.356874018768721e-05,0.0074764939077650566,0.7500853700064081,1.8143736840158393,0.00045535854065947845
88005,product_to_joint,1.0,44,0.05779871012754263,0.005726998578663297,11.141282631704108,-5.638224766700228,False,-5.0,0.0,4.4742176395807005e-05,0.007476182780731909,1.0,1.8144875042132855,0.00045535854065947845
88005,product_to_joint_diagP,0.0,44,0.05779871012754263,0.0051259940090504835,11.142197960680093,-5.638878676103995,False,-5.0,0.0,4.00468281957069e-05,0.0074774276974477315,0.0,1.814032145672626,0.00045533361899519065
88005,product_to_joint_diagP,0.25,44,0.05779871012754263,0.005276296456615586,11.141968991920173,-5.638715139557447,False,-5.0,0.0,4.122106606730927e-05,0.007477116273004799,0.25008538477172576,1.8141459985159156,0.00045533361899519065
88005,product_to_joint_diagP,0.5,44,0.05779871012754263,0.005426564685301871,11.141740068558116,-5.638551639853715,False,-5.0,0.0,4.2395036603920866e-05,0.007476804916706142,0.5001138334027821,1.8142598383982111,0.00045533361899519065
88005,product_to_joint_diagP,0.75,44,0.05779871012754263,0.005576798706793925,11.141511190580312,-5.63838817698033,False,-5.0,0.0,4.3568739896827536e-05,0.007476493628529439,0.7500853653346603,1.8143736653224631,0.00045533361899519065
88005,product_to_joint_diagP,1.0,44,0.05779871012754263,0.005726998532772611,11.141282357973143,-5.638224750924822,False,-5.0,0.0,4.4742176037286025e-05,0.007476182408452369,1.0,1.8144874792916212,0.00045533361899519065
88005,gaussian_to_joint,0.0,44,0.05779871012754263,0.004041691532492501,11.144299275215927,-5.640084431850297,False,-5.0,0.0,3.157571509759766e-05,0.007480286031224257,0.0,1.813808072322197,0.0006794318910885444
88005,gaussian_to_joint,0.25,44,0.05779871012754263,0.004463233027629864,11.14354483045999,-5.6396192844214035,False,-5.0,0.0,3.4869008028358314e-05,0.007479259728300264,0.25012741511715103,1.8139779735774662,0.0006794318910885444
88005,gaussian_to_joint,0.5,44,0.05779871012754263,0.004884631318405079,11.142790575006643,-5.639154291138318,False,-5.0,0.0,3.816118217503968e-05,0.007478233752347222,0.5001698579662379,1.8141478459712017,0.0006794318910885444
88005,gaussian_to_joint,0.75,44,0.05779871012754263,0.0053058864777787585,11.142036508779972,-5.638689451923692,False,-5.0,0.0,4.145223810764655e-05,0.007477208103209582,0.7501273718395567,1.8143176895132092,0.0006794318910885444
88005,gaussian_to_joint,1.0,44,0.05779871012754263,0.005726998578663297,11.141282631704108,-5.638224766700228,False,-5.0,0.0,4.4742176395807005e-05,0.007476182780731909,1.0,1.8144875042132855,0.0006794318910885444
88005,product_to_joint,0.0,48,0.05279871012754263,0.0,11.158957255116814,-5.589178549438551,False,-5.0,0.0,1.7605518457110832e-19,0.007500239686372324,0.0,1.809762563682225,0.0
88005,product_to_joint,0.25,48,0.05279871012754263,0.0,11.158957255116814,-5.589178549438551,False,-5.0,0.0,-4.8673244227975573e-20,0.007500239686372325,0.25,1.809762563682225,0.0
88005,product_to_joint,0.5,48,0.05279871012754263,0.0,11.158957255116814,-5.589178549438551,False,-5.0,0.0,7.106851321270845e-19,0.007500239686372324,0.49999999999999994,1.809762563682225,0.0
88005,product_to_joint,0.75,48,0.05279871012754263,0.0,11.158957255116814,-5.589178549438551,False,-5.0,0.0,7.577918123108183e-19,0.007500239686372325,0.7500000000000001,1.809762563682225,0.0
88005,product_to_joint,1.0,48,0.05279871012754263,0.0,11.158957255116814,-5.589178549438551,False,-5.0,0.0,7.586088858102618e-19,0.007500239686372325,1.0,1.809762563682225,0.0
88005,product_to_joint_diagP,0.0,48,0.05279871012754263,0.0,11.158957255116814,-5.589178549438551,False,-5.0,0.0,1.7605518457110832e-19,0.007500239686372324,0.0,1.809762563682225,0.0
88005,product_to_joint_diagP,0.25,48,0.05279871012754263,0.0,11.158957255116814,-5.589178549438551,False,-5.0,0.0,-4.8673244227975573e-20,0.007500239686372325,0.25,1.809762563682225,0.0
88005,product_to_joint_diagP,0.5,48,0.05279871012754263,0.0,11.158957255116814,-5.589178549438551,False,-5.0,0.0,7.106851321270845e-19,0.007500239686372324,0.49999999999999994,1.809762563682225,0.0
88005,product_to_joint_diagP,0.75,48,0.05279871012754263,0.0,11.158957255116814,-5.589178549438551,False,-5.0,0.0,7.577918123108183e-19,0.007500239686372325,0.7500000000000001,1.809762563682225,0.0
88005,product_to_joint_diagP,1.0,48,0.05279871012754263,0.0,11.158957255116814,-5.589178549438551,False,-5.0,0.0,7.586088858102618e-19,0.007500239686372325,1.0,1.809762563682225,0.0
88005,gaussian_to_joint,0.0,48,0.05279871012754263,0.0,11.158957255116814,-5.589178549438551,False,-5.0,0.0,7.586088858102618e-19,0.007500239686372325,0.0,1.809762563682225,0.0
88005,gaussian_to_joint,0.25,48,0.05279871012754263,0.0,11.158957255116814,-5.589178549438551,False,-5.0,0.0,9.820634564853365e-19,0.007500239686372325,0.25,1.809762563682225,0.0
88005,gaussian_to_joint,0.5,48,0.05279871012754263,0.0,11.158957255116814,-5.589178549438551,False,-5.0,0.0,8.6702928844743545e-19,0.007500239686372325,0.49999999999999994,1.809762563682225,0.0
88005,gaussian_to_joint,0.75,48,0.05279871012754263,0.0,11.158957255116814,-5.589178549438551,False,-5.0,0.0,9.820634564853365e-19,0.007500239686372325,0.7500000000000001,1.809762563682225,0.0
88005,gaussian_to_joint,1.0,48,0.05279871012754263,0.0,11.158957255116814,-5.589178549438551,False,-5.0,0.0,7.586088858102618e-19,0.007500239686372325,1.0,1.809762563682225,0.0
88005,product_to_joint,0.0,52,0.047798710127542623,0.0,12.890462726661413,-5.616147491281581,False,-5.0,0.0,-1.2488856386635861e-20,0.010041847491909619,0.0,1.1151861303294424,0.0
88005,product_to_joint,0.25,52,0.047798710127542623,0.0,12.890462726661411,-5.616147491281581,False,-5.0,0.0,-6.329934297457138e-19,0.010041847491909617,0.25,1.1151861303294424,0.0
88005,product_to_joint,0.5,52,0.047798710127542623,0.0,12.890462726661411,-5.616147491281581,False,-5.0,0.0,6.411556638439304e-19,0.010041847491909617,0.5,1.1151861303294424,0.0
88005,product_to_joint,0.75,52,0.047798710127542623,0.0,12.890462726661413,-5.616147491281581,False,-5.0,0.0,4.738396538401912e-19,0.010041847491909619,0.75,1.1151861303294424,0.0
88005,product_to_joint,1.0,52,0.047798710127542623,0.0,12.890462726661411,-5.616147491281581,False,-5.0,0.0,6.110355103519841e-19,0.010041847491909617,1.0,1.1151861303294424,0.0
88005,product_to_joint_diagP,0.0,52,0.047798710127542623,0.0,12.890462726661413,-5.616147491281581,False,-5.0,0.0,-1.2488856386635861e-20,0.010041847491909619,0.0,1.1151861303294424,0.0
88005,product_to_joint_diagP,0.25,52,0.047798710127542623,0.0,12.890462726661411,-5.616147491281581,False,-5.0,0.0,-6.329934297457138e-19,0.010041847491909617,0.25,1.1151861303294424,0.0
88005,product_to_joint_diagP,0.5,52,0.047798710127542623,0.0,12.890462726661411,-5.616147491281581,False,-5.0,0.0,6.411556638439304e-19,0.010041847491909617,0.5,1.1151861303294424,0.0
88005,product_to_joint_diagP,0.75,52,0.047798710127542623,0.0,12.890462726661413,-5.616147491281581,False,-5.0,0.0,4.738396538401912e-19,0.010041847491909619,0.75,1.1151861303294424,0.0
88005,product_to_joint_diagP,1.0,52,0.047798710127542623,0.0,12.890462726661411,-5.616147491281581,False,-5.0,0.0,6.110355103519841e-19,0.010041847491909617,1.0,1.1151861303294424,0.0
88005,gaussian_to_joint,0.0,52,0.047798710127542623,0.0,12.890462726661411,-5.616147491281581,False,-5.0,0.0,6.110355103519841e-19,0.010041847491909617,0.0,1.1151861303294424,0.0
88005,gaussian_to_joint,0.25,52,0.047798710127542623,0.0,12.890462726661413,-5.616147491281581,False,-5.0,0.0,6.855744097103625e-19,0.01004184749190962,0.25,1.1151861303294424,0.0
88005,gaussian_to_joint,0.5,52,0.047798710127542623,0.0,12.890462726661411,-5.616147491281581,False,-5.0,0.0,6.584698885415723e-19,0.010041847491909617,0.5,1.1151861303294424,0.0
88005,gaussian_to_joint,0.75,52,0.047798710127542623,0.0,12.890462726661413,-5.616147491281581,False,-5.0,0.0,6.855744097103625e-19,0.01004184749190962,0.75,1.1151861303294424,0.0
88005,gaussian_to_joint,1.0,52,0.047798710127542623,0.0,12.890462726661411,-5.616147491281581,False,-5.0,0.0,6.110355103519841e-19,0.010041847491909617,1.0,1.1151861303294424,0.0
88005,product_to_joint,0.0,56,0.037798710127542615,0.0,11.158957255116814,-5.4217941906117995,False,-3.0,0.0,1.7605518457110832e-19,0.007500239686372324,0.0,1.809762563682225,0.0
88005,product_to_joint,0.25,56,0.037798710127542615,0.0,11.158957255116814,-5.4217941906117995,False,-3.0,0.0,-4.8673244227975573e-20,0.007500239686372325,0.25,1.809762563682225,0.0
88005,product_to_joint,0.5,56,0.037798710127542615,0.0,11.158957255116814,-5.4217941906117995,False,-3.0,0.0,7.106851321270845e-19,0.007500239686372324,0.49999999999999994,1.809762563682225,0.0
88005,product_to_joint,0.75,56,0.037798710127542615,0.0,11.158957255116814,-5.4217941906117995,False,-3.0,0.0,7.577918123108183e-19,0.007500239686372325,0.7500000000000001,1.809762563682225,0.0
88005,product_to_joint,1.0,56,0.037798710127542615,0.0,11.158957255116814,-5.4217941906117995,False,-3.0,0.0,7.586088858102618e-19,0.007500239686372325,1.0,1.809762563682225,0.0
88005,product_to_joint_diagP,0.0,56,0.037798710127542615,0.0,11.158957255116814,-5.4217941906117995,False,-3.0,0.0,1.7605518457110832e-19,0.007500239686372324,0.0,1.809762563682225,0.0
88005,product_to_joint_diagP,0.25,56,0.037798710127542615,0.0,11.158957255116814,-5.4217941906117995,False,-3.0,0.0,-4.8673244227975573e-20,0.007500239686372325,0.25,1.809762563682225,0.0
88005,product_to_joint_diagP,0.5,56,0.037798710127542615,0.0,11.158957255116814,-5.4217941906117995,False,-3.0,0.0,7.106851321270845e-19,0.007500239686372324,0.49999999999999994,1.809762563682225,0.0
88005,product_to_joint_diagP,0.75,56,0.037798710127542615,0.0,11.158957255116814,-5.4217941906117995,False,-3.0,0.0,7.577918123108183e-19,0.007500239686372325,0.7500000000000001,1.809762563682225,0.0
88005,product_to_joint_diagP,1.0,56,0.037798710127542615,0.0,11.158957255116814,-5.4217941906117995,False,-3.0,0.0,7.586088858102618e-19,0.007500239686372325,1.0,1.809762563682225,0.0
88005,gaussian_to_joint,0.0,56,0.037798710127542615,0.0,11.158957255116814,-5.4217941906117995,False,-3.0,0.0,7.586088858102618e-19,0.007500239686372325,0.0,1.809762563682225,0.0
88005,gaussian_to_joint,0.25,56,0.037798710127542615,0.0,11.158957255116814,-5.4217941906117995,False,-3.0,0.0,9.820634564853365e-19,0.007500239686372325,0.25,1.809762563682225,0.0
88005,gaussian_to_joint,0.5,56,0.037798710127542615,0.0,11.158957255116814,-5.4217941906117995,False,-3.0,0.0,8.6702928844743545e-19,0.007500239686372325,0.49999999999999994,1.809762563682225,0.0
88005,gaussian_to_joint,0.75,56,0.037798710127542615,0.0,11.158957255116814,-5.4217941906117995,False,-3.0,0.0,9.820634564853365e-19,0.007500239686372325,0.7500000000000001,1.809762563682225,0.0
88005,gaussian_to_joint,1.0,56,0.037798710127542615,0.0,11.158957255116814,-5.4217941906117995,False,-3.0,0.0,7.586088858102618e-19,0.007500239686372325,1.0,1.809762563682225,0.0
88005,product_to_joint,0.0,60,0.037798710127542615,-0.7076863045215273,10.781793249991198,-6.115224182233041,False,17.0,20.0,-0.005528799254074432,0.006995157817721908,0.0,1.91577705836804,0.09165707283111102
88005,product_to_joint,0.25,60,0.037798710127542615,-0.7402665928009088,10.997571564081605,-6.155960612458535,False,17.0,20.0,-0.0057833327562571,0.007281993426946796,0.2675761425300826,1.939490878256759,0.09165707283111102
88005,product_to_joint,0.5,60,0.037798710127542615,-0.7713548185766734,11.199504201640767,-6.194681631466688,False,17.0,20.0,-0.006026209520130261,0.007555572165684156,0.5228982397396409,1.9626553547751673,0.09165707283111102
88005,product_to_joint,0.75,60,0.037798710127542615,-0.8010511842059694,11.388973804911373,-6.23153970370799,False,17.0,20.0,-0.006258212376609136,0.007816792256406095,0.7667892358570312,1.985295364401682,0.09165707283111102
88005,product_to_joint,1.0,60,0.037798710127542615,-0.8294471161219793,11.567172802912374,-6.266671327894459,False,17.0,20.0,-0.006480055594702963,0.008066472574001204,1.0,2.007434131199151,0.09165707283111102
88005,product_to_joint_diagP,0.0,60,0.037798710127542615,-0.7076863045215273,10.781793249991198,-6.115224182233041,False,17.0,20.0,-0.005528799254074432,0.006995157817721908,0.0,1.91577705836804,0.08790166278585332
88005,product_to_joint_diagP,0.25,60,0.037798710127542615,-0.7401654487998027,10.98759087098493,-6.155482211132195,False,17.0,20.0,-0.005782542568748459,0.0072686006560150965,0.26684080316260667,1.9384874012760172,0.08790166278585332
88005,product_to_joint_diagP,0.5,60,0.037798710127542615,-0.7712180261207016,11.180719605869495,-6.193834805520295,False,17.0,20.0,-0.006025140829067981,0.0075299127749679255,0.5219612768297561,1.9606934167635655,0.08790166278585332
88005,product_to_joint_diagP,0.75,60,0.037798710127542615,-0.8009360044459566,11.362394836006832,-6.230419873206866,False,17.0,20.0,-0.006257312534734036,0.007779883814045089,0.7661170075576759,1.9824170182281846,0.08790166278585332
88005,product_to_joint_diagP,1.0,60,0.037798710127542615,-0.829403612719269,11.533671062899378,-6.265361501932229,False,17.0,20.0,-0.006479715724369289,0.008019236339548493,1.0,2.0036787211538933,0.08790166278585332
88005,gaussian_to_joint,0.0,60,0.037798710127542615,-0.5763752049349762,11.446639936908278,-6.0090434298445246,False,17.0,20.0,-0.004502931288554501,0.007897165884107884,0.0,1.9870810502731264,0.020353080926024614
88005,gaussian_to_joint,0.25,60,0.037798710127542615,-0.6406138620060182,11.477883779496514,-6.0744630638648305,False,17.0,20.0,-0.005004795796922017,0.007940882327614087,0.25383558676954204,1.9922082878123883,0.020353080926024614
88005,gaussian_to_joint,0.5,60,0.037798710127542615,-0.7041988143502491,11.508373034894326,-6.139200470735847,False,17.0,20.0,-0.005501553237111321,0.007983657831438163,0.5050880945883426,1.9973093708303042,0.020353080926024614
88005,gaussian_to_joint,0.75,60,0.037798710127542615,-0.7671399897884271,11.538129152835351,-6.203266389050599,False,17.0,20.0,-0.005993281170222087,0.008025514181366518,0.7537967527043684,2.0023845648065626,0.020353080926024614
88005,gaussian_to_joint,1.0,60,0.037798710127542615,-0.8294471161219793,11.567172802912374,-6.266671327894459,False,17.0,20.0,-0.006480055594702963,0.008066472574001204,1.0,2.007434131199151,0.020353080926024614
88005,product_to_joint,0.0,64,0.03279871012754261,0.0,11.158957255116814,-5.365999404336215,False,-5.0,0.0,1.7605518457110832e-19,0.007500239686372324,0.0,1.809762563682225,0.0
88005,product_to_joint,0.25,64,0.03279871012754261,0.0,11.158957255116814,-5.365999404336215,False,-5.0,0.0,-4.8673244227975573e-20,0.007500239686372325,0.25,1.809762563682225,0.0
88005,product_to_joint,0.5,64,0.03279871012754261,0.0,11.158957255116814,-5.365999404336215,False,-5.0,0.0,7.106851321270845e-19,0.007500239686372324,0.49999999999999994,1.809762563682225,0.0
88005,product_to_joint,0.75,64,0.03279871012754261,0.0,11.158957255116814,-5.365999404336215,False,-5.0,0.0,7.577918123108183e-19,0.007500239686372325,0.7500000000000001,1.809762563682225,0.0
88005,product_to_joint,1.0,64,0.03279871012754261,0.0,11.158957255116814,-5.365999404336215,False,-5.0,0.0,7.586088858102618e-19,0.007500239686372325,1.0,1.809762563682225,0.0
88005,product_to_joint_diagP,0.0,64,0.03279871012754261,0.0,11.158957255116814,-5.365999404336215,False,-5.0,0.0,1.7605518457110832e-19,0.007500239686372324,0.0,1.809762563682225,0.0
88005,product_to_joint_diagP,0.25,64,0.03279871012754261,0.0,11.158957255116814,-5.365999404336215,False,-5.0,0.0,-4.8673244227975573e-20,0.007500239686372325,0.25,1.809762563682225,0.0
88005,product_to_joint_diagP,0.5,64,0.03279871012754261,0.0,11.158957255116814,-5.365999404336215,False,-5.0,0.0,7.106851321270845e-19,0.007500239686372324,0.49999999999999994,1.809762563682225,0.0
88005,product_to_joint_diagP,0.75,64,0.03279871012754261,0.0,11.158957255116814,-5.365999404336215,False,-5.0,0.0,7.577918123108183e-19,0.007500239686372325,0.7500000000000001,1.809762563682225,0.0
88005,product_to_joint_diagP,1.0,64,0.03279871012754261,0.0,11.158957255116814,-5.365999404336215,False,-5.0,0.0,7.586088858102618e-19,0.007500239686372325,1.0,1.809762563682225,0.0
88005,gaussian_to_joint,0.0,64,0.03279871012754261,0.0,11.158957255116814,-5.365999404336215,False,-5.0,0.0,7.586088858102618e-19,0.007500239686372325,0.0,1.809762563682225,0.0
88005,gaussian_to_joint,0.25,64,0.03279871012754261,0.0,11.158957255116814,-5.365999404336215,False,-5.0,0.0,9.820634564853365e-19,0.007500239686372325,0.25,1.809762563682225,0.0
88005,gaussian_to_joint,0.5,64,0.03279871012754261,0.0,11.158957255116814,-5.365999404336215,False,-5.0,0.0,8.6702928844743545e-19,0.007500239686372325,0.49999999999999994,1.809762563682225,0.0
88005,gaussian_to_joint,0.75,64,0.03279871012754261,0.0,11.158957255116814,-5.365999404336215,False,-5.0,0.0,9.820634564853365e-19,0.007500239686372325,0.7500000000000001,1.809762563682225,0.0
88005,gaussian_to_joint,1.0,64,0.03279871012754261,0.0,11.158957255116814,-5.365999404336215,False,-5.0,0.0,7.586088858102618e-19,0.007500239686372325,1.0,1.809762563682225,0.0
88005,product_to_joint,0.0,68,0.02779871012754261,0.11090886310795714,11.612320254045647,-5.21189866154245,False,1.0,6.0,0.0008664754930309152,0.00813034556167717,0.0,1.6905593355737052,0.5286615746581123
88005,product_to_joint,0.25,68,0.02779871012754261,0.8938155296833941,13.587740186643726,-4.483906121053477,False,1.0,6.0,0.006982933825651516,0.011168718468001274,0.36124819741391423,1.8511165785375483,0.5286615746581123
88005,product_to_joint,0.5,68,0.02779871012754261,1.4744646921818851,14.857833028304237,-3.938563901295373,False,1.0,6.0,0.011519255407670978,0.013373828265195816,0.6291708914433276,1.9894261013446717,0.5286615746581123
88005,product_to_joint,0.75,68,0.02779871012754261,1.9222677629078881,15.753011537777732,-3.515645638466629,False,1.0,6.0,0.015017716897717876,0.015046324005698141,0.8357958430531841,2.110909740375008,0.5286615746581123
88005,product_to_joint,1.0,68,0.02779871012754261,2.2781353632817183,16.420955667664334,-3.1783460233409104,False,1.0,6.0,0.017797932525638424,0.016357994692346035,1.0,2.2192209102318174,0.5286615746581123
88005,product_to_joint_diagP,0.0,68,0.02779871012754261,0.11090886310795714,11.612320254045647,-5.21189866154245,False,1.0,6.0,0.0008664754930309152,0.00813034556167717,0.0,1.6905593355737052,0.4955117871670791
88005,product_to_joint_diagP,0.25,68,0.02779871012754261,0.8635920391686546,13.45936547699537,-4.510560960226994,False,1.0,6.0,0.006746812806005114,0.01095679437520354,0.3536346686623774,1.839267669785961,0.4955117871670791
88005,product_to_joint_diagP,0.5,68,0.02779871012754261,1.4335177091851643,14.678732361877234,-3.9745321167824397,False,1.0,6.0,0.011199357103009096,0.013050951156715212,0.6214040062650807,1.9686977770650422,0.4955117871670791
88005,product_to_joint_diagP,0.75,68,0.02779871012754261,1.880042251282108,15.552909177863626,-3.55230856259332,False,1.0,6.0,0.014687830088141469,0.014663976067802406,0.8311955407597206,2.083279254322794,0.4955117871670791
88005,product_to_joint_diagP,1.0,68,0.02779871012754261,2.2393290740214415,16.2132061703995,-3.2113771445475794,False,1.0,6.0,0.017494758390792512,0.015944192768791526,1.0,2.1860711227407843,0.4955117871670791
88005,gaussian_to_joint,0.0,68,0.02779871012754261,0.89795860770102,15.519582768585792,-4.533465774983302,False,1.0,6.0,0.007015301622664219,0.014600772052672429,0.0,2.1743592074068934,0.04486170282492408
88005,gaussian_to_joint,0.25,68,0.02779871012754261,1.2547419397246684,15.76911665873194,-4.1836191632388235,False,1.0,6.0,0.009802671404098972,0.015077309582317944,0.25850553603443044,2.185764718380971,0.04486170282492408
88005,gaussian_to_joint,0.5,68,0.02779871012754261,1.6035236597815112,16.001607461281683,-3.8413003876093814,False,1.0,6.0,0.012527528592043057,0.015528139730526469,0.5112135450967156,2.197041609273648,0.04486170282492408
88005,gaussian_to_joint,0.75,68,0.02779871012754261,1.944569962199356,16.218469739719286,-3.506282576807422,False,1.0,6.0,0.015191952829682468,0.015954611859020397,0.7583168969238167,2.2081927486663013,0.04486170282492408
88005,gaussian_to_joint,1.0,68,0.02779871012754261,2.2781353632817183,16.420955667664334,-3.1783460233409104,False,1.0,6.0,0.017797932525638424,0.016357994692346035,1.0,2.2192209102318174,0.04486170282492408
88005,product_to_joint,0.0,72,0.022798710127542608,0.0,11.158957255116814,-5.254409831785047,False,-5.0,0.0,1.7605518457110832e-19,0.007500239686372324,0.0,1.809762563682225,0.0
88005,product_to_joint,0.25,72,0.022798710127542608,0.0,11.158957255116814,-5.254409831785047,False,-5.0,0.0,-4.8673244227975573e-20,0.007500239686372325,0.25,1.809762563682225,0.0
88005,product_to_joint,0.5,72,0.022798710127542608,0.0,11.158957255116814,-5.254409831785047,False,-5.0,0.0,7.106851321270845e-19,0.007500239686372324,0.49999999999999994,1.809762563682225,0.0
88005,product_to_joint,0.75,72,0.022798710127542608,0.0,11.158957255116814,-5.254409831785047,False,-5.0,0.0,7.577918123108183e-19,0.007500239686372325,0.7500000000000001,1.809762563682225,0.0
88005,product_to_joint,1.0,72,0.022798710127542608,0.0,11.158957255116814,-5.254409831785047,False,-5.0,0.0,7.586088858102618e-19,0.007500239686372325,1.0,1.809762563682225,0.0
88005,product_to_joint_diagP,0.0,72,0.022798710127542608,0.0,11.158957255116814,-5.254409831785047,False,-5.0,0.0,1.7605518457110832e-19,0.007500239686372324,0.0,1.809762563682225,0.0
88005,product_to_joint_diagP,0.25,72,0.022798710127542608,0.0,11.158957255116814,-5.254409831785047,False,-5.0,0.0,-4.8673244227975573e-20,0.007500239686372325,0.25,1.809762563682225,0.0
88005,product_to_joint_diagP,0.5,72,0.022798710127542608,0.0,11.158957255116814,-5.254409831785047,False,-5.0,0.0,7.106851321270845e-19,0.007500239686372324,0.49999999999999994,1.809762563682225,0.0
88005,product_to_joint_diagP,0.75,72,0.022798710127542608,0.0,11.158957255116814,-5.254409831785047,False,-5.0,0.0,7.577918123108183e-19,0.007500239686372325,0.7500000000000001,1.809762563682225,0.0
88005,product_to_joint_diagP,1.0,72,0.022798710127542608,0.0,11.158957255116814,-5.254409831785047,False,-5.0,0.0,7.586088858102618e-19,0.007500239686372325,1.0,1.809762563682225,0.0
88005,gaussian_to_joint,0.0,72,0.022798710127542608,0.0,11.158957255116814,-5.254409831785047,False,-5.0,0.0,7.586088858102618e-19,0.007500239686372325,0.0,1.809762563682225,0.0
88005,gaussian_to_joint,0.25,72,0.022798710127542608,0.0,11.158957255116814,-5.254409831785047,False,-5.0,0.0,9.820634564853365e-19,0.007500239686372325,0.25,1.809762563682225,0.0
88005,gaussian_to_joint,0.5,72,0.022798710127542608,0.0,11.158957255116814,-5.254409831785047,False,-5.0,0.0,8.6702928844743545e-19,0.007500239686372325,0.49999999999999994,1.809762563682225,0.0
88005,gaussian_to_joint,0.75,72,0.022798710127542608,0.0,11.158957255116814,-5.254409831785047,False,-5.0,0.0,9.820634564853365e-19,0.007500239686372325,0.7500000000000001,1.809762563682225,0.0
88005,gaussian_to_joint,1.0,72,0.022798710127542608,0.0,11.158957255116814,-5.254409831785047,False,-5.0,0.0,7.586088858102618e-19,0.007500239686372325,1.0,1.809762563682225,0.0
88005,product_to_joint,0.0,76,0.012798710127542606,12.159365207812769,11.367455330459958,7.013876442150423,True,10.0,15.0,0.09499504068603726,0.007786904338989409,0.0,1.3806961581551844,0.5901501347647073
88005,product_to_joint,0.25,76,0.012798710127542606,13.030639609245965,14.454448659808053,7.845641310795635,True,10.0,15.0,0.1018018719472341,0.0126521414830949,0.3755541016914413,1.5639046708845936,0.5901501347647073
88005,product_to_joint,0.5,76,0.012798710127542606,13.652033221845286,16.27434322354571,8.443742620410987,True,10.0,15.0,0.1066565095456663,0.016065420370957532,0.643399592839425,1.7186884093638652,0.5901501347647073
88005,product_to_joint,0.75,76,0.012798710127542606,14.117562530140503,17.49983413155434,8.893587225810663,True,10.0,15.0,0.11029345726672268,0.018591662270014297,0.8440613371765238,1.8526943331151782,0.5901501347647073
88005,product_to_joint,1.0,76,0.012798710127542606,14.47933561289981,18.387766011440906,9.243995925826297,True,10.0,15.0,0.11311980947577976,0.02053659294992074,1.0,1.9708462929198918,0.5901501347647073
88005,product_to_joint_diagP,0.0,76,0.012798710127542606,12.159365207812769,11.367455330459958,7.013876442150423,True,10.0,15.0,0.09499504068603726,0.007786904338989409,0.0,1.3806961581551844,0.5640864760183906
88005,product_to_joint_diagP,0.25,76,0.012798710127542606,13.006406169839465,14.345675288638473,7.82280003023633,True,10.0,15.0,0.10161254820187082,0.012460937468692172,0.36946193410606765,1.5541958369651332,0.5640864760183906
88005,product_to_joint_diagP,0.5,76,0.012798710127542606,13.620684436637163,16.13804418273544,8.414138287116856,True,10.0,15.0,0.10641159716122783,0.01579578064232918,0.6373975437221318,1.7019971842093318,0.5640864760183906
88005,product_to_joint_diagP,0.75,76,0.012798710127542606,14.086553160112505,17.360034092663888,8.864367115956243,True,10.0,15.0,0.11005119656337894,0.018294212872220002,0.8405999475384608,1.830739980542552,0.5640864760183906
88005,product_to_joint_diagP,1.0,76,0.012798710127542606,14.451999127126157,18.253150078917,9.218382350351567,True,10.0,15.0,0.1129062431806731,0.020235540027067116,1.0,1.944782634173575,0.5640864760183906
88005,gaussian_to_joint,0.0,76,0.012798710127542606,15.642096852296582,19.32847324117452,10.394717326074826,True,10.0,15.0,0.12220388165856705,0.022702116567065403,0.0,1.931247492350963,0.03959880056892873
88005,gaussian_to_joint,0.25,76,0.012798710127542606,15.342688131309313,19.097443780649577,10.098265484183738,True,10.0,15.0,0.119864751025854,0.022160275815128857,0.25749802353457074,1.941295166301705,0.03959880056892873
88005,gaussian_to_joint,0.5,76,0.012798710127542606,15.049206748920072,18.86363126371641,9.807776600422915,True,10.0,15.0,0.11757192772593807,0.0216185415315832,0.5098984067305998,1.951242887956183,0.03959880056892873
88005,gaussian_to_joint,0.75,76,0.012798710127542606,14.761478416682003,18.627065503723458,9.523076004773099,True,10.0,15.0,0.11532405013032815,0.021077219804687772,0.7573510414497868,1.9610926263546538,0.03959880056892873
88005,gaussian_to_joint,1.0,76,0.012798710127542606,14.47933561289981,18.387766011440906,9.243995925826297,True,10.0,15.0,0.11311980947577976,0.02053659294992074,1.0,1.9708462929198918,0.03959880056892873
88005,product_to_joint,0.0,80,0.007798710127542605,0.0,11.158957255116814,-5.087025472958294,False,-5.0,0.0,1.7605518457110832e-19,0.007500239686372324,0.0,1.809762563682225,0.0
88005,product_to_joint,0.25,80,0.007798710127542605,0.0,11.158957255116814,-5.087025472958294,False,-5.0,0.0,-4.8673244227975573e-20,0.007500239686372325,0.25,1.809762563682225,0.0
88005,product_to_joint,0.5,80,0.007798710127542605,0.0,11.158957255116814,-5.087025472958294,False,-5.0,0.0,7.106851321270845e-19,0.007500239686372324,0.49999999999999994,1.809762563682225,0.0
88005,product_to_joint,0.75,80,0.007798710127542605,0.0,11.158957255116814,-5.087025472958294,False,-5.0,0.0,7.577918123108183e-19,0.007500239686372325,0.7500000000000001,1.809762563682225,0.0
88005,product_to_joint,1.0,80,0.007798710127542605,0.0,11.158957255116814,-5.087025472958294,False,-5.0,0.0,7.586088858102618e-19,0.007500239686372325,1.0,1.809762563682225,0.0
88005,product_to_joint_diagP,0.0,80,0.007798710127542605,0.0,11.158957255116814,-5.087025472958294,False,-5.0,0.0,1.7605518457110832e-19,0.007500239686372324,0.0,1.809762563682225,0.0
88005,product_to_joint_diagP,0.25,80,0.007798710127542605,0.0,11.158957255116814,-5.087025472958294,False,-5.0,0.0,-4.8673244227975573e-20,0.007500239686372325,0.25,1.809762563682225,0.0
88005,product_to_joint_diagP,0.5,80,0.007798710127542605,0.0,11.158957255116814,-5.087025472958294,False,-5.0,0.0,7.106851321270845e-19,0.007500239686372324,0.49999999999999994,1.809762563682225,0.0
88005,product_to_joint_diagP,0.75,80,0.007798710127542605,0.0,11.158957255116814,-5.087025472958294,False,-5.0,0.0,7.577918123108183e-19,0.007500239686372325,0.7500000000000001,1.809762563682225,0.0
88005,product_to_joint_diagP,1.0,80,0.007798710127542605,0.0,11.158957255116814,-5.087025472958294,False,-5.0,0.0,7.586088858102618e-19,0.007500239686372325,1.0,1.809762563682225,0.0
88005,gaussian_to_joint,0.0,80,0.007798710127542605,0.0,11.158957255116814,-5.087025472958294,False,-5.0,0.0,7.586088858102618e-19,0.007500239686372325,0.0,1.809762563682225,0.0
88005,gaussian_to_joint,0.25,80,0.007798710127542605,0.0,11.158957255116814,-5.087025472958294,False,-5.0,0.0,9.820634564853365e-19,0.007500239686372325,0.25,1.809762563682225,0.0
88005,gaussian_to_joint,0.5,80,0.007798710127542605,0.0,11.158957255116814,-5.087025472958294,False,-5.0,0.0,8.6702928844743545e-19,0.007500239686372325,0.49999999999999994,1.809762563682225,0.0
88005,gaussian_to_joint,0.75,80,0.007798710127542605,0.0,11.158957255116814,-5.087025472958294,False,-5.0,0.0,9.820634564853365e-19,0.007500239686372325,0.7500000000000001,1.809762563682225,0.0
88005,gaussian_to_joint,1.0,80,0.007798710127542605,0.0,11.158957255116814,-5.087025472958294,False,-5.0,0.0,7.586088858102618e-19,0.007500239686372325,1.0,1.809762563682225,0.0
88005,product_to_joint,0.0,84,0.007798710127542605,1.6536183439329843,10.837026171649072,-3.4308964818242993,False,-1.0,2.0,0.01291889331197644,0.007068038100891536,0.0,1.8856455242665766,0.01822035230237784
88005,product_to_joint,0.25,84,0.007798710127542605,1.662806816444447,10.860120566522825,-3.4218881158040286,False,-1.0,2.0,0.012990678253472242,0.007098621748010989,0.25343185350963865,1.8902318299863787,0.01822035230237784
88005,product_to_joint,0.5,84,0.007798710127542605,1.6719115826684992,10.882948580914668,-3.4129613786470054,False,-1.0,2.0,0.01306180923959765,0.007128916614674841,0.5045549620627964,1.8947971974985123,0.01822035230237784
88005,product_to_joint,0.75,84,0.007798710127542605,1.6809337812555238,10.905514941864723,-3.404115168567664,False,-1.0,2.0,0.01313229516605878,0.007158926766798995,0.7534007313448358,1.8993418171160172,0.01822035230237784
88005,product_to_joint,1.0,84,0.007798710127542605,1.6898745302971525,10.927824261456246,-3.3953484034426724,False,-1.0,2.0,0.013202144767946504,0.007188656194413558,1.0,1.9038658765689545,0.01822035230237784
88005,product_to_joint_diagP,0.0,84,0.007798710127542605,1.6536183439329843,10.837026171649072,-3.4308964818242993,False,-1.0,2.0,0.01291889331197644,0.007068038100891536,0.0,1.8856455242665766,0.017987445765857757
88005,product_to_joint_diagP,0.25,84,0.007798710127542605,1.662800831942601,10.859498295541735,-3.421889247394872,False,-1.0,2.0,0.012990631499551571,0.007097796828056266,0.25338778915726556,1.89017280918267,0.017987445765857757
88005,product_to_joint_diagP,0.5,84,0.007798710127542605,1.671900737426291,10.881714888957418,-3.412962602683252,False,-1.0,2.0,0.013061724511142899,0.007127277766391452,0.5044967401994334,1.894679690129938,0.017987445765857757
88005,product_to_joint_diagP,0.75,84,0.007798710127542605,1.680919169453349,10.903680418713279,-3.4041154734555583,False,-1.0,2.0,0.013132181011354289,0.0071564847823139275,0.7533574575353081,1.8991663502003453,0.017987445765857757
88005,product_to_joint_diagP,1.0,84,0.007798710127542605,1.6898572173220936,10.925399244701469,-3.395346804415006,False,-1.0,2.0,0.013202009510328856,0.00718542167090597,1.0,1.9036329700324344,0.017987445765857757
88005,gaussian_to_joint,0.0,84,0.007798710127542605,1.614328854132662,10.941517111808773,-3.471000866177882,False,-1.0,2.0,0.012611944172911421,0.0072069333928225215,0.0,1.8903522987802552,0.013513577788699216
88005,gaussian_to_joint,0.25,84,0.007798710127542605,1.633407336436068,10.938109950851288,-3.4518958124138104,False,-1.0,2.0,0.01276099481590678,0.007202383379938475,0.25254234619417343,1.8937478520774538,0.013513577788699216
88005,gaussian_to_joint,0.5,84,0.007798710127542605,1.6523569114238388,10.934691809271566,-3.4329195803306845,False,-1.0,2.0,0.01290903837049874,0.007197820127182048,0.5033783430354861,1.897131914598996,0.013513577788699216
88005,gaussian_to_joint,0.75,84,0.007798710127542605,1.671178881176496,10.931263108808167,-3.414070871136999,False,-1.0,2.0,0.013056085009191375,0.007193244211058983,0.7525252261962815,1.9005045638537421,0.013513577788699216
88005,gaussian_to_joint,1.0,84,0.007798710127542605,1.6898745302971525,10.927824261456246,-3.3953484034426724,False,-1.0,2.0,0.013202144767946504,0.007188656194413558,1.0,1.9038658765689545,0.013513577788699216
88005,product_to_joint,0.0,88,0.0027987101275426043,0.0,11.158957255116814,-5.031230686682711,False,-4.0,0.0,1.7605518457110832e-19,0.007500239686372324,0.0,1.809762563682225,0.0
88005,product_to_joint,0.25,88,0.0027987101275426043,0.0,11.158957255116814,-5.031230686682711,False,-4.0,0.0,-4.8673244227975573e-20,0.007500239686372325,0.25,1.809762563682225,0.0
88005,product_to_joint,0.5,88,0.0027987101275426043,0.0,11.158957255116814,-5.031230686682711,False,-4.0,0.0,7.106851321270845e-19,0.007500239686372324,0.49999999999999994,1.809762563682225,0.0
88005,product_to_joint,0.75,88,0.0027987101275426043,0.0,11.158957255116814,-5.031230686682711,False,-4.0,0.0,7.577918123108183e-19,0.007500239686372325,0.7500000000000001,1.809762563682225,0.0
88005,product_to_joint,1.0,88,0.0027987101275426043,0.0,11.158957255116814,-5.031230686682711,False,-4.0,0.0,7.586088858102618e-19,0.007500239686372325,1.0,1.809762563682225,0.0
88005,product_to_joint_diagP,0.0,88,0.0027987101275426043,0.0,11.158957255116814,-5.031230686682711,False,-4.0,0.0,1.7605518457110832e-19,0.007500239686372324,0.0,1.809762563682225,0.0
88005,product_to_joint_diagP,0.25,88,0.0027987101275426043,0.0,11.158957255116814,-5.031230686682711,False,-4.0,0.0,-4.8673244227975573e-20,0.007500239686372325,0.25,1.809762563682225,0.0
88005,product_to_joint_diagP,0.5,88,0.0027987101275426043,0.0,11.158957255116814,-5.031230686682711,False,-4.0,0.0,7.106851321270845e-19,0.007500239686372324,0.49999999999999994,1.809762563682225,0.0
88005,product_to_joint_diagP,0.75,88,0.0027987101275426043,0.0,11.158957255116814,-5.031230686682711,False,-4.0,0.0,7.577918123108183e-19,0.007500239686372325,0.7500000000000001,1.809762563682225,0.0
88005,product_to_joint_diagP,1.0,88,0.0027987101275426043,0.0,11.158957255116814,-5.031230686682711,False,-4.0,0.0,7.586088858102618e-19,0.007500239686372325,1.0,1.809762563682225,0.0
88005,gaussian_to_joint,0.0,88,0.0027987101275426043,0.0,11.158957255116814,-5.031230686682711,False,-4.0,0.0,7.586088858102618e-19,0.007500239686372325,0.0,1.809762563682225,0.0
88005,gaussian_to_joint,0.25,88,0.0027987101275426043,0.0,11.158957255116814,-5.031230686682711,False,-4.0,0.0,9.820634564853365e-19,0.007500239686372325,0.25,1.809762563682225,0.0
88005,gaussian_to_joint,0.5,88,0.0027987101275426043,0.0,11.158957255116814,-5.031230686682711,False,-4.0,0.0,8.6702928844743545e-19,0.007500239686372325,0.49999999999999994,1.809762563682225,0.0
88005,gaussian_to_joint,0.75,88,0.0027987101275426043,0.0,11.158957255116814,-5.031230686682711,False,-4.0,0.0,9.820634564853365e-19,0.007500239686372325,0.7500000000000001,1.809762563682225,0.0
88005,gaussian_to_joint,1.0,88,0.0027987101275426043,0.0,11.158957255116814,-5.031230686682711,False,-4.0,0.0,7.586088858102618e-19,0.007500239686372325,1.0,1.809762563682225,0.0
88005,product_to_joint,0.0,92,0.0,-4.524550665308327,19.784920013515194,-9.524550665308327,False,14.0,19.0,-0.035348052072721306,0.0237917883264889,0.0,0.14642914348941005,1.0738291706539922
88005,product_to_joint,0.25,92,0.0,-3.1088703960245163,24.829368627057356,-8.108870396024516,False,14.0,19.0,-0.024288049968941534,0.03752802407338257,0.4938045375991592,0.5395794659930893,1.0738291706539922
88005,product_to_joint,0.5,92,0.0,-2.387792053744997,27.01089655391603,-7.387792053744997,False,14.0,19.0,-0.01865462541988279,0.04443055008827837,0.7453244359178962,0.8210468045283168,1.0738291706539922
88005,product_to_joint,0.75,92,0.0,-1.950813392593067,28.242103983423114,-6.9508133925930675,False,14.0,19.0,-0.015240729629633337,0.04858264388491722,0.8977473031377609,1.0404428915957364,1.0738291706539922
88005,product_to_joint,1.0,92,0.0,-1.6576667841541681,29.035131162558127,-6.657666784154168,False,14.0,19.0,-0.012950521751204438,0.05135500742352014,1.0,1.2202583141434022,1.0738291706539922
88005,product_to_joint_diagP,0.0,92,0.0,-4.524550665308327,19.784920013515194,-9.524550665308327,False,14.0,19.0,-0.035348052072721306,0.0237917883264889,0.0,0.14642914348941005,1.048189416846248
88005,product_to_joint_diagP,0.25,92,0.0,-3.0719696491437474,24.803851949261897,-8.071969649143748,False,14.0,19.0,-0.023999762883935526,0.03745072458013325,0.48739695216644596,0.5270005902753327,1.048189416846248
88005,product_to_joint_diagP,0.5,92,0.0,-2.3178682166070077,27.013804446133022,-7.317868216607008,False,14.0,19.0,-0.018108345442242248,0.044440138589716564,0.7404270659794663,0.8019995228386696,1.048189416846248
88005,product_to_joint_diagP,0.75,92,0.0,-1.856095772768298,28.27201665465522,-6.856095772768298,False,14.0,19.0,-0.014500748224752329,0.04868582310309462,0.8953695299225154,1.0174552512087338,1.048189416846248
88005,product_to_joint_diagP,1.0,92,0.0,-1.5442673260138167,29.08675747968039,-6.544267326013816,False,14.0,19.0,-0.012064588484482943,0.05153815067637592,1.0,1.194618560335658,1.048189416846248
88005,gaussian_to_joint,0.0,92,0.0,0.7584692194827469,30.000891625783556,-4.2415307805172535,False,14.0,19.0,0.00592554077720896,0.05483490590466369,0.0,1.2220926203759577,-0.0018343062325554271
88005,gaussian_to_joint,0.25,92,0.0,0.1552658249434225,29.781084625349347,-4.844734175056577,False,14.0,19.0,0.0012130142573704883,0.054032873624403024,0.24965622532479428,1.2216343591600616,-0.0018343062325554271
88005,gaussian_to_joint,0.5,92,0.0,-0.44849079931383495,29.547110563159684,-5.448490799313835,False,14.0,19.0,-0.0035038343696393356,0.05318562882272843,0.4995414235704416,1.2211758878445398,-0.0018343062325554271
88005,gaussian_to_joint,0.75,92,0.0,-1.0528014147325284,29.298595510138746,-6.052801414732528,False,14.0,19.0,-0.008225011052597878,0.05229304802653334,0.7496559098862158,1.220717206236654,-0.0018343062325554271
88005,gaussian_to_joint,1.0,92,0.0,-1.6576667841541681,29.035131162558127,-6.657666784154168,False,14.0,19.0,-0.012950521751204438,0.05135500742352014,1.0,1.2202583141434022,-0.0018343062325554271
88005,product_to_joint,0.0,96,0.0,0.0,11.158957255116814,-5.0,False,-5.0,0.0,1.7605518457110832e-19,0.007500239686372324,0.0,1.809762563682225,0.0
88005,product_to_joint,0.25,96,0.0,0.0,11.158957255116814,-5.0,False,-5.0,0.0,-4.8673244227975573e-20,0.007500239686372325,0.25,1.809762563682225,0.0
88005,product_to_joint,0.5,96,0.0,0.0,11.158957255116814,-5.0,False,-5.0,0.0,7.106851321270845e-19,0.007500239686372324,0.49999999999999994,1.809762563682225,0.0
88005,product_to_joint,0.75,96,0.0,0.0,11.158957255116814,-5.0,False,-5.0,0.0,7.577918123108183e-19,0.007500239686372325,0.7500000000000001,1.809762563682225,0.0
88005,product_to_joint,1.0,96,0.0,0.0,11.158957255116814,-5.0,False,-5.0,0.0,7.586088858102618e-19,0.007500239686372325,1.0,1.809762563682225,0.0
88005,product_to_joint_diagP,0.0,96,0.0,0.0,11.158957255116814,-5.0,False,-5.0,0.0,1.7605518457110832e-19,0.007500239686372324,0.0,1.809762563682225,0.0
88005,product_to_joint_diagP,0.25,96,0.0,0.0,11.158957255116814,-5.0,False,-5.0,0.0,-4.8673244227975573e-20,0.007500239686372325,0.25,1.809762563682225,0.0
88005,product_to_joint_diagP,0.5,96,0.0,0.0,11.158957255116814,-5.0,False,-5.0,0.0,7.106851321270845e-19,0.007500239686372324,0.49999999999999994,1.809762563682225,0.0
88005,product_to_joint_diagP,0.75,96,0.0,0.0,11.158957255116814,-5.0,False,-5.0,0.0,7.577918123108183e-19,0.007500239686372325,0.7500000000000001,1.809762563682225,0.0
88005,product_to_joint_diagP,1.0,96,0.0,0.0,11.158957255116814,-5.0,False,-5.0,0.0,7.586088858102618e-19,0.007500239686372325,1.0,1.809762563682225,0.0
88005,gaussian_to_joint,0.0,96,0.0,0.0,11.158957255116814,-5.0,False,-5.0,0.0,7.586088858102618e-19,0.007500239686372325,0.0,1.809762563682225,0.0
88005,gaussian_to_joint,0.25,96,0.0,0.0,11.158957255116814,-5.0,False,-5.0,0.0,9.820634564853365e-19,0.007500239686372325,0.25,1.809762563682225,0.0
88005,gaussian_to_joint,0.5,96,0.0,0.0,11.158957255116814,-5.0,False,-5.0,0.0,8.6702928844743545e-19,0.007500239686372325,0.49999999999999994,1.809762563682225,0.0
88005,gaussian_to_joint,0.75,96,0.0,0.0,11.158957255116814,-5.0,False,-5.0,0.0,9.820634564853365e-19,0.007500239686372325,0.7500000000000001,1.809762563682225,0.0
88005,gaussian_to_joint,1.0,96,0.0,0.0,11.158957255116814,-5.0,False,-5.0,0.0,7.586088858102618e-19,0.007500239686372325,1.0,1.809762563682225,0.0
88005,product_to_joint,0.0,100,0.0,0.0,11.158957255116814,-5.0,False,-3.0,0.0,1.7605518457110832e-19,0.007500239686372324,0.0,1.809762563682225,0.0
88005,product_to_joint,0.25,100,0.0,0.0,11.158957255116814,-5.0,False,-3.0,0.0,-4.8673244227975573e-20,0.007500239686372325,0.25,1.809762563682225,0.0
88005,product_to_joint,0.5,100,0.0,0.0,11.158957255116814,-5.0,False,-3.0,0.0,7.106851321270845e-19,0.007500239686372324,0.49999999999999994,1.809762563682225,0.0
88005,product_to_joint,0.75,100,0.0,0.0,11.158957255116814,-5.0,False,-3.0,0.0,7.577918123108183e-19,0.007500239686372325,0.7500000000000001,1.809762563682225,0.0
88005,product_to_joint,1.0,100,0.0,0.0,11.158957255116814,-5.0,False,-3.0,0.0,7.586088858102618e-19,0.007500239686372325,1.0,1.809762563682225,0.0
88005,product_to_joint_diagP,0.0,100,0.0,0.0,11.158957255116814,-5.0,False,-3.0,0.0,1.7605518457110832e-19,0.007500239686372324,0.0,1.809762563682225,0.0
88005,product_to_joint_diagP,0.25,100,0.0,0.0,11.158957255116814,-5.0,False,-3.0,0.0,-4.8673244227975573e-20,0.007500239686372325,0.25,1.809762563682225,0.0
88005,product_to_joint_diagP,0.5,100,0.0,0.0,11.158957255116814,-5.0,False,-3.0,0.0,7.106851321270845e-19,0.007500239686372324,0.49999999999999994,1.809762563682225,0.0
88005,product_to_joint_diagP,0.75,100,0.0,0.0,11.158957255116814,-5.0,False,-3.0,0.0,7.577918123108183e-19,0.007500239686372325,0.7500000000000001,1.809762563682225,0.0
88005,product_to_joint_diagP,1.0,100,0.0,0.0,11.158957255116814,-5.0,False,-3.0,0.0,7.586088858102618e-19,0.007500239686372325,1.0,1.809762563682225,0.0
88005,gaussian_to_joint,0.0,100,0.0,0.0,11.158957255116814,-5.0,False,-3.0,0.0,7.586088858102618e-19,0.007500239686372325,0.0,1.809762563682225,0.0
88005,gaussian_to_joint,0.25,100,0.0,0.0,11.158957255116814,-5.0,False,-3.0,0.0,9.820634564853365e-19,0.007500239686372325,0.25,1.809762563682225,0.0
88005,gaussian_to_joint,0.5,100,0.0,0.0,11.158957255116814,-5.0,False,-3.0,0.0,8.6702928844743545e-19,0.007500239686372325,0.49999999999999994,1.809762563682225,0.0
88005,gaussian_to_joint,0.75,100,0.0,0.0,11.158957255116814,-5.0,False,-3.0,0.0,9.820634564853365e-19,0.007500239686372325,0.7500000000000001,1.809762563682225,0.0
88005,gaussian_to_joint,1.0,100,0.0,0.0,11.158957255116814,-5.0,False,-3.0,0.0,7.586088858102618e-19,0.007500239686372325,1.0,1.809762563682225,0.0
88005,product_to_joint,0.0,104,0.0,0.0,12.890462726661413,-5.0,False,-3.0,0.0,-1.2488856386635861e-20,0.010041847491909619,0.0,1.1151861303294424,0.0
88005,product_to_joint,0.25,104,0.0,0.0,12.890462726661411,-5.0,False,-3.0,0.0,-6.329934297457138e-19,0.010041847491909617,0.25,1.1151861303294424,0.0
88005,product_to_joint,0.5,104,0.0,0.0,12.890462726661411,-5.0,False,-3.0,0.0,6.411556638439304e-19,0.010041847491909617,0.5,1.1151861303294424,0.0
88005,product_to_joint,0.75,104,0.0,0.0,12.890462726661413,-5.0,False,-3.0,0.0,4.738396538401912e-19,0.010041847491909619,0.75,1.1151861303294424,0.0
88005,product_to_joint,1.0,104,0.0,0.0,12.890462726661411,-5.0,False,-3.0,0.0,6.110355103519841e-19,0.010041847491909617,1.0,1.1151861303294424,0.0
88005,product_to_joint_diagP,0.0,104,0.0,0.0,12.890462726661413,-5.0,False,-3.0,0.0,-1.2488856386635861e-20,0.010041847491909619,0.0,1.1151861303294424,0.0
88005,product_to_joint_diagP,0.25,104,0.0,0.0,12.890462726661411,-5.0,False,-3.0,0.0,-6.329934297457138e-19,0.010041847491909617,0.25,1.1151861303294424,0.0
88005,product_to_joint_diagP,0.5,104,0.0,0.0,12.890462726661411,-5.0,False,-3.0,0.0,6.411556638439304e-19,0.010041847491909617,0.5,1.1151861303294424,0.0
88005,product_to_joint_diagP,0.75,104,0.0,0.0,12.890462726661413,-5.0,False,-3.0,0.0,4.738396538401912e-19,0.010041847491909619,0.75,1.1151861303294424,0.0
88005,product_to_joint_diagP,1.0,104,0.0,0.0,12.890462726661411,-5.0,False,-3.0,0.0,6.110355103519841e-19,0.010041847491909617,1.0,1.1151861303294424,0.0
88005,gaussian_to_joint,0.0,104,0.0,0.0,12.890462726661411,-5.0,False,-3.0,0.0,6.110355103519841e-19,0.010041847491909617,0.0,1.1151861303294424,0.0
88005,gaussian_to_joint,0.25,104,0.0,0.0,12.890462726661413,-5.0,False,-3.0,0.0,6.855744097103625e-19,0.01004184749190962,0.25,1.1151861303294424,0.0
88005,gaussian_to_joint,0.5,104,0.0,0.0,12.890462726661411,-5.0,False,-3.0,0.0,6.584698885415723e-19,0.010041847491909617,0.5,1.1151861303294424,0.0
88005,gaussian_to_joint,0.75,104,0.0,0.0,12.890462726661413,-5.0,False,-3.0,0.0,6.855744097103625e-19,0.01004184749190962,0.75,1.1151861303294424,0.0
88005,gaussian_to_joint,1.0,104,0.0,0.0,12.890462726661411,-5.0,False,-3.0,0.0,6.110355103519841e-19,0.010041847491909617,1.0,1.1151861303294424,0.0
88005,product_to_joint,0.0,108,0.0,-3.67329336699094,13.729925078681424,-8.67329336699094,False,6.0,9.0,-0.02869760442961672,0.011405788736950997,0.0,0.9314081341387976,0.998925964861689
88005,product_to_joint,0.25,108,0.0,-1.6882543076911538,19.245835489423968,-6.688254307691154,False,6.0,9.0,-0.01318948677883714,0.02250755515661445,0.4750990364603902,1.288271736749392,0.998925964861689
88005,product_to_joint,0.5,108,0.0,-0.6196972935518592,21.56507157718012,-5.619697293551859,False,6.0,9.0,-0.0048413851058739,0.0282845405352113,0.730847358107849,1.5507375719152154,0.998925964861689
88005,product_to_joint,0.75,108,0.0,0.04804062295233582,22.87005661708107,-4.951959377047664,False,6.0,9.0,0.0003753173668151236,0.031823796976836766,0.890663679732834,1.7584404131414146,0.998925964861689
88005,product_to_joint,1.0,108,0.0,0.504865094640211,23.710692904733072,-4.495134905359789,False,6.0,9.0,0.0039442585518766485,0.03421377917618159,1.0,1.9303340990004867,0.998925964861689
88005,product_to_joint_diagP,0.0,108,0.0,-3.67329336699094,13.729925078681424,-8.67329336699094,False,6.0,9.0,-0.02869760442961672,0.011405788736950997,0.0,0.9314081341387976,0.973571848448127
88005,product_to_joint_diagP,0.25,108,0.0,-1.7234637691333528,19.14006882661745,-6.723463769133353,False,6.0,9.0,-0.013464560696354318,0.02225975553513508,0.46878055597374463,1.2763061392117487,0.973571848448127
88005,product_to_joint_diagP,0.5,108,0.0,-0.6542976008685979,21.462203581203948,-5.654297600868598,False,6.0,9.0,-0.005111700006785921,0.02801439102545432,0.7258308701848819,1.5322710545018392,0.973571848448127
88005,product_to_joint_diagP,0.75,108,0.0,0.02093049319012677,22.781418102686892,-4.979069506809873,False,6.0,9.0,0.0001635194780478654,0.03157681950497009,0.888170082642083,1.7358899299586525,0.973571848448127
88005,product_to_joint_diagP,1.0,108,0.0,0.4860719757277423,23.636190139502233,-4.513928024272258,False,6.0,9.0,0.0037974373103729867,0.03399847926701065,1.0,1.9049799825869247,0.973571848448127
88005,gaussian_to_joint,0.0,108,0.0,1.0712434246998241,23.207470758251418,-3.928756575300176,False,6.0,9.0,0.008369089255467376,0.032772723327337314,0.0,1.93519361033405,-0.004859511333563216
88005,gaussian_to_joint,0.25,108,0.0,0.9301642753411598,23.335118985322342,-4.06983572465884,False,6.0,9.0,0.0072669084011028106,0.03313533801630561,0.2490899490166163,1.93398094459927,-0.004859511333563216
88005,gaussian_to_joint,0.5,108,0.0,0.7887423387944468,23.461528948785023,-4.211257661205553,False,6.0,9.0,0.006162049521831615,0.03349639530118882,0.4987851245573669,1.9327668065206636,-0.004859511333563216
88005,gaussian_to_joint,0.75,108,0.0,0.6469763642088495,23.586715489580346,-4.353023635791151,False,6.0,9.0,0.005054502845381637,0.03385588058999081,0.7490877351298374,1.9315511925186275,-0.004859511333563216
88005,gaussian_to_joint,1.0,108,0.0,0.504865094640211,23.710692904733072,-4.495134905359789,False,6.0,9.0,0.0039442585518766485,0.03421377917618159,1.0,1.9303340990004867,-0.004859511333563216
88005,product_to_joint,0.0,112,0.0,0.0,11.158957255116814,-5.0,False,-4.0,0.0,1.7605518457110832e-19,0.007500239686372324,0.0,1.809762563682225,0.0
88005,product_to_joint,0.25,112,0.0,0.0,11.158957255116814,-5.0,False,-4.0,0.0,-4.8673244227975573e-20,0.007500239686372325,0.25,1.809762563682225,0.0
88005,product_to_joint,0.5,112,0.0,0.0,11.158957255116814,-5.0,False,-4.0,0.0,7.106851321270845e-19,0.007500239686372324,0.49999999999999994,1.809762563682225,0.0
88005,product_to_joint,0.75,112,0.0,0.0,11.158957255116814,-5.0,False,-4.0,0.0,7.577918123108183e-19,0.007500239686372325,0.7500000000000001,1.809762563682225,0.0
88005,product_to_joint,1.0,112,0.0,0.0,11.158957255116814,-5.0,False,-4.0,0.0,7.586088858102618e-19,0.007500239686372325,1.0,1.809762563682225,0.0
88005,product_to_joint_diagP,0.0,112,0.0,0.0,11.158957255116814,-5.0,False,-4.0,0.0,1.7605518457110832e-19,0.007500239686372324,0.0,1.809762563682225,0.0
88005,product_to_joint_diagP,0.25,112,0.0,0.0,11.158957255116814,-5.0,False,-4.0,0.0,-4.8673244227975573e-20,0.007500239686372325,0.25,1.809762563682225,0.0
88005,product_to_joint_diagP,0.5,112,0.0,0.0,11.158957255116814,-5.0,False,-4.0,0.0,7.106851321270845e-19,0.007500239686372324,0.49999999999999994,1.809762563682225,0.0
88005,product_to_joint_diagP,0.75,112,0.0,0.0,11.158957255116814,-5.0,False,-4.0,0.0,7.577918123108183e-19,0.007500239686372325,0.7500000000000001,1.809762563682225,0.0
88005,product_to_joint_diagP,1.0,112,0.0,0.0,11.158957255116814,-5.0,False,-4.0,0.0,7.586088858102618e-19,0.007500239686372325,1.0,1.809762563682225,0.0
88005,gaussian_to_joint,0.0,112,0.0,0.0,11.158957255116814,-5.0,False,-4.0,0.0,7.586088858102618e-19,0.007500239686372325,0.0,1.809762563682225,0.0
88005,gaussian_to_joint,0.25,112,0.0,0.0,11.158957255116814,-5.0,False,-4.0,0.0,9.820634564853365e-19,0.007500239686372325,0.25,1.809762563682225,0.0
88005,gaussian_to_joint,0.5,112,0.0,0.0,11.158957255116814,-5.0,False,-4.0,0.0,8.6702928844743545e-19,0.007500239686372325,0.49999999999999994,1.809762563682225,0.0
88005,gaussian_to_joint,0.75,112,0.0,0.0,11.158957255116814,-5.0,False,-4.0,0.0,9.820634564853365e-19,0.007500239686372325,0.7500000000000001,1.809762563682225,0.0
88005,gaussian_to_joint,1.0,112,0.0,0.0,11.158957255116814,-5.0,False,-4.0,0.0,7.586088858102618e-19,0.007500239686372325,1.0,1.809762563682225,0.0
88005,product_to_joint,0.0,116,0.0,-4.9784086759202335,13.426454183798455,-9.978408675920234,False,33.0,38.0,-0.038893817780626824,0.010902787594582462,0.0,1.115558007945146,1.3123969228358687
88005,product_to_joint,0.25,116,0.0,-1.974623798964683,20.941547049447106,-6.974623798964683,False,33.0,38.0,-0.015426748429411587,0.026666869679211842,0.5532435265754408,1.6336175705027598,1.3123969228358687
88005,product_to_joint,0.5,116,0.0,-0.7005021882504071,23.294901504191916,-5.700502188250407,False,33.0,38.0,-0.0054726733457063055,0.033020876226196455,0.7879139713883826,1.9731741186701695,1.3123969228358687
88005,product_to_joint,0.75,116,0.0,0.003958061345071555,24.470749876360962,-4.996041938654929,False,33.0,38.0,3.0922354258371525e-05,0.036448925751429447,0.9176629676658499,2.226197951721296,1.3123969228358687
88005,product_to_joint,1.0,116,0.0,0.4509994105130225,25.178254821471782,-4.549000589486978,False,33.0,38.0,0.0035234328946329883,0.03859290257903852,1.0,2.4279549307810147,1.3123969228358687
88005,product_to_joint_diagP,0.0,116,0.0,-4.9784086759202335,13.426454183798455,-9.978408675920234,False,33.0,38.0,-0.038893817780626824,0.010902787594582462,0.0,1.115558007945146,1.2365893925662546
88005,product_to_joint_diagP,0.25,116,0.0,-2.120211055407684,20.520756060540517,-7.120211055407684,False,33.0,38.0,-0.016564148870372532,0.02560199153419253,0.5344396557040738,1.5923894928712703,1.2365893925662546
88005,product_to_joint_diagP,0.5,116,0.0,-0.83384943833885,22.894516130682504,-5.83384943833885,False,33.0,38.0,-0.006514448737022265,0.031892118460576255,0.7749697907805695,1.9139314499779458,1.2365893925662546
88005,product_to_joint_diagP,0.75,116,0.0,-0.10234110057323884,24.109912892355048,-5.102341100573239,False,33.0,38.0,-0.0007995398482284284,0.035378997783016855,0.9117507681959816,2.1568539348022044,1.2365893925662546
88005,product_to_joint_diagP,1.0,116,0.0,0.36961815930243563,24.851132529200793,-4.630381840697565,False,33.0,38.0,0.0028876418695502784,0.03759401782128306,1.0,2.3521474005114005,1.2365893925662546
88005,gaussian_to_joint,0.0,116,0.0,-0.7807928226418465,23.577992556691818,-5.780792822641846,False,33.0,38.0,-0.0060999439268894255,0.033830769836634196,0.0,2.379159215876353,0.048795714904661835
88005,gaussian_to_joint,0.25,116,0.0,-0.4614379676392319,24.00919274712638,-5.461437967639232,False,33.0,38.0,-0.003604984122181499,0.03508318703422034,0.25926032524550147,2.391583174957373,0.048795714904661835
88005,gaussian_to_joint,0.5,116,0.0,-0.14987314124136125,24.418514129784608,-5.149873141241361,False,33.0,38.0,-0.0011708839159481348,0.03629305617105045,0.5121965088094221,2.4038546715300813,0.048795714904661835
88005,gaussian_to_joint,0.75,116,0.0,0.1541832554854042,24.807689140746557,-4.845816744514596,False,33.0,38.0,0.0012045566834797204,0.0374623437807565,0.7590371598078579,2.4159774022105553,0.048795714904661835
88005,gaussian_to_joint,1.0,116,0.0,0.4509994105130225,25.178254821471782,-4.549000589486978,False,33.0,38.0,0.0035234328946329883,0.03859290257903852,1.0,2.4279549307810147,0.048795714904661835
88005,product_to_joint,0.0,120,0.0,0.0,11.158957255116814,-5.0,False,-5.0,0.0,1.7605518457110832e-19,0.007500239686372324,0.0,1.809762563682225,0.0
88005,product_to_joint,0.25,120,0.0,0.0,11.158957255116814,-5.0,False,-5.0,0.0,-4.8673244227975573e-20,0.007500239686372325,0.25,1.809762563682225,0.0
88005,product_to_joint,0.5,120,0.0,0.0,11.158957255116814,-5.0,False,-5.0,0.0,7.106851321270845e-19,0.007500239686372324,0.49999999999999994,1.809762563682225,0.0
88005,product_to_joint,0.75,120,0.0,0.0,11.158957255116814,-5.0,False,-5.0,0.0,7.577918123108183e-19,0.007500239686372325,0.7500000000000001,1.809762563682225,0.0
88005,product_to_joint,1.0,120,0.0,0.0,11.158957255116814,-5.0,False,-5.0,0.0,7.586088858102618e-19,0.007500239686372325,1.0,1.809762563682225,0.0
88005,product_to_joint_diagP,0.0,120,0.0,0.0,11.158957255116814,-5.0,False,-5.0,0.0,1.7605518457110832e-19,0.007500239686372324,0.0,1.809762563682225,0.0
88005,product_to_joint_diagP,0.25,120,0.0,0.0,11.158957255116814,-5.0,False,-5.0,0.0,-4.8673244227975573e-20,0.007500239686372325,0.25,1.809762563682225,0.0
88005,product_to_joint_diagP,0.5,120,0.0,0.0,11.158957255116814,-5.0,False,-5.0,0.0,7.106851321270845e-19,0.007500239686372324,0.49999999999999994,1.809762563682225,0.0
88005,product_to_joint_diagP,0.75,120,0.0,0.0,11.158957255116814,-5.0,False,-5.0,0.0,7.577918123108183e-19,0.007500239686372325,0.7500000000000001,1.809762563682225,0.0
88005,product_to_joint_diagP,1.0,120,0.0,0.0,11.158957255116814,-5.0,False,-5.0,0.0,7.586088858102618e-19,0.007500239686372325,1.0,1.809762563682225,0.0
88005,gaussian_to_joint,0.0,120,0.0,0.0,11.158957255116814,-5.0,False,-5.0,0.0,7.586088858102618e-19,0.007500239686372325,0.0,1.809762563682225,0.0
88005,gaussian_to_joint,0.25,120,0.0,0.0,11.158957255116814,-5.0,False,-5.0,0.0,9.820634564853365e-19,0.007500239686372325,0.25,1.809762563682225,0.0
88005,gaussian_to_joint,0.5,120,0.0,0.0,11.158957255116814,-5.0,False,-5.0,0.0,8.6702928844743545e-19,0.007500239686372325,0.49999999999999994,1.809762563682225,0.0
88005,gaussian_to_joint,0.75,120,0.0,0.0,11.158957255116814,-5.0,False,-5.0,0.0,9.820634564853365e-19,0.007500239686372325,0.7500000000000001,1.809762563682225,0.0
88005,gaussian_to_joint,1.0,120,0.0,0.0,11.158957255116814,-5.0,False,-5.0,0.0,7.586088858102618e-19,0.007500239686372325,1.0,1.809762563682225,0.0
88005,product_to_joint,0.0,124,0.0,12.680453268779088,12.949907031892744,7.680453268779088,True,-1.0,4.0,0.09906604116233662,0.010135601326578684,0.0,1.308390319311028,0.7950182972255972
88005,product_to_joint,0.25,124,0.0,12.565694180060145,15.78298445187575,7.565694180060145,True,-1.0,4.0,0.09816948578171988,0.015104016003915506,0.4246791380510466,1.5735356198989456,0.7950182972255972
88005,product_to_joint,0.5,124,0.0,12.49429287433001,17.31290469875461,7.494292874330011,True,-1.0,4.0,0.09761166308070321,0.01819447443287106,0.6889078393389723,1.7829092129223483,0.7950182972255972
88005,product_to_joint,0.75,124,0.0,12.4455817485199,18.283167136988283,7.445581748519899,True,-1.0,4.0,0.09723110741031171,0.020302478061465352,0.8691689337190368,1.9559443165578663,0.7950182972255972
88005,product_to_joint,1.0,124,0.0,12.410227871681418,18.95621539568444,7.410227871681418,True,-1.0,4.0,0.09695490524751108,0.021832257209935528,1.0,2.1034086165366253,0.7950182972255972
88005,product_to_joint_diagP,0.0,124,0.0,12.680453268779088,12.949907031892744,7.680453268779088,True,-1.0,4.0,0.09906604116233662,0.010135601326578684,0.0,1.308390319311028,0.7500449575081687
88005,product_to_joint_diagP,0.25,124,0.0,12.572498640543508,15.608868760947464,7.5724986405435075,True,-1.0,4.0,0.09822264562924615,0.014770409179472758,0.41372988260287896,1.554682891280109,0.7500449575081687
88005,product_to_joint_diagP,0.5,124,0.0,12.503232467055838,17.098164737024497,7.503232467055838,True,-1.0,4.0,0.09768150364887374,0.017743459312404054,0.6791884951124427,1.7521446792681,0.7500449575081687
88005,product_to_joint_diagP,0.75,124,0.0,12.455017552872176,18.062337254537784,7.455017552872176,True,-1.0,4.0,0.09730482463181388,0.019812599310099092,0.8639693712170398,1.9169711651541408,0.7500449575081687
88005,product_to_joint_diagP,1.0,124,0.0,12.419523051323175,18.740381275851185,7.419523051323175,True,-1.0,4.0,0.0970275238384623,0.021335662253678812,1.0,2.0584352768191967,0.7500449575081687
88005,gaussian_to_joint,0.0,124,0.0,11.58462752256535,18.324757773671408,6.58462752256535,True,-1.0,4.0,0.0905049025200418,0.02039540694969059,0.0,1.970209775757064,0.13319884077956123
88005,gaussian_to_joint,0.25,124,0.0,11.81232450140806,18.504742400064817,6.81232450140806,True,-1.0,4.0,0.09228378516725047,0.020799993365036414,0.2757956426332509,2.0052093681737184,0.13319884077956123
88005,gaussian_to_joint,0.5,124,0.0,12.02487937433493,18.66868604117829,7.02487937433493,True,-1.0,4.0,0.09394437011199164,0.021171962799321604,0.5332505639574024,2.039025300022539,0.13319884077956123
88005,gaussian_to_joint,0.75,124,0.0,12.22375398490675,18.818611108023415,7.22375398490675,True,-1.0,4.0,0.09549807800708399,0.02151499780487196,0.7741354070715799,2.0717350202413405,0.13319884077956123
88005,gaussian_to_joint,1.0,124,0.0,12.410227871681418,18.95621539568444,7.410227871681418,True,-1.0,4.0,0.09695490524751108,0.021832257209935528,1.0,2.1034086165366253,0.13319884077956123
88005,product_to_joint,0.0,128,0.0,0.0,11.158957255116814,-5.0,False,-5.0,0.0,1.7605518457110832e-19,0.007500239686372324,0.0,1.809762563682225,0.0
88005,product_to_joint,0.25,128,0.0,0.0,11.158957255116814,-5.0,False,-5.0,0.0,-4.8673244227975573e-20,0.007500239686372325,0.25,1.809762563682225,0.0
88005,product_to_joint,0.5,128,0.0,0.0,11.158957255116814,-5.0,False,-5.0,0.0,7.106851321270845e-19,0.007500239686372324,0.49999999999999994,1.809762563682225,0.0
88005,product_to_joint,0.75,128,0.0,0.0,11.158957255116814,-5.0,False,-5.0,0.0,7.577918123108183e-19,0.007500239686372325,0.7500000000000001,1.809762563682225,0.0
88005,product_to_joint,1.0,128,0.0,0.0,11.158957255116814,-5.0,False,-5.0,0.0,7.586088858102618e-19,0.007500239686372325,1.0,1.809762563682225,0.0
88005,product_to_joint_diagP,0.0,128,0.0,0.0,11.158957255116814,-5.0,False,-5.0,0.0,1.7605518457110832e-19,0.007500239686372324,0.0,1.809762563682225,0.0
88005,product_to_joint_diagP,0.25,128,0.0,0.0,11.158957255116814,-5.0,False,-5.0,0.0,-4.8673244227975573e-20,0.007500239686372325,0.25,1.809762563682225,0.0
88005,product_to_joint_diagP,0.5,128,0.0,0.0,11.158957255116814,-5.0,False,-5.0,0.0,7.106851321270845e-19,0.007500239686372324,0.49999999999999994,1.809762563682225,0.0
88005,product_to_joint_diagP,0.75,128,0.0,0.0,11.158957255116814,-5.0,False,-5.0,0.0,7.577918123108183e-19,0.007500239686372325,0.7500000000000001,1.809762563682225,0.0
88005,product_to_joint_diagP,1.0,128,0.0,0.0,11.158957255116814,-5.0,False,-5.0,0.0,7.586088858102618e-19,0.007500239686372325,1.0,1.809762563682225,0.0
88005,gaussian_to_joint,0.0,128,0.0,0.0,11.158957255116814,-5.0,False,-5.0,0.0,7.586088858102618e-19,0.007500239686372325,0.0,1.809762563682225,0.0
88005,gaussian_to_joint,0.25,128,0.0,0.0,11.158957255116814,-5.0,False,-5.0,0.0,9.820634564853365e-19,0.007500239686372325,0.25,1.809762563682225,0.0
88005,gaussian_to_joint,0.5,128,0.0,0.0,11.158957255116814,-5.0,False,-5.0,0.0,8.6702928844743545e-19,0.007500239686372325,0.49999999999999994,1.809762563682225,0.0
88005,gaussian_to_joint,0.75,128,0.0,0.0,11.158957255116814,-5.0,False,-5.0,0.0,9.820634564853365e-19,0.007500239686372325,0.7500000000000001,1.809762563682225,0.0
88005,gaussian_to_joint,1.0,128,0.0,0.0,11.158957255116814,-5.0,False,-5.0,0.0,7.586088858102618e-19,0.007500239686372325,1.0,1.809762563682225,0.0
88005,product_to_joint,0.0,132,0.045000000000000005,0.1260329056118883,11.036950699216218,-5.370629875852842,False,-5.0,0.0,0.0009846320750928773,0.007334953658259849,0.0,1.8425310084915707,0.015501019692646612
88005,product_to_joint,0.25,132,0.045000000000000005,0.1350772887791557,11.06976302856015,-5.363062047506051,False,-5.0,0.0,0.001055291318587154,0.007379226898710765,0.25291768956117894,1.8464288479555853,0.015501019692646612
88005,product_to_joint,0.5,132,0.045000000000000005,0.14405157476921582,11.102217917114405,-5.355548231500933,False,-5.0,0.0,0.0011254029278844986,0.0074231471361753,0.5038751773289847,1.8503115532386332,0.015501019692646612
88005,product_to_joint,0.75,132,0.045000000000000005,0.15295657535328488,11.134321582031385,-5.348087895838128,False,-5.0,0.0,0.0011949732449475382,0.007466718572515251,0.7528951637239119,1.8541792414095943,0.015501019692646612
88005,product_to_joint,1.0,132,0.045000000000000005,0.16179308981632554,11.166080086729933,-5.340680514086522,False,-5.0,0.0,0.0012640085141900432,0.007509945343216964,1.0,1.8580320281842173,0.015501019692646612
88005,product_to_joint_diagP,0.0,132,0.045000000000000005,0.1260329056118883,11.036950699216218,-5.370629875852842,False,-5.0,0.0,0.0009846320750928773,0.007334953658259849,0.0,1.8425310084915707,0.015314600787497135
88005,product_to_joint_diagP,0.25,132,0.045000000000000005,0.13507413690071218,11.069254239056255,-5.363042303856819,False,-5.0,0.0,0.001055266694536814,0.007378539392630911,0.2528824672696539,1.846381702599905,0.015314600787497135
88005,product_to_joint_diagP,0.5,132,0.045000000000000005,0.14404613811870753,11.101210223588799,-5.355508321942788,False,-5.0,0.0,0.0011253604540524026,0.007421781520282743,0.5038285753686192,1.8502176257234857,0.015314600787497135
88005,product_to_joint_diagP,0.75,132,0.045000000000000005,0.15294970139079667,11.132824621426275,-5.348027406573386,False,-5.0,0.0,0.001194919542115599,0.007464684085170599,0.7528604799633343,1.8540388907502843,0.015314600787497135
88005,product_to_joint_diagP,1.0,132,0.045000000000000005,0.16178560680324178,11.16410325550373,-5.3405990396944265,False,-5.0,0.0,0.0012639500531503264,0.007507251068087705,1.0,1.8578456092790678,0.015314600787497135
88005,gaussian_to_joint,0.0,132,0.045000000000000005,0.11572394169967769,11.143877837099334,-5.385750560969792,False,-5.0,0.0,0.0009040932945287319,0.007479712722668074,0.0,1.8514507289713507,0.006581299212866654
88005,gaussian_to_joint,0.25,132,0.045000000000000005,0.12729817124628964,11.149477905031809,-5.374428334480141,False,-5.0,0.0,0.0009945169628616378,0.007487332614428252,0.2512360228000131,1.8531001188673342,0.006581299212866654
88005,gaussian_to_joint,0.5,132,0.045000000000000005,0.13883431419646963,11.15504479773367,-5.363142701701546,False,-5.0,0.0,0.001084643079659919,0.007494911159634093,0.501645318864511,1.8547467927554293,0.006581299212866654
88005,gaussian_to_joint,0.75,132,0.045000000000000005,0.15033255823520514,11.160578773164632,-5.351893486557203,False,-5.0,0.0,0.0011744731112125401,0.007502448642090634,0.7512319621777719,1.8563907595656945,0.006581299212866654
88005,gaussian_to_joint,1.0,132,0.045000000000000005,0.16179308981632554,11.166080086729933,-5.340680514086522,False,-5.0,0.0,0.0012640085141900432,0.007509945343216964,1.0,1.8580320281842173,0.006581299212866654
88005,product_to_joint,0.0,136,0.04000000000000001,0.0,11.158957255116814,-5.446358290204673,False,-5.0,0.0,1.7605518457110832e-19,0.007500239686372324,0.0,1.809762563682225,0.0
88005,product_to_joint,0.25,136,0.04000000000000001,0.0,11.158957255116814,-5.446358290204673,False,-5.0,0.0,-4.8673244227975573e-20,0.007500239686372325,0.25,1.809762563682225,0.0
88005,product_to_joint,0.5,136,0.04000000000000001,0.0,11.158957255116814,-5.446358290204673,False,-5.0,0.0,7.106851321270845e-19,0.007500239686372324,0.49999999999999994,1.809762563682225,0.0
88005,product_to_joint,0.75,136,0.04000000000000001,0.0,11.158957255116814,-5.446358290204673,False,-5.0,0.0,7.577918123108183e-19,0.007500239686372325,0.7500000000000001,1.809762563682225,0.0
88005,product_to_joint,1.0,136,0.04000000000000001,0.0,11.158957255116814,-5.446358290204673,False,-5.0,0.0,7.586088858102618e-19,0.007500239686372325,1.0,1.809762563682225,0.0
88005,product_to_joint_diagP,0.0,136,0.04000000000000001,0.0,11.158957255116814,-5.446358290204673,False,-5.0,0.0,1.7605518457110832e-19,0.007500239686372324,0.0,1.809762563682225,0.0
88005,product_to_joint_diagP,0.25,136,0.04000000000000001,0.0,11.158957255116814,-5.446358290204673,False,-5.0,0.0,-4.8673244227975573e-20,0.007500239686372325,0.25,1.809762563682225,0.0
88005,product_to_joint_diagP,0.5,136,0.04000000000000001,0.0,11.158957255116814,-5.446358290204673,False,-5.0,0.0,7.106851321270845e-19,0.007500239686372324,0.49999999999999994,1.809762563682225,0.0
88005,product_to_joint_diagP,0.75,136,0.04000000000000001,0.0,11.158957255116814,-5.446358290204673,False,-5.0,0.0,7.577918123108183e-19,0.007500239686372325,0.7500000000000001,1.809762563682225,0.0
88005,product_to_joint_diagP,1.0,136,0.04000000000000001,0.0,11.158957255116814,-5.446358290204673,False,-5.0,0.0,7.586088858102618e-19,0.007500239686372325,1.0,1.809762563682225,0.0
88005,gaussian_to_joint,0.0,136,0.04000000000000001,0.0,11.158957255116814,-5.446358290204673,False,-5.0,0.0,7.586088858102618e-19,0.007500239686372325,0.0,1.809762563682225,0.0
88005,gaussian_to_joint,0.25,136,0.04000000000000001,0.0,11.158957255116814,-5.446358290204673,False,-5.0,0.0,9.820634564853365e-19,0.007500239686372325,0.25,1.809762563682225,0.0
88005,gaussian_to_joint,0.5,136,0.04000000000000001,0.0,11.158957255116814,-5.446358290204673,False,-5.0,0.0,8.6702928844743545e-19,0.007500239686372325,0.49999999999999994,1.809762563682225,0.0
88005,gaussian_to_joint,0.75,136,0.04000000000000001,0.0,11.158957255116814,-5.446358290204673,False,-5.0,0.0,9.820634564853365e-19,0.007500239686372325,0.7500000000000001,1.809762563682225,0.0
88005,gaussian_to_joint,1.0,136,0.04000000000000001,0.0,11.158957255116814,-5.446358290204673,False,-5.0,0.0,7.586088858102618e-19,0.007500239686372325,1.0,1.809762563682225,0.0
88005,product_to_joint,0.0,140,0.035,-0.010997261888927523,11.141601224954032,-5.400953304762319,False,-5.0,0.0,-8.591610850724627e-05,0.00747661608007185,0.0,1.8142144144617984,0.0006333181387350173
88005,product_to_joint,0.25,140,0.035,-0.01135059713218264,11.141778480436447,-5.4013128439474585,False,-5.0,0.0,-8.867654009517688e-05,0.007476857159858196,0.25011876595120086,1.8143727816028137,0.0006333181387350173
88005,product_to_joint,0.5,140,0.035,-0.011703820488632648,11.141955665771023,-5.401672268790619,False,-5.0,0.0,-9.143609756744257e-05,0.007477098148071718,0.5001583295293917,1.8145311236676482,0.0006333181387350173
88005,product_to_joint,0.75,140,0.035,-0.012056932011412998,11.142132780998402,-5.402031579346357,False,-5.0,0.0,-9.419478133916405e-05,0.0074773390447631346,0.7501187283488402,1.8146894406642429,0.0006333181387350173
88005,product_to_joint,1.0,140,0.035,-0.012409931753628256,11.142309826159192,-5.4023907756692005,False,-5.0,0.0,-9.695259182522075e-05,0.007477579849983134,1.0,1.8148477326005334,0.0006333181387350173
88005,product_to_joint_diagP,0.0,140,0.035,-0.010997261888927523,11.141601224954032,-5.400953304762319,False,-5.0,0.0,-8.591610850724627e-05,0.00747661608007185,0.0,1.8142144144617984,0.0006330399579170809
88005,product_to_joint_diagP,0.25,140,0.035,-0.011350596808903884,11.14177771640661,-5.401312816883135,False,-5.0,0.0,-8.86765375695616e-05,0.0074768561207162396,0.2501187137757859,1.814372712024578,0.0006330399579170809
88005,product_to_joint_diagP,0.5,140,0.035,-0.01170381989132319,11.141954138002095,-5.401672214721397,False,-5.0,0.0,-9.143609290096242e-05,0.00747709607015027,0.5001582599841942,1.8145309845332047,0.0006330399579170809
88005,product_to_joint_diagP,0.75,140,0.035,-0.012056931189275283,11.142130489780962,-5.402031498331609,False,-5.0,0.0,-9.419477491621315e-05,0.007477335928424471,0.7501186762064513,1.8146892319956085,0.0006330399579170809
88005,product_to_joint_diagP,1.0,140,0.035,-0.012409930755814823,11.14230677178364,-5.402390667768242,False,-5.0,0.0,-9.695258402980331e-05,0.007477575695589327,1.0,1.8148474544197155,0.0006330399579170809
88005,gaussian_to_joint,0.0,140,0.035,-0.008773454375735849,11.144855632066502,-5.3988434014980635,False,-5.0,0.0,-6.854261231043632e-05,0.0074810429113528094,0.0,1.8141180714642888,0.0007296611362446193
88005,gaussian_to_joint,0.25,140,0.035,-0.009683071322746976,11.144218998058985,-5.399730736254812,False,-5.0,0.0,-7.564899470896075e-05,0.007480176823528979,0.25013683641802875,1.814300536667424,0.0007296611362446193
88005,gaussian_to_joint,0.5,140,0.035,-0.010592356413706407,11.143582485755296,-5.4006177434151414,False,-5.0,0.0,-8.27527844820813e-05,0.007479310950734385,0.500182415275968,1.8144829685830812,0.0007296611362446193
88005,gaussian_to_joint,0.75,140,0.035,-0.011501309830186674,11.142946095130375,-5.40150442315975,False,-5.0,0.0,-8.985398304833339e-05,0.0074784452929065725,0.7501367865050278,1.814665367223406,0.0007296611362446193
88005,gaussian_to_joint,1.0,140,0.035,-0.012409931753628256,11.142309826159192,-5.4023907756692005,False,-5.0,0.0,-9.695259182522075e-05,0.007477579849983134,1.0,1.8148477326005334,0.0007296611362446193
88005,product_to_joint,0.0,144,0.030000000000000002,0.0,12.849012371546142,-5.3854703711463845,False,-5.0,0.0,1.0150388444745493e-18,0.009976728449960072,0.0,1.121657815441739,0.0
88005,product_to_joint,0.25,144,0.030000000000000002,0.0,12.849012371546143,-5.3854703711463845,False,-5.0,0.0,1.2825214861955447e-18,0.009976728449960073,0.25,1.121657815441739,0.0
88005,product_to_joint,0.5,144,0.030000000000000002,0.0,12.849012371546143,-5.3854703711463845,False,-5.0,0.0,6.841981836774803e-19,0.009976728449960073,0.5,1.121657815441739,0.0
88005,product_to_joint,0.75,144,0.030000000000000002,0.0,12.849012371546143,-5.3854703711463845,False,-5.0,0.0,6.929332111180125e-19,0.009976728449960073,0.75,1.121657815441739,0.0
88005,product_to_joint,1.0,144,0.030000000000000002,0.0,12.849012371546143,-5.3854703711463845,False,-5.0,0.0,1.0795243422007956e-18,0.009976728449960073,1.0,1.121657815441739,0.0
88005,product_to_joint_diagP,0.0,144,0.030000000000000002,0.0,12.849012371546142,-5.3854703711463845,False,-5.0,0.0,1.0150388444745493e-18,0.009976728449960072,0.0,1.121657815441739,0.0
88005,product_to_joint_diagP,0.25,144,0.030000000000000002,0.0,12.849012371546143,-5.3854703711463845,False,-5.0,0.0,1.2825214861955447e-18,0.009976728449960073,0.25,1.121657815441739,0.0
88005,product_to_joint_diagP,0.5,144,0.030000000000000002,0.0,12.849012371546143,-5.3854703711463845,False,-5.0,0.0,6.841981836774803e-19,0.009976728449960073,0.5,1.121657815441739,0.0
88005,product_to_joint_diagP,0.75,144,0.030000000000000002,0.0,12.849012371546143,-5.3854703711463845,False,-5.0,0.0,6.929332111180125e-19,0.009976728449960073,0.75,1.121657815441739,0.0
88005,product_to_joint_diagP,1.0,144,0.030000000000000002,0.0,12.849012371546143,-5.3854703711463845,False,-5.0,0.0,1.0795243422007956e-18,0.009976728449960073,1.0,1.121657815441739,0.0
88005,gaussian_to_joint,0.0,144,0.030000000000000002,0.0,12.849012371546143,-5.3854703711463845,False,-5.0,0.0,1.0795243422007956e-18,0.009976728449960073,0.0,1.121657815441739,0.0
88005,gaussian_to_joint,0.25,144,0.030000000000000002,0.0,12.849012371546143,-5.3854703711463845,False,-5.0,0.0,7.407111632990757e-19,0.009976728449960073,0.25,1.121657815441739,0.0
88005,gaussian_to_joint,0.5,144,0.030000000000000002,0.0,12.849012371546143,-5.3854703711463845,False,-5.0,0.0,8.084737990794194e-19,0.009976728449960073,0.5,1.121657815441739,0.0
88005,gaussian_to_joint,0.75,144,0.030000000000000002,0.0,12.849012371546143,-5.3854703711463845,False,-5.0,0.0,7.407111632990757e-19,0.009976728449960073,0.75,1.121657815441739,0.0
88005,gaussian_to_joint,1.0,144,0.030000000000000002,0.0,12.849012371546143,-5.3854703711463845,False,-5.0,0.0,1.0795243422007956e-18,0.009976728449960073,1.0,1.121657815441739,0.0
88005,product_to_joint,0.0,148,0.025,0.018790170329897833,11.078024334124615,-5.258160438023218,False,-5.0,0.0,0.00014679820570232682,0.007390394479214912,0.0,1.8305258161777695,0.0025540118197193706
88005,product_to_joint,0.25,148,0.025,0.01928780071406346,11.077913799719383,-5.257660044278921,False,-5.0,0.0,0.00015068594307862077,0.007390245004517402,0.25047918291543003,1.8311649309220015,0.0025540118197193706
88005,product_to_joint,0.5,148,0.025,0.01978479562163283,11.077803383054905,-5.25716028895474,False,-5.0,0.0,0.00015456871579400648,0.007390095690528729,0.5006385026078516,1.8318036374594548,0.0025540118197193706
88005,product_to_joint,0.75,148,0.025,0.02028115626908949,11.077693083949892,-5.256661170829658,False,-5.0,0.0,0.00015844653335226163,0.00738994653699898,0.7504785713868103,1.8324419363112443,0.0025540118197193706
88005,product_to_joint,1.0,148,0.025,0.020776883869815597,11.0775829022234,-5.2561626886857695,False,-5.0,0.0,0.00016231940523293436,0.007389797543678722,1.0,1.833079827997489,0.0025540118197193706
88005,product_to_joint_diagP,0.0,148,0.025,0.018790170329897833,11.078024334124615,-5.258160438023218,False,-5.0,0.0,0.00014679820570232682,0.007390394479214912,0.0,1.8305258161777695,0.002550751775059368
88005,product_to_joint_diagP,0.25,148,0.025,0.019287794163638634,11.077904924303192,-5.257659828943941,False,-5.0,0.0,0.00015068589190342683,0.007390233002435358,0.2504785708772239,1.8311641143496762,0.002550751775059368
88005,product_to_joint_diagP,0.5,148,0.025,0.01978478334028446,11.077785643178455,-5.257159857739177,False,-5.0,0.0,0.00015456861984597235,0.007390071701428874,0.5006376875980142,1.8318020053569057,0.002550751775059368
88005,product_to_joint_diagP,0.75,148,0.025,0.020281139073201206,11.077666490548683,-5.256660523190516,False,-5.0,0.0,0.00015844639900938442,0.007389910575917064,0.7504779609087671,1.8324394897185798,0.002550751775059368
88005,product_to_joint_diagP,1.0,148,0.025,0.02077686257266341,11.077547466212547,-5.256161824082651,False,-5.0,0.0,0.0001623192388489329,0.007389749625622071,1.0,1.833076567952829,0.002550751775059368
88005,gaussian_to_joint,0.0,148,0.025,0.014716564591182427,11.090614075585908,-5.262548787298465,False,-5.0,0.0,0.00011497316086861271,0.007407429234227554,0.0,1.8297653970741368,0.003314430923352152
88005,gaussian_to_joint,0.25,148,0.025,0.016235413751248415,11.087349926538776,-5.260948334412221,False,-5.0,0.0,0.00012683916993162824,0.007403010766206017,0.2506219705983891,1.8305950352599285,0.003314430923352152
88005,gaussian_to_joint,0.5,148,0.025,0.017751745853307625,11.084090020405016,-5.259350504656818,False,-5.0,0.0,0.00013868551447896582,0.007398599339626591,0.5008286069722864,1.8314239857167274,0.003314430923352152
88005,gaussian_to_joint,0.75,148,0.025,0.019265567149133647,11.080834348514989,-5.2577552915637416,False,-5.0,0.0,0.00015051224335260662,0.0073941949376971185,0.7506209407134101,1.8322522495837767,0.003314430923352152
88005,gaussian_to_joint,1.0,148,0.025,0.020776883869815597,11.0775829022234,-5.2561626886857695,False,-5.0,0.0,0.00016231940523293436,0.007389797543678722,1.0,1.833079827997489,0.003314430923352152
88005,product_to_joint,0.0,152,0.02,0.0,11.158957255116814,-5.223179145102336,False,-3.0,0.0,1.7605518457110832e-19,0.007500239686372324,0.0,1.809762563682225,0.0
88005,product_to_joint,0.25,152,0.02,0.0,11.158957255116814,-5.223179145102336,False,-3.0,0.0,-4.8673244227975573e-20,0.007500239686372325,0.25,1.809762563682225,0.0
88005,product_to_joint,0.5,152,0.02,0.0,11.158957255116814,-5.223179145102336,False,-3.0,0.0,7.106851321270845e-19,0.007500239686372324,0.49999999999999994,1.809762563682225,0.0
88005,product_to_joint,0.75,152,0.02,0.0,11.158957255116814,-5.223179145102336,False,-3.0,0.0,7.577918123108183e-19,0.007500239686372325,0.7500000000000001,1.809762563682225,0.0
88005,product_to_joint,1.0,152,0.02,0.0,11.158957255116814,-5.223179145102336,False,-3.0,0.0,7.586088858102618e-19,0.007500239686372325,1.0,1.809762563682225,0.0
88005,product_to_joint_diagP,0.0,152,0.02,0.0,11.158957255116814,-5.223179145102336,False,-3.0,0.0,1.7605518457110832e-19,0.007500239686372324,0.0,1.809762563682225,0.0
88005,product_to_joint_diagP,0.25,152,0.02,0.0,11.158957255116814,-5.223179145102336,False,-3.0,0.0,-4.8673244227975573e-20,0.007500239686372325,0.25,1.809762563682225,0.0
88005,product_to_joint_diagP,0.5,152,0.02,0.0,11.158957255116814,-5.223179145102336,False,-3.0,0.0,7.106851321270845e-19,0.007500239686372324,0.49999999999999994,1.809762563682225,0.0
88005,product_to_joint_diagP,0.75,152,0.02,0.0,11.158957255116814,-5.223179145102336,False,-3.0,0.0,7.577918123108183e-19,0.007500239686372325,0.7500000000000001,1.809762563682225,0.0
88005,product_to_joint_diagP,1.0,152,0.02,0.0,11.158957255116814,-5.223179145102336,False,-3.0,0.0,7.586088858102618e-19,0.007500239686372325,1.0,1.809762563682225,0.0
88005,gaussian_to_joint,0.0,152,0.02,0.0,11.158957255116814,-5.223179145102336,False,-3.0,0.0,7.586088858102618e-19,0.007500239686372325,0.0,1.809762563682225,0.0
88005,gaussian_to_joint,0.25,152,0.02,0.0,11.158957255116814,-5.223179145102336,False,-3.0,0.0,9.820634564853365e-19,0.007500239686372325,0.25,1.809762563682225,0.0
88005,gaussian_to_joint,0.5,152,0.02,0.0,11.158957255116814,-5.223179145102336,False,-3.0,0.0,8.6702928844743545e-19,0.007500239686372325,0.49999999999999994,1.809762563682225,0.0
88005,gaussian_to_joint,0.75,152,0.02,0.0,11.158957255116814,-5.223179145102336,False,-3.0,0.0,9.820634564853365e-19,0.007500239686372325,0.7500000000000001,1.809762563682225,0.0
88005,gaussian_to_joint,1.0,152,0.02,0.0,11.158957255116814,-5.223179145102336,False,-3.0,0.0,7.586088858102618e-19,0.007500239686372325,1.0,1.809762563682225,0.0
88005,product_to_joint,0.0,156,0.015,0.8285412185473564,12.280060326114624,-4.355659686344363,False,1.0,4.0,0.006472978269901222,0.009104094336731837,0.0,1.209006794169774,0.03909853713137812
88005,product_to_joint,0.25,156,0.015,0.8505527732285463,12.369416352397561,-4.334988472057417,False,1.0,4.0,0.006644943540848018,0.00923852910760255,0.25740238837546636,1.2189256751964548,0.03909853713137812
88005,product_to_joint,0.5,156,0.015,0.8721340729250695,12.456365684457598,-4.3147114123417944,False,1.0,4.0,0.0068135474447271055,0.009370278690486622,0.5097733892697958,1.2287471375160224,0.03909853713137812
88005,product_to_joint,0.75,156,0.015,0.8932976106858488,12.541010389671394,-4.294817545159222,False,1.0,4.0,0.006978887583483194,0.009499422704702507,0.7572590959815722,1.238473076135528,0.03909853713137812
88005,product_to_joint,1.0,156,0.015,0.914055400525658,12.623446475589816,-4.2752962966081896,False,1.0,4.0,0.007141057816606703,0.009626037653935604,1.0,1.248105331301152,0.03909853713137812
88005,product_to_joint_diagP,0.0,156,0.015,0.8285412185473564,12.280060326114624,-4.355659686344363,False,1.0,4.0,0.006472978269901222,0.009104094336731837,0.0,1.209006794169774,0.037157402012165885
88005,product_to_joint_diagP,0.25,156,0.015,0.8504044074303772,12.363667605194028,-4.335050606647533,False,1.0,4.0,0.0066437844330498215,0.009229850869856216,0.2570315221506041,1.2184263823878818,0.037157402012165885
88005,product_to_joint_diagP,0.5,156,0.015,0.8718614533922229,12.445138291978155,-4.314815620987449,False,1.0,4.0,0.006811417604626741,0.00935321454507208,0.5092882818546691,1.2277580693138876,0.037157402012165885
88005,product_to_joint_diagP,0.75,156,0.015,0.8929235693935302,12.52455830678295,-4.294944805208214,False,1.0,4.0,0.006975965385886955,0.009474252977295275,0.7569021027155897,1.237003480338423,0.037157402012165885
88005,product_to_joint_diagP,1.0,156,0.015,0.9136015593961725,12.60200873466011,-4.2754285716237295,False,1.0,4.0,0.007137512182782598,0.009593031259060653,1.0,1.2461641961819399,0.037157402012165885
88005,gaussian_to_joint,0.0,156,0.015,0.8060236523492397,12.614297226257095,-4.383190806044617,False,1.0,4.0,0.006297059783978435,0.009611944245139005,0.0,1.2301788869411006,0.01792644436005153
88005,gaussian_to_joint,0.25,156,0.015,0.8333963314683365,12.616703553905202,-4.355854221840241,False,1.0,4.0,0.006510908839596379,0.009615649936958261,0.2533762489374576,1.2346907151978277,0.01792644436005153
88005,gaussian_to_joint,0.5,156,0.015,0.8605236697529661,12.619029281307371,-4.328761769466644,False,1.0,4.0,0.006722841169945048,0.009619232177886525,0.5044814910772929,1.2391822782591944,0.01792644436005153
88005,gaussian_to_joint,0.75,156,0.015,0.8874089509652581,12.621276305908259,-4.301910193623366,False,1.0,4.0,0.006932882429416079,0.009622693822636794,0.7533461226889956,1.2436537573566038,0.01792644436005153
88005,gaussian_to_joint,1.0,156,0.015,0.914055400525658,12.623446475589816,-4.2752962966081896,False,1.0,4.0,0.007141057816606703,0.009626037653935604,1.0,1.248105331301152,0.01792644436005153
88005,product_to_joint,0.0,160,0.009999999999999998,0.0,11.158957255116814,-5.111589572551168,False,-5.0,0.0,1.7605518457110832e-19,0.007500239686372324,0.0,1.809762563682225,0.0
88005,product_to_joint,0.25,160,0.009999999999999998,0.0,11.158957255116814,-5.111589572551168,False,-5.0,0.0,-4.8673244227975573e-20,0.007500239686372325,0.25,1.809762563682225,0.0
88005,product_to_joint,0.5,160,0.009999999999999998,0.0,11.158957255116814,-5.111589572551168,False,-5.0,0.0,7.106851321270845e-19,0.007500239686372324,0.49999999999999994,1.809762563682225,0.0
88005,product_to_joint,0.75,160,0.009999999999999998,0.0,11.158957255116814,-5.111589572551168,False,-5.0,0.0,7.577918123108183e-19,0.007500239686372325,0.7500000000000001,1.809762563682225,0.0
88005,product_to_joint,1.0,160,0.009999999999999998,0.0,11.158957255116814,-5.111589572551168,False,-5.0,0.0,7.586088858102618e-19,0.007500239686372325,1.0,1.809762563682225,0.0
88005,product_to_joint_diagP,0.0,160,0.009999999999999998,0.0,11.158957255116814,-5.111589572551168,False,-5.0,0.0,1.7605518457110832e-19,0.007500239686372324,0.0,1.809762563682225,0.0
88005,product_to_joint_diagP,0.25,160,0.009999999999999998,0.0,11.158957255116814,-5.111589572551168,False,-5.0,0.0,-4.8673244227975573e-20,0.007500239686372325,0.25,1.809762563682225,0.0
88005,product_to_joint_diagP,0.5,160,0.009999999999999998,0.0,11.158957255116814,-5.111589572551168,False,-5.0,0.0,7.106851321270845e-19,0.007500239686372324,0.49999999999999994,1.809762563682225,0.0
88005,product_to_joint_diagP,0.75,160,0.009999999999999998,0.0,11.158957255116814,-5.111589572551168,False,-5.0,0.0,7.577918123108183e-19,0.007500239686372325,0.7500000000000001,1.809762563682225,0.0
88005,product_to_joint_diagP,1.0,160,0.009999999999999998,0.0,11.158957255116814,-5.111589572551168,False,-5.0,0.0,7.586088858102618e-19,0.007500239686372325,1.0,1.809762563682225,0.0
88005,gaussian_to_joint,0.0,160,0.009999999999999998,0.0,11.158957255116814,-5.111589572551168,False,-5.0,0.0,7.586088858102618e-19,0.007500239686372325,0.0,1.809762563682225,0.0
88005,gaussian_to_joint,0.25,160,0.009999999999999998,0.0,11.158957255116814,-5.111589572551168,False,-5.0,0.0,9.820634564853365e-19,0.007500239686372325,0.25,1.809762563682225,0.0
88005,gaussian_to_joint,0.5,160,0.009999999999999998,0.0,11.158957255116814,-5.111589572551168,False,-5.0,0.0,8.6702928844743545e-19,0.007500239686372325,0.49999999999999994,1.809762563682225,0.0
88005,gaussian_to_joint,0.75,160,0.009999999999999998,0.0,11.158957255116814,-5.111589572551168,False,-5.0,0.0,9.820634564853365e-19,0.007500239686372325,0.7500000000000001,1.809762563682225,0.0
88005,gaussian_to_joint,1.0,160,0.009999999999999998,0.0,11.158957255116814,-5.111589572551168,False,-5.0,0.0,7.586088858102618e-19,0.007500239686372325,1.0,1.809762563682225,0.0
88005,product_to_joint,0.0,164,0.0049999999999999975,1.8498229166849776,12.904136243713019,-3.2146977645335877,False,19.0,24.0,0.014451741536601387,0.010063374767841061,0.0,1.206734595659456,0.7586824121866833
88005,product_to_joint,0.25,164,0.0049999999999999975,3.397931822460265,16.948463746521302,-1.6868104962723414,False,19.0,24.0,0.02654634236297082,0.017432374473092465,0.4158265110061971,1.4566097932833308,0.7586824121866833
88005,product_to_joint,0.5,164,0.0049999999999999975,4.3854159910890225,19.019945752379634,-0.7096837376728757,False,19.0,24.0,0.03426106243038299,0.021979976588346196,0.6810676028847512,1.6563635350241,0.7586824121866833
88005,product_to_joint,0.75,164,0.0049999999999999975,5.070120893122831,20.304578627223545,-0.03140200001328708,False,19.0,24.0,0.03961031947752212,0.025063324782049756,0.8649813116809497,1.8227823126711291,0.7586824121866833
88005,product_to_joint,1.0,164,0.0049999999999999975,5.572791185421014,21.184100293141203,0.4668706839553085,True,19.0,24.0,0.04353743113610167,0.027290509352408763,1.0,1.9654170078461393,0.7586824121866833
88005,product_to_joint_diagP,0.0,164,0.0049999999999999975,1.8498229166849776,12.904136243713019,-3.2146977645335877,False,19.0,24.0,0.014451741536601387,0.010063374767841061,0.0,1.206734595659456,0.7277608322689311
88005,product_to_joint_diagP,0.25,164,0.0049999999999999975,3.3652361262066175,16.793001559773124,-1.7187288815922481,False,19.0,24.0,0.0262909072359892,0.01711221321939347,0.40833529571584476,1.443867705656742,0.7277608322689311
88005,product_to_joint_diagP,0.5,164,0.0049999999999999975,4.352334736938587,18.835086993951922,-0.7418406980311723,False,19.0,24.0,0.034002615132332714,0.021552862675154837,0.6743137104355977,1.6354080779744002,0.7277608322689311
88005,product_to_joint_diagP,0.75,164,0.0049999999999999975,5.046385893871027,20.118394360179813,-0.05420607792987209,False,19.0,24.0,0.0394248897958674,0.024603966774396663,0.861329095168448,1.7960919787065341,0.7277608322689311
88005,product_to_joint_diagP,1.0,164,0.0049999999999999975,5.561021104598167,21.00463161281392,0.4559979465340973,True,19.0,24.0,0.04344547737967318,0.026828378246461303,1.0,1.934495427928387,0.7277608322689311
88005,gaussian_to_joint,0.0,164,0.0049999999999999975,3.6155328069916512,19.996928163876223,-1.48445183382773,False,19.0,24.0,0.028246350054622275,0.02430656347602699,0.0,1.9417804598113637,0.02363654803477555
88005,gaussian_to_joint,0.25,164,0.0049999999999999975,4.113572836098555,20.32348577118703,-0.9880445927573795,False,19.0,24.0,0.03213728778201996,0.0251102095881129,0.2544579880692943,1.9477421796929573,0.02363654803477555
88005,gaussian_to_joint,0.5,164,0.0049999999999999975,4.605727165688987,20.629301493642362,-0.4974193417792252,False,19.0,24.0,0.03598224348194521,0.025874614264867857,0.5059088619111882,1.9536685680035073,0.02363654803477555
88005,gaussian_to_joint,0.75,164,0.0049999999999999975,5.0920995162499905,20.915760138629928,-0.012479284443158711,False,19.0,24.0,0.03978202747070305,0.026600990123089634,0.7544056142670533,1.9595600410554415,0.02363654803477555
88005,gaussian_to_joint,1.0,164,0.0049999999999999975,5.572791185421014,21.184100293141203,0.4668706839553085,True,19.0,24.0,0.04353743113610167,0.027290509352408763,1.0,1.9654170078461393,0.02363654803477555
